deal_id,customer_id,salesperson_id,deal_value,current_stage,status,created_date,closed_date,date_logic_error,deal_duration_days,customer_company,customer_contact,customer_email,customer_phone,customer_email_status,salesperson_name,salesperson_email,salesperson_role,salesperson_email_status,activity_count,last_activity_date,act_call,act_email,act_follow_up,act_meeting,act_note,act_unknown,email_count,last_email_date,positive_emails,negative_emails,engagement_score
D0001,C0302,U008,78611.9,Closed Won,closed,2025-11-28,2026-03-02,False,94.0,"Weber, Mitchell And Miller",Sarah Ramirez,sarah.ramirez@gmail.com,+1-444-640-1929x275,valid,Gina Moore,gina.moore@yahoo.com,rep,valid,1,,0.0,1.0,0.0,0.0,0.0,0.0,1,,0,0,3
D0002,C0355,U013,10632.0,,open,2025-11-23,,False,,"Cain, Contreras And Jackson",Wayne Harris,wayne.harris@hotmail.com,583-344-0496,valid,Lisa Hensley,lisa.hensley@yahoo.com,rep,valid,3,2026-02-22,0.0,0.0,3.0,0.0,0.0,0.0,2,2026-01-10,1,1,8
D0003,C0022,U010,10346.37,Closed Won,lost,,2026-06-19,False,,"Atkinson, Jones And Perry",Cheyenne Horton,cheyenne.horton@yahoo.com,(332)901-6328x7083,valid,Ryan Munoz,ryan.munoz@yahoo.com,rep,valid,2,,1.0,1.0,0.0,0.0,0.0,0.0,1,,1,0,5
D0004,C0111,U008,65990.58,Closed Won,lost,,,False,,"Barnes, Miranda And Stephenson",Daniel Garcia,,5792030673,missing,Gina Moore,gina.moore@yahoo.com,rep,valid,4,2025-12-18,0.0,1.0,2.0,0.0,1.0,0.0,2,,0,2,10
D0005,C0052,U005,11191.79,Closed Won,open,,,False,,Chambers-Chambers,Samantha Bentley,samantha.bentley@COMPANY.COM,337-909-8593,placeholder,Cristian Santos,cristian.santos@gmail.com,unknown,valid,0,,,,,,,,3,2026-03-10,0,2,3
D0006,C0397,U004,30583.07,Closed Lost,,,,False,,Turner-Tucker,Brenda Lawrence,brenda.lawrence@gmail.com,643-927-0185x1067,valid,Daniel Wagner,daniel.wagner@yahoo.com,admin,valid,4,2025-12-10,0.0,0.0,2.0,1.0,1.0,0.0,1,,1,0,9
D0007,C0151,U001,72406.53,Prospecting,open,2025-11-20,,False,,Rogers Group,Austin Joseph,austin.joseph@hotmail.com,+1-317-378-5079x2524,valid,Allison Hill,allison.hillgmail.com,manager,malformed,2,,1.0,0.0,0.0,1.0,0.0,0.0,0,,0,0,4
D0008,C0375,U004,47584.51,Closed Lost,open,2026-09-06,,False,,Scott-Allen,Jennifer Smith,jennifer.smith@gmail.com,(666)442-1476,valid,Daniel Wagner,daniel.wagner@yahoo.com,admin,valid,4,2026-06-22,2.0,0.0,0.0,2.0,0.0,0.0,0,,0,0,8
D0009,C0205,U011,54979.99,Qualified,open,,,False,,Pruitt Ltd,Holly Chapman,holly.chapman@hotmail.com,+1-233-847-2122x816,valid,Monica Herrera,monica.herreragmail.com,rep,malformed,1,2026-10-01,0.0,0.0,1.0,0.0,0.0,0.0,1,,0,0,3
D0010,C0099,U008,60345.0,Closed Won,lost,2025-12-10,2025-12-13,False,3.0,Stevens Plc,Hector Ingram,hector.ingram@hotmail.com,,valid,Gina Moore,gina.moore@yahoo.com,rep,valid,2,2026-04-22,0.0,0.0,0.0,1.0,0.0,1.0,2,,2,0,6
D0011,C0093,U006,11015.24,Negotiation,won,,2026-04-14,False,,Peck-Griffith,Christopher Ferrell,christopher.ferrellgmail.com,774.270.1687x339,malformed,Connie Lawrence,connie.lawrence@gmail.com,rep,valid,0,,,,,,,,1,2025-12-19,1,0,1
D0012,C0198,U010,72100.74,Prospecting,lost,,2026-06-04,False,,"Hart, Pena And Bryant",Roger Velasquez,roger.velasquez@yahoo.com,789-397-5711x30554,valid,Ryan Munoz,ryan.munoz@yahoo.com,rep,valid,2,2026-04-12,2.0,0.0,0.0,0.0,0.0,0.0,0,,0,0,4
D0013,C0043,U011,21420.82,Qualified,lost,2026-03-02,,False,,"Thomas, Lee And Greene",Breanna Jones,breanna.jones@yahoo.com,,valid,Monica Herrera,monica.herreragmail.com,rep,malformed,4,,1.0,0.0,2.0,1.0,0.0,0.0,2,,0,2,10
D0014,C0301,U003,42136.96,Closed Won,lost,2026-03-10,,False,,Nichols-Smith,Taylor Berry,taylor.berry@yahoo.com,(254)642-0949x40792,valid,Angie Henderson,angie.hendersongmail.com,manager,malformed,3,2026-05-02,0.0,1.0,2.0,0.0,0.0,0.0,3,,3,0,9
D0015,C0145,U003,53220.73,Qualified,lost,2026-04-06,,False,,"Shaffer, Garcia And Richardson",James Li,james.li@gmail.com,+1-921-589-0927x5326,valid,Angie Henderson,angie.hendersongmail.com,manager,malformed,3,2026-02-27,2.0,1.0,0.0,0.0,0.0,0.0,0,,0,0,6
D0016,C0283,U009,42559.11,Closed Lost,lost,2026-03-23,,False,,Williams-Bailey,Christy Davidson,christy.davidson@hotmail.com,241-444-8850x1556,valid,Gabrielle Davis,gabrielle.davis@yahoo.com,rep,valid,1,,0.0,1.0,0.0,0.0,0.0,0.0,2,2025-12-16,0,1,4
D0017,C0402,U013,24450.22,Proposal Sent,won,,,False,,Farley-Gregory,Tyrone White,tyrone.white@hotmail.com,8463152654,valid,Lisa Hensley,lisa.hensley@yahoo.com,rep,valid,4,2026-06-15,1.0,2.0,1.0,0.0,0.0,0.0,1,2026-06-07,0,1,9
D0018,C0277,U009,23868.72,Prospecting,open,,,False,,Tate Llc,Mary Hernandez,mary.hernandez@gmail.com,(406)544-7421,valid,Gabrielle Davis,gabrielle.davis@yahoo.com,rep,valid,4,2026-06-03,0.0,0.0,0.0,1.0,1.0,2.0,1,2025-11-28,1,0,9
D0019,C0021,U013,84146.27,Closed Lost,closed,2026-06-13,,False,,Ramos-Lewis,Steven Flynn,steven.flynn@gmail.com,+1-514-989-5134x33200,valid,Lisa Hensley,lisa.hensley@yahoo.com,rep,valid,1,2026-01-08,0.0,0.0,0.0,1.0,0.0,0.0,3,2026-03-15,1,0,5
D0020,C0226,U005,73751.75,Closed Won,open,2026-05-31,2026-07-29,False,59.0,"Manning, Smith And Mills",Jaime Harris,jaime.harris@yahoo.com,,valid,Cristian Santos,cristian.santos@gmail.com,unknown,valid,5,2026-07-17,2.0,2.0,1.0,0.0,0.0,0.0,1,2025-12-28,0,1,11
D0021,C0348,U006,52948.63,Closed Won,open,2025-11-27,,False,,Cox And Sons,Kurt Ewing,kurt.ewing@gmail.com,967.849.9465,valid,Connie Lawrence,connie.lawrence@gmail.com,rep,valid,1,2026-04-16,1.0,0.0,0.0,0.0,0.0,0.0,0,,0,0,2
D0022,C0268,U005,28525.08,,open,,,False,,Garrett-Young,Kathryn Cain,kathryn.cain@hotmail.com,560-884-3256x216,valid,Cristian Santos,cristian.santos@gmail.com,unknown,valid,1,2026-04-20,0.0,0.0,1.0,0.0,0.0,0.0,1,,1,0,3
D0023,C0259,U011,81891.46,Prospecting,open,,,False,,Foley Inc,Terri Short,terri.short@hotmail.com,589.592.1075x22459,valid,Monica Herrera,monica.herreragmail.com,rep,malformed,4,2026-01-06,0.0,1.0,2.0,0.0,0.0,1.0,0,,0,0,8
D0024,C0063,U012,60901.47,Qualified,won,,2026-06-07,False,,Peterson-Wood,Paula Bradley,paula.bradleygmail.com,802-929-0147,malformed,Jamie Arnold,jamie.arnold@hotmail.com,rep,valid,1,,0.0,0.0,1.0,0.0,0.0,0.0,1,2026-08-05,0,1,3
D0025,C0319,U005,7805.61,Closed Won,lost,2026-05-01,2026-06-03,False,33.0,Moore Inc,Jackson Clark,jackson.clark@yahoo.com,597-901-0822x07811,valid,Cristian Santos,cristian.santos@gmail.com,unknown,valid,2,2026-07-07,0.0,0.0,1.0,0.0,0.0,1.0,1,,1,0,5
D0026,C0351,U006,50093.29,Closed Lost,,2025-12-21,,False,,Ramos-Johnson,,matthew.chan@hotmail.com,(976)924-6719,valid,Connie Lawrence,connie.lawrence@gmail.com,rep,valid,2,2026-07-31,0.0,0.0,1.0,0.0,1.0,0.0,0,,0,0,4
D0027,C0321,U011,34709.27,Closed Won,open,2026-01-05,2026-11-07,False,306.0,Thomas-Reilly,,james.taylor@hotmail.com,654.435.2090,valid,Monica Herrera,monica.herreragmail.com,rep,malformed,1,2026-07-03,0.0,1.0,0.0,0.0,0.0,0.0,2,2026-05-08,0,1,4
D0028,C0170,U009,67323.36,Qualified,,2026-04-19,,False,,"Spencer, Frost And Fernandez",Elizabeth Davis,elizabeth.davis@yahoo.com,001-687-920-5061,valid,Gabrielle Davis,gabrielle.davis@yahoo.com,rep,valid,3,2026-08-06,2.0,0.0,0.0,0.0,1.0,0.0,2,2026-11-05,1,1,8
D0029,C0397,U014,79108.0,Closed Lost,open,2025-02-11,,False,,Turner-Tucker,Brenda Lawrence,brenda.lawrence@gmail.com,643-927-0185x1067,valid,Michele Williams,michele.williams@gmail.com,rep,valid,1,,0.0,0.0,1.0,0.0,0.0,0.0,1,,1,0,3
D0030,C0444,U011,74514.35,Negotiation,open,,,False,,Bennett Ltd,Thomas George,thomas.george@yahoo.com,001-552-545-0864x0355,valid,Monica Herrera,monica.herreragmail.com,rep,malformed,2,2025-10-11,0.0,0.0,1.0,1.0,0.0,0.0,1,2025-12-27,0,1,5
D0031,C0188,U011,34594.52,Qualified,open,2026-02-28,,False,,Colon Llc,Joy Meyer,joy.meyer@hotmail.com,262-457-5326x03323,valid,Monica Herrera,monica.herreragmail.com,rep,malformed,3,,1.0,0.0,1.0,1.0,0.0,0.0,2,,0,2,8
D0032,C0046,U012,19320.67,Prospecting,open,,,False,,"Higgins, Malone And Brennan",Barry Welch,barry.welch@yahoo.com,216.711.7240,valid,Jamie Arnold,jamie.arnold@hotmail.com,rep,valid,3,2026-04-28,2.0,0.0,0.0,1.0,0.0,0.0,2,,0,1,8
D0033,C0005,U001,84010.93,Negotiation,open,2026-05-07,,False,,Farmer-Ryan,Kerry Smith,kerry.smith@yahoo.com,401.454.3039x1171,valid,Allison Hill,allison.hillgmail.com,manager,malformed,0,,,,,,,,1,,0,1,1
D0034,C0045,U012,27664.85,Prospecting,open,2026-02-10,,False,,Garcia-Lozano,Charles Pitts,charles.pitts@gmail.com,874-759-6158,valid,Jamie Arnold,jamie.arnold@hotmail.com,rep,valid,1,2025-11-08,1.0,0.0,0.0,0.0,0.0,0.0,2,2026-07-09,0,0,4
D0035,C0342,U003,48534.82,Prospecting,closed,,,False,,Vazquez-Taylor,William Mills,william.mills@yahoo.com,(440)513-2234,valid,Angie Henderson,angie.hendersongmail.com,manager,malformed,0,,,,,,,,0,,0,0,0
D0036,C0317,U012,58828.28,Qualified,lost,2026-01-09,,False,,Howe Ltd,Stacie Butler,stacie.butler@yahoo.com,001-423-924-8763x290,valid,Jamie Arnold,jamie.arnold@hotmail.com,rep,valid,6,2026-07-03,1.0,0.0,2.0,1.0,1.0,1.0,0,,0,0,12
D0037,C0297,U012,27761.06,Closed Won,lost,2026-02-13,2026-04-11,False,57.0,Callahan Inc,Michael Long,,866-466-8327x23865,missing,Jamie Arnold,jamie.arnold@hotmail.com,rep,valid,2,2026-07-05,0.0,1.0,0.0,0.0,0.0,1.0,1,2026-10-07,1,0,5
D0038,C0303,U012,72298.99,Negotiation,open,,,False,,"Young, White And Rose",William Coffey,william.coffey@hotmail.com,,valid,Jamie Arnold,jamie.arnold@hotmail.com,rep,valid,2,,1.0,0.0,0.0,1.0,0.0,0.0,0,,0,0,4
D0039,C0094,U012,6056.52,Closed Won,won,,,False,,Campbell Plc,Martha Ruiz,martha.ruiz@hotmail.com,8162245650,valid,Jamie Arnold,jamie.arnold@hotmail.com,rep,valid,2,,1.0,0.0,1.0,0.0,0.0,0.0,2,2026-04-12,2,0,6
D0040,C0251,U011,75708.5,Prospecting,closed,,,False,,Newman-Miles,Beth Hall,beth.hall@hotmail.com,+1-657-930-6524x0778,valid,Monica Herrera,monica.herreragmail.com,rep,malformed,4,2026-01-03,0.0,2.0,0.0,0.0,2.0,0.0,1,2026-03-19,0,1,9
D0041,C0434,U014,58525.66,Closed Won,lost,2026-02-26,,False,,Johnston-Mclaughlin,Stanley Bryant,stanley.bryant@hotmail.com,001-446-392-6329x676,valid,Michele Williams,michele.williams@gmail.com,rep,valid,3,2025-11-20,1.0,1.0,0.0,0.0,0.0,1.0,0,,0,0,6
D0042,C0034,U001,78535.37,Proposal Sent,won,,2026-03-10,False,,Phillips Llc,Adrian Ferguson,adrian.ferguson@yahoo.com,,valid,Allison Hill,allison.hillgmail.com,manager,malformed,3,,0.0,2.0,1.0,0.0,0.0,0.0,0,,0,0,6
D0043,C0388,U007,54984.86,Closed Won,lost,2025-11-27,2025-12-10,False,13.0,"Garcia, Soto And Pitts",Brooke Carter,brooke.carter@yahoo.com,001-987-712-5521x37603,valid,Abigail Shaffer,abigail.shaffer@gmail.com,rep,valid,2,2025-11-07,1.0,0.0,0.0,0.0,1.0,0.0,1,2026-10-03,1,0,5
D0044,C0102,U013,28783.65,Qualified,closed,2026-03-18,,False,,Delgado-Gilmore,Matthew Avila,matthew.avila@yahoo.com,440-619-3802x62067,valid,Lisa Hensley,lisa.hensley@yahoo.com,rep,valid,3,,0.0,1.0,0.0,0.0,2.0,0.0,2,2026-07-06,1,1,8
D0045,C0220,U012,21914.06,Proposal Sent,open,,,False,,"Smith, Macias And Gonzales",Jose Campbell,jose.campbell@gmail.com,(925)991-3651,valid,Jamie Arnold,jamie.arnold@hotmail.com,rep,valid,2,,0.0,0.0,1.0,0.0,0.0,1.0,0,,0,0,4
D0046,C0156,U011,2557.53,Qualified,open,,,False,,Vargas Inc,Victor Young,victor.young@yahoo.com,465-957-4313x29121,valid,Monica Herrera,monica.herreragmail.com,rep,malformed,0,,,,,,,,0,,0,0,0
D0047,C0175,U009,32551.1,Closed Lost,won,2026-05-02,,False,,"Dean, Mills And Barnes",Charles Matthews,charles.matthews@gmail.com,991-948-5646,valid,Gabrielle Davis,gabrielle.davis@yahoo.com,rep,valid,2,2026-12-01,0.0,1.0,0.0,1.0,0.0,0.0,1,2025-12-26,1,0,5
D0048,C0169,U013,6833.31,Closed Won,won,2026-05-16,2026-07-25,False,70.0,Peterson Group,Benjamin Mcmahon,benjamin.mcmahon@gmail.com,599-870-6296x20153,valid,Lisa Hensley,lisa.hensley@yahoo.com,rep,valid,1,2026-05-26,0.0,0.0,0.0,1.0,0.0,0.0,0,,0,0,2
D0049,C0182,U001,14635.38,Closed Lost,open,2025-12-17,2026-02-05,False,50.0,Rogers Llc,Shannon Green,shannon.green@hotmail.com,+1-643-628-3096x5207,valid,Allison Hill,allison.hillgmail.com,manager,malformed,2,,1.0,1.0,0.0,0.0,0.0,0.0,0,,0,0,4
D0050,C0002,U001,40892.34,Prospecting,won,2026-06-27,,False,,Underwood Llc,Austin Gentry,austin.gentry@hotmail.com,001-653-876-7242x388,valid,Allison Hill,allison.hillgmail.com,manager,malformed,0,,,,,,,,0,,0,0,0
D0051,C0112,U006,24150.04,Proposal Sent,lost,,,False,,Gordon Llc,Thomas Johnston,thomas.johnston@hotmail.com,+1-453-842-8364x408,valid,Connie Lawrence,connie.lawrence@gmail.com,rep,valid,3,2026-06-03,1.0,0.0,0.0,2.0,0.0,0.0,1,,0,1,7
D0052,C0089,U004,81165.63,Closed Lost,open,,,False,,Martin Ltd,Travis Stone,travis.stone@yahoo.com,343-484-2498,valid,Daniel Wagner,daniel.wagner@yahoo.com,admin,valid,3,2025-12-26,0.0,1.0,0.0,1.0,0.0,1.0,1,,1,0,7
D0053,C0157,U006,39638.31,Prospecting,closed,,,False,,Edwards-Martinez,Randy Hayes,randy.hayes@yahoo.com,711-824-9035x213,valid,Connie Lawrence,connie.lawrence@gmail.com,rep,valid,2,,0.0,0.0,2.0,0.0,0.0,0.0,0,,0,0,4
D0054,C0122,U008,62660.69,Closed Won,,2025-11-27,,False,,"Elliott, Johnson And Mcfarland",Tyrone Matthews,tyrone.matthews@COMPANY.COM,001-761-242-9396x85621,placeholder,Gina Moore,gina.moore@yahoo.com,rep,valid,3,,0.0,0.0,2.0,1.0,0.0,0.0,0,,0,0,6
D0055,C0207,U001,30426.38,Proposal Sent,closed,,,False,,"Stewart, Robinson And White",Jonathan Perry,jonathan.perry@hotmail.com,(215)333-5554x3987,valid,Allison Hill,allison.hillgmail.com,manager,malformed,1,,1.0,0.0,0.0,0.0,0.0,0.0,0,,0,0,2
D0056,C0332,U007,18633.73,Negotiation,open,2025-11-19,,False,,Wood-Harris,Mary Spence,mary.spence@gmail.com,(778)428-4106x727,valid,Abigail Shaffer,abigail.shaffer@gmail.com,rep,valid,3,,1.0,1.0,0.0,1.0,0.0,0.0,0,,0,0,6
D0057,C0071,U012,5166.0,Proposal Sent,open,,,False,,Hardin-Hughes,Meghan Williams,meghan.williams@hotmail.com,+1-451-751-8644x9251,valid,Jamie Arnold,jamie.arnold@hotmail.com,rep,valid,2,2026-09-02,0.0,0.0,0.0,1.0,1.0,0.0,1,,0,0,5
D0058,C0188,U008,43703.22,Prospecting,open,,,False,,Colon Llc,Joy Meyer,joy.meyer@hotmail.com,262-457-5326x03323,valid,Gina Moore,gina.moore@yahoo.com,rep,valid,1,2026-02-21,0.0,1.0,0.0,0.0,0.0,0.0,3,2026-11-07,1,1,5
D0059,C0219,U011,23292.74,Qualified,won,,,False,,"Baker, Stephens And Thompson",Holly Valdez,,,missing,Monica Herrera,monica.herreragmail.com,rep,malformed,2,2026-05-14,0.0,0.0,0.0,0.0,2.0,0.0,0,,0,0,4
D0060,C0117,U002,66624.74,Proposal Sent,open,2025-11-07,,False,,Gonzalez And Sons,,roy.porter@hotmail.com,+1-254-277-7252x28728,valid,Noah Rhodes,noah.rhodes@gmail.com,manager,valid,2,2025-08-11,0.0,1.0,0.0,0.0,0.0,1.0,1,,1,0,5
D0061,C0158,U007,31417.0,Prospecting,closed,,,False,,"Williams, Evans And Wilkins",Tristan Bond,tristan.bond@hotmail.com,001-883-717-1210x0323,valid,Abigail Shaffer,abigail.shaffer@gmail.com,rep,valid,1,,0.0,0.0,0.0,0.0,0.0,1.0,2,,2,0,4
D0062,C0060,U002,4867.54,Qualified,won,2026-02-26,,False,,Reynolds Ltd,Robin Hawkins,robin.hawkins@COMPANY.COM,001-688-651-6560,placeholder,Noah Rhodes,noah.rhodes@gmail.com,manager,valid,0,,,,,,,,0,,0,0,0
D0063,C0200,U009,69977.0,Prospecting,won,2026-04-05,2026-06-09,False,65.0,Ellis-Lawrence,Tracey Smith,tracey.smith@hotmail.com,4863978292,valid,Gabrielle Davis,gabrielle.davis@yahoo.com,rep,valid,0,,,,,,,,0,,0,0,0
D0064,C0125,U002,11641.35,Closed Lost,open,2025-11-02,,False,,Cole-Peters,Alexander Gomez,alexander.gomez@gmail.com,+1-495-860-4661x839,valid,Noah Rhodes,noah.rhodes@gmail.com,manager,valid,1,2026-10-01,1.0,0.0,0.0,0.0,0.0,0.0,0,,0,0,2
D0065,C0188,U011,3320.32,Prospecting,won,2026-04-01,,False,,Colon Llc,Joy Meyer,joy.meyer@hotmail.com,262-457-5326x03323,valid,Monica Herrera,monica.herreragmail.com,rep,malformed,2,2026-09-07,1.0,0.0,0.0,0.0,0.0,1.0,2,,1,1,6
D0066,C0427,U014,5065.14,Negotiation,open,,,False,,Johnson-Gonzalez,Gary Turner,gary.turner@hotmail.com,239-928-4044x566,valid,Michele Williams,michele.williams@gmail.com,rep,valid,2,,0.0,1.0,0.0,1.0,0.0,0.0,0,,0,0,4
D0067,C0366,U007,58548.0,Closed Lost,open,2026-04-11,,False,,White-Walter,Stacey Walker,stacey.walker@gmail.com,+1-893-817-3420,valid,Abigail Shaffer,abigail.shaffer@gmail.com,rep,valid,0,,,,,,,,0,,0,0,0
D0068,C0445,U003,26141.28,Prospecting,won,2026-05-11,,False,,"Brown, Hardin And Mcneil",Melissa Walker,melissa.walker@yahoo.com,452.570.1713x02321,valid,Angie Henderson,angie.hendersongmail.com,manager,malformed,3,2026-06-05,2.0,1.0,0.0,0.0,0.0,0.0,0,,0,0,6
D0069,C0069,U007,22303.84,Proposal Sent,closed,2025-11-10,,False,,Vargas-Bell,Joel Johnson,joel.johnson@yahoo.com,511-799-8679x8079,valid,Abigail Shaffer,abigail.shaffer@gmail.com,rep,valid,5,2026-08-06,2.0,1.0,0.0,1.0,1.0,0.0,1,2026-01-06,1,0,11
D0070,C0396,U012,66749.83,Closed Won,,,,False,,Francis Plc,Trevor Guzman,trevor.guzman@yahoo.com,715-694-0821,valid,Jamie Arnold,jamie.arnold@hotmail.com,rep,valid,2,,1.0,1.0,0.0,0.0,0.0,0.0,0,,0,0,4
D0071,C0013,U006,76296.36,Proposal Sent,open,,,False,,Ibarra-Suarez,Christopher Bass,christopher.bass@hotmail.com,698-608-4124x1182,valid,Connie Lawrence,connie.lawrence@gmail.com,rep,valid,0,,,,,,,,0,,0,0,0
D0072,C0267,U006,9861.22,Proposal Sent,open,2026-01-30,,False,,"Bray, Garcia And Stewart",Kim Lopez,kim.lopez@hotmail.com,780.703.8457x620,valid,Connie Lawrence,connie.lawrence@gmail.com,rep,valid,0,,,,,,,,0,,0,0,0
D0073,C0110,U010,16204.38,Closed Won,lost,,,False,,"Irwin, Davenport And Avila",Julie Ball,julie.ball@yahoo.com,+1-363-237-5243,valid,Ryan Munoz,ryan.munoz@yahoo.com,rep,valid,6,2026-02-26,3.0,0.0,0.0,0.0,3.0,0.0,3,2026-05-08,1,1,15
D0074,C0356,U012,80688.77,Closed Won,open,,,False,,"Richard, Davis And Rogers",Robert Alvarez,robert.alvarez@gmail.com,(914)484-6853x664,valid,Jamie Arnold,jamie.arnold@hotmail.com,rep,valid,1,,0.0,0.0,0.0,0.0,1.0,0.0,1,2026-04-06,1,0,3
D0075,C0247,U001,20924.0,Prospecting,open,2026-01-04,,False,,Robinson-Fisher,Kathleen Watson,kathleen.watson@hotmail.com,9514204618,valid,Allison Hill,allison.hillgmail.com,manager,malformed,3,2025-11-22,0.0,0.0,0.0,3.0,0.0,0.0,0,,0,0,6
D0076,C0310,U004,78218.2,Qualified,lost,2026-02-26,,False,,Delgado Inc,Mary Adams,mary.adams@hotmail.com,969-308-7766x18306,valid,Daniel Wagner,daniel.wagner@yahoo.com,admin,valid,1,2026-02-11,0.0,0.0,0.0,0.0,0.0,1.0,3,2026-04-26,2,1,5
D0077,C0392,U002,32694.83,Closed Lost,lost,2026-05-03,,False,,"Higgins, Hobbs And Meyer",Cindy Hunt,cindy.hunt@yahoo.com,752.600.8943x46810,valid,Noah Rhodes,noah.rhodes@gmail.com,manager,valid,0,,,,,,,,0,,0,0,0
D0078,C0068,U003,55707.0,Closed Won,,,,False,,Thompson And Sons,Mary Thompson,mary.thompson@hotmail.com,,valid,Angie Henderson,angie.hendersongmail.com,manager,malformed,3,,0.0,2.0,0.0,1.0,0.0,0.0,1,2025-12-04,0,0,7
D0079,C0112,U011,,Qualified,lost,2026-01-21,2026-03-04,False,42.0,Gordon Llc,Thomas Johnston,thomas.johnston@hotmail.com,+1-453-842-8364x408,valid,Monica Herrera,monica.herreragmail.com,rep,malformed,3,2026-10-03,0.0,1.0,1.0,1.0,0.0,0.0,0,,0,0,6
D0080,C0198,U014,51799.45,Prospecting,open,2026-04-15,,False,,"Hart, Pena And Bryant",Roger Velasquez,roger.velasquez@yahoo.com,789-397-5711x30554,valid,Michele Williams,michele.williams@gmail.com,rep,valid,0,,,,,,,,3,2026-04-05,2,1,3
D0081,C0052,U008,21372.66,Qualified,lost,2026-01-23,2026-04-02,False,69.0,Chambers-Chambers,Samantha Bentley,samantha.bentley@COMPANY.COM,337-909-8593,placeholder,Gina Moore,gina.moore@yahoo.com,rep,valid,2,,0.0,2.0,0.0,0.0,0.0,0.0,1,2025-12-24,1,0,5
D0082,C0225,U001,59380.2,Proposal Sent,won,2026-01-16,,False,,"Moreno, Perez And Lang",Jane Chapman,jane.chapman@hotmail.com,001-591-262-4731x49864,valid,Allison Hill,allison.hillgmail.com,manager,malformed,2,,0.0,0.0,0.0,2.0,0.0,0.0,2,2026-02-25,1,1,6
D0083,C0221,U012,75360.09,Closed Won,open,,,False,,Clark-Martin,Alison Williams,alison.williams@hotmail.com,001-622-480-9202,valid,Jamie Arnold,jamie.arnold@hotmail.com,rep,valid,1,,0.0,0.0,1.0,0.0,0.0,0.0,0,,0,0,2
D0084,C0418,U008,39182.5,Proposal Sent,open,,,False,,Hunter Plc,Jennifer Gonzalez,jennifer.gonzalez@gmail.com,+1-631-853-7795x9959,valid,Gina Moore,gina.moore@yahoo.com,rep,valid,3,2026-05-29,1.0,2.0,0.0,0.0,0.0,0.0,0,,0,0,6
D0085,C0131,U002,75642.0,Prospecting,lost,,,False,,Myers-Barton,Kathryn Cooper,kathryn.cooper@gmail.com,914.761.1254x5738,valid,Noah Rhodes,noah.rhodes@gmail.com,manager,valid,2,2026-04-26,1.0,0.0,1.0,0.0,0.0,0.0,0,,0,0,4
D0086,C0171,U010,80194.0,Closed Lost,open,2026-03-29,,False,,Davis And Sons,Edgar Miller,edgar.millergmail.com,446-777-4186,malformed,Ryan Munoz,ryan.munoz@yahoo.com,rep,valid,1,2026-04-21,0.0,0.0,1.0,0.0,0.0,0.0,2,2026-03-28,1,0,4
D0087,C0167,U004,61790.18,Proposal Sent,lost,,,False,,"Miller, Reed And Flores",Tracey Underwood,tracey.underwood@hotmail.com,+1-857-904-3315x4100,valid,Daniel Wagner,daniel.wagner@yahoo.com,admin,valid,1,,0.0,0.0,0.0,1.0,0.0,0.0,1,2026-07-06,0,1,3
D0088,C0025,U007,14324.76,,,,,False,,Brown-Wall,Randy Shah,randy.shah@gmail.com,001-596-670-5466x88937,valid,Abigail Shaffer,abigail.shaffer@gmail.com,rep,valid,2,,0.0,1.0,1.0,0.0,0.0,0.0,2,2025-03-12,2,0,6
D0089,C0316,U010,3649.0,Closed Lost,won,2026-05-15,,False,,Thomas-Perry,Kristen Gonzales,kristen.gonzales@hotmail.com,2212962071,valid,Ryan Munoz,ryan.munoz@yahoo.com,rep,valid,3,,0.0,0.0,2.0,0.0,0.0,1.0,0,,0,0,6
D0090,C0155,U013,,Closed Won,,2025-01-11,,False,,Harris And Sons,Tyrone Kaufman,tyrone.kaufman@gmail.com,001-441-803-8657x191,valid,Lisa Hensley,lisa.hensley@yahoo.com,rep,valid,1,,1.0,0.0,0.0,0.0,0.0,0.0,3,2025-12-13,0,2,5
D0091,C0187,U003,,Closed Lost,open,,,False,,"Gonzalez, Watson And Smith",Roy Lee,roy.lee@hotmail.com,6334542168,valid,Angie Henderson,angie.hendersongmail.com,manager,malformed,0,,,,,,,,2,,1,1,2
D0092,C0381,U012,57289.79,Prospecting,open,,,False,,Horton And Sons,Christine Wong,christine.wong@hotmail.com,868.231.4727,valid,Jamie Arnold,jamie.arnold@hotmail.com,rep,valid,1,2026-07-13,0.0,0.0,0.0,0.0,0.0,1.0,1,2025-02-11,1,0,3
D0093,C0031,U014,82129.91,Closed Won,closed,,,False,,Rivas Inc,Jerry Christensen,jerry.christensen@hotmail.com,+1-665-607-5273x545,valid,Michele Williams,michele.williams@gmail.com,rep,valid,2,,0.0,0.0,0.0,0.0,0.0,2.0,0,,0,0,4
D0094,C0151,U002,49196.86,Closed Won,open,,,False,,Rogers Group,Austin Joseph,austin.joseph@hotmail.com,+1-317-378-5079x2524,valid,Noah Rhodes,noah.rhodes@gmail.com,manager,valid,4,2026-08-07,3.0,0.0,1.0,0.0,0.0,0.0,1,,1,0,9
D0095,C0086,U003,5063.44,Proposal Sent,won,2025-11-06,,False,,Roach Group,Rita Ponce Dvm,rita.ponce.dvm@hotmail.com,(518)484-4225x831,valid,Angie Henderson,angie.hendersongmail.com,manager,malformed,2,,0.0,0.0,2.0,0.0,0.0,0.0,1,,0,0,5
D0096,C0421,U010,8766.79,Proposal Sent,lost,,,False,,Smith Llc,Alisha Byrd,alisha.byrd@yahoo.com,+1-315-334-7355x2896,valid,Ryan Munoz,ryan.munoz@yahoo.com,rep,valid,3,2026-05-10,1.0,1.0,1.0,0.0,0.0,0.0,1,,1,0,7
D0097,C0398,U012,36105.94,Closed Lost,lost,2026-03-09,2026-03-26,False,17.0,Harrington-Alvarez,Lisa Gill,lisa.gill@hotmail.com,+1-777-272-5199x6636,valid,Jamie Arnold,jamie.arnold@hotmail.com,rep,valid,3,2026-07-26,0.0,1.0,1.0,0.0,0.0,1.0,4,2026-06-04,2,1,10
D0098,C0395,U002,74991.34,Negotiation,closed,,,False,,"Hansen, Maxwell And Wiggins",Mallory Barajas,mallory.barajas@hotmail.com,962.928.2772x8813,valid,Noah Rhodes,noah.rhodes@gmail.com,manager,valid,0,,,,,,,,1,2026-04-05,0,1,1
D0099,C0238,U001,13511.7,Qualified,won,2026-05-02,,False,,Vaughn Inc,David Combs,david.combs@gmail.com,,valid,Allison Hill,allison.hillgmail.com,manager,malformed,3,,0.0,1.0,0.0,0.0,1.0,1.0,0,,0,0,6
D0100,C0349,U004,78389.72,Prospecting,,,,False,,Dixon-Hernandez,Bryan Burns,bryan.burns@gmail.com,+1-620-310-1702x6952,valid,Daniel Wagner,daniel.wagner@yahoo.com,admin,valid,0,,,,,,,,0,,0,0,0
D0101,C0153,U005,73162.6,Proposal Sent,,2026-02-18,,False,,"Watson, Shaw And Winters",Robert Jarvis,robert.jarvis@yahoo.com,774-545-1870,valid,Cristian Santos,cristian.santos@gmail.com,unknown,valid,2,2025-11-16,0.0,0.0,1.0,0.0,1.0,0.0,0,,0,0,4
D0102,C0376,U008,52015.76,Negotiation,won,,2026-06-11,False,,Wade-Collier,Katherine Mcclure,katherine.mcclure@yahoo.com,,valid,Gina Moore,gina.moore@yahoo.com,rep,valid,2,,0.0,0.0,0.0,1.0,1.0,0.0,0,,0,0,4
D0103,C0437,U006,67589.45,Prospecting,closed,,,False,,Kelley And Sons,Jessica Ruiz,,322-209-1241x862,missing,Connie Lawrence,connie.lawrence@gmail.com,rep,valid,2,2026-01-17,1.0,0.0,0.0,0.0,0.0,1.0,3,2026-06-02,2,1,7
D0104,C0429,U009,17595.75,Prospecting,open,2026-03-05,,False,,Farrell-Johnson,Shane Torres,shane.torres@hotmail.com,6757536668,valid,Gabrielle Davis,gabrielle.davis@yahoo.com,rep,valid,2,,0.0,0.0,0.0,1.0,1.0,0.0,0,,0,0,4
D0105,C0025,U006,70262.78,Proposal Sent,won,2026-04-10,,False,,Brown-Wall,Randy Shah,randy.shah@gmail.com,001-596-670-5466x88937,valid,Connie Lawrence,connie.lawrence@gmail.com,rep,valid,0,,,,,,,,3,,0,0,3
D0106,C0188,U008,50504.5,Closed Lost,open,,,False,,Colon Llc,Joy Meyer,joy.meyer@hotmail.com,262-457-5326x03323,valid,Gina Moore,gina.moore@yahoo.com,rep,valid,0,,,,,,,,1,,1,0,1
D0107,C0143,U001,72794.08,Closed Won,open,2026-04-04,,False,,Smith-Rubio,Michael Anderson,michael.anderson@COMPANY.COM,+1-542-841-5415x2064,placeholder,Allison Hill,allison.hillgmail.com,manager,malformed,2,,1.0,0.0,0.0,0.0,0.0,1.0,2,2026-05-24,2,0,6
D0108,C0135,U011,3174.37,Closed Won,closed,2026-06-17,,False,,Bruce-Williamson,Michele Evans,michele.evansgmail.com,+1-891-825-1341x252,malformed,Monica Herrera,monica.herreragmail.com,rep,malformed,3,2026-06-03,1.0,0.0,0.0,1.0,1.0,0.0,0,,0,0,6
D0109,C0066,U011,20184.8,Qualified,open,,,False,,Morse-Atkins,Laura Mckinney,laura.mckinney@yahoo.com,816-805-2975x1613,valid,Monica Herrera,monica.herreragmail.com,rep,malformed,3,2025-12-02,1.0,0.0,2.0,0.0,0.0,0.0,2,2025-12-19,1,1,8
D0110,C0190,U014,19720.46,Closed Won,,,,False,,"Hernandez, Neal And Mccoy",Matthew Bates,matthew.bates@yahoo.com,+1-592-561-8914x117,valid,Michele Williams,michele.williams@gmail.com,rep,valid,5,2026-05-26,1.0,2.0,0.0,1.0,1.0,0.0,0,,0,0,10
D0111,C0004,U009,,Closed Won,closed,2026-01-06,,False,,"Le, Maldonado And Herrera",Martin Rodriguez,martin.rodriguez@yahoo.com,(570)448-2814,valid,Gabrielle Davis,gabrielle.davis@yahoo.com,rep,valid,1,2026-09-03,0.0,0.0,1.0,0.0,0.0,0.0,0,,0,0,2
D0112,C0139,U011,56285.99,Negotiation,won,2026-06-24,,False,,Gonzales Inc,Cynthia Cochran,cynthia.cochran@hotmail.com,001-659-462-9233x095,valid,Monica Herrera,monica.herreragmail.com,rep,malformed,1,2026-04-04,0.0,0.0,0.0,0.0,0.0,1.0,0,,0,0,2
D0113,C0029,U013,13184.11,Closed Won,lost,,,False,,"Johnson, Collins And Byrd",Jennifer Espinoza,jennifer.espinoza@gmail.com,001-831-749-1905,valid,Lisa Hensley,lisa.hensley@yahoo.com,rep,valid,3,2026-07-04,1.0,0.0,2.0,0.0,0.0,0.0,3,2026-05-04,1,2,9
D0114,C0205,U007,62167.0,Prospecting,won,,,False,,Pruitt Ltd,Holly Chapman,holly.chapman@hotmail.com,+1-233-847-2122x816,valid,Abigail Shaffer,abigail.shaffer@gmail.com,rep,valid,2,2026-05-04,0.0,0.0,2.0,0.0,0.0,0.0,2,,2,0,6
D0115,C0255,U005,16624.84,Qualified,closed,,,False,,"Hanson, Garza And Williams",Mitchell Smith,mitchell.smith@gmail.com,+1-271-370-5865x0948,valid,Cristian Santos,cristian.santos@gmail.com,unknown,valid,2,2026-05-04,0.0,0.0,0.0,1.0,0.0,1.0,2,,0,1,6
D0116,C0282,U013,8956.54,Qualified,lost,,,False,,Fox-Carney,Carl Hart,carl.hart@hotmail.com,001-577-829-3430x1071,valid,Lisa Hensley,lisa.hensley@yahoo.com,rep,valid,1,2026-07-30,0.0,0.0,0.0,1.0,0.0,0.0,0,,0,0,2
D0117,C0188,U005,72576.36,Negotiation,,,,False,,Colon Llc,Joy Meyer,joy.meyer@hotmail.com,262-457-5326x03323,valid,Cristian Santos,cristian.santos@gmail.com,unknown,valid,2,2025-12-18,1.0,0.0,0.0,1.0,0.0,0.0,4,2026-04-03,1,1,8
D0118,C0313,U002,11504.63,Closed Lost,won,2026-12-05,,False,,Johnson Inc,Nathan Sullivan,nathan.sullivan@gmail.com,+1-287-582-9310x2707,valid,Noah Rhodes,noah.rhodes@gmail.com,manager,valid,0,,,,,,,,1,,0,0,1
D0119,C0431,U003,35667.52,Qualified,won,,,False,,"Hayden, Fowler And Torres",Michael Thompson,michael.thompson@hotmail.com,+1-370-923-1643x348,valid,Angie Henderson,angie.hendersongmail.com,manager,malformed,3,2026-03-04,1.0,1.0,1.0,0.0,0.0,0.0,1,,1,0,7
D0120,C0394,U002,83884.47,Closed Lost,lost,,,False,,"Mclaughlin, Garcia And Black",Richard Gibson,richard.gibson@gmail.com,001-766-811-0627x371,valid,Noah Rhodes,noah.rhodes@gmail.com,manager,valid,1,2025-11-16,1.0,0.0,0.0,0.0,0.0,0.0,2,2026-07-07,0,1,4
D0121,C0385,U013,42379.69,Qualified,open,,,False,,Whitaker-Nunez,Rebecca Marsh,rebecca.marshgmail.com,(493)941-7223,malformed,Lisa Hensley,lisa.hensley@yahoo.com,rep,valid,2,2026-04-03,0.0,0.0,1.0,0.0,0.0,1.0,1,2025-02-12,1,0,5
D0122,C0216,U007,33506.92,Closed Won,,,,False,,"Riley, Hammond And Lewis",Dean Shannon,dean.shannongmail.com,+1-972-356-3942,malformed,Abigail Shaffer,abigail.shaffer@gmail.com,rep,valid,3,2026-05-07,2.0,0.0,0.0,1.0,0.0,0.0,3,2025-12-11,0,1,9
D0123,C0449,U006,58008.47,Closed Lost,won,,,False,,Burns-Davidson,Jennifer Williams,jennifer.williams@gmail.com,(592)536-4587x5066,valid,Connie Lawrence,connie.lawrence@gmail.com,rep,valid,3,,2.0,1.0,0.0,0.0,0.0,0.0,0,,0,0,6
D0124,C0194,U009,6951.47,Negotiation,open,,,False,,"Barber, Jarvis And Richard",Thomas Webb,thomas.webb@hotmail.com,+1-272-396-5902x77167,valid,Gabrielle Davis,gabrielle.davis@yahoo.com,rep,valid,3,2026-01-30,0.0,0.0,2.0,1.0,0.0,0.0,1,,0,1,7
D0125,C0301,U009,84621.95,Negotiation,lost,,,False,,Nichols-Smith,Taylor Berry,taylor.berry@yahoo.com,(254)642-0949x40792,valid,Gabrielle Davis,gabrielle.davis@yahoo.com,rep,valid,4,,2.0,1.0,1.0,0.0,0.0,0.0,0,,0,0,8
D0126,C0410,U007,62218.6,Prospecting,won,,,False,,"Lee, Rodgers And Chambers",Casey Chapman,casey.chapmangmail.com,001-912-249-3843x0894,malformed,Abigail Shaffer,abigail.shaffer@gmail.com,rep,valid,3,,0.0,0.0,0.0,2.0,1.0,0.0,0,,0,0,6
D0127,C0185,U012,22858.4,Prospecting,lost,,,False,,Delacruz Plc,Lisa Kennedy,lisa.kennedy@gmail.com,416.784.6022x35697,valid,Jamie Arnold,jamie.arnold@hotmail.com,rep,valid,1,,1.0,0.0,0.0,0.0,0.0,0.0,0,,0,0,2
D0128,C0330,U014,59094.1,Prospecting,open,,,False,,Lane-Rios,Katelyn Wade,katelyn.wade@hotmail.com,+1-577-949-2424,valid,Michele Williams,michele.williams@gmail.com,rep,valid,2,2026-03-26,0.0,0.0,0.0,0.0,2.0,0.0,1,,1,0,5
D0129,C0355,U003,26643.22,Proposal Sent,open,,,False,,"Cain, Contreras And Jackson",Wayne Harris,wayne.harris@hotmail.com,583-344-0496,valid,Angie Henderson,angie.hendersongmail.com,manager,malformed,2,2026-03-24,0.0,0.0,2.0,0.0,0.0,0.0,1,,0,0,5
D0130,C0354,U003,44217.33,Closed Won,open,2026-06-01,,False,,Murray Group,Stephanie Adams,stephanie.adams@hotmail.com,790.956.9659x1713,valid,Angie Henderson,angie.hendersongmail.com,manager,malformed,4,,2.0,1.0,0.0,0.0,0.0,1.0,2,2026-06-27,1,0,10
D0131,C0307,U004,82755.5,Proposal Sent,closed,2026-05-10,,False,,Johnson Inc,Kristopher Shannon,kristopher.shannon@gmail.com,+1-611-919-2692x124,valid,Daniel Wagner,daniel.wagner@yahoo.com,admin,valid,4,2026-06-01,1.0,3.0,0.0,0.0,0.0,0.0,2,2026-09-04,1,1,10
D0132,C0250,U004,1728.62,Closed Lost,lost,,,False,,"Wilson, Mccormick And Smith",Richard Alvarez,richard.alvarez@hotmail.com,(251)232-7195,valid,Daniel Wagner,daniel.wagner@yahoo.com,admin,valid,1,2026-11-01,1.0,0.0,0.0,0.0,0.0,0.0,0,,0,0,2
D0133,C0046,U013,61917.56,Closed Lost,open,2025-11-08,,False,,"Higgins, Malone And Brennan",Barry Welch,barry.welch@yahoo.com,216.711.7240,valid,Lisa Hensley,lisa.hensley@yahoo.com,rep,valid,2,,1.0,1.0,0.0,0.0,0.0,0.0,4,2026-02-01,3,1,8
D0134,C0149,U005,69400.4,Closed Lost,open,,,False,,Herrera Group,Pamela Santos,pamela.santos@hotmail.com,946-230-3161,valid,Cristian Santos,cristian.santos@gmail.com,unknown,valid,1,,0.0,1.0,0.0,0.0,0.0,0.0,1,,0,1,3
D0135,C0215,U012,72579.03,Prospecting,open,,,False,,Taylor-Quinn,Julie Howard,julie.howard@yahoo.com,281.229.1428x3411,valid,Jamie Arnold,jamie.arnold@hotmail.com,rep,valid,1,,0.0,1.0,0.0,0.0,0.0,0.0,1,,1,0,3
D0136,C0327,U003,,Negotiation,lost,,,False,,"Wilson, Mendoza And Crosby",Tina Clark,tina.clark@hotmail.com,001-335-954-8640x15577,valid,Angie Henderson,angie.hendersongmail.com,manager,malformed,2,,1.0,0.0,0.0,0.0,1.0,0.0,1,2026-07-13,1,0,5
D0137,C0057,U007,71281.65,Closed Won,,2026-01-07,,False,,Harmon Plc,Arthur West,arthur.west@yahoo.com,891.878.3908x47007,valid,Abigail Shaffer,abigail.shaffer@gmail.com,rep,valid,2,,0.0,0.0,1.0,0.0,1.0,0.0,2,,0,1,6
D0138,C0056,U003,10160.04,Prospecting,open,,,False,,Huerta Plc,Christopher Guerrero,christopher.guerrero@COMPANY.COM,6202539502,placeholder,Angie Henderson,angie.hendersongmail.com,manager,malformed,2,2026-04-05,0.0,1.0,1.0,0.0,0.0,0.0,1,2026-04-01,0,1,5
D0139,C0090,U010,3906.16,Closed Won,lost,2026-02-22,,False,,"David, Moore And Hopkins",Lisa Kirby,lisa.kirby@hotmail.com,,valid,Ryan Munoz,ryan.munoz@yahoo.com,rep,valid,1,2025-11-12,0.0,0.0,0.0,1.0,0.0,0.0,0,,0,0,2
D0140,C0056,U007,23344.67,Closed Lost,open,,2026-06-17,False,,Huerta Plc,Christopher Guerrero,christopher.guerrero@COMPANY.COM,6202539502,placeholder,Abigail Shaffer,abigail.shaffer@gmail.com,rep,valid,2,,0.0,1.0,0.0,0.0,0.0,1.0,0,,0,0,4
D0141,C0366,U010,45179.12,Proposal Sent,lost,2026-06-20,,False,,White-Walter,Stacey Walker,stacey.walker@gmail.com,+1-893-817-3420,valid,Ryan Munoz,ryan.munoz@yahoo.com,rep,valid,3,,0.0,0.0,1.0,2.0,0.0,0.0,0,,0,0,6
D0142,C0074,U014,2472.35,,open,,,False,,Martin Ltd,Rhonda Martin,rhonda.martin@yahoo.com,5656379473,valid,Michele Williams,michele.williams@gmail.com,rep,valid,3,,0.0,1.0,0.0,0.0,0.0,2.0,1,,0,1,7
D0143,C0438,U003,28272.92,Prospecting,,,,False,,"Nelson, Alexander And Thompson",Stephanie Patel,stephanie.patel@yahoo.com,001-508-516-4709x006,valid,Angie Henderson,angie.hendersongmail.com,manager,malformed,2,,1.0,0.0,0.0,1.0,0.0,0.0,2,2025-11-13,1,0,6
D0144,C0325,U007,39834.4,Closed Won,won,,,False,,Ford-Taylor,Cathy Savage,cathy.savage@hotmail.com,,valid,Abigail Shaffer,abigail.shaffer@gmail.com,rep,valid,3,2026-05-18,0.0,1.0,0.0,1.0,1.0,0.0,0,,0,0,6
D0145,C0250,U012,35187.21,Prospecting,open,2025-12-12,,False,,"Wilson, Mccormick And Smith",Richard Alvarez,richard.alvarez@hotmail.com,(251)232-7195,valid,Jamie Arnold,jamie.arnold@hotmail.com,rep,valid,3,2025-11-01,0.0,1.0,0.0,1.0,1.0,0.0,2,2026-03-03,0,1,8
D0146,C0312,U011,48454.77,Negotiation,closed,,,False,,"Price, Rodriguez And Barker",Dr. Jeffrey Lopez,dr.jeffrey.lopez@gmail.com,909.937.6184,valid,Monica Herrera,monica.herreragmail.com,rep,malformed,4,2026-03-19,2.0,0.0,1.0,0.0,0.0,1.0,0,,0,0,8
D0147,C0027,U014,29219.71,Proposal Sent,,,,False,,Green Llc,Gabriel Juarez,gabriel.juarez@yahoo.com,264-517-0805x310,valid,Michele Williams,michele.williams@gmail.com,rep,valid,4,,2.0,0.0,2.0,0.0,0.0,0.0,0,,0,0,8
D0148,C0057,U002,30003.32,Proposal Sent,open,,,False,,Harmon Plc,Arthur West,arthur.west@yahoo.com,891.878.3908x47007,valid,Noah Rhodes,noah.rhodes@gmail.com,manager,valid,3,2026-11-05,0.0,1.0,0.0,1.0,0.0,1.0,2,2025-12-05,0,1,8
D0149,C0189,U012,76389.24,Prospecting,open,,,False,,Richardson Ltd,Jaime Bowman,jaime.bowman@hotmail.com,+1-609-901-0016x761,valid,Jamie Arnold,jamie.arnold@hotmail.com,rep,valid,1,,0.0,0.0,1.0,0.0,0.0,0.0,1,,1,0,3
D0150,C0308,U004,79173.06,Proposal Sent,open,2025-11-07,,False,,"Mayer, Fowler And Livingston",Jeffery Berger,jeffery.berger@yahoo.com,921-340-6650x442,valid,Daniel Wagner,daniel.wagner@yahoo.com,admin,valid,1,,0.0,0.0,0.0,1.0,0.0,0.0,0,,0,0,2
D0151,C0054,U013,78873.32,Closed Won,open,,,False,,"Garcia, Burns And Russell",Amanda Wood,amanda.wood@yahoo.com,,valid,Lisa Hensley,lisa.hensley@yahoo.com,rep,valid,4,,0.0,0.0,0.0,1.0,2.0,1.0,1,2025-11-24,1,0,9
D0152,C0297,U009,1862.19,Qualified,,,,False,,Callahan Inc,Michael Long,,866-466-8327x23865,missing,Gabrielle Davis,gabrielle.davis@yahoo.com,rep,valid,4,2026-07-19,0.0,0.0,1.0,2.0,0.0,1.0,0,,0,0,8
D0153,C0243,U009,62496.3,Qualified,open,,,False,,"Ryan, Garza And Bryant",Sherry Graham,sherry.graham@hotmail.com,+1-484-657-8317x4564,valid,Gabrielle Davis,gabrielle.davis@yahoo.com,rep,valid,2,2026-07-05,0.0,1.0,0.0,0.0,1.0,0.0,2,2026-03-01,2,0,6
D0154,C0162,U009,77978.51,Closed Won,lost,,,False,,White-Flores,Steven Osborne,steven.osborne@gmail.com,,valid,Gabrielle Davis,gabrielle.davis@yahoo.com,rep,valid,2,2026-10-01,1.0,0.0,1.0,0.0,0.0,0.0,5,2026-02-03,1,1,9
D0155,C0407,U003,59951.19,Qualified,lost,,2026-07-13,False,,Stevens Plc,Thomas Anderson,thomas.anderson@gmail.com,+1-270-902-6876x811,valid,Angie Henderson,angie.hendersongmail.com,manager,malformed,2,,0.0,0.0,2.0,0.0,0.0,0.0,3,,0,2,7
D0156,C0319,U004,61151.11,Proposal Sent,won,2026-04-11,,False,,Moore Inc,Jackson Clark,jackson.clark@yahoo.com,597-901-0822x07811,valid,Daniel Wagner,daniel.wagner@yahoo.com,admin,valid,1,2025-09-12,1.0,0.0,0.0,0.0,0.0,0.0,1,,0,0,3
D0157,C0253,U009,65024.71,Negotiation,open,,,False,,Parsons Plc,Cody Smith,cody.smith@COMPANY.COM,(693)751-8638x782,placeholder,Gabrielle Davis,gabrielle.davis@yahoo.com,rep,valid,1,,0.0,0.0,1.0,0.0,0.0,0.0,1,2026-06-16,0,0,3
D0158,C0450,U014,68993.45,,won,,,False,,Johnson-Li,Megan Terry,megan.terry@hotmail.com,(449)272-4399,valid,Michele Williams,michele.williams@gmail.com,rep,valid,2,,0.0,1.0,0.0,0.0,1.0,0.0,4,2026-01-04,1,3,8
D0159,C0100,U005,22421.84,Qualified,won,,2026-07-10,False,,Castro-Michael,Donna Berry,donna.berry@hotmail.com,(565)624-0415x7473,valid,Cristian Santos,cristian.santos@gmail.com,unknown,valid,1,,0.0,1.0,0.0,0.0,0.0,0.0,0,,0,0,2
D0160,C0016,U006,73980.95,Closed Lost,open,,2026-09-02,False,,"Garcia, Deleon And Henson",Marc Moore,marc.moore@gmail.com,(426)302-5634,valid,Connie Lawrence,connie.lawrence@gmail.com,rep,valid,2,,0.0,1.0,1.0,0.0,0.0,0.0,1,2026-02-07,1,0,5
D0161,C0397,U013,78861.48,Negotiation,open,,,False,,Turner-Tucker,Brenda Lawrence,brenda.lawrence@gmail.com,643-927-0185x1067,valid,Lisa Hensley,lisa.hensley@yahoo.com,rep,valid,1,2026-12-02,0.0,0.0,1.0,0.0,0.0,0.0,2,,0,2,4
D0162,C0027,U001,74048.97,Proposal Sent,won,2026-02-28,,False,,Green Llc,Gabriel Juarez,gabriel.juarez@yahoo.com,264-517-0805x310,valid,Allison Hill,allison.hillgmail.com,manager,malformed,0,,,,,,,,1,2026-01-04,1,0,1
D0163,C0382,U010,26064.0,,won,2026-05-13,2026-06-09,False,27.0,Martin And Sons,,jill.washington@gmail.com,893.934.9605x016,valid,Ryan Munoz,ryan.munoz@yahoo.com,rep,valid,4,2025-05-12,2.0,1.0,0.0,0.0,0.0,1.0,0,,0,0,8
D0164,C0060,U007,47975.98,Prospecting,lost,,,False,,Reynolds Ltd,Robin Hawkins,robin.hawkins@COMPANY.COM,001-688-651-6560,placeholder,Abigail Shaffer,abigail.shaffer@gmail.com,rep,valid,2,,0.0,2.0,0.0,0.0,0.0,0.0,1,,1,0,5
D0165,C0234,U012,14334.23,Qualified,open,,,False,,"Kelly, Maxwell And Wilson",Tyler Vasquez,tyler.vasquez@gmail.com,001-880-575-9579x47284,valid,Jamie Arnold,jamie.arnold@hotmail.com,rep,valid,3,,1.0,1.0,1.0,0.0,0.0,0.0,0,,0,0,6
D0166,C0311,U014,67457.33,Negotiation,,,,False,,"Nichols, Frey And Cook",Anthony Shea,anthony.sheagmail.com,,malformed,Michele Williams,michele.williams@gmail.com,rep,valid,4,,0.0,1.0,2.0,0.0,1.0,0.0,2,2026-07-02,1,1,10
D0167,C0265,U004,7192.74,Qualified,closed,,,False,,Smith-Benson,Jerry Johnson,jerry.johnson@gmail.com,,valid,Daniel Wagner,daniel.wagner@yahoo.com,admin,valid,5,,2.0,1.0,1.0,1.0,0.0,0.0,0,,0,0,10
D0168,C0176,U004,31627.0,Proposal Sent,lost,,2025-12-31,False,,Jackson Group,Lee Steele,lee.steele@gmail.com,(353)507-4505x4447,valid,Daniel Wagner,daniel.wagner@yahoo.com,admin,valid,2,2025-12-02,0.0,1.0,0.0,0.0,1.0,0.0,0,,0,0,4
D0169,C0415,U013,57356.36,Prospecting,open,,,False,,"Williams, Horn And Morales",Jennifer Hancock,jennifer.hancock@hotmail.com,+1-707-567-6991x507,valid,Lisa Hensley,lisa.hensley@yahoo.com,rep,valid,3,2026-03-06,0.0,0.0,0.0,2.0,0.0,1.0,1,,0,0,7
D0170,C0122,U001,33720.64,Negotiation,lost,,,False,,"Elliott, Johnson And Mcfarland",Tyrone Matthews,tyrone.matthews@COMPANY.COM,001-761-242-9396x85621,placeholder,Allison Hill,allison.hillgmail.com,manager,malformed,1,,0.0,0.0,1.0,0.0,0.0,0.0,1,,1,0,3
D0171,C0259,U013,,Closed Lost,,,,False,,Foley Inc,Terri Short,terri.short@hotmail.com,589.592.1075x22459,valid,Lisa Hensley,lisa.hensley@yahoo.com,rep,valid,2,2025-03-12,0.0,0.0,2.0,0.0,0.0,0.0,0,,0,0,4
D0172,C0048,U003,2112.1,,closed,2026-04-25,,False,,Little-Stevens,Stephanie Marshall,stephanie.marshall@yahoo.com,+1-982-317-5946x47436,valid,Angie Henderson,angie.hendersongmail.com,manager,malformed,2,2026-10-06,1.0,1.0,0.0,0.0,0.0,0.0,1,,0,1,5
D0173,C0214,U014,70700.51,Prospecting,won,2026-08-04,,False,,Mitchell Inc,Emily Hayes,emily.hayes@hotmail.com,+1-849-629-9556x20533,valid,Michele Williams,michele.williams@gmail.com,rep,valid,4,,3.0,0.0,0.0,1.0,0.0,0.0,0,,0,0,8
D0174,C0378,U011,39845.31,Qualified,open,2026-05-10,,False,,"Jones, Williams And Rodriguez",Brandon Guerrero,brandon.guerrero@hotmail.com,254-391-8017x226,valid,Monica Herrera,monica.herreragmail.com,rep,malformed,4,2026-10-07,1.0,1.0,1.0,1.0,0.0,0.0,0,,0,0,8
D0175,C0126,U009,35537.34,Prospecting,won,,,False,,Taylor Llc,Charles Jackson,,,missing,Gabrielle Davis,gabrielle.davis@yahoo.com,rep,valid,4,2026-05-07,0.0,1.0,1.0,1.0,1.0,0.0,1,2025-11-04,1,0,9
D0176,C0340,U002,55058.8,,open,,,False,,"Marsh, Nelson And Wolfe",Joseph Bell,joseph.bell@gmail.com,3285457652,valid,Noah Rhodes,noah.rhodes@gmail.com,manager,valid,0,,,,,,,,0,,0,0,0
D0177,C0428,U002,25701.36,Closed Won,closed,,,False,,"Hunt, Juarez And Hernandez",Darrell Curry,darrell.currygmail.com,538.998.7751x5366,malformed,Noah Rhodes,noah.rhodes@gmail.com,manager,valid,4,2026-03-04,1.0,0.0,1.0,1.0,1.0,0.0,1,,0,1,9
D0178,C0193,U007,14553.0,Prospecting,,,,False,,"Holland, Murphy And Kline",Debra Quinn,,(352)416-6746x762,missing,Abigail Shaffer,abigail.shaffer@gmail.com,rep,valid,2,2026-03-06,1.0,0.0,1.0,0.0,0.0,0.0,2,2026-07-13,0,2,6
D0179,C0320,U003,47719.27,Negotiation,lost,2026-01-10,,False,,"Riley, Barnes And Burgess",Crystal Rodriguez,crystal.rodriguez@gmail.com,936-236-3179,valid,Angie Henderson,angie.hendersongmail.com,manager,malformed,2,2026-06-02,2.0,0.0,0.0,0.0,0.0,0.0,0,,0,0,4
D0180,C0271,U009,63982.76,Prospecting,won,,2025-12-26,False,,Maxwell Inc,Alexander Odom,alexander.odomgmail.com,+1-949-499-3933x051,malformed,Gabrielle Davis,gabrielle.davis@yahoo.com,rep,valid,2,,0.0,0.0,1.0,1.0,0.0,0.0,1,,1,0,5
D0181,C0071,U003,71201.0,Qualified,won,,2026-04-13,False,,Hardin-Hughes,Meghan Williams,meghan.williams@hotmail.com,+1-451-751-8644x9251,valid,Angie Henderson,angie.hendersongmail.com,manager,malformed,1,,0.0,1.0,0.0,0.0,0.0,0.0,0,,0,0,2
D0182,C0232,U011,25769.5,,open,,,False,,"Webb, Sanchez And Morgan",Melanie Mosley,melanie.mosley@gmail.com,614.516.3356x5880,valid,Monica Herrera,monica.herreragmail.com,rep,malformed,2,2026-06-18,0.0,1.0,1.0,0.0,0.0,0.0,1,2026-03-02,1,0,5
D0183,C0167,U006,25308.95,Qualified,won,,2025-12-31,False,,"Miller, Reed And Flores",Tracey Underwood,tracey.underwood@hotmail.com,+1-857-904-3315x4100,valid,Connie Lawrence,connie.lawrence@gmail.com,rep,valid,2,2026-04-13,0.0,0.0,0.0,1.0,0.0,1.0,2,2025-10-12,1,1,6
D0184,C0333,U005,81548.0,Qualified,lost,2026-06-17,,False,,Cordova Plc,Erin Thornton,erin.thornton@yahoo.com,292-897-5170x2814,valid,Cristian Santos,cristian.santos@gmail.com,unknown,valid,1,,0.0,1.0,0.0,0.0,0.0,0.0,1,2026-03-29,0,0,3
D0185,C0139,U014,62703.23,Closed Won,open,,,False,,Gonzales Inc,Cynthia Cochran,cynthia.cochran@hotmail.com,001-659-462-9233x095,valid,Michele Williams,michele.williams@gmail.com,rep,valid,4,,1.0,0.0,1.0,1.0,1.0,0.0,2,,1,1,10
D0186,C0278,U002,71789.72,Qualified,open,,,False,,Dean Llc,Jonathan Jimenez,jonathan.jimenez@gmail.com,+1-273-539-7767x199,valid,Noah Rhodes,noah.rhodes@gmail.com,manager,valid,1,,1.0,0.0,0.0,0.0,0.0,0.0,0,,0,0,2
D0187,C0371,U011,75990.78,Prospecting,open,,,False,,Austin-Juarez,Erik Stafford,,472-987-0320x32074,missing,Monica Herrera,monica.herreragmail.com,rep,malformed,4,2026-06-09,2.0,0.0,1.0,0.0,0.0,1.0,1,2025-11-12,0,1,9
D0188,C0389,U010,47558.1,Proposal Sent,open,2026-01-02,,False,,Wagner-Miller,Paul Ward,paul.ward@hotmail.com,928.763.2666,valid,Ryan Munoz,ryan.munoz@yahoo.com,rep,valid,3,,0.0,0.0,0.0,2.0,1.0,0.0,2,2026-06-05,0,1,8
D0189,C0074,U006,,Closed Won,won,,,False,,Martin Ltd,Rhonda Martin,rhonda.martin@yahoo.com,5656379473,valid,Connie Lawrence,connie.lawrence@gmail.com,rep,valid,2,,0.0,1.0,0.0,1.0,0.0,0.0,1,2025-12-12,0,0,5
D0190,C0253,U001,64726.71,Proposal Sent,open,,,False,,Parsons Plc,Cody Smith,cody.smith@COMPANY.COM,(693)751-8638x782,placeholder,Allison Hill,allison.hillgmail.com,manager,malformed,5,2026-12-06,1.0,1.0,1.0,0.0,2.0,0.0,1,,1,0,11
D0191,C0333,U014,79921.13,Qualified,,2026-03-24,,False,,Cordova Plc,Erin Thornton,erin.thornton@yahoo.com,292-897-5170x2814,valid,Michele Williams,michele.williams@gmail.com,rep,valid,2,,2.0,0.0,0.0,0.0,0.0,0.0,2,2026-07-11,1,1,6
D0192,C0187,U004,77295.13,Prospecting,won,,,False,,"Gonzalez, Watson And Smith",Roy Lee,roy.lee@hotmail.com,6334542168,valid,Daniel Wagner,daniel.wagner@yahoo.com,admin,valid,2,2026-08-06,0.0,0.0,1.0,1.0,0.0,0.0,1,2025-11-12,1,0,5
D0193,C0328,U006,,Prospecting,closed,,,False,,"Patel, Bryan And Lam",Jacob Nunez,jacob.nunez@hotmail.com,337-411-6241,valid,Connie Lawrence,connie.lawrence@gmail.com,rep,valid,2,2026-07-07,0.0,1.0,1.0,0.0,0.0,0.0,2,2026-06-01,1,1,6
D0194,C0087,U007,56053.6,Closed Won,lost,2026-11-02,,False,,Tyler Inc,Kenneth Mcdonald,kenneth.mcdonald@hotmail.com,(891)314-6786,valid,Abigail Shaffer,abigail.shaffer@gmail.com,rep,valid,2,2026-10-03,0.0,0.0,1.0,1.0,0.0,0.0,2,2026-05-25,2,0,6
D0195,C0260,U007,67686.9,Closed Won,lost,,,False,,Shepherd-Davis,Thomas Navarro,thomas.navarro@hotmail.com,772-879-1940x96105,valid,Abigail Shaffer,abigail.shaffer@gmail.com,rep,valid,2,2026-03-03,0.0,1.0,0.0,0.0,0.0,1.0,1,,0,1,5
D0196,C0082,U004,55230.0,Prospecting,closed,,,False,,Kim-Ross,Tyler Morgan,tyler.morgan@gmail.com,775.384.1616x9284,valid,Daniel Wagner,daniel.wagner@yahoo.com,admin,valid,2,,0.0,1.0,0.0,0.0,1.0,0.0,1,,0,1,5
D0197,C0413,U002,61641.35,Proposal Sent,lost,2026-06-15,,False,,Reynolds-Johnson,Taylor Pittman,taylor.pittman@gmail.com,973-350-5831,valid,Noah Rhodes,noah.rhodes@gmail.com,manager,valid,2,,1.0,0.0,0.0,0.0,1.0,0.0,1,2026-03-07,1,0,5
D0198,C0011,U004,49386.0,Prospecting,open,2025-12-01,,False,,Yu Inc,Andrea Jones,andrea.jones@gmail.com,(719)639-9091x6998,valid,Daniel Wagner,daniel.wagner@yahoo.com,admin,valid,3,2026-07-05,0.0,1.0,1.0,0.0,1.0,0.0,3,2026-07-21,2,1,9
D0199,C0073,U001,44639.5,Qualified,won,2026-04-11,2026-07-05,False,85.0,White-Lewis,Katelyn Perez,katelyn.perez@gmail.com,,valid,Allison Hill,allison.hillgmail.com,manager,malformed,2,2026-06-28,0.0,0.0,0.0,2.0,0.0,0.0,2,,1,1,6
D0200,C0043,U004,15742.33,Closed Lost,,,,False,,"Thomas, Lee And Greene",Breanna Jones,breanna.jones@yahoo.com,,valid,Daniel Wagner,daniel.wagner@yahoo.com,admin,valid,1,,0.0,0.0,1.0,0.0,0.0,0.0,1,2026-02-12,0,1,3
D0201,C0315,U011,61969.6,Closed Lost,won,,,False,,Rogers-Huff,Jennifer Martinez,jennifer.martinez@hotmail.com,001-382-353-0925,valid,Monica Herrera,monica.herreragmail.com,rep,malformed,0,,,,,,,,3,2026-06-16,2,1,3
D0202,C0191,U007,2882.98,Qualified,open,2025-02-11,,False,,Decker-Dudley,Jason Martin,jason.martin@hotmail.com,337.353.0011x9721,valid,Abigail Shaffer,abigail.shaffer@gmail.com,rep,valid,1,2025-10-12,0.0,0.0,0.0,0.0,0.0,1.0,1,,0,0,3
D0203,C0306,U002,76784.29,Qualified,,,,False,,"Rogers, Vaughn And White",Megan Decker,megan.decker@COMPANY.COM,6615817534,placeholder,Noah Rhodes,noah.rhodes@gmail.com,manager,valid,1,,0.0,0.0,1.0,0.0,0.0,0.0,1,,1,0,3
D0204,C0059,U002,46530.38,Closed Lost,open,,2026-06-04,False,,"Wilson, Pena And Rich",Sharon Jordan,sharon.jordan@gmail.com,(357)366-1565x45271,valid,Noah Rhodes,noah.rhodes@gmail.com,manager,valid,2,,0.0,1.0,0.0,0.0,0.0,1.0,0,,0,0,4
D0205,C0440,U001,79858.21,Closed Lost,lost,,2026-06-19,False,,Hart-Lopez,Joshua Mcmillan,joshua.mcmillan@gmail.com,231.855.2065,valid,Allison Hill,allison.hillgmail.com,manager,malformed,3,,0.0,0.0,2.0,1.0,0.0,0.0,1,2026-02-03,0,1,7
D0206,C0049,U007,65449.22,Qualified,won,,,False,,James Llc,,,+1-664-409-0974x39533,missing,Abigail Shaffer,abigail.shaffer@gmail.com,rep,valid,0,,,,,,,,0,,0,0,0
D0207,C0129,U004,49761.93,Prospecting,open,,,False,,Chambers-Taylor,David Moore,david.moore@yahoo.com,(317)397-9688x6805,valid,Daniel Wagner,daniel.wagner@yahoo.com,admin,valid,1,,1.0,0.0,0.0,0.0,0.0,0.0,0,,0,0,2
D0208,C0348,U013,10399.7,Negotiation,lost,,,False,,Cox And Sons,Kurt Ewing,kurt.ewing@gmail.com,967.849.9465,valid,Lisa Hensley,lisa.hensley@yahoo.com,rep,valid,4,2026-01-07,0.0,0.0,0.0,4.0,0.0,0.0,1,,0,1,9
D0209,C0285,U006,36004.55,Proposal Sent,lost,,,False,,Ray Llc,Stacy Gomez,stacy.gomez@gmail.com,605-768-2996x291,valid,Connie Lawrence,connie.lawrence@gmail.com,rep,valid,4,2026-03-11,0.0,1.0,1.0,1.0,0.0,1.0,2,2026-03-24,0,2,10
D0210,C0127,U005,72892.41,Closed Won,lost,2026-08-01,,False,,Torres Group,Manuel Brock,manuel.brock@yahoo.com,856.792.4593x752,valid,Cristian Santos,cristian.santos@gmail.com,unknown,valid,4,2026-07-05,1.0,1.0,0.0,1.0,0.0,1.0,1,,1,0,9
D0211,C0050,U004,68371.29,Closed Lost,lost,2026-05-01,,False,,"Davis, Burton And Williams",Amanda Diaz,amanda.diaz@gmail.com,645-462-3285,valid,Daniel Wagner,daniel.wagner@yahoo.com,admin,valid,2,,0.0,1.0,0.0,0.0,0.0,1.0,0,,0,0,4
D0212,C0406,U002,78809.46,Qualified,,,,False,,Foster Inc,Molly Lutz,molly.lutz@yahoo.com,798.755.4743,valid,Noah Rhodes,noah.rhodes@gmail.com,manager,valid,0,,,,,,,,1,,0,0,1
D0213,C0040,U010,52766.13,Prospecting,lost,,,False,,Cook-Santiago,Erin Steele,erin.steele@yahoo.com,+1-968-807-1545x16808,valid,Ryan Munoz,ryan.munoz@yahoo.com,rep,valid,0,,,,,,,,0,,0,0,0
D0214,C0392,U014,38154.0,Qualified,,,,False,,"Higgins, Hobbs And Meyer",Cindy Hunt,cindy.hunt@yahoo.com,752.600.8943x46810,valid,Michele Williams,michele.williams@gmail.com,rep,valid,0,,,,,,,,0,,0,0,0
D0215,C0017,U013,59820.55,Closed Lost,closed,,,False,,Brennan-Garrison,Robert Stevens,robert.stevens@yahoo.com,730.836.5414,valid,Lisa Hensley,lisa.hensley@yahoo.com,rep,valid,2,,0.0,1.0,1.0,0.0,0.0,0.0,2,,1,0,6
D0216,C0001,U003,30986.16,Prospecting,won,,,False,,Kelly-Santiago,Melinda Jones,melinda.jones@hotmail.com,(783)227-6483,valid,Angie Henderson,angie.hendersongmail.com,manager,malformed,2,2026-05-06,1.0,0.0,0.0,0.0,1.0,0.0,2,2026-07-03,1,0,6
D0217,C0356,U002,25255.23,Prospecting,closed,,,False,,"Richard, Davis And Rogers",Robert Alvarez,robert.alvarez@gmail.com,(914)484-6853x664,valid,Noah Rhodes,noah.rhodes@gmail.com,manager,valid,1,2025-02-12,0.0,0.0,1.0,0.0,0.0,0.0,1,,0,0,3
D0218,C0412,U005,79131.11,Proposal Sent,won,2026-06-01,2026-03-08,True,,Myers Llc,,kenneth.johnson@hotmail.com,361.233.2541,valid,Cristian Santos,cristian.santos@gmail.com,unknown,valid,0,,,,,,,,1,2026-04-30,0,0,1
D0219,C0037,U009,68545.68,Negotiation,lost,,,False,,Norris-Harrison,Dwayne Campbell,dwayne.campbell@yahoo.com,434-693-6183,valid,Gabrielle Davis,gabrielle.davis@yahoo.com,rep,valid,1,2026-01-01,1.0,0.0,0.0,0.0,0.0,0.0,0,,0,0,2
D0220,C0191,U010,81763.43,Closed Lost,won,,,False,,Decker-Dudley,Jason Martin,jason.martin@hotmail.com,337.353.0011x9721,valid,Ryan Munoz,ryan.munoz@yahoo.com,rep,valid,6,2026-11-05,3.0,2.0,1.0,0.0,0.0,0.0,0,,0,0,12
D0221,C0058,U005,67353.0,Prospecting,lost,,,False,,"Rodriguez, Joseph And Wallace",,erica.hernandez@gmail.com,899-385-6984x789,valid,Cristian Santos,cristian.santos@gmail.com,unknown,valid,3,,0.0,2.0,1.0,0.0,0.0,0.0,2,,1,1,8
D0222,C0260,U009,25488.68,Prospecting,won,,,False,,Shepherd-Davis,Thomas Navarro,thomas.navarro@hotmail.com,772-879-1940x96105,valid,Gabrielle Davis,gabrielle.davis@yahoo.com,rep,valid,2,,0.0,1.0,0.0,1.0,0.0,0.0,3,2026-04-28,0,1,7
D0223,C0089,U008,,Negotiation,lost,2026-01-10,,False,,Martin Ltd,Travis Stone,travis.stone@yahoo.com,343-484-2498,valid,Gina Moore,gina.moore@yahoo.com,rep,valid,5,2025-09-12,1.0,1.0,0.0,2.0,1.0,0.0,1,2026-03-24,0,1,11
D0224,C0118,U012,20638.83,Proposal Sent,won,,,False,,Landry Ltd,Aaron Taylor,aaron.taylor@COMPANY.COM,+1-931-220-3875x0997,placeholder,Jamie Arnold,jamie.arnold@hotmail.com,rep,valid,2,2026-03-07,0.0,2.0,0.0,0.0,0.0,0.0,1,,0,0,5
D0225,C0060,U002,81492.42,Closed Lost,open,,2026-01-25,False,,Reynolds Ltd,Robin Hawkins,robin.hawkins@COMPANY.COM,001-688-651-6560,placeholder,Noah Rhodes,noah.rhodes@gmail.com,manager,valid,3,2026-05-24,1.0,1.0,0.0,0.0,1.0,0.0,2,2026-06-03,0,1,8
D0226,C0437,U005,24902.0,Closed Lost,open,2026-05-16,,False,,Kelley And Sons,Jessica Ruiz,,322-209-1241x862,missing,Cristian Santos,cristian.santos@gmail.com,unknown,valid,2,,1.0,1.0,0.0,0.0,0.0,0.0,2,2025-11-22,1,1,6
D0227,C0240,U009,30498.63,Prospecting,closed,2025-07-12,,False,,Cooper Llc,Eddie Adams,eddie.adams@hotmail.com,(647)359-8762x2023,valid,Gabrielle Davis,gabrielle.davis@yahoo.com,rep,valid,0,,,,,,,,0,,0,0,0
D0228,C0353,U009,2487.0,Closed Lost,lost,,,False,,Davis-Reed,Gregory Stanley,gregory.stanley@gmail.com,249.711.4152,valid,Gabrielle Davis,gabrielle.davis@yahoo.com,rep,valid,1,,0.0,0.0,0.0,0.0,0.0,1.0,1,,0,1,3
D0229,C0093,U009,40857.34,Proposal Sent,won,,,False,,Peck-Griffith,Christopher Ferrell,christopher.ferrellgmail.com,774.270.1687x339,malformed,Gabrielle Davis,gabrielle.davis@yahoo.com,rep,valid,1,2026-12-03,0.0,1.0,0.0,0.0,0.0,0.0,1,,0,0,3
D0230,C0354,U013,24849.0,Closed Won,lost,,,False,,Murray Group,Stephanie Adams,stephanie.adams@hotmail.com,790.956.9659x1713,valid,Lisa Hensley,lisa.hensley@yahoo.com,rep,valid,2,2026-06-28,2.0,0.0,0.0,0.0,0.0,0.0,2,,1,1,6
D0231,C0365,U005,37590.27,Proposal Sent,closed,2025-12-25,,False,,"Taylor, Morales And Fuller",Bradley Moore,bradley.moore@COMPANY.COM,329.865.7724x29543,placeholder,Cristian Santos,cristian.santos@gmail.com,unknown,valid,1,,0.0,0.0,1.0,0.0,0.0,0.0,0,,0,0,2
D0232,C0005,U003,12728.39,Closed Won,,,,False,,Farmer-Ryan,Kerry Smith,kerry.smith@yahoo.com,401.454.3039x1171,valid,Angie Henderson,angie.hendersongmail.com,manager,malformed,1,,1.0,0.0,0.0,0.0,0.0,0.0,1,2026-01-12,1,0,3
D0233,C0398,U008,73184.92,Negotiation,won,2026-06-13,,False,,Harrington-Alvarez,Lisa Gill,lisa.gill@hotmail.com,+1-777-272-5199x6636,valid,Gina Moore,gina.moore@yahoo.com,rep,valid,2,2026-01-11,0.0,0.0,0.0,0.0,1.0,1.0,0,,0,0,4
D0234,C0411,U005,,Closed Lost,open,,2026-07-07,False,,Davidson-Hahn,Todd Reynolds,todd.reynolds@yahoo.com,918-777-5803x046,valid,Cristian Santos,cristian.santos@gmail.com,unknown,valid,1,,0.0,0.0,1.0,0.0,0.0,0.0,1,2025-11-25,1,0,3
D0235,C0174,U001,30816.06,Closed Won,open,,,False,,Stokes And Sons,Blake Vega,blake.vega@gmail.com,+1-929-245-1168x6854,valid,Allison Hill,allison.hillgmail.com,manager,malformed,4,2026-05-31,2.0,0.0,0.0,0.0,1.0,1.0,1,,1,0,9
D0236,C0328,U009,28645.04,Qualified,won,,,False,,"Patel, Bryan And Lam",Jacob Nunez,jacob.nunez@hotmail.com,337-411-6241,valid,Gabrielle Davis,gabrielle.davis@yahoo.com,rep,valid,3,,0.0,1.0,0.0,1.0,0.0,1.0,2,2026-01-10,1,1,8
D0237,C0310,U005,54988.48,Closed Lost,open,,,False,,Delgado Inc,Mary Adams,mary.adams@hotmail.com,969-308-7766x18306,valid,Cristian Santos,cristian.santos@gmail.com,unknown,valid,2,,0.0,1.0,0.0,1.0,0.0,0.0,0,,0,0,4
D0238,C0040,U003,,Negotiation,won,,,False,,Cook-Santiago,Erin Steele,erin.steele@yahoo.com,+1-968-807-1545x16808,valid,Angie Henderson,angie.hendersongmail.com,manager,malformed,2,2026-01-26,0.0,1.0,0.0,0.0,0.0,1.0,2,2026-05-25,2,0,6
D0239,C0395,U014,36068.0,Closed Won,closed,,2026-09-08,False,,"Hansen, Maxwell And Wiggins",Mallory Barajas,mallory.barajas@hotmail.com,962.928.2772x8813,valid,Michele Williams,michele.williams@gmail.com,rep,valid,1,,0.0,0.0,1.0,0.0,0.0,0.0,0,,0,0,2
D0240,C0376,U012,34653.31,Prospecting,won,2025-09-12,,False,,Wade-Collier,Katherine Mcclure,katherine.mcclure@yahoo.com,,valid,Jamie Arnold,jamie.arnold@hotmail.com,rep,valid,2,,1.0,0.0,0.0,1.0,0.0,0.0,1,2026-05-10,1,0,5
D0241,C0390,U007,10178.02,Closed Lost,open,2025-05-11,,False,,Ramos Inc,Kelly Jones,kelly.jones@yahoo.com,,valid,Abigail Shaffer,abigail.shaffer@gmail.com,rep,valid,3,2026-04-22,0.0,0.0,0.0,3.0,0.0,0.0,1,,0,0,7
D0242,C0124,U012,53811.14,Negotiation,,2026-02-04,,False,,Marquez Inc,James Bowers,james.bowers@gmail.com,001-365-451-1047x5412,valid,Jamie Arnold,jamie.arnold@hotmail.com,rep,valid,1,,0.0,0.0,0.0,0.0,1.0,0.0,0,,0,0,2
D0243,C0180,U014,40510.66,Negotiation,,,,False,,"Clark, Pearson And Palmer",Tracy Fleming,tracy.fleming@yahoo.com,(829)803-4944,valid,Michele Williams,michele.williams@gmail.com,rep,valid,2,,1.0,0.0,0.0,0.0,0.0,1.0,0,,0,0,4
D0244,C0353,U009,54192.47,Qualified,,,,False,,Davis-Reed,Gregory Stanley,gregory.stanley@gmail.com,249.711.4152,valid,Gabrielle Davis,gabrielle.davis@yahoo.com,rep,valid,0,,,,,,,,1,,1,0,1
D0245,C0269,U005,20465.23,Closed Won,,,2026-06-04,False,,Berry Group,Susan Murphy,susan.murphy@COMPANY.COM,+1-423-829-8324,placeholder,Cristian Santos,cristian.santos@gmail.com,unknown,valid,0,,,,,,,,2,2025-12-23,0,2,2
D0246,C0006,U001,30214.39,Closed Lost,open,,,False,,"Alvarez, Pierce And Baker",Jenny Lewis,jenny.lewis@hotmail.com,001-534-565-7871x33150,valid,Allison Hill,allison.hillgmail.com,manager,malformed,2,2026-04-10,0.0,0.0,1.0,0.0,1.0,0.0,1,2026-03-24,0,1,5
D0247,C0382,U008,65450.08,Negotiation,open,2025-11-18,,False,,Martin And Sons,,jill.washington@gmail.com,893.934.9605x016,valid,Gina Moore,gina.moore@yahoo.com,rep,valid,2,2026-07-05,1.0,1.0,0.0,0.0,0.0,0.0,1,,1,0,5
D0248,C0094,U007,22366.33,,lost,,,False,,Campbell Plc,Martha Ruiz,martha.ruiz@hotmail.com,8162245650,valid,Abigail Shaffer,abigail.shaffer@gmail.com,rep,valid,2,,0.0,0.0,2.0,0.0,0.0,0.0,1,,0,1,5
D0249,C0214,U011,65338.95,Proposal Sent,closed,,,False,,Mitchell Inc,Emily Hayes,emily.hayes@hotmail.com,+1-849-629-9556x20533,valid,Monica Herrera,monica.herreragmail.com,rep,malformed,1,,0.0,0.0,0.0,0.0,0.0,1.0,0,,0,0,2
D0250,C0376,U009,72766.0,Proposal Sent,lost,,2026-10-07,False,,Wade-Collier,Katherine Mcclure,katherine.mcclure@yahoo.com,,valid,Gabrielle Davis,gabrielle.davis@yahoo.com,rep,valid,3,2026-11-06,1.0,0.0,0.0,1.0,0.0,1.0,1,2025-12-10,1,0,7
D0251,C0354,U010,3119.52,Closed Lost,won,2026-04-20,2026-03-06,True,,Murray Group,Stephanie Adams,stephanie.adams@hotmail.com,790.956.9659x1713,valid,Ryan Munoz,ryan.munoz@yahoo.com,rep,valid,7,2026-11-02,1.0,0.0,3.0,3.0,0.0,0.0,1,,1,0,15
D0252,C0135,U003,9031.45,Closed Lost,open,,,False,,Bruce-Williamson,Michele Evans,michele.evansgmail.com,+1-891-825-1341x252,malformed,Angie Henderson,angie.hendersongmail.com,manager,malformed,2,2026-07-27,0.0,2.0,0.0,0.0,0.0,0.0,2,2026-07-27,1,1,6
D0253,C0188,U008,71936.12,Prospecting,lost,,,False,,Colon Llc,Joy Meyer,joy.meyer@hotmail.com,262-457-5326x03323,valid,Gina Moore,gina.moore@yahoo.com,rep,valid,5,2025-11-22,2.0,1.0,1.0,0.0,1.0,0.0,0,,0,0,10
D0254,C0274,U008,69740.44,Qualified,won,2026-01-18,,False,,Bryant-Rich,Danielle Medina,danielle.medina@hotmail.com,6866803476,valid,Gina Moore,gina.moore@yahoo.com,rep,valid,2,2026-02-03,0.0,2.0,0.0,0.0,0.0,0.0,0,,0,0,4
D0255,C0124,U012,62899.45,Prospecting,won,2026-05-12,2026-12-07,False,209.0,Marquez Inc,James Bowers,james.bowers@gmail.com,001-365-451-1047x5412,valid,Jamie Arnold,jamie.arnold@hotmail.com,rep,valid,1,2026-07-03,0.0,0.0,1.0,0.0,0.0,0.0,4,2026-06-19,2,1,6
D0256,C0163,U003,,Prospecting,closed,2026-05-30,,False,,Thompson Plc,Oscar Howard,oscar.howard@hotmail.com,6594929378,valid,Angie Henderson,angie.hendersongmail.com,manager,malformed,1,,0.0,0.0,0.0,1.0,0.0,0.0,0,,0,0,2
D0257,C0026,U014,21203.15,Proposal Sent,open,,,False,,Tucker-Price,Rebecca Ramsey,,929.480.6990x162,missing,Michele Williams,michele.williams@gmail.com,rep,valid,1,,0.0,0.0,0.0,0.0,1.0,0.0,1,,1,0,3
D0258,C0295,U002,82397.72,Closed Won,won,,,False,,"Rodriguez, Cervantes And Wise",Johnny Keller,johnny.keller@gmail.com,829.902.2784,valid,Noah Rhodes,noah.rhodes@gmail.com,manager,valid,1,,0.0,0.0,0.0,1.0,0.0,0.0,1,,0,0,3
D0259,C0125,U003,53156.85,Closed Lost,open,2026-01-13,,False,,Cole-Peters,Alexander Gomez,alexander.gomez@gmail.com,+1-495-860-4661x839,valid,Angie Henderson,angie.hendersongmail.com,manager,malformed,4,,1.0,1.0,1.0,1.0,0.0,0.0,1,,1,0,9
D0260,C0326,U003,12007.0,,open,,,False,,"Gilmore, Fitzgerald And Brown",Megan Barron,megan.barron@gmail.com,(757)590-5528x1832,valid,Angie Henderson,angie.hendersongmail.com,manager,malformed,3,2026-07-06,0.0,0.0,1.0,1.0,0.0,1.0,1,2025-12-28,0,1,7
D0261,C0221,U012,59052.37,Proposal Sent,open,2026-03-21,,False,,Clark-Martin,Alison Williams,alison.williams@hotmail.com,001-622-480-9202,valid,Jamie Arnold,jamie.arnold@hotmail.com,rep,valid,3,2026-06-06,0.0,0.0,1.0,1.0,0.0,1.0,2,2026-09-03,0,2,8
D0262,C0221,U009,59703.0,Negotiation,closed,,,False,,Clark-Martin,Alison Williams,alison.williams@hotmail.com,001-622-480-9202,valid,Gabrielle Davis,gabrielle.davis@yahoo.com,rep,valid,3,2026-02-03,0.0,0.0,2.0,0.0,0.0,1.0,3,2026-07-01,2,0,9
D0263,C0235,U005,7251.0,,open,,,False,,"Anderson, Fox And Henderson",Amanda Reed,amanda.reed@hotmail.com,001-727-618-7500x36915,valid,Cristian Santos,cristian.santos@gmail.com,unknown,valid,1,2025-01-12,0.0,1.0,0.0,0.0,0.0,0.0,1,,1,0,3
D0264,C0228,U001,75224.85,Closed Lost,lost,,,False,,Owen-Mendez,Amy Price,amy.pricegmail.com,+1-201-827-9611x4351,malformed,Allison Hill,allison.hillgmail.com,manager,malformed,3,,1.0,2.0,0.0,0.0,0.0,0.0,1,2026-03-09,0,1,7
D0265,C0333,U009,58549.22,Closed Won,won,,2026-01-03,False,,Cordova Plc,Erin Thornton,erin.thornton@yahoo.com,292-897-5170x2814,valid,Gabrielle Davis,gabrielle.davis@yahoo.com,rep,valid,4,2026-05-10,0.0,1.0,1.0,1.0,1.0,0.0,2,2026-06-12,2,0,10
D0266,C0055,U002,5155.4,Closed Lost,open,2026-05-15,,False,,"Lewis, Fowler And Maddox",Gavin Zhang,gavin.zhang@hotmail.com,218.639.3352,valid,Noah Rhodes,noah.rhodes@gmail.com,manager,valid,4,2026-03-07,0.0,0.0,1.0,3.0,0.0,0.0,1,2026-04-17,0,0,9
D0267,C0244,U004,49179.52,Prospecting,open,,,False,,Smith And Sons,John Smith,john.smith@yahoo.com,001-874-806-4930x85368,valid,Daniel Wagner,daniel.wagner@yahoo.com,admin,valid,2,,0.0,0.0,0.0,0.0,1.0,1.0,2,2026-06-20,0,0,6
D0268,C0298,U005,52097.13,Prospecting,lost,2026-04-08,,False,,Bright-Santiago,Benjamin Smith,,001-876-921-2679x6927,missing,Cristian Santos,cristian.santos@gmail.com,unknown,valid,2,2025-12-16,0.0,0.0,1.0,1.0,0.0,0.0,1,,0,0,5
D0269,C0235,U013,63580.37,Prospecting,lost,2026-01-27,2026-11-04,False,281.0,"Anderson, Fox And Henderson",Amanda Reed,amanda.reed@hotmail.com,001-727-618-7500x36915,valid,Lisa Hensley,lisa.hensley@yahoo.com,rep,valid,1,2025-11-11,0.0,0.0,0.0,1.0,0.0,0.0,1,2026-07-29,1,0,3
D0270,C0266,U001,80374.39,Prospecting,won,2026-05-27,,False,,Brown And Sons,Lisa Brown,lisa.brown@hotmail.com,5168451046,valid,Allison Hill,allison.hillgmail.com,manager,malformed,2,,1.0,0.0,0.0,0.0,0.0,1.0,2,2026-04-12,1,1,6
D0271,C0096,U009,48128.36,Proposal Sent,open,,,False,,Williams Ltd,John Bryant,john.bryant@hotmail.com,925.695.2694x95888,valid,Gabrielle Davis,gabrielle.davis@yahoo.com,rep,valid,3,2026-10-05,0.0,2.0,0.0,1.0,0.0,0.0,1,,0,1,7
D0272,C0230,U012,15429.0,Closed Won,open,,,False,,Allen-Smith,Zachary Chan,zachary.chan@yahoo.com,+1-766-693-8011x84895,valid,Jamie Arnold,jamie.arnold@hotmail.com,rep,valid,4,,0.0,0.0,2.0,2.0,0.0,0.0,1,2026-02-04,1,0,9
D0273,C0269,U010,47431.79,Closed Lost,lost,,,False,,Berry Group,Susan Murphy,susan.murphy@COMPANY.COM,+1-423-829-8324,placeholder,Ryan Munoz,ryan.munoz@yahoo.com,rep,valid,3,2026-02-04,2.0,1.0,0.0,0.0,0.0,0.0,0,,0,0,6
D0274,C0416,U012,47059.79,Negotiation,won,,,False,,Garcia Plc,Leslie Randall,leslie.randall@hotmail.com,(584)456-7972,valid,Jamie Arnold,jamie.arnold@hotmail.com,rep,valid,1,2025-11-28,0.0,0.0,0.0,0.0,1.0,0.0,1,,1,0,3
D0275,C0226,U007,83576.87,Prospecting,open,,,False,,"Manning, Smith And Mills",Jaime Harris,jaime.harris@yahoo.com,,valid,Abigail Shaffer,abigail.shaffer@gmail.com,rep,valid,5,2026-12-05,2.0,1.0,0.0,1.0,0.0,1.0,2,2026-03-17,0,1,12
D0276,C0111,U004,65922.18,Negotiation,open,,,False,,"Barnes, Miranda And Stephenson",Daniel Garcia,,5792030673,missing,Daniel Wagner,daniel.wagner@yahoo.com,admin,valid,1,,0.0,0.0,0.0,1.0,0.0,0.0,1,,1,0,3
D0277,C0288,U010,4650.98,Qualified,open,,,False,,Meyer Ltd,Alison Blake,alison.blake@hotmail.com,353.634.4857,valid,Ryan Munoz,ryan.munoz@yahoo.com,rep,valid,3,2026-07-22,1.0,0.0,1.0,0.0,0.0,1.0,1,2026-11-01,0,0,7
D0278,C0125,U004,49135.68,Proposal Sent,won,2025-11-14,,False,,Cole-Peters,Alexander Gomez,alexander.gomez@gmail.com,+1-495-860-4661x839,valid,Daniel Wagner,daniel.wagner@yahoo.com,admin,valid,3,2026-05-22,0.0,1.0,1.0,0.0,1.0,0.0,1,,0,1,7
D0279,C0086,U008,62520.91,Prospecting,won,,,False,,Roach Group,Rita Ponce Dvm,rita.ponce.dvm@hotmail.com,(518)484-4225x831,valid,Gina Moore,gina.moore@yahoo.com,rep,valid,1,,0.0,0.0,1.0,0.0,0.0,0.0,2,,1,1,4
D0280,C0390,U006,79175.55,Closed Won,lost,,,False,,Ramos Inc,Kelly Jones,kelly.jones@yahoo.com,,valid,Connie Lawrence,connie.lawrence@gmail.com,rep,valid,0,,,,,,,,3,2025-12-01,1,2,3
D0281,C0027,U005,28162.93,Closed Lost,open,2026-06-18,,False,,Green Llc,Gabriel Juarez,gabriel.juarez@yahoo.com,264-517-0805x310,valid,Cristian Santos,cristian.santos@gmail.com,unknown,valid,2,,0.0,1.0,0.0,0.0,0.0,1.0,1,,0,1,5
D0282,C0340,U012,49533.78,Closed Won,,,,False,,"Marsh, Nelson And Wolfe",Joseph Bell,joseph.bell@gmail.com,3285457652,valid,Jamie Arnold,jamie.arnold@hotmail.com,rep,valid,4,2026-05-25,1.0,0.0,0.0,3.0,0.0,0.0,0,,0,0,8
D0283,C0042,U008,34832.47,Prospecting,closed,2026-03-05,,False,,Pierce-Tran,Willie Durham,willie.durham@yahoo.com,527-948-4677,valid,Gina Moore,gina.moore@yahoo.com,rep,valid,4,2026-02-25,0.0,2.0,0.0,2.0,0.0,0.0,0,,0,0,8
D0284,C0242,U009,34509.12,Proposal Sent,,,,False,,Wright Llc,Cameron Rose,cameron.rose@gmail.com,9054577848,valid,Gabrielle Davis,gabrielle.davis@yahoo.com,rep,valid,0,,,,,,,,0,,0,0,0
D0285,C0036,U005,78665.53,Closed Won,lost,,,False,,"James, Kerr And Evans",Jessica Carroll,jessica.carroll@gmail.com,+1-213-834-1232x812,valid,Cristian Santos,cristian.santos@gmail.com,unknown,valid,3,2026-06-05,0.0,2.0,0.0,1.0,0.0,0.0,0,,0,0,6
D0286,C0162,U006,83968.94,Prospecting,won,2025-06-12,,False,,White-Flores,Steven Osborne,steven.osborne@gmail.com,,valid,Connie Lawrence,connie.lawrence@gmail.com,rep,valid,5,,1.0,0.0,0.0,1.0,0.0,3.0,0,,0,0,10
D0287,C0022,U014,32714.04,Proposal Sent,won,2026-04-25,,False,,"Atkinson, Jones And Perry",Cheyenne Horton,cheyenne.horton@yahoo.com,(332)901-6328x7083,valid,Michele Williams,michele.williams@gmail.com,rep,valid,2,,1.0,1.0,0.0,0.0,0.0,0.0,0,,0,0,4
D0288,C0313,U003,30163.16,Negotiation,open,,,False,,Johnson Inc,Nathan Sullivan,nathan.sullivan@gmail.com,+1-287-582-9310x2707,valid,Angie Henderson,angie.hendersongmail.com,manager,malformed,1,,0.0,0.0,0.0,1.0,0.0,0.0,1,,0,0,3
D0289,C0105,U012,47126.42,,won,,,False,,Griffin Llc,Elizabeth Sharp,elizabeth.sharp@gmail.com,653-701-7426x841,valid,Jamie Arnold,jamie.arnold@hotmail.com,rep,valid,1,,0.0,1.0,0.0,0.0,0.0,0.0,1,2026-05-02,1,0,3
D0290,C0351,U012,77154.36,Prospecting,lost,2026-02-05,2026-04-23,False,77.0,Ramos-Johnson,,matthew.chan@hotmail.com,(976)924-6719,valid,Jamie Arnold,jamie.arnold@hotmail.com,rep,valid,2,2026-11-02,0.0,1.0,1.0,0.0,0.0,0.0,1,2026-02-15,1,0,5
D0291,C0136,U001,,Closed Lost,open,,,False,,"Taylor, Reyes And Lopez",Melissa Brewer,melissa.brewer@gmail.com,+1-227-742-2579,valid,Allison Hill,allison.hillgmail.com,manager,malformed,2,,1.0,0.0,0.0,1.0,0.0,0.0,1,2026-05-02,0,1,5
D0292,C0147,U014,43963.12,Closed Won,won,,2026-05-15,False,,Lucas-Bowers,Cynthia Cruz,cynthia.cruz@gmail.com,491.980.5526x9658,valid,Michele Williams,michele.williams@gmail.com,rep,valid,0,,,,,,,,0,,0,0,0
D0293,C0045,U003,82227.08,Proposal Sent,closed,2025-12-12,,False,,Garcia-Lozano,Charles Pitts,charles.pitts@gmail.com,874-759-6158,valid,Angie Henderson,angie.hendersongmail.com,manager,malformed,1,,0.0,0.0,0.0,0.0,0.0,1.0,1,,0,1,3
D0294,C0267,U005,34349.0,Negotiation,,,,False,,"Bray, Garcia And Stewart",Kim Lopez,kim.lopez@hotmail.com,780.703.8457x620,valid,Cristian Santos,cristian.santos@gmail.com,unknown,valid,0,,,,,,,,1,2025-12-05,0,1,1
D0295,C0152,U004,53753.66,Closed Lost,won,2026-05-08,,False,,Yang Inc,Scott Sanchez,scott.sanchez@yahoo.com,(662)320-8635x365,valid,Daniel Wagner,daniel.wagner@yahoo.com,admin,valid,5,2026-08-05,2.0,1.0,2.0,0.0,0.0,0.0,2,,1,0,12
D0296,C0113,U003,12961.27,Negotiation,lost,,,False,,"Simpson, Compton And David",Rachel Flores,rachel.flores@yahoo.com,(824)862-8733x42708,valid,Angie Henderson,angie.hendersongmail.com,manager,malformed,2,,1.0,0.0,0.0,0.0,0.0,1.0,1,,0,1,5
D0297,C0211,U004,77462.91,Qualified,lost,2026-04-12,2026-05-24,False,42.0,"Charles, Howard And Shaw",Michael Obrien,michael.obrien@yahoo.com,001-676-760-7283x26842,valid,Daniel Wagner,daniel.wagner@yahoo.com,admin,valid,2,,1.0,1.0,0.0,0.0,0.0,0.0,1,2026-08-06,0,1,5
D0298,C0273,U011,27301.37,Proposal Sent,open,2025-11-22,,False,,Ho Group,Katherine Nguyen,katherine.nguyen@yahoo.com,,valid,Monica Herrera,monica.herreragmail.com,rep,malformed,2,2026-03-04,0.0,0.0,1.0,1.0,0.0,0.0,0,,0,0,4
D0299,C0390,U003,48037.91,Qualified,lost,,,False,,Ramos Inc,Kelly Jones,kelly.jones@yahoo.com,,valid,Angie Henderson,angie.hendersongmail.com,manager,malformed,2,2026-05-07,1.0,0.0,0.0,0.0,1.0,0.0,1,,1,0,5
D0300,C0368,U001,26829.57,Negotiation,lost,,,False,,"Byrd, Barnes And Ortiz",Dylan Green,dylan.green@hotmail.com,835.897.1072x563,valid,Allison Hill,allison.hillgmail.com,manager,malformed,0,,,,,,,,1,2026-07-18,0,0,1
D0301,C0053,U003,65164.36,Qualified,open,,,False,,"Turner, Ortiz And Taylor",Elizabeth Vasquez,elizabeth.vasquez@gmail.com,482.867.5869,valid,Angie Henderson,angie.hendersongmail.com,manager,malformed,3,2025-05-12,0.0,3.0,0.0,0.0,0.0,0.0,1,2026-07-04,0,1,7
D0302,C0301,U004,31498.32,Proposal Sent,open,,,False,,Nichols-Smith,Taylor Berry,taylor.berry@yahoo.com,(254)642-0949x40792,valid,Daniel Wagner,daniel.wagner@yahoo.com,admin,valid,3,,1.0,1.0,0.0,0.0,1.0,0.0,0,,0,0,6
D0303,C0236,U012,42535.71,Closed Won,open,2026-02-16,,False,,Dunn And Sons,Tyler Cooper,tyler.cooper@gmail.com,563.365.5647x2929,valid,Jamie Arnold,jamie.arnold@hotmail.com,rep,valid,2,,0.0,1.0,0.0,1.0,0.0,0.0,1,,0,1,5
D0304,C0136,U007,7022.38,Proposal Sent,won,,2025-02-12,False,,"Taylor, Reyes And Lopez",Melissa Brewer,melissa.brewer@gmail.com,+1-227-742-2579,valid,Abigail Shaffer,abigail.shaffer@gmail.com,rep,valid,0,,,,,,,,3,2026-05-25,1,0,3
D0305,C0436,U008,66313.93,Proposal Sent,lost,,2026-01-21,False,,Clark-Williams,Mark Lowe,mark.lowe@yahoo.com,(956)336-0041x2577,valid,Gina Moore,gina.moore@yahoo.com,rep,valid,1,,1.0,0.0,0.0,0.0,0.0,0.0,0,,0,0,2
D0306,C0300,U009,44974.2,Closed Lost,open,2025-11-30,,False,,"Miller, Cross And Fox",Nicole Ramirez,nicole.ramirez@hotmail.com,689-213-7189,valid,Gabrielle Davis,gabrielle.davis@yahoo.com,rep,valid,2,,0.0,0.0,1.0,1.0,0.0,0.0,0,,0,0,4
D0307,C0123,U009,48068.03,,lost,2026-04-05,,False,,Kim Inc,Randy Friedman,randy.friedman@yahoo.com,001-350-647-7358x66296,valid,Gabrielle Davis,gabrielle.davis@yahoo.com,rep,valid,0,,,,,,,,1,,0,1,1
D0308,C0201,U005,,Negotiation,,,,False,,Sandoval-Obrien,Stanley Barnes,stanley.barnes@hotmail.com,001-634-765-4722x698,valid,Cristian Santos,cristian.santos@gmail.com,unknown,valid,3,2026-03-23,2.0,1.0,0.0,0.0,0.0,0.0,6,2026-07-31,2,3,12
D0309,C0233,U014,10949.83,Closed Lost,open,,,False,,Davis-Nunez,Angela Velazquez,angela.velazquez@yahoo.com,553-594-2373x33433,valid,Michele Williams,michele.williams@gmail.com,rep,valid,2,2025-11-26,1.0,1.0,0.0,0.0,0.0,0.0,2,2026-04-16,1,1,6
D0310,C0163,U008,39382.34,Prospecting,open,,,False,,Thompson Plc,Oscar Howard,oscar.howard@hotmail.com,6594929378,valid,Gina Moore,gina.moore@yahoo.com,rep,valid,0,,,,,,,,2,,0,1,2
D0311,C0163,U012,9114.47,Qualified,open,2026-06-28,,False,,Thompson Plc,Oscar Howard,oscar.howard@hotmail.com,6594929378,valid,Jamie Arnold,jamie.arnold@hotmail.com,rep,valid,2,,0.0,0.0,1.0,0.0,1.0,0.0,0,,0,0,4
D0312,C0194,U012,33119.67,Closed Lost,open,,,False,,"Barber, Jarvis And Richard",Thomas Webb,thomas.webb@hotmail.com,+1-272-396-5902x77167,valid,Jamie Arnold,jamie.arnold@hotmail.com,rep,valid,1,2025-12-10,0.0,0.0,0.0,0.0,1.0,0.0,1,,1,0,3
D0313,C0333,U014,74046.0,Qualified,open,,,False,,Cordova Plc,Erin Thornton,erin.thornton@yahoo.com,292-897-5170x2814,valid,Michele Williams,michele.williams@gmail.com,rep,valid,0,,,,,,,,1,,0,1,1
D0314,C0369,U013,16588.12,Closed Lost,won,2025-11-23,,False,,"Harper, Jones And Hawkins",Timothy Ruiz,timothy.ruiz@yahoo.com,+1-290-404-8964x652,valid,Lisa Hensley,lisa.hensley@yahoo.com,rep,valid,1,2026-06-17,0.0,0.0,0.0,1.0,0.0,0.0,1,,1,0,3
D0315,C0007,U008,68922.46,Closed Lost,,2026-03-24,,False,,Jones Ltd,Austin Johnson,,,missing,Gina Moore,gina.moore@yahoo.com,rep,valid,3,2026-03-07,1.0,1.0,0.0,0.0,0.0,1.0,0,,0,0,6
D0316,C0228,U007,51609.0,Closed Lost,open,,,False,,Owen-Mendez,Amy Price,amy.pricegmail.com,+1-201-827-9611x4351,malformed,Abigail Shaffer,abigail.shaffer@gmail.com,rep,valid,2,2026-01-31,0.0,0.0,1.0,1.0,0.0,0.0,1,2026-06-29,0,1,5
D0317,C0025,U003,56048.62,Qualified,open,,,False,,Brown-Wall,Randy Shah,randy.shah@gmail.com,001-596-670-5466x88937,valid,Angie Henderson,angie.hendersongmail.com,manager,malformed,1,,1.0,0.0,0.0,0.0,0.0,0.0,0,,0,0,2
D0318,C0150,U006,10592.12,Prospecting,open,,,False,,Wade-Barrett,Adam Taylor,adam.taylor@gmail.com,(675)388-4252,valid,Connie Lawrence,connie.lawrence@gmail.com,rep,valid,1,,0.0,0.0,0.0,0.0,1.0,0.0,1,2026-06-27,0,0,3
D0319,C0350,U012,82185.49,,open,2026-01-12,,False,,Guerrero Plc,Rebecca Harris,rebecca.harris@hotmail.com,978.748.5880x0616,valid,Jamie Arnold,jamie.arnold@hotmail.com,rep,valid,5,2026-06-03,1.0,0.0,1.0,3.0,0.0,0.0,0,,0,0,10
D0320,C0151,U006,64829.91,Closed Won,lost,,,False,,Rogers Group,Austin Joseph,austin.joseph@hotmail.com,+1-317-378-5079x2524,valid,Connie Lawrence,connie.lawrence@gmail.com,rep,valid,1,,0.0,0.0,1.0,0.0,0.0,0.0,0,,0,0,2
D0321,C0351,U014,36049.0,Proposal Sent,lost,2026-01-18,2026-03-29,False,70.0,Ramos-Johnson,,matthew.chan@hotmail.com,(976)924-6719,valid,Michele Williams,michele.williams@gmail.com,rep,valid,2,,0.0,0.0,0.0,1.0,1.0,0.0,0,,0,0,4
D0322,C0044,U008,,Negotiation,lost,,,False,,Cantu-Kane,Mrs. Janet Chase,mrs.janet.chase@yahoo.com,7573662702,valid,Gina Moore,gina.moore@yahoo.com,rep,valid,2,2026-11-02,1.0,0.0,1.0,0.0,0.0,0.0,1,2025-11-21,0,1,5
D0323,C0310,U010,43061.38,Closed Lost,closed,2026-05-29,,False,,Delgado Inc,Mary Adams,mary.adams@hotmail.com,969-308-7766x18306,valid,Ryan Munoz,ryan.munoz@yahoo.com,rep,valid,3,2026-10-07,1.0,1.0,0.0,0.0,0.0,1.0,2,,0,1,8
D0324,C0001,U002,53725.97,Prospecting,,,,False,,Kelly-Santiago,Melinda Jones,melinda.jones@hotmail.com,(783)227-6483,valid,Noah Rhodes,noah.rhodes@gmail.com,manager,valid,2,2026-04-03,1.0,0.0,1.0,0.0,0.0,0.0,0,,0,0,4
D0325,C0209,U001,68805.0,Negotiation,lost,,,False,,"Lee, Palmer And Vaughan",Tyler Medina,tyler.medina@gmail.com,+1-713-236-1386x1207,valid,Allison Hill,allison.hillgmail.com,manager,malformed,4,2026-01-26,0.0,2.0,1.0,1.0,0.0,0.0,1,,0,1,9
D0326,C0155,U005,28547.64,Closed Lost,closed,,,False,,Harris And Sons,Tyrone Kaufman,tyrone.kaufman@gmail.com,001-441-803-8657x191,valid,Cristian Santos,cristian.santos@gmail.com,unknown,valid,3,,1.0,2.0,0.0,0.0,0.0,0.0,1,,1,0,7
D0327,C0287,U010,17700.3,Prospecting,open,2026-04-02,,False,,Oconnor-Mills,Briana Wiggins,briana.wiggins@hotmail.com,,valid,Ryan Munoz,ryan.munoz@yahoo.com,rep,valid,1,2026-07-07,0.0,0.0,0.0,1.0,0.0,0.0,0,,0,0,2
D0328,C0403,U001,14474.76,Qualified,,,,False,,Harris Plc,Katherine Goodwin,,(214)605-7861x7063,missing,Allison Hill,allison.hillgmail.com,manager,malformed,1,,0.0,0.0,0.0,0.0,0.0,1.0,0,,0,0,2
D0329,C0411,U007,26495.2,Prospecting,closed,,,False,,Davidson-Hahn,Todd Reynolds,todd.reynolds@yahoo.com,918-777-5803x046,valid,Abigail Shaffer,abigail.shaffer@gmail.com,rep,valid,4,,0.0,0.0,1.0,2.0,0.0,1.0,1,,0,1,9
D0330,C0291,U011,,Negotiation,lost,,2026-03-20,False,,Cook-Gonzalez,Rhonda Miller,rhonda.miller@yahoo.com,001-521-571-7477,valid,Monica Herrera,monica.herreragmail.com,rep,malformed,3,2026-06-18,0.0,0.0,2.0,0.0,0.0,1.0,2,2025-12-30,0,0,8
D0331,C0425,U003,11256.53,Closed Won,open,,2026-03-02,False,,Pierce-Taylor,Jeremy Bell,jeremy.bell@hotmail.com,8787956776,valid,Angie Henderson,angie.hendersongmail.com,manager,malformed,2,,0.0,1.0,0.0,0.0,1.0,0.0,3,2026-05-26,2,1,7
D0332,C0209,U002,39234.18,Closed Lost,won,,2026-12-07,False,,"Lee, Palmer And Vaughan",Tyler Medina,tyler.medina@gmail.com,+1-713-236-1386x1207,valid,Noah Rhodes,noah.rhodes@gmail.com,manager,valid,4,2025-12-06,1.0,2.0,0.0,0.0,0.0,1.0,2,2026-04-13,1,0,10
D0333,C0397,U001,38555.14,Proposal Sent,open,,,False,,Turner-Tucker,Brenda Lawrence,brenda.lawrence@gmail.com,643-927-0185x1067,valid,Allison Hill,allison.hillgmail.com,manager,malformed,1,2025-12-14,0.0,0.0,0.0,0.0,1.0,0.0,1,,1,0,3
D0334,C0172,U008,13465.14,Closed Lost,won,,,False,,Wood-Griffin,John Perez,john.perez@yahoo.com,001-502-211-5869,valid,Gina Moore,gina.moore@yahoo.com,rep,valid,1,,0.0,1.0,0.0,0.0,0.0,0.0,0,,0,0,2
D0335,C0103,U012,33863.62,Prospecting,,,,False,,Smith Plc,Tanya Rogers,tanya.rogers@yahoo.com,+1-688-472-8743x1527,valid,Jamie Arnold,jamie.arnold@hotmail.com,rep,valid,1,,0.0,1.0,0.0,0.0,0.0,0.0,1,2025-12-16,1,0,3
D0336,C0347,U014,75747.02,Prospecting,lost,,,False,,Spencer Llc,Mrs. Shannon Jacobson,mrs.shannon.jacobson@yahoo.com,+1-352-407-1678x11266,valid,Michele Williams,michele.williams@gmail.com,rep,valid,6,2026-06-20,0.0,1.0,2.0,3.0,0.0,0.0,1,,0,1,13
D0337,C0384,U005,,Proposal Sent,lost,,,False,,Simpson Ltd,Michael Smith,michael.smith@COMPANY.COM,637-857-3839x5972,placeholder,Cristian Santos,cristian.santos@gmail.com,unknown,valid,2,2026-04-30,1.0,0.0,0.0,0.0,1.0,0.0,1,,0,0,5
D0338,C0074,U003,2773.94,Proposal Sent,open,2026-04-09,,False,,Martin Ltd,Rhonda Martin,rhonda.martin@yahoo.com,5656379473,valid,Angie Henderson,angie.hendersongmail.com,manager,malformed,0,,,,,,,,2,,0,1,2
D0339,C0277,U006,80263.7,Proposal Sent,open,2025-11-29,,False,,Tate Llc,Mary Hernandez,mary.hernandez@gmail.com,(406)544-7421,valid,Connie Lawrence,connie.lawrence@gmail.com,rep,valid,7,2026-04-12,2.0,2.0,1.0,2.0,0.0,0.0,2,2026-07-08,1,0,16
D0340,C0309,U006,5735.64,,,2026-05-29,,False,,Krause-Gonzalez,Matthew Rodriguez,matthew.rodriguez@hotmail.com,001-263-991-7410x11947,valid,Connie Lawrence,connie.lawrence@gmail.com,rep,valid,3,2026-04-22,1.0,1.0,0.0,0.0,1.0,0.0,1,,1,0,7
D0341,C0027,U002,60340.58,Closed Won,lost,,,False,,Green Llc,Gabriel Juarez,gabriel.juarez@yahoo.com,264-517-0805x310,valid,Noah Rhodes,noah.rhodes@gmail.com,manager,valid,0,,,,,,,,1,,0,1,1
D0342,C0168,U014,8058.56,Proposal Sent,closed,,,False,,"Barnes, Jackson And Gutierrez",Heather Bennett,heather.bennett@yahoo.com,001-632-371-0405,valid,Michele Williams,michele.williams@gmail.com,rep,valid,2,2026-05-02,0.0,0.0,0.0,2.0,0.0,0.0,2,,0,2,6
D0343,C0411,U013,27417.71,Closed Lost,open,,,False,,Davidson-Hahn,Todd Reynolds,todd.reynolds@yahoo.com,918-777-5803x046,valid,Lisa Hensley,lisa.hensley@yahoo.com,rep,valid,4,,2.0,1.0,0.0,0.0,1.0,0.0,2,2026-07-03,1,0,10
D0344,C0072,U014,16809.98,Proposal Sent,lost,,,False,,Ponce-Hale,Kurt Hurley,kurt.hurley@yahoo.com,+1-265-728-1685,valid,Michele Williams,michele.williams@gmail.com,rep,valid,0,,,,,,,,1,2026-01-17,1,0,1
D0345,C0033,U008,40014.0,Prospecting,lost,,2026-01-13,False,,"Pierce, Bell And Chavez",David Griffith,david.griffith@yahoo.com,682-333-7498,valid,Gina Moore,gina.moore@yahoo.com,rep,valid,1,,0.0,0.0,0.0,1.0,0.0,0.0,2,2026-02-21,2,0,4
D0346,C0051,U007,55729.19,Prospecting,lost,,,False,,Sloan-Raymond,Elizabeth Harrell,elizabeth.harrell@gmail.com,312.936.8516x048,valid,Abigail Shaffer,abigail.shaffer@gmail.com,rep,valid,4,2026-11-07,0.0,1.0,0.0,3.0,0.0,0.0,1,,1,0,9
D0347,C0313,U004,82819.96,,open,,,False,,Johnson Inc,Nathan Sullivan,nathan.sullivan@gmail.com,+1-287-582-9310x2707,valid,Daniel Wagner,daniel.wagner@yahoo.com,admin,valid,1,,0.0,1.0,0.0,0.0,0.0,0.0,2,2026-03-25,1,1,4
D0348,C0219,U010,59460.0,Negotiation,closed,,,False,,"Baker, Stephens And Thompson",Holly Valdez,,,missing,Ryan Munoz,ryan.munoz@yahoo.com,rep,valid,1,,1.0,0.0,0.0,0.0,0.0,0.0,0,,0,0,2
D0349,C0057,U010,9654.1,Closed Lost,lost,2026-02-01,,False,,Harmon Plc,Arthur West,arthur.west@yahoo.com,891.878.3908x47007,valid,Ryan Munoz,ryan.munoz@yahoo.com,rep,valid,3,2025-05-11,0.0,0.0,3.0,0.0,0.0,0.0,1,2026-05-03,0,0,7
D0350,C0054,U011,55356.59,Closed Won,lost,2026-05-02,,False,,"Garcia, Burns And Russell",Amanda Wood,amanda.wood@yahoo.com,,valid,Monica Herrera,monica.herreragmail.com,rep,malformed,3,2026-07-18,0.0,1.0,0.0,1.0,0.0,1.0,1,2026-01-04,0,1,7
D0351,C0383,U003,45859.86,Qualified,,2025-11-21,,False,,"Lane, Simon And Duarte",James Palmer,james.palmer@hotmail.com,+1-873-908-0695x814,valid,Angie Henderson,angie.hendersongmail.com,manager,malformed,3,2026-03-04,1.0,1.0,0.0,1.0,0.0,0.0,0,,0,0,6
D0352,C0442,U006,61435.57,Negotiation,won,,,False,,Greene Ltd,Megan Compton,megan.compton@hotmail.com,(952)857-1509,valid,Connie Lawrence,connie.lawrence@gmail.com,rep,valid,0,,,,,,,,2,2025-12-29,1,1,2
D0353,C0257,U007,32330.11,Qualified,won,,,False,,"Ellis, Ortega And Andrade",Christopher Morales,christopher.morales@yahoo.com,+1-528-597-5585x56659,valid,Abigail Shaffer,abigail.shaffer@gmail.com,rep,valid,1,,0.0,1.0,0.0,0.0,0.0,0.0,1,,0,1,3
D0354,C0055,U014,21142.64,Negotiation,open,,,False,,"Lewis, Fowler And Maddox",Gavin Zhang,gavin.zhang@hotmail.com,218.639.3352,valid,Michele Williams,michele.williams@gmail.com,rep,valid,1,,0.0,1.0,0.0,0.0,0.0,0.0,0,,0,0,2
D0355,C0205,U007,19137.0,Closed Won,closed,,,False,,Pruitt Ltd,Holly Chapman,holly.chapman@hotmail.com,+1-233-847-2122x816,valid,Abigail Shaffer,abigail.shaffer@gmail.com,rep,valid,2,2025-12-04,0.0,0.0,0.0,2.0,0.0,0.0,1,,0,1,5
D0356,C0182,U014,25587.32,Closed Won,open,2026-06-26,,False,,Rogers Llc,Shannon Green,shannon.green@hotmail.com,+1-643-628-3096x5207,valid,Michele Williams,michele.williams@gmail.com,rep,valid,1,2026-02-03,0.0,0.0,0.0,0.0,1.0,0.0,3,2025-12-05,0,1,5
D0357,C0009,U003,8569.4,Closed Lost,lost,2026-09-04,2026-04-29,True,,Baxter Inc,Scott Pierce,scott.pierce@gmail.com,+1-880-213-2677x3602,valid,Angie Henderson,angie.hendersongmail.com,manager,malformed,2,2026-01-27,0.0,1.0,1.0,0.0,0.0,0.0,1,2026-03-11,1,0,5
D0358,C0214,U010,44036.15,Qualified,,,,False,,Mitchell Inc,Emily Hayes,emily.hayes@hotmail.com,+1-849-629-9556x20533,valid,Ryan Munoz,ryan.munoz@yahoo.com,rep,valid,2,,0.0,0.0,1.0,0.0,0.0,1.0,2,,2,0,6
D0359,C0214,U010,72208.0,Prospecting,,2025-11-11,,False,,Mitchell Inc,Emily Hayes,emily.hayes@hotmail.com,+1-849-629-9556x20533,valid,Ryan Munoz,ryan.munoz@yahoo.com,rep,valid,0,,,,,,,,1,2026-03-27,0,0,1
D0360,C0291,U006,48940.49,Prospecting,open,,,False,,Cook-Gonzalez,Rhonda Miller,rhonda.miller@yahoo.com,001-521-571-7477,valid,Connie Lawrence,connie.lawrence@gmail.com,rep,valid,0,,,,,,,,2,2026-04-24,2,0,2
D0361,C0040,U003,44665.29,Closed Lost,won,2026-06-08,,False,,Cook-Santiago,Erin Steele,erin.steele@yahoo.com,+1-968-807-1545x16808,valid,Angie Henderson,angie.hendersongmail.com,manager,malformed,0,,,,,,,,1,2026-04-04,0,1,1
D0362,C0346,U011,5906.65,,won,2026-10-01,,False,,Palmer Group,William Martinez,william.martinez@gmail.com,627.954.8015x71647,valid,Monica Herrera,monica.herreragmail.com,rep,malformed,0,,,,,,,,1,,1,0,1
D0363,C0289,U012,81708.54,Negotiation,lost,2026-03-10,2026-04-27,False,48.0,Moore Inc,Marcus Palmer,marcus.palmer@gmail.com,+1-458-354-2493,valid,Jamie Arnold,jamie.arnold@hotmail.com,rep,valid,0,,,,,,,,2,2026-07-14,1,0,2
D0364,C0379,U005,54046.55,Proposal Sent,open,,,False,,Mcdowell-Evans,Jordan Santiago,jordan.santiago@hotmail.com,252-832-1941x680,valid,Cristian Santos,cristian.santos@gmail.com,unknown,valid,1,,0.0,0.0,0.0,1.0,0.0,0.0,1,2026-01-12,0,1,3
D0365,C0315,U001,8389.6,Negotiation,,,,False,,Rogers-Huff,Jennifer Martinez,jennifer.martinez@hotmail.com,001-382-353-0925,valid,Allison Hill,allison.hillgmail.com,manager,malformed,2,2026-05-05,0.0,1.0,1.0,0.0,0.0,0.0,1,,0,1,5
D0366,C0311,U005,63409.34,Proposal Sent,won,2026-01-15,,False,,"Nichols, Frey And Cook",Anthony Shea,anthony.sheagmail.com,,malformed,Cristian Santos,cristian.santos@gmail.com,unknown,valid,2,2025-06-11,0.0,0.0,0.0,0.0,1.0,1.0,4,2026-04-08,2,1,8
D0367,C0408,U003,16597.57,Proposal Sent,won,,,False,,"Martinez, Stanton And Bennett",Jasmine Combs,jasmine.combs@hotmail.com,6177537030,valid,Angie Henderson,angie.hendersongmail.com,manager,malformed,3,2026-07-04,0.0,0.0,0.0,1.0,1.0,1.0,1,2026-02-24,0,1,7
D0368,C0300,U014,64355.57,Qualified,,2026-01-07,,False,,"Miller, Cross And Fox",Nicole Ramirez,nicole.ramirez@hotmail.com,689-213-7189,valid,Michele Williams,michele.williams@gmail.com,rep,valid,3,2026-02-13,1.0,0.0,1.0,0.0,0.0,1.0,0,,0,0,6
D0369,C0083,U004,23577.02,Closed Won,open,,,False,,Murphy Llc,Lance Simmons,lance.simmons@hotmail.com,,valid,Daniel Wagner,daniel.wagner@yahoo.com,admin,valid,2,2026-09-02,0.0,0.0,1.0,1.0,0.0,0.0,0,,0,0,4
D0370,C0152,U008,58573.08,,won,,,False,,Yang Inc,Scott Sanchez,scott.sanchez@yahoo.com,(662)320-8635x365,valid,Gina Moore,gina.moore@yahoo.com,rep,valid,0,,,,,,,,0,,0,0,0
D0371,C0145,U013,27860.0,Closed Lost,lost,2026-04-16,,False,,"Shaffer, Garcia And Richardson",James Li,james.li@gmail.com,+1-921-589-0927x5326,valid,Lisa Hensley,lisa.hensley@yahoo.com,rep,valid,6,2026-02-07,1.0,2.0,3.0,0.0,0.0,0.0,2,2025-12-12,0,1,14
D0372,C0426,U007,23801.83,Proposal Sent,lost,2026-10-04,,False,,Stewart-Reyes,David Brewer,david.brewer@yahoo.com,348-388-1431,valid,Abigail Shaffer,abigail.shaffer@gmail.com,rep,valid,2,,0.0,0.0,1.0,1.0,0.0,0.0,0,,0,0,4
D0373,C0371,U011,29673.45,Proposal Sent,closed,,,False,,Austin-Juarez,Erik Stafford,,472-987-0320x32074,missing,Monica Herrera,monica.herreragmail.com,rep,malformed,1,2025-12-12,0.0,0.0,0.0,1.0,0.0,0.0,0,,0,0,2
D0374,C0005,U014,35839.27,Prospecting,open,,,False,,Farmer-Ryan,Kerry Smith,kerry.smith@yahoo.com,401.454.3039x1171,valid,Michele Williams,michele.williams@gmail.com,rep,valid,0,,,,,,,,2,2026-07-12,1,1,2
D0375,C0143,U005,3478.99,Proposal Sent,open,2025-12-05,,False,,Smith-Rubio,Michael Anderson,michael.anderson@COMPANY.COM,+1-542-841-5415x2064,placeholder,Cristian Santos,cristian.santos@gmail.com,unknown,valid,1,,1.0,0.0,0.0,0.0,0.0,0.0,1,,0,1,3
D0376,C0322,U002,73012.81,Prospecting,open,,,False,,York Group,Philip Robinson,philip.robinsongmail.com,992-992-9831x6873,malformed,Noah Rhodes,noah.rhodes@gmail.com,manager,valid,1,,1.0,0.0,0.0,0.0,0.0,0.0,1,2026-05-02,0,0,3
D0377,C0092,U002,40490.79,Qualified,won,,,False,,"Travis, Reed And Ross",Kayla Rodriguez,kayla.rodriguez@gmail.com,514.473.2104x696,valid,Noah Rhodes,noah.rhodes@gmail.com,manager,valid,4,2026-07-02,2.0,0.0,1.0,1.0,0.0,0.0,4,2025-04-11,1,2,12
D0378,C0129,U003,33463.72,Prospecting,won,,,False,,Chambers-Taylor,David Moore,david.moore@yahoo.com,(317)397-9688x6805,valid,Angie Henderson,angie.hendersongmail.com,manager,malformed,0,,,,,,,,1,,1,0,1
D0379,C0089,U008,83282.0,Prospecting,,,,False,,Martin Ltd,Travis Stone,travis.stone@yahoo.com,343-484-2498,valid,Gina Moore,gina.moore@yahoo.com,rep,valid,3,2026-02-07,0.0,0.0,0.0,3.0,0.0,0.0,0,,0,0,6
D0380,C0272,U013,55218.74,Closed Won,won,2026-03-24,,False,,"Mathis, Harrison And Banks",James Wells,james.wells@gmail.com,530.360.4633,valid,Lisa Hensley,lisa.hensley@yahoo.com,rep,valid,2,,0.0,1.0,0.0,1.0,0.0,0.0,2,2026-07-23,1,1,6
D0381,C0036,U010,3066.86,Proposal Sent,,2026-01-07,,False,,"James, Kerr And Evans",Jessica Carroll,jessica.carroll@gmail.com,+1-213-834-1232x812,valid,Ryan Munoz,ryan.munoz@yahoo.com,rep,valid,2,2026-03-13,0.0,1.0,1.0,0.0,0.0,0.0,0,,0,0,4
D0382,C0336,U007,59954.61,Proposal Sent,open,,,False,,Turner Plc,Mrs. Toni Avila,mrs.toni.avila@gmail.com,5644628792,valid,Abigail Shaffer,abigail.shaffer@gmail.com,rep,valid,2,,0.0,0.0,1.0,1.0,0.0,0.0,1,2025-12-08,0,1,5
D0383,C0390,U008,71978.1,Closed Lost,lost,,,False,,Ramos Inc,Kelly Jones,kelly.jones@yahoo.com,,valid,Gina Moore,gina.moore@yahoo.com,rep,valid,2,2026-07-30,1.0,1.0,0.0,0.0,0.0,0.0,1,,0,1,5
D0384,C0348,U014,46197.89,Closed Lost,open,,,False,,Cox And Sons,Kurt Ewing,kurt.ewing@gmail.com,967.849.9465,valid,Michele Williams,michele.williams@gmail.com,rep,valid,5,2026-05-07,1.0,1.0,0.0,2.0,0.0,1.0,0,,0,0,10
D0385,C0185,U009,71738.66,Negotiation,open,2026-01-02,,False,,Delacruz Plc,Lisa Kennedy,lisa.kennedy@gmail.com,416.784.6022x35697,valid,Gabrielle Davis,gabrielle.davis@yahoo.com,rep,valid,2,,0.0,0.0,1.0,1.0,0.0,0.0,1,2026-03-18,0,1,5
D0386,C0020,U007,76354.47,Proposal Sent,won,2026-04-07,,False,,"Phillips, Martinez And Fisher",Megan Orr,megan.orr@hotmail.com,001-746-980-4436,valid,Abigail Shaffer,abigail.shaffer@gmail.com,rep,valid,2,,0.0,1.0,0.0,0.0,1.0,0.0,1,2026-01-15,1,0,5
D0387,C0372,U004,17623.24,Qualified,open,2025-10-12,,False,,Wilson-Woodard,Jeremy Zhang Md,jeremy.zhang.md@yahoo.com,512.215.1342x2849,valid,Daniel Wagner,daniel.wagner@yahoo.com,admin,valid,2,,1.0,1.0,0.0,0.0,0.0,0.0,3,2026-05-26,1,1,7
D0388,C0400,U009,46083.99,Negotiation,,2026-02-19,,False,,Barrett Plc,Albert Buchanan,albert.buchanan@COMPANY.COM,297.918.9569,placeholder,Gabrielle Davis,gabrielle.davis@yahoo.com,rep,valid,1,,0.0,0.0,0.0,1.0,0.0,0.0,0,,0,0,2
D0389,C0028,U006,19175.13,Prospecting,lost,,2026-07-06,False,,Combs Plc,Cameron Caldwell,cameron.caldwell@hotmail.com,674.352.9912,valid,Connie Lawrence,connie.lawrence@gmail.com,rep,valid,4,2026-09-06,1.0,1.0,0.0,0.0,0.0,2.0,0,,0,0,8
D0390,C0117,U002,42322.71,Prospecting,open,,,False,,Gonzalez And Sons,,roy.porter@hotmail.com,+1-254-277-7252x28728,valid,Noah Rhodes,noah.rhodes@gmail.com,manager,valid,3,2026-05-02,1.0,0.0,1.0,0.0,1.0,0.0,1,,0,1,7
D0391,C0355,U011,15882.79,Qualified,open,2026-06-17,,False,,"Cain, Contreras And Jackson",Wayne Harris,wayne.harris@hotmail.com,583-344-0496,valid,Monica Herrera,monica.herreragmail.com,rep,malformed,1,,1.0,0.0,0.0,0.0,0.0,0.0,1,,0,1,3
D0392,C0085,U014,11034.0,Prospecting,open,2025-12-05,,False,,Edwards-Ramirez,Allison Lopez,allison.lopez@hotmail.com,(381)944-7394x7312,valid,Michele Williams,michele.williams@gmail.com,rep,valid,2,2026-05-27,2.0,0.0,0.0,0.0,0.0,0.0,3,2026-07-22,2,1,7
D0393,C0215,U006,82983.75,Closed Won,lost,2025-12-20,2026-01-07,False,18.0,Taylor-Quinn,Julie Howard,julie.howard@yahoo.com,281.229.1428x3411,valid,Connie Lawrence,connie.lawrence@gmail.com,rep,valid,1,,1.0,0.0,0.0,0.0,0.0,0.0,0,,0,0,2
D0394,C0086,U006,24370.1,Prospecting,open,,,False,,Roach Group,Rita Ponce Dvm,rita.ponce.dvm@hotmail.com,(518)484-4225x831,valid,Connie Lawrence,connie.lawrence@gmail.com,rep,valid,5,2025-11-13,0.0,1.0,2.0,0.0,0.0,2.0,1,2026-01-05,1,0,11
D0395,C0221,U004,9847.32,Prospecting,open,2026-01-05,,False,,Clark-Martin,Alison Williams,alison.williams@hotmail.com,001-622-480-9202,valid,Daniel Wagner,daniel.wagner@yahoo.com,admin,valid,1,,0.0,0.0,0.0,0.0,1.0,0.0,0,,0,0,2
D0396,C0245,U002,16480.97,Prospecting,open,,,False,,Martin Ltd,Sandra Walker,sandra.walker@gmail.com,(338)994-4846x31224,valid,Noah Rhodes,noah.rhodes@gmail.com,manager,valid,1,,0.0,0.0,0.0,1.0,0.0,0.0,2,2026-12-07,0,2,4
D0397,C0408,U013,,Closed Lost,open,2026-04-06,2026-05-05,False,29.0,"Martinez, Stanton And Bennett",Jasmine Combs,jasmine.combs@hotmail.com,6177537030,valid,Lisa Hensley,lisa.hensley@yahoo.com,rep,valid,2,2026-04-26,0.0,0.0,0.0,1.0,1.0,0.0,1,,0,0,5
D0398,C0350,U001,52606.16,Qualified,,,,False,,Guerrero Plc,Rebecca Harris,rebecca.harris@hotmail.com,978.748.5880x0616,valid,Allison Hill,allison.hillgmail.com,manager,malformed,6,2026-04-26,3.0,1.0,0.0,1.0,1.0,0.0,1,,0,1,13
D0399,C0003,U009,83881.39,Proposal Sent,won,,,False,,"Ross, Robinson And Bright",,ann.williams@gmail.com,(626)291-6697,valid,Gabrielle Davis,gabrielle.davis@yahoo.com,rep,valid,4,2026-10-02,0.0,2.0,0.0,2.0,0.0,0.0,1,2026-12-07,1,0,9
D0400,C0390,U011,17675.54,Proposal Sent,won,2026-07-04,,False,,Ramos Inc,Kelly Jones,kelly.jones@yahoo.com,,valid,Monica Herrera,monica.herreragmail.com,rep,malformed,3,2026-06-02,0.0,0.0,0.0,1.0,1.0,1.0,1,2026-11-05,0,1,7
D0401,C0339,U001,,Prospecting,lost,2026-05-03,,False,,"Brown, Flores And Johns",Christopher Nelson,christopher.nelson@yahoo.com,+1-750-744-8183x2192,valid,Allison Hill,allison.hillgmail.com,manager,malformed,1,,0.0,0.0,1.0,0.0,0.0,0.0,1,,1,0,3
D0402,C0375,U001,14696.81,,open,2025-12-10,,False,,Scott-Allen,Jennifer Smith,jennifer.smith@gmail.com,(666)442-1476,valid,Allison Hill,allison.hillgmail.com,manager,malformed,0,,,,,,,,1,2026-06-10,0,1,1
D0403,C0365,U008,63881.74,Negotiation,lost,2026-05-19,,False,,"Taylor, Morales And Fuller",Bradley Moore,bradley.moore@COMPANY.COM,329.865.7724x29543,placeholder,Gina Moore,gina.moore@yahoo.com,rep,valid,2,,0.0,0.0,0.0,2.0,0.0,0.0,2,2026-04-21,2,0,6
D0404,C0119,U012,75928.99,Closed Won,won,2026-01-16,,False,,Patel Group,Joseph Hill,joseph.hill@yahoo.com,5866211823,valid,Jamie Arnold,jamie.arnold@hotmail.com,rep,valid,3,2026-02-02,1.0,0.0,0.0,1.0,1.0,0.0,0,,0,0,6
D0405,C0108,U010,32686.0,Closed Lost,open,,,False,,"Brown, Ford And Roman",Jennifer Velasquez,jennifer.velasquez@hotmail.com,391.906.5180,valid,Ryan Munoz,ryan.munoz@yahoo.com,rep,valid,0,,,,,,,,3,2026-07-12,3,0,3
D0406,C0169,U003,24930.45,Prospecting,open,,,False,,Peterson Group,Benjamin Mcmahon,benjamin.mcmahon@gmail.com,599-870-6296x20153,valid,Angie Henderson,angie.hendersongmail.com,manager,malformed,5,2026-06-17,0.0,3.0,1.0,0.0,0.0,1.0,0,,0,0,10
D0407,C0173,U004,67427.17,Negotiation,open,2026-06-23,,False,,Cardenas-Barnes,Sharon Wells,sharon.wells@gmail.com,441.460.8989x9217,valid,Daniel Wagner,daniel.wagner@yahoo.com,admin,valid,2,,0.0,1.0,1.0,0.0,0.0,0.0,0,,0,0,4
D0408,C0279,U014,35876.63,Proposal Sent,open,2025-12-30,,False,,"Ramirez, Fuller And Wilkins",Cody Brown,cody.brown@yahoo.com,3208994510,valid,Michele Williams,michele.williams@gmail.com,rep,valid,4,2026-07-25,0.0,2.0,1.0,0.0,0.0,1.0,4,2026-03-09,2,0,12
D0409,C0422,U008,62456.48,Proposal Sent,open,,,False,,Andrade And Sons,Cheryl Gray,cheryl.gray@yahoo.com,696-430-9938x42530,valid,Gina Moore,gina.moore@yahoo.com,rep,valid,2,,0.0,1.0,1.0,0.0,0.0,0.0,0,,0,0,4
D0410,C0111,U010,36383.95,Qualified,open,,,False,,"Barnes, Miranda And Stephenson",Daniel Garcia,,5792030673,missing,Ryan Munoz,ryan.munoz@yahoo.com,rep,valid,1,,1.0,0.0,0.0,0.0,0.0,0.0,0,,0,0,2
D0411,C0267,U007,42856.3,Closed Lost,open,,,False,,"Bray, Garcia And Stewart",Kim Lopez,kim.lopez@hotmail.com,780.703.8457x620,valid,Abigail Shaffer,abigail.shaffer@gmail.com,rep,valid,4,2025-03-11,1.0,2.0,0.0,1.0,0.0,0.0,5,2026-06-23,3,1,13
D0412,C0181,U005,2830.17,Proposal Sent,open,2026-07-02,,False,,Stevens-Robinson,Joseph Hanson,joseph.hanson@hotmail.com,308-958-9944,valid,Cristian Santos,cristian.santos@gmail.com,unknown,valid,5,2026-07-11,1.0,2.0,1.0,1.0,0.0,0.0,4,2026-04-09,2,2,14
D0413,C0378,U010,40224.01,Prospecting,,2026-01-19,,False,,"Jones, Williams And Rodriguez",Brandon Guerrero,brandon.guerrero@hotmail.com,254-391-8017x226,valid,Ryan Munoz,ryan.munoz@yahoo.com,rep,valid,3,2026-01-18,0.0,0.0,0.0,0.0,2.0,1.0,3,2026-04-04,1,2,9
D0414,C0187,U011,7403.33,Closed Lost,open,2025-11-22,,False,,"Gonzalez, Watson And Smith",Roy Lee,roy.lee@hotmail.com,6334542168,valid,Monica Herrera,monica.herreragmail.com,rep,malformed,2,,1.0,1.0,0.0,0.0,0.0,0.0,0,,0,0,4
D0415,C0353,U010,8260.08,,won,2026-06-09,2026-07-09,False,30.0,Davis-Reed,Gregory Stanley,gregory.stanley@gmail.com,249.711.4152,valid,Ryan Munoz,ryan.munoz@yahoo.com,rep,valid,1,,1.0,0.0,0.0,0.0,0.0,0.0,0,,0,0,2
D0416,C0447,U001,40356.97,Prospecting,lost,,2026-06-26,False,,Alexander-Wagner,Paige Weiss,paige.weiss@yahoo.com,4666149828,valid,Allison Hill,allison.hillgmail.com,manager,malformed,3,2026-05-30,1.0,0.0,1.0,0.0,1.0,0.0,0,,0,0,6
D0417,C0359,U013,83435.0,Proposal Sent,open,2025-06-12,,False,,Castro-Graham,Amanda Moore,amanda.moore@COMPANY.COM,(204)348-2070,placeholder,Lisa Hensley,lisa.hensley@yahoo.com,rep,valid,3,2025-05-11,1.0,1.0,1.0,0.0,0.0,0.0,5,2026-07-16,3,1,11
D0418,C0381,U010,,Proposal Sent,won,,,False,,Horton And Sons,Christine Wong,christine.wong@hotmail.com,868.231.4727,valid,Ryan Munoz,ryan.munoz@yahoo.com,rep,valid,1,,0.0,1.0,0.0,0.0,0.0,0.0,2,2026-05-14,2,0,4
D0419,C0188,U006,45478.0,Closed Lost,,,,False,,Colon Llc,Joy Meyer,joy.meyer@hotmail.com,262-457-5326x03323,valid,Connie Lawrence,connie.lawrence@gmail.com,rep,valid,0,,,,,,,,3,2026-04-20,2,0,3
D0420,C0313,U006,8790.28,Prospecting,won,2025-11-24,,False,,Johnson Inc,Nathan Sullivan,nathan.sullivan@gmail.com,+1-287-582-9310x2707,valid,Connie Lawrence,connie.lawrence@gmail.com,rep,valid,2,2026-01-07,1.0,0.0,1.0,0.0,0.0,0.0,0,,0,0,4
D0421,C0056,U012,14067.0,Qualified,,2026-06-26,,False,,Huerta Plc,Christopher Guerrero,christopher.guerrero@COMPANY.COM,6202539502,placeholder,Jamie Arnold,jamie.arnold@hotmail.com,rep,valid,1,2025-12-24,1.0,0.0,0.0,0.0,0.0,0.0,0,,0,0,2
D0422,C0345,U009,30449.47,Qualified,,,,False,,Weiss Inc,Michelle Brandt,michelle.brandt@gmail.com,001-880-813-8759x27125,valid,Gabrielle Davis,gabrielle.davis@yahoo.com,rep,valid,1,2025-11-01,0.0,0.0,0.0,1.0,0.0,0.0,1,2025-11-20,0,0,3
D0423,C0011,U014,55330.11,Proposal Sent,closed,,,False,,Yu Inc,Andrea Jones,andrea.jones@gmail.com,(719)639-9091x6998,valid,Michele Williams,michele.williams@gmail.com,rep,valid,3,,0.0,1.0,0.0,0.0,2.0,0.0,0,,0,0,6
D0424,C0336,U012,38678.9,Closed Lost,closed,,,False,,Turner Plc,Mrs. Toni Avila,mrs.toni.avila@gmail.com,5644628792,valid,Jamie Arnold,jamie.arnold@hotmail.com,rep,valid,2,,0.0,0.0,0.0,1.0,1.0,0.0,4,2025-11-19,1,1,8
D0425,C0131,U004,65774.1,Closed Lost,lost,,2026-01-08,False,,Myers-Barton,Kathryn Cooper,kathryn.cooper@gmail.com,914.761.1254x5738,valid,Daniel Wagner,daniel.wagner@yahoo.com,admin,valid,1,2026-01-18,0.0,1.0,0.0,0.0,0.0,0.0,1,2026-03-19,1,0,3
D0426,C0080,U012,82762.71,,won,2026-03-08,,False,,Kramer-Cooper,Lori Ingram,lori.ingram@hotmail.com,001-252-605-8527x72217,valid,Jamie Arnold,jamie.arnold@hotmail.com,rep,valid,0,,,,,,,,0,,0,0,0
D0427,C0021,U006,23244.0,Qualified,,2026-06-01,,False,,Ramos-Lewis,Steven Flynn,steven.flynn@gmail.com,+1-514-989-5134x33200,valid,Connie Lawrence,connie.lawrence@gmail.com,rep,valid,1,,0.0,0.0,1.0,0.0,0.0,0.0,3,2026-11-01,1,0,5
D0428,C0174,U003,82951.38,Closed Won,,2026-03-23,,False,,Stokes And Sons,Blake Vega,blake.vega@gmail.com,+1-929-245-1168x6854,valid,Angie Henderson,angie.hendersongmail.com,manager,malformed,1,2026-10-02,0.0,1.0,0.0,0.0,0.0,0.0,0,,0,0,2
D0429,C0389,U003,1858.57,Closed Lost,lost,,2026-06-06,False,,Wagner-Miller,Paul Ward,paul.ward@hotmail.com,928.763.2666,valid,Angie Henderson,angie.hendersongmail.com,manager,malformed,1,2026-03-15,1.0,0.0,0.0,0.0,0.0,0.0,0,,0,0,2
D0430,C0238,U005,29780.15,Qualified,,2025-11-23,,False,,Vaughn Inc,David Combs,david.combs@gmail.com,,valid,Cristian Santos,cristian.santos@gmail.com,unknown,valid,3,2026-07-07,2.0,0.0,1.0,0.0,0.0,0.0,0,,0,0,6
D0431,C0278,U002,35036.1,Negotiation,open,2026-01-24,,False,,Dean Llc,Jonathan Jimenez,jonathan.jimenez@gmail.com,+1-273-539-7767x199,valid,Noah Rhodes,noah.rhodes@gmail.com,manager,valid,1,,0.0,0.0,1.0,0.0,0.0,0.0,0,,0,0,2
D0432,C0307,U011,20049.01,Proposal Sent,closed,2026-03-19,,False,,Johnson Inc,Kristopher Shannon,kristopher.shannon@gmail.com,+1-611-919-2692x124,valid,Monica Herrera,monica.herreragmail.com,rep,malformed,3,2026-08-02,2.0,0.0,0.0,0.0,0.0,1.0,1,,1,0,7
D0433,C0428,U008,34434.37,Prospecting,closed,,,False,,"Hunt, Juarez And Hernandez",Darrell Curry,darrell.currygmail.com,538.998.7751x5366,malformed,Gina Moore,gina.moore@yahoo.com,rep,valid,1,2026-06-26,0.0,0.0,1.0,0.0,0.0,0.0,0,,0,0,2
D0434,C0337,U006,32364.1,Closed Won,open,,,False,,Roberts-Henry,Elizabeth Richards,elizabeth.richardsgmail.com,487.930.0244x7146,malformed,Connie Lawrence,connie.lawrence@gmail.com,rep,valid,0,,,,,,,,1,,1,0,1
D0435,C0440,U009,63417.56,Prospecting,won,2025-11-24,,False,,Hart-Lopez,Joshua Mcmillan,joshua.mcmillan@gmail.com,231.855.2065,valid,Gabrielle Davis,gabrielle.davis@yahoo.com,rep,valid,2,,1.0,0.0,0.0,1.0,0.0,0.0,0,,0,0,4
D0436,C0369,U007,13493.88,Qualified,open,,,False,,"Harper, Jones And Hawkins",Timothy Ruiz,timothy.ruiz@yahoo.com,+1-290-404-8964x652,valid,Abigail Shaffer,abigail.shaffer@gmail.com,rep,valid,3,2025-01-12,1.0,0.0,1.0,1.0,0.0,0.0,0,,0,0,6
D0437,C0033,U010,35689.96,Closed Won,open,,2026-01-19,False,,"Pierce, Bell And Chavez",David Griffith,david.griffith@yahoo.com,682-333-7498,valid,Ryan Munoz,ryan.munoz@yahoo.com,rep,valid,2,2025-11-11,0.0,1.0,0.0,0.0,0.0,1.0,2,,1,0,6
D0438,C0382,U003,,Proposal Sent,open,,,False,,Martin And Sons,,jill.washington@gmail.com,893.934.9605x016,valid,Angie Henderson,angie.hendersongmail.com,manager,malformed,1,,0.0,0.0,0.0,0.0,1.0,0.0,2,2026-04-25,1,1,4
D0439,C0153,U008,20247.44,,,,,False,,"Watson, Shaw And Winters",Robert Jarvis,robert.jarvis@yahoo.com,774-545-1870,valid,Gina Moore,gina.moore@yahoo.com,rep,valid,3,2026-01-18,1.0,0.0,0.0,2.0,0.0,0.0,2,2026-06-18,2,0,8
D0440,C0421,U011,,Closed Lost,open,2026-05-15,,False,,Smith Llc,Alisha Byrd,alisha.byrd@yahoo.com,+1-315-334-7355x2896,valid,Monica Herrera,monica.herreragmail.com,rep,malformed,0,,,,,,,,1,2026-04-02,0,1,1
D0441,C0387,U005,63754.73,Closed Lost,open,,,False,,"Walker, Scott And Peterson",Anthony Rich,anthony.rich@yahoo.com,(389)210-7711,valid,Cristian Santos,cristian.santos@gmail.com,unknown,valid,1,,0.0,0.0,1.0,0.0,0.0,0.0,2,2026-01-06,1,0,4
D0442,C0351,U014,62701.93,Prospecting,lost,,,False,,Ramos-Johnson,,matthew.chan@hotmail.com,(976)924-6719,valid,Michele Williams,michele.williams@gmail.com,rep,valid,2,2026-02-03,1.0,1.0,0.0,0.0,0.0,0.0,2,2025-08-12,1,1,6
D0443,C0161,U008,5916.18,Qualified,lost,,,False,,Reyes-Barnes,Rebecca Wright,,+1-706-857-8759,missing,Gina Moore,gina.moore@yahoo.com,rep,valid,0,,,,,,,,1,2026-01-21,0,0,1
D0444,C0147,U009,17683.54,Prospecting,closed,,,False,,Lucas-Bowers,Cynthia Cruz,cynthia.cruz@gmail.com,491.980.5526x9658,valid,Gabrielle Davis,gabrielle.davis@yahoo.com,rep,valid,3,,0.0,1.0,1.0,1.0,0.0,0.0,1,2025-12-14,0,1,7
D0445,C0274,U006,58734.55,Negotiation,won,,,False,,Bryant-Rich,Danielle Medina,danielle.medina@hotmail.com,6866803476,valid,Connie Lawrence,connie.lawrence@gmail.com,rep,valid,4,2026-09-05,2.0,0.0,2.0,0.0,0.0,0.0,3,2026-02-01,1,1,11
D0446,C0007,U003,66530.46,Closed Lost,won,2026-03-24,,False,,Jones Ltd,Austin Johnson,,,missing,Angie Henderson,angie.hendersongmail.com,manager,malformed,4,2026-10-03,1.0,1.0,1.0,1.0,0.0,0.0,3,2026-08-01,2,1,11
D0447,C0253,U004,52721.27,Proposal Sent,closed,,,False,,Parsons Plc,Cody Smith,cody.smith@COMPANY.COM,(693)751-8638x782,placeholder,Daniel Wagner,daniel.wagner@yahoo.com,admin,valid,1,,0.0,0.0,1.0,0.0,0.0,0.0,3,2026-02-22,1,2,5
D0448,C0355,U013,77988.6,Prospecting,lost,2026-04-16,,False,,"Cain, Contreras And Jackson",Wayne Harris,wayne.harris@hotmail.com,583-344-0496,valid,Lisa Hensley,lisa.hensley@yahoo.com,rep,valid,2,,0.0,0.0,1.0,0.0,0.0,1.0,0,,0,0,4
D0449,C0349,U006,75792.15,Qualified,,,,False,,Dixon-Hernandez,Bryan Burns,bryan.burns@gmail.com,+1-620-310-1702x6952,valid,Connie Lawrence,connie.lawrence@gmail.com,rep,valid,3,,0.0,0.0,1.0,2.0,0.0,0.0,0,,0,0,6
D0450,C0153,U001,73044.07,Prospecting,won,2026-04-09,,False,,"Watson, Shaw And Winters",Robert Jarvis,robert.jarvis@yahoo.com,774-545-1870,valid,Allison Hill,allison.hillgmail.com,manager,malformed,0,,,,,,,,1,,0,0,1
D0451,C0214,U012,3070.34,Prospecting,open,2025-12-05,,False,,Mitchell Inc,Emily Hayes,emily.hayes@hotmail.com,+1-849-629-9556x20533,valid,Jamie Arnold,jamie.arnold@hotmail.com,rep,valid,2,2026-04-03,1.0,0.0,0.0,1.0,0.0,0.0,1,,0,1,5
D0452,C0401,U011,40668.38,Closed Lost,open,,,False,,Morgan And Sons,Scott Stewart,scott.stewart@yahoo.com,311-482-4224,valid,Monica Herrera,monica.herreragmail.com,rep,malformed,1,,0.0,0.0,0.0,1.0,0.0,0.0,2,2025-12-12,1,1,4
D0453,C0006,U013,78328.0,Prospecting,open,2026-01-04,,False,,"Alvarez, Pierce And Baker",Jenny Lewis,jenny.lewis@hotmail.com,001-534-565-7871x33150,valid,Lisa Hensley,lisa.hensley@yahoo.com,rep,valid,1,,1.0,0.0,0.0,0.0,0.0,0.0,2,2025-12-17,1,0,4
D0454,C0014,U002,30544.0,Qualified,won,,2026-08-28,False,,"Clark, Cooper And Watts",Kathy King,kathy.king@gmail.com,,valid,Noah Rhodes,noah.rhodes@gmail.com,manager,valid,3,2025-10-11,2.0,0.0,0.0,1.0,0.0,0.0,0,,0,0,6
D0455,C0034,U002,19619.0,Prospecting,closed,,,False,,Phillips Llc,Adrian Ferguson,adrian.ferguson@yahoo.com,,valid,Noah Rhodes,noah.rhodes@gmail.com,manager,valid,3,2026-05-04,1.0,0.0,1.0,0.0,0.0,1.0,0,,0,0,6
D0456,C0367,U002,72583.28,Proposal Sent,closed,2026-01-29,,False,,"Green, Davis And Richardson",Autumn Higgins,autumn.higgins@yahoo.com,001-577-613-3344x76263,valid,Noah Rhodes,noah.rhodes@gmail.com,manager,valid,2,,1.0,0.0,0.0,0.0,1.0,0.0,1,,0,1,5
D0457,C0053,U003,19392.0,Closed Won,lost,,,False,,"Turner, Ortiz And Taylor",Elizabeth Vasquez,elizabeth.vasquez@gmail.com,482.867.5869,valid,Angie Henderson,angie.hendersongmail.com,manager,malformed,2,,1.0,0.0,1.0,0.0,0.0,0.0,0,,0,0,4
D0458,C0262,U003,48020.53,Closed Lost,lost,2026-04-14,,False,,"Dennis, Long And Griffin",Kathy Walker,kathy.walker@yahoo.com,(822)451-7908x6416,valid,Angie Henderson,angie.hendersongmail.com,manager,malformed,0,,,,,,,,1,,0,1,1
D0459,C0303,U012,20360.43,Negotiation,,2026-10-02,,False,,"Young, White And Rose",William Coffey,william.coffey@hotmail.com,,valid,Jamie Arnold,jamie.arnold@hotmail.com,rep,valid,1,,1.0,0.0,0.0,0.0,0.0,0.0,1,,0,1,3
D0460,C0035,U014,2567.62,Closed Lost,lost,,,False,,Alexander-Lopez,Todd Woods,todd.woods@gmail.com,(871)590-2294x1318,valid,Michele Williams,michele.williams@gmail.com,rep,valid,3,2026-02-26,0.0,1.0,0.0,0.0,1.0,1.0,1,,0,0,7
D0461,C0060,U003,83127.17,Closed Won,lost,2026-02-15,,False,,Reynolds Ltd,Robin Hawkins,robin.hawkins@COMPANY.COM,001-688-651-6560,placeholder,Angie Henderson,angie.hendersongmail.com,manager,malformed,1,,0.0,1.0,0.0,0.0,0.0,0.0,0,,0,0,2
D0462,C0099,U006,20944.61,Proposal Sent,lost,,,False,,Stevens Plc,Hector Ingram,hector.ingram@hotmail.com,,valid,Connie Lawrence,connie.lawrence@gmail.com,rep,valid,1,,0.0,0.0,1.0,0.0,0.0,0.0,1,2026-04-06,0,1,3
D0463,C0180,U008,24787.37,Closed Won,,,,False,,"Clark, Pearson And Palmer",Tracy Fleming,tracy.fleming@yahoo.com,(829)803-4944,valid,Gina Moore,gina.moore@yahoo.com,rep,valid,3,2026-07-02,0.0,0.0,1.0,2.0,0.0,0.0,0,,0,0,6
D0464,C0317,U003,63106.16,Prospecting,open,2026-01-09,,False,,Howe Ltd,Stacie Butler,stacie.butler@yahoo.com,001-423-924-8763x290,valid,Angie Henderson,angie.hendersongmail.com,manager,malformed,1,,0.0,0.0,0.0,0.0,0.0,1.0,0,,0,0,2
D0465,C0193,U010,26779.84,Negotiation,open,,,False,,"Holland, Murphy And Kline",Debra Quinn,,(352)416-6746x762,missing,Ryan Munoz,ryan.munoz@yahoo.com,rep,valid,4,,1.0,1.0,0.0,0.0,2.0,0.0,0,,0,0,8
D0466,C0400,U008,43074.57,Proposal Sent,won,,,False,,Barrett Plc,Albert Buchanan,albert.buchanan@COMPANY.COM,297.918.9569,placeholder,Gina Moore,gina.moore@yahoo.com,rep,valid,1,,0.0,0.0,1.0,0.0,0.0,0.0,2,2026-04-05,0,1,4
D0467,C0217,U002,72715.0,Closed Won,,,2026-06-06,False,,Cox-Smith,Victor Holden,victor.holden@hotmail.com,,valid,Noah Rhodes,noah.rhodes@gmail.com,manager,valid,0,,,,,,,,1,2026-04-23,0,0,1
D0468,C0445,U012,37461.87,Qualified,,2026-06-13,,False,,"Brown, Hardin And Mcneil",Melissa Walker,melissa.walker@yahoo.com,452.570.1713x02321,valid,Jamie Arnold,jamie.arnold@hotmail.com,rep,valid,2,2026-03-01,0.0,0.0,0.0,1.0,0.0,1.0,0,,0,0,4
D0469,C0247,U011,49279.55,,closed,,,False,,Robinson-Fisher,Kathleen Watson,kathleen.watson@hotmail.com,9514204618,valid,Monica Herrera,monica.herreragmail.com,rep,malformed,2,2026-03-01,1.0,0.0,0.0,1.0,0.0,0.0,0,,0,0,4
D0470,C0132,U008,28260.31,Closed Won,lost,,,False,,Davis-Bowen,Austin Williams,austin.williams@hotmail.com,405-712-3828,valid,Gina Moore,gina.moore@yahoo.com,rep,valid,1,,0.0,0.0,1.0,0.0,0.0,0.0,1,2026-02-10,0,1,3
D0471,C0409,U012,9628.73,Prospecting,lost,,,False,,Davis Plc,Rhonda Walker,rhonda.walker@yahoo.com,(904)479-3036x149,valid,Jamie Arnold,jamie.arnold@hotmail.com,rep,valid,1,,0.0,0.0,0.0,1.0,0.0,0.0,2,2026-04-27,1,1,4
D0472,C0123,U004,8592.64,Proposal Sent,won,2026-01-13,,False,,Kim Inc,Randy Friedman,randy.friedman@yahoo.com,001-350-647-7358x66296,valid,Daniel Wagner,daniel.wagner@yahoo.com,admin,valid,4,2026-05-20,0.0,0.0,4.0,0.0,0.0,0.0,1,,0,0,9
D0473,C0271,U006,56423.61,Prospecting,,2026-07-05,,False,,Maxwell Inc,Alexander Odom,alexander.odomgmail.com,+1-949-499-3933x051,malformed,Connie Lawrence,connie.lawrence@gmail.com,rep,valid,1,,0.0,1.0,0.0,0.0,0.0,0.0,1,,1,0,3
D0474,C0352,U008,49124.52,Prospecting,lost,,,False,,Hart-Moore,Dennis Garza,dennis.garza@yahoo.com,+1-254-750-0902x559,valid,Gina Moore,gina.moore@yahoo.com,rep,valid,1,2025-06-12,0.0,0.0,1.0,0.0,0.0,0.0,1,,1,0,3
D0475,C0170,U008,52838.13,Closed Lost,lost,2026-04-04,,False,,"Spencer, Frost And Fernandez",Elizabeth Davis,elizabeth.davis@yahoo.com,001-687-920-5061,valid,Gina Moore,gina.moore@yahoo.com,rep,valid,1,,0.0,0.0,0.0,0.0,1.0,0.0,0,,0,0,2
D0476,C0424,U014,,,won,2025-11-19,,False,,"Brooks, Neal And Baldwin",,derrick.morales.dvm@hotmail.com,+1-403-733-7363x4669,valid,Michele Williams,michele.williams@gmail.com,rep,valid,3,2026-12-02,2.0,0.0,1.0,0.0,0.0,0.0,1,2026-07-19,0,1,7
D0477,C0363,U014,7117.03,Prospecting,lost,2025-12-28,,False,,"Martinez, Camacho And Mathews",Theodore Long,theodore.long@yahoo.com,913-843-2756x0417,valid,Michele Williams,michele.williams@gmail.com,rep,valid,2,,1.0,0.0,0.0,1.0,0.0,0.0,2,,1,0,6
D0478,C0329,U014,68644.58,Negotiation,closed,2025-11-23,,False,,Rodriguez-Hernandez,Dan Crane,dan.crane@gmail.com,568-727-5670x4310,valid,Michele Williams,michele.williams@gmail.com,rep,valid,0,,,,,,,,1,,0,1,1
D0479,C0126,U010,57575.28,Closed Lost,,,,False,,Taylor Llc,Charles Jackson,,,missing,Ryan Munoz,ryan.munoz@yahoo.com,rep,valid,0,,,,,,,,1,,0,1,1
D0480,C0291,U008,23872.65,Proposal Sent,,,,False,,Cook-Gonzalez,Rhonda Miller,rhonda.miller@yahoo.com,001-521-571-7477,valid,Gina Moore,gina.moore@yahoo.com,rep,valid,1,,0.0,0.0,0.0,0.0,0.0,1.0,2,,0,2,4
D0481,C0368,U011,18254.11,Prospecting,closed,,,False,,"Byrd, Barnes And Ortiz",Dylan Green,dylan.green@hotmail.com,835.897.1072x563,valid,Monica Herrera,monica.herreragmail.com,rep,malformed,0,,,,,,,,1,2026-04-07,1,0,1
D0482,C0208,U006,,Prospecting,won,,,False,,"Reed, Allen And May",Dana Williams,,261-664-8408x58877,missing,Connie Lawrence,connie.lawrence@gmail.com,rep,valid,3,,1.0,1.0,1.0,0.0,0.0,0.0,2,2025-11-08,0,1,8
D0483,C0057,U003,22006.48,Proposal Sent,open,,,False,,Harmon Plc,Arthur West,arthur.west@yahoo.com,891.878.3908x47007,valid,Angie Henderson,angie.hendersongmail.com,manager,malformed,0,,,,,,,,2,,0,1,2
D0484,C0214,U011,24271.45,Prospecting,won,,,False,,Mitchell Inc,Emily Hayes,emily.hayes@hotmail.com,+1-849-629-9556x20533,valid,Monica Herrera,monica.herreragmail.com,rep,malformed,6,2026-07-24,2.0,2.0,1.0,0.0,0.0,1.0,2,2026-12-05,2,0,14
D0485,C0325,U014,66816.52,Prospecting,,,,False,,Ford-Taylor,Cathy Savage,cathy.savage@hotmail.com,,valid,Michele Williams,michele.williams@gmail.com,rep,valid,1,,0.0,0.0,0.0,1.0,0.0,0.0,1,,1,0,3
D0486,C0436,U002,56395.46,Closed Won,lost,2026-04-14,2026-07-11,False,88.0,Clark-Williams,Mark Lowe,mark.lowe@yahoo.com,(956)336-0041x2577,valid,Noah Rhodes,noah.rhodes@gmail.com,manager,valid,1,,0.0,0.0,1.0,0.0,0.0,0.0,0,,0,0,2
D0487,C0372,U009,56962.13,Prospecting,closed,,,False,,Wilson-Woodard,Jeremy Zhang Md,jeremy.zhang.md@yahoo.com,512.215.1342x2849,valid,Gabrielle Davis,gabrielle.davis@yahoo.com,rep,valid,2,,0.0,0.0,1.0,0.0,0.0,1.0,2,2026-05-18,2,0,6
D0488,C0445,U002,66061.44,Proposal Sent,open,2025-03-12,,False,,"Brown, Hardin And Mcneil",Melissa Walker,melissa.walker@yahoo.com,452.570.1713x02321,valid,Noah Rhodes,noah.rhodes@gmail.com,manager,valid,1,,0.0,0.0,0.0,1.0,0.0,0.0,0,,0,0,2
D0489,C0376,U004,10419.0,Closed Won,won,2026-01-03,2026-03-22,False,78.0,Wade-Collier,Katherine Mcclure,katherine.mcclure@yahoo.com,,valid,Daniel Wagner,daniel.wagner@yahoo.com,admin,valid,4,2026-05-10,1.0,1.0,0.0,2.0,0.0,0.0,1,2026-07-29,1,0,9
D0490,C0028,U008,27926.91,,lost,,,False,,Combs Plc,Cameron Caldwell,cameron.caldwell@hotmail.com,674.352.9912,valid,Gina Moore,gina.moore@yahoo.com,rep,valid,2,2026-01-06,0.0,0.0,1.0,1.0,0.0,0.0,2,,0,1,6
D0491,C0183,U008,55390.7,Closed Won,won,,,False,,Sullivan-Doyle,Wendy Cabrera,wendy.cabrera@yahoo.com,001-438-675-8428x2417,valid,Gina Moore,gina.moore@yahoo.com,rep,valid,3,,2.0,1.0,0.0,0.0,0.0,0.0,1,2026-07-02,1,0,7
D0492,C0349,U013,33621.63,Proposal Sent,won,2026-03-10,,False,,Dixon-Hernandez,Bryan Burns,bryan.burns@gmail.com,+1-620-310-1702x6952,valid,Lisa Hensley,lisa.hensley@yahoo.com,rep,valid,1,,0.0,1.0,0.0,0.0,0.0,0.0,1,,0,0,3
D0493,C0433,U008,78946.87,Closed Won,open,2025-11-30,,False,,Meyers-Ortega,Kenneth Collins,kenneth.collins@gmail.com,974.930.2716x93859,valid,Gina Moore,gina.moore@yahoo.com,rep,valid,2,2026-05-11,1.0,0.0,1.0,0.0,0.0,0.0,1,,0,0,5
D0494,C0221,U011,24382.05,Negotiation,lost,2025-03-11,,False,,Clark-Martin,Alison Williams,alison.williams@hotmail.com,001-622-480-9202,valid,Monica Herrera,monica.herreragmail.com,rep,malformed,1,2025-09-12,0.0,1.0,0.0,0.0,0.0,0.0,2,2026-02-09,1,1,4
D0495,C0424,U006,70337.47,Closed Won,open,,,False,,"Brooks, Neal And Baldwin",,derrick.morales.dvm@hotmail.com,+1-403-733-7363x4669,valid,Connie Lawrence,connie.lawrence@gmail.com,rep,valid,1,,0.0,0.0,0.0,1.0,0.0,0.0,0,,0,0,2
D0496,C0369,U014,59550.04,,lost,2026-05-21,,False,,"Harper, Jones And Hawkins",Timothy Ruiz,timothy.ruiz@yahoo.com,+1-290-404-8964x652,valid,Michele Williams,michele.williams@gmail.com,rep,valid,2,,0.0,0.0,1.0,1.0,0.0,0.0,2,2026-10-06,1,0,6
D0497,C0002,U007,49580.08,Proposal Sent,won,2025-11-02,,False,,Underwood Llc,Austin Gentry,austin.gentry@hotmail.com,001-653-876-7242x388,valid,Abigail Shaffer,abigail.shaffer@gmail.com,rep,valid,0,,,,,,,,0,,0,0,0
D0498,C0400,U006,23266.77,Closed Lost,,,,False,,Barrett Plc,Albert Buchanan,albert.buchanan@COMPANY.COM,297.918.9569,placeholder,Connie Lawrence,connie.lawrence@gmail.com,rep,valid,2,,1.0,0.0,0.0,1.0,0.0,0.0,1,2026-03-07,1,0,5
D0499,C0186,U003,20244.68,Closed Won,lost,,,False,,"White, Miller And Cook",Mrs. Amy Hayes,mrs.amy.hayes@gmail.com,001-229-227-1296x66676,valid,Angie Henderson,angie.hendersongmail.com,manager,malformed,3,,0.0,1.0,0.0,1.0,0.0,1.0,1,,0,1,7
D0500,C0232,U004,5656.88,Proposal Sent,open,2026-01-23,,False,,"Webb, Sanchez And Morgan",Melanie Mosley,melanie.mosley@gmail.com,614.516.3356x5880,valid,Daniel Wagner,daniel.wagner@yahoo.com,admin,valid,0,,,,,,,,3,2026-06-06,1,1,3
D0501,C0186,U003,61501.72,Prospecting,open,,,False,,"White, Miller And Cook",Mrs. Amy Hayes,mrs.amy.hayes@gmail.com,001-229-227-1296x66676,valid,Angie Henderson,angie.hendersongmail.com,manager,malformed,0,,,,,,,,3,2026-06-21,0,2,3
D0502,C0249,U002,80495.37,Proposal Sent,won,2026-10-04,,False,,Maldonado-Collins,Mark Williams,mark.williams@hotmail.com,414.674.3503x13650,valid,Noah Rhodes,noah.rhodes@gmail.com,manager,valid,4,2026-06-28,0.0,0.0,2.0,2.0,0.0,0.0,0,,0,0,8
D0503,C0432,U004,17312.0,Proposal Sent,won,2026-06-12,2026-09-09,False,89.0,Wood Inc,Scott Jenkins,scott.jenkins@gmail.com,528-667-1632,valid,Daniel Wagner,daniel.wagner@yahoo.com,admin,valid,0,,,,,,,,1,2026-04-06,0,0,1
D0504,C0118,U010,50172.41,Closed Lost,won,2026-01-07,,False,,Landry Ltd,Aaron Taylor,aaron.taylor@COMPANY.COM,+1-931-220-3875x0997,placeholder,Ryan Munoz,ryan.munoz@yahoo.com,rep,valid,2,2026-01-04,1.0,0.0,1.0,0.0,0.0,0.0,0,,0,0,4
D0505,C0350,U007,,Proposal Sent,lost,2026-06-18,,False,,Guerrero Plc,Rebecca Harris,rebecca.harris@hotmail.com,978.748.5880x0616,valid,Abigail Shaffer,abigail.shaffer@gmail.com,rep,valid,1,,0.0,0.0,0.0,0.0,1.0,0.0,1,,0,0,3
D0506,C0118,U008,22680.35,Closed Won,open,,,False,,Landry Ltd,Aaron Taylor,aaron.taylor@COMPANY.COM,+1-931-220-3875x0997,placeholder,Gina Moore,gina.moore@yahoo.com,rep,valid,0,,,,,,,,1,2025-11-30,1,0,1
D0507,C0449,U009,23234.35,Prospecting,open,2025-10-11,,False,,Burns-Davidson,Jennifer Williams,jennifer.williams@gmail.com,(592)536-4587x5066,valid,Gabrielle Davis,gabrielle.davis@yahoo.com,rep,valid,4,2026-03-09,0.0,2.0,2.0,0.0,0.0,0.0,1,,1,0,9
D0508,C0160,U012,23243.9,Closed Lost,lost,,2026-10-03,False,,"Foster, Johnson And Vega",Daniel Lopez,daniel.lopez@yahoo.com,220.399.9347x687,valid,Jamie Arnold,jamie.arnold@hotmail.com,rep,valid,1,,1.0,0.0,0.0,0.0,0.0,0.0,1,,1,0,3
D0509,C0378,U006,52679.79,Closed Won,won,,,False,,"Jones, Williams And Rodriguez",Brandon Guerrero,brandon.guerrero@hotmail.com,254-391-8017x226,valid,Connie Lawrence,connie.lawrence@gmail.com,rep,valid,7,2026-09-06,5.0,0.0,0.0,1.0,1.0,0.0,3,2026-02-12,2,1,17
D0510,C0159,U012,72728.31,Closed Lost,open,2026-06-14,,False,,"Mccoy, Newman And Aguilar",Robert Johnson,robert.johnson@gmail.com,472.815.1070,valid,Jamie Arnold,jamie.arnold@hotmail.com,rep,valid,1,2026-09-06,1.0,0.0,0.0,0.0,0.0,0.0,0,,0,0,2
D0511,C0115,U003,23228.7,Prospecting,,2026-05-05,,False,,Booth Llc,Terry Lewis,terry.lewis@gmail.com,001-717-639-3638x5467,valid,Angie Henderson,angie.hendersongmail.com,manager,malformed,0,,,,,,,,1,,0,1,1
D0512,C0180,U012,39722.94,,,2026-06-08,,False,,"Clark, Pearson And Palmer",Tracy Fleming,tracy.fleming@yahoo.com,(829)803-4944,valid,Jamie Arnold,jamie.arnold@hotmail.com,rep,valid,2,,0.0,0.0,0.0,2.0,0.0,0.0,0,,0,0,4
D0513,C0047,U004,71218.63,Negotiation,open,,,False,,Carter Llc,David Jenkins,david.jenkins@hotmail.com,(422)519-6937,valid,Daniel Wagner,daniel.wagner@yahoo.com,admin,valid,3,2026-05-04,1.0,0.0,1.0,0.0,1.0,0.0,1,,1,0,7
D0514,C0295,U004,65532.0,Prospecting,closed,2026-01-28,,False,,"Rodriguez, Cervantes And Wise",Johnny Keller,johnny.keller@gmail.com,829.902.2784,valid,Daniel Wagner,daniel.wagner@yahoo.com,admin,valid,2,2026-01-02,0.0,1.0,1.0,0.0,0.0,0.0,0,,0,0,4
D0515,C0342,U002,25237.48,Negotiation,open,,,False,,Vazquez-Taylor,William Mills,william.mills@yahoo.com,(440)513-2234,valid,Noah Rhodes,noah.rhodes@gmail.com,manager,valid,1,,0.0,0.0,1.0,0.0,0.0,0.0,1,2026-07-01,1,0,3
D0516,C0053,U014,3911.02,Negotiation,open,,,False,,"Turner, Ortiz And Taylor",Elizabeth Vasquez,elizabeth.vasquez@gmail.com,482.867.5869,valid,Michele Williams,michele.williams@gmail.com,rep,valid,4,2026-03-07,2.0,0.0,1.0,1.0,0.0,0.0,0,,0,0,8
D0517,C0135,U010,56290.43,Prospecting,lost,,,False,,Bruce-Williamson,Michele Evans,michele.evansgmail.com,+1-891-825-1341x252,malformed,Ryan Munoz,ryan.munoz@yahoo.com,rep,valid,2,2026-07-04,1.0,0.0,0.0,0.0,0.0,1.0,0,,0,0,4
D0518,C0405,U011,63607.3,Negotiation,lost,2026-03-01,,False,,Hess Plc,William Smith,william.smith@yahoo.com,394-665-3984x028,valid,Monica Herrera,monica.herreragmail.com,rep,malformed,2,2026-02-01,1.0,0.0,0.0,0.0,1.0,0.0,3,2025-11-02,1,2,7
D0519,C0120,U013,72671.0,Closed Won,open,,,False,,Adams-Sanders,Jared Cunningham,jared.cunningham@hotmail.com,941.201.6668,valid,Lisa Hensley,lisa.hensley@yahoo.com,rep,valid,5,,0.0,1.0,3.0,0.0,0.0,1.0,1,,0,1,11
D0520,C0060,U005,76961.81,Closed Lost,lost,2026-06-24,2026-08-05,False,42.0,Reynolds Ltd,Robin Hawkins,robin.hawkins@COMPANY.COM,001-688-651-6560,placeholder,Cristian Santos,cristian.santos@gmail.com,unknown,valid,5,2026-06-05,0.0,1.0,0.0,1.0,2.0,1.0,1,,0,1,11
D0521,C0100,U008,23918.03,Closed Lost,lost,,2026-03-25,False,,Castro-Michael,Donna Berry,donna.berry@hotmail.com,(565)624-0415x7473,valid,Gina Moore,gina.moore@yahoo.com,rep,valid,0,,,,,,,,0,,0,0,0
D0522,C0093,U007,4876.58,Closed Won,open,2026-04-14,,False,,Peck-Griffith,Christopher Ferrell,christopher.ferrellgmail.com,774.270.1687x339,malformed,Abigail Shaffer,abigail.shaffer@gmail.com,rep,valid,2,2026-09-06,0.0,1.0,0.0,0.0,0.0,1.0,0,,0,0,4
D0523,C0361,U003,55543.32,Closed Lost,closed,2026-05-21,,False,,Young Inc,Emily Collier,emily.collier@hotmail.com,(236)932-1234x7649,valid,Angie Henderson,angie.hendersongmail.com,manager,malformed,3,2026-10-07,1.0,1.0,0.0,1.0,0.0,0.0,0,,0,0,6
D0524,C0151,U003,,Qualified,won,,,False,,Rogers Group,Austin Joseph,austin.joseph@hotmail.com,+1-317-378-5079x2524,valid,Angie Henderson,angie.hendersongmail.com,manager,malformed,1,,0.0,0.0,1.0,0.0,0.0,0.0,2,2026-05-06,0,2,4
D0525,C0023,U009,36980.28,Prospecting,closed,,,False,,Solis Ltd,Kristin Stewart,kristin.stewart@yahoo.com,+1-986-587-2774x348,valid,Gabrielle Davis,gabrielle.davis@yahoo.com,rep,valid,1,2026-06-10,1.0,0.0,0.0,0.0,0.0,0.0,1,2026-12-02,1,0,3
D0526,C0179,U005,2858.44,Prospecting,closed,2026-01-10,,False,,"Leblanc, Maldonado And Allen",Jeremy Horne Md,jeremy.horne.md@hotmail.com,(552)541-4060x293,valid,Cristian Santos,cristian.santos@gmail.com,unknown,valid,1,,0.0,0.0,1.0,0.0,0.0,0.0,1,,1,0,3
D0527,C0023,U002,50531.9,Closed Won,won,,2026-10-04,False,,Solis Ltd,Kristin Stewart,kristin.stewart@yahoo.com,+1-986-587-2774x348,valid,Noah Rhodes,noah.rhodes@gmail.com,manager,valid,2,2025-11-11,0.0,0.0,0.0,0.0,2.0,0.0,2,2026-06-13,1,1,6
D0528,C0439,U013,8031.41,Qualified,won,2026-01-03,,False,,Kerr-Gonzalez,Alexis Smith,,313.712.2068,missing,Lisa Hensley,lisa.hensley@yahoo.com,rep,valid,0,,,,,,,,0,,0,0,0
D0529,C0003,U007,15839.9,Prospecting,open,,,False,,"Ross, Robinson And Bright",,ann.williams@gmail.com,(626)291-6697,valid,Abigail Shaffer,abigail.shaffer@gmail.com,rep,valid,2,2025-11-26,1.0,0.0,0.0,0.0,1.0,0.0,3,2026-02-17,2,0,7
D0530,C0153,U010,8817.53,Closed Won,lost,2026-04-03,,False,,"Watson, Shaw And Winters",Robert Jarvis,robert.jarvis@yahoo.com,774-545-1870,valid,Ryan Munoz,ryan.munoz@yahoo.com,rep,valid,2,2025-11-18,0.0,0.0,0.0,0.0,0.0,2.0,1,2025-11-15,1,0,5
D0531,C0433,U001,55660.04,Proposal Sent,,,,False,,Meyers-Ortega,Kenneth Collins,kenneth.collins@gmail.com,974.930.2716x93859,valid,Allison Hill,allison.hillgmail.com,manager,malformed,1,,0.0,0.0,1.0,0.0,0.0,0.0,1,2026-06-08,1,0,3
D0532,C0152,U013,36726.92,Closed Lost,open,,,False,,Yang Inc,Scott Sanchez,scott.sanchez@yahoo.com,(662)320-8635x365,valid,Lisa Hensley,lisa.hensley@yahoo.com,rep,valid,4,2026-12-03,1.0,3.0,0.0,0.0,0.0,0.0,0,,0,0,8
D0533,C0010,U014,26118.42,Closed Lost,won,,,False,,Baker-Bowers,Jay Bernard,jay.bernard@hotmail.com,+1-972-434-3098x05009,valid,Michele Williams,michele.williams@gmail.com,rep,valid,1,2025-11-23,1.0,0.0,0.0,0.0,0.0,0.0,0,,0,0,2
D0534,C0318,U014,63046.04,Closed Won,lost,,,False,,"Clements, Burton And Patton",Aaron Young,aaron.young@gmail.com,919.958.8373x40312,valid,Michele Williams,michele.williams@gmail.com,rep,valid,2,,0.0,0.0,2.0,0.0,0.0,0.0,0,,0,0,4
D0535,C0202,U008,20864.13,Closed Lost,,,,False,,"Doyle, Spencer And Robinson",Miguel Parks,miguel.parks@hotmail.com,,valid,Gina Moore,gina.moore@yahoo.com,rep,valid,0,,,,,,,,0,,0,0,0
D0536,C0279,U002,11264.55,Proposal Sent,lost,2026-05-06,,False,,"Ramirez, Fuller And Wilkins",Cody Brown,cody.brown@yahoo.com,3208994510,valid,Noah Rhodes,noah.rhodes@gmail.com,manager,valid,2,,0.0,0.0,0.0,1.0,1.0,0.0,0,,0,0,4
D0537,C0080,U005,30211.0,Proposal Sent,,,,False,,Kramer-Cooper,Lori Ingram,lori.ingram@hotmail.com,001-252-605-8527x72217,valid,Cristian Santos,cristian.santos@gmail.com,unknown,valid,0,,,,,,,,0,,0,0,0
D0538,C0430,U014,61870.08,Closed Lost,open,,,False,,"Johnson, Floyd And Weeks",Troy Rivera,troy.rivera@hotmail.com,+1-399-766-3618x637,valid,Michele Williams,michele.williams@gmail.com,rep,valid,4,2026-04-29,1.0,1.0,0.0,1.0,0.0,1.0,4,2026-02-15,0,1,12
D0539,C0314,U004,57199.21,Negotiation,open,,,False,,"Banks, Smith And Chen",Samantha Davis,samantha.davis@hotmail.com,,valid,Daniel Wagner,daniel.wagner@yahoo.com,admin,valid,7,2026-07-01,1.0,2.0,1.0,1.0,2.0,0.0,2,2026-07-13,0,1,16
D0540,C0401,U007,18987.65,Closed Lost,won,,,False,,Morgan And Sons,Scott Stewart,scott.stewart@yahoo.com,311-482-4224,valid,Abigail Shaffer,abigail.shaffer@gmail.com,rep,valid,3,2026-02-10,1.0,0.0,2.0,0.0,0.0,0.0,1,2026-06-21,0,0,7
D0541,C0342,U003,4169.5,Qualified,closed,,,False,,Vazquez-Taylor,William Mills,william.mills@yahoo.com,(440)513-2234,valid,Angie Henderson,angie.hendersongmail.com,manager,malformed,3,2026-04-20,0.0,0.0,0.0,0.0,3.0,0.0,0,,0,0,6
D0542,C0283,U004,67037.96,Closed Lost,won,,,False,,Williams-Bailey,Christy Davidson,christy.davidson@hotmail.com,241-444-8850x1556,valid,Daniel Wagner,daniel.wagner@yahoo.com,admin,valid,5,2025-11-01,1.0,1.0,1.0,1.0,0.0,1.0,1,,1,0,11
D0543,C0430,U012,60484.81,Closed Lost,open,2026-12-01,,False,,"Johnson, Floyd And Weeks",Troy Rivera,troy.rivera@hotmail.com,+1-399-766-3618x637,valid,Jamie Arnold,jamie.arnold@hotmail.com,rep,valid,1,2026-10-07,0.0,1.0,0.0,0.0,0.0,0.0,0,,0,0,2
D0544,C0382,U002,70271.45,Prospecting,open,2025-11-26,,False,,Martin And Sons,,jill.washington@gmail.com,893.934.9605x016,valid,Noah Rhodes,noah.rhodes@gmail.com,manager,valid,1,,1.0,0.0,0.0,0.0,0.0,0.0,0,,0,0,2
D0545,C0183,U003,65124.05,Negotiation,,2026-01-24,,False,,Sullivan-Doyle,Wendy Cabrera,wendy.cabrera@yahoo.com,001-438-675-8428x2417,valid,Angie Henderson,angie.hendersongmail.com,manager,malformed,2,2026-07-04,1.0,0.0,0.0,0.0,1.0,0.0,0,,0,0,4
D0546,C0169,U014,72357.69,Qualified,open,2026-04-25,,False,,Peterson Group,Benjamin Mcmahon,benjamin.mcmahon@gmail.com,599-870-6296x20153,valid,Michele Williams,michele.williams@gmail.com,rep,valid,4,2026-06-13,1.0,0.0,2.0,1.0,0.0,0.0,1,,0,0,9
D0547,C0409,U008,,Negotiation,won,2026-06-02,,False,,Davis Plc,Rhonda Walker,rhonda.walker@yahoo.com,(904)479-3036x149,valid,Gina Moore,gina.moore@yahoo.com,rep,valid,2,2026-08-07,1.0,0.0,1.0,0.0,0.0,0.0,2,2026-05-02,2,0,6
D0548,C0075,U013,13022.53,Closed Lost,lost,2025-02-11,2025-12-04,False,296.0,Mckee-Lee,,laura.alexander@yahoo.com,001-368-386-2392x40758,valid,Lisa Hensley,lisa.hensley@yahoo.com,rep,valid,2,2026-10-01,1.0,0.0,0.0,0.0,1.0,0.0,1,,1,0,5
D0549,C0401,U011,13656.29,Closed Won,open,2026-02-13,,False,,Morgan And Sons,Scott Stewart,scott.stewart@yahoo.com,311-482-4224,valid,Monica Herrera,monica.herreragmail.com,rep,malformed,1,2026-10-01,0.0,1.0,0.0,0.0,0.0,0.0,1,,1,0,3
D0550,C0203,U013,34337.73,Qualified,lost,2025-12-18,,False,,Stokes-Mills,Charles Santiago,charles.santiago@gmail.com,324-542-0438x057,valid,Lisa Hensley,lisa.hensley@yahoo.com,rep,valid,2,2026-02-17,1.0,0.0,0.0,0.0,0.0,1.0,0,,0,0,4
D0551,C0319,U012,35067.24,Closed Lost,won,,2026-04-05,False,,Moore Inc,Jackson Clark,jackson.clark@yahoo.com,597-901-0822x07811,valid,Jamie Arnold,jamie.arnold@hotmail.com,rep,valid,2,,2.0,0.0,0.0,0.0,0.0,0.0,0,,0,0,4
D0552,C0174,U001,52468.49,Proposal Sent,closed,2026-06-07,,False,,Stokes And Sons,Blake Vega,blake.vega@gmail.com,+1-929-245-1168x6854,valid,Allison Hill,allison.hillgmail.com,manager,malformed,3,,2.0,0.0,0.0,0.0,0.0,1.0,0,,0,0,6
D0553,C0315,U013,35276.0,Closed Lost,lost,2026-02-08,,False,,Rogers-Huff,Jennifer Martinez,jennifer.martinez@hotmail.com,001-382-353-0925,valid,Lisa Hensley,lisa.hensley@yahoo.com,rep,valid,0,,,,,,,,0,,0,0,0
D0554,C0367,U012,,Qualified,closed,,,False,,"Green, Davis And Richardson",Autumn Higgins,autumn.higgins@yahoo.com,001-577-613-3344x76263,valid,Jamie Arnold,jamie.arnold@hotmail.com,rep,valid,4,2026-06-18,1.0,1.0,2.0,0.0,0.0,0.0,0,,0,0,8
D0555,C0172,U013,3828.92,Qualified,open,2025-11-02,,False,,Wood-Griffin,John Perez,john.perez@yahoo.com,001-502-211-5869,valid,Lisa Hensley,lisa.hensley@yahoo.com,rep,valid,4,2026-02-25,2.0,1.0,0.0,1.0,0.0,0.0,1,,0,1,9
D0556,C0153,U012,10721.9,Closed Won,closed,,,False,,"Watson, Shaw And Winters",Robert Jarvis,robert.jarvis@yahoo.com,774-545-1870,valid,Jamie Arnold,jamie.arnold@hotmail.com,rep,valid,2,,0.0,0.0,1.0,0.0,0.0,1.0,1,,0,1,5
D0557,C0024,U013,26379.75,Prospecting,,2025-12-31,,False,,Gonzales-Reeves,George Orozco,george.orozco@gmail.com,(723)962-3166,valid,Lisa Hensley,lisa.hensley@yahoo.com,rep,valid,1,,1.0,0.0,0.0,0.0,0.0,0.0,1,2025-12-27,0,1,3
D0558,C0293,U010,26483.33,,won,,,False,,Roth-Robles,Matthew Sparks,matthew.sparks@hotmail.com,769.563.9382x761,valid,Ryan Munoz,ryan.munoz@yahoo.com,rep,valid,0,,,,,,,,0,,0,0,0
D0559,C0262,U012,28875.22,Proposal Sent,open,,,False,,"Dennis, Long And Griffin",Kathy Walker,kathy.walker@yahoo.com,(822)451-7908x6416,valid,Jamie Arnold,jamie.arnold@hotmail.com,rep,valid,3,,2.0,1.0,0.0,0.0,0.0,0.0,2,2026-05-08,2,0,8
D0560,C0073,U012,9202.76,Closed Won,lost,2026-01-28,2026-10-02,False,247.0,White-Lewis,Katelyn Perez,katelyn.perez@gmail.com,,valid,Jamie Arnold,jamie.arnold@hotmail.com,rep,valid,0,,,,,,,,2,,0,1,2
D0561,C0342,U009,66531.86,Closed Won,closed,2026-05-06,,False,,Vazquez-Taylor,William Mills,william.mills@yahoo.com,(440)513-2234,valid,Gabrielle Davis,gabrielle.davis@yahoo.com,rep,valid,1,,0.0,0.0,0.0,1.0,0.0,0.0,0,,0,0,2
D0562,C0370,U007,43733.12,Qualified,open,,,False,,Jackson-Vasquez,John Davis,,001-886-624-1502x745,missing,Abigail Shaffer,abigail.shaffer@gmail.com,rep,valid,1,2026-03-05,0.0,0.0,0.0,0.0,1.0,0.0,1,,0,0,3
D0563,C0059,U012,41025.19,Proposal Sent,,,,False,,"Wilson, Pena And Rich",Sharon Jordan,sharon.jordan@gmail.com,(357)366-1565x45271,valid,Jamie Arnold,jamie.arnold@hotmail.com,rep,valid,2,,0.0,2.0,0.0,0.0,0.0,0.0,1,,1,0,5
D0564,C0059,U010,11592.35,Closed Won,open,,,False,,"Wilson, Pena And Rich",Sharon Jordan,sharon.jordan@gmail.com,(357)366-1565x45271,valid,Ryan Munoz,ryan.munoz@yahoo.com,rep,valid,5,,2.0,2.0,1.0,0.0,0.0,0.0,1,,0,1,11
D0565,C0188,U005,42074.78,Closed Won,won,,,False,,Colon Llc,Joy Meyer,joy.meyer@hotmail.com,262-457-5326x03323,valid,Cristian Santos,cristian.santos@gmail.com,unknown,valid,2,,0.0,1.0,0.0,1.0,0.0,0.0,2,2026-05-04,0,2,6
D0566,C0448,U005,69896.94,Proposal Sent,open,,,False,,Ford-Chavez,Larry Jones,larry.jones@gmail.com,001-873-723-0085x766,valid,Cristian Santos,cristian.santos@gmail.com,unknown,valid,1,,1.0,0.0,0.0,0.0,0.0,0.0,4,2026-07-25,3,1,6
D0567,C0022,U007,39273.26,Closed Lost,won,,,False,,"Atkinson, Jones And Perry",Cheyenne Horton,cheyenne.horton@yahoo.com,(332)901-6328x7083,valid,Abigail Shaffer,abigail.shaffer@gmail.com,rep,valid,5,,2.0,1.0,1.0,1.0,0.0,0.0,0,,0,0,10
D0568,C0254,U011,38997.74,Closed Lost,,,,False,,Davidson-Rodriguez,,andrea.conley@gmail.com,(803)917-3109,valid,Monica Herrera,monica.herreragmail.com,rep,malformed,1,2026-01-03,0.0,0.0,0.0,0.0,0.0,1.0,2,2026-06-07,0,2,4
D0569,C0196,U004,5325.95,Closed Won,lost,,,False,,"Rhodes, Cruz And Combs",Victoria Brown,victoria.browngmail.com,,malformed,Daniel Wagner,daniel.wagner@yahoo.com,admin,valid,3,2026-07-09,2.0,1.0,0.0,0.0,0.0,0.0,2,2026-09-03,2,0,8
D0570,C0358,U001,55370.83,Negotiation,closed,,,False,,"Jennings, Evans And Graham",Ronald Brown,ronald.brown@gmail.com,(644)924-9363x12303,valid,Allison Hill,allison.hillgmail.com,manager,malformed,2,2025-01-12,0.0,0.0,0.0,2.0,0.0,0.0,1,,0,1,5
D0571,C0383,U001,43470.34,Closed Lost,won,,,False,,"Lane, Simon And Duarte",James Palmer,james.palmer@hotmail.com,+1-873-908-0695x814,valid,Allison Hill,allison.hillgmail.com,manager,malformed,1,,0.0,1.0,0.0,0.0,0.0,0.0,1,2026-04-26,1,0,3
D0572,C0138,U013,38593.16,Proposal Sent,won,,,False,,Cunningham-Barton,Jorge Armstrong Iii,jorge.armstrong.iii@hotmail.com,(680)778-3613x407,valid,Lisa Hensley,lisa.hensley@yahoo.com,rep,valid,3,,2.0,0.0,1.0,0.0,0.0,0.0,1,2026-07-20,0,1,7
D0573,C0435,U001,36147.19,Negotiation,lost,,,False,,Hale-Williams,Brooke Khan,brooke.khan@hotmail.com,913-476-8151x1856,valid,Allison Hill,allison.hillgmail.com,manager,malformed,1,2026-07-17,0.0,1.0,0.0,0.0,0.0,0.0,2,2026-07-13,2,0,4
D0574,C0273,U003,16752.86,Negotiation,open,2025-03-12,,False,,Ho Group,Katherine Nguyen,katherine.nguyen@yahoo.com,,valid,Angie Henderson,angie.hendersongmail.com,manager,malformed,0,,,,,,,,0,,0,0,0
D0575,C0030,U010,3768.79,Negotiation,open,,,False,,Hunter Llc,Jason Henry,jason.henry@yahoo.com,(672)762-8498x776,valid,Ryan Munoz,ryan.munoz@yahoo.com,rep,valid,2,2026-04-11,0.0,0.0,0.0,1.0,1.0,0.0,3,2026-04-22,2,1,7
D0576,C0450,U006,5832.0,Proposal Sent,lost,2026-01-20,2026-02-07,False,18.0,Johnson-Li,Megan Terry,megan.terry@hotmail.com,(449)272-4399,valid,Connie Lawrence,connie.lawrence@gmail.com,rep,valid,2,,0.0,1.0,1.0,0.0,0.0,0.0,0,,0,0,4
D0577,C0195,U002,28081.09,Proposal Sent,open,,,False,,Pena-Smith,Kelly Manning,kelly.manning@hotmail.com,001-935-788-9163,valid,Noah Rhodes,noah.rhodes@gmail.com,manager,valid,4,,0.0,0.0,1.0,0.0,0.0,3.0,1,2026-04-03,1,0,9
D0578,C0320,U004,81950.14,Prospecting,won,,,False,,"Riley, Barnes And Burgess",Crystal Rodriguez,crystal.rodriguez@gmail.com,936-236-3179,valid,Daniel Wagner,daniel.wagner@yahoo.com,admin,valid,2,,0.0,1.0,1.0,0.0,0.0,0.0,1,,0,1,5
D0579,C0153,U010,8506.35,Closed Won,,2026-06-19,,False,,"Watson, Shaw And Winters",Robert Jarvis,robert.jarvis@yahoo.com,774-545-1870,valid,Ryan Munoz,ryan.munoz@yahoo.com,rep,valid,3,,0.0,2.0,1.0,0.0,0.0,0.0,1,,1,0,7
D0580,C0084,U013,81043.15,Proposal Sent,closed,2026-06-22,,False,,Allison Ltd,Amanda Jones,amanda.jones@hotmail.com,(456)790-9275x571,valid,Lisa Hensley,lisa.hensley@yahoo.com,rep,valid,2,2026-03-15,1.0,1.0,0.0,0.0,0.0,0.0,1,2026-03-06,1,0,5
D0581,C0233,U014,1545.33,Negotiation,open,,,False,,Davis-Nunez,Angela Velazquez,angela.velazquez@yahoo.com,553-594-2373x33433,valid,Michele Williams,michele.williams@gmail.com,rep,valid,1,2026-10-04,0.0,0.0,0.0,1.0,0.0,0.0,0,,0,0,2
D0582,C0344,U007,,Closed Won,won,,,False,,Patton Plc,Steven Lopez,steven.lopez@yahoo.com,5123495528,valid,Abigail Shaffer,abigail.shaffer@gmail.com,rep,valid,1,,0.0,1.0,0.0,0.0,0.0,0.0,0,,0,0,2
D0583,C0045,U007,62043.66,Prospecting,open,2026-02-27,,False,,Garcia-Lozano,Charles Pitts,charles.pitts@gmail.com,874-759-6158,valid,Abigail Shaffer,abigail.shaffer@gmail.com,rep,valid,3,,1.0,1.0,1.0,0.0,0.0,0.0,1,2026-01-18,1,0,7
D0584,C0405,U006,24296.6,Negotiation,won,2026-03-01,2026-04-30,False,60.0,Hess Plc,William Smith,william.smith@yahoo.com,394-665-3984x028,valid,Connie Lawrence,connie.lawrence@gmail.com,rep,valid,4,2026-05-06,1.0,0.0,1.0,1.0,0.0,1.0,0,,0,0,8
D0585,C0166,U001,52333.69,Qualified,open,,,False,,Daniel Ltd,,jenna.gamble@hotmail.com,4297593917,valid,Allison Hill,allison.hillgmail.com,manager,malformed,5,2026-03-06,0.0,1.0,0.0,2.0,1.0,1.0,2,2026-06-27,0,1,12
D0586,C0280,U012,8275.92,Closed Lost,lost,,,False,,Martin Llc,Melissa Larson,melissa.larson@hotmail.com,(879)350-1455,valid,Jamie Arnold,jamie.arnold@hotmail.com,rep,valid,3,2026-01-20,1.0,1.0,0.0,1.0,0.0,0.0,2,,0,1,8
D0587,C0420,U014,82665.26,Closed Lost,open,2026-02-05,,False,,Jones Inc,Brenda Alexander,brenda.alexandergmail.com,+1-595-400-3342x3425,malformed,Michele Williams,michele.williams@gmail.com,rep,valid,3,2026-11-03,0.0,2.0,0.0,1.0,0.0,0.0,0,,0,0,6
D0588,C0062,U008,2281.84,Closed Won,won,,2026-07-07,False,,White Ltd,Tammy Bell,tammy.bell@gmail.com,(896)812-0183,valid,Gina Moore,gina.moore@yahoo.com,rep,valid,4,2026-06-11,0.0,1.0,1.0,2.0,0.0,0.0,1,,0,1,9
D0589,C0316,U005,82269.26,Proposal Sent,won,,,False,,Thomas-Perry,Kristen Gonzales,kristen.gonzales@hotmail.com,2212962071,valid,Cristian Santos,cristian.santos@gmail.com,unknown,valid,1,2026-04-15,1.0,0.0,0.0,0.0,0.0,0.0,1,,1,0,3
D0590,C0414,U011,49020.04,Closed Won,open,,2026-06-03,False,,"Griffin, Martinez And Villegas",,jamie.wu@hotmail.com,320-270-4961,valid,Monica Herrera,monica.herreragmail.com,rep,malformed,4,,0.0,1.0,2.0,1.0,0.0,0.0,2,2026-07-03,1,0,10
D0591,C0285,U003,63788.78,Prospecting,open,2026-04-30,,False,,Ray Llc,Stacy Gomez,stacy.gomez@gmail.com,605-768-2996x291,valid,Angie Henderson,angie.hendersongmail.com,manager,malformed,5,2026-10-06,1.0,1.0,1.0,1.0,0.0,1.0,1,,0,1,11
D0592,C0369,U013,3430.31,Proposal Sent,won,,2026-08-17,False,,"Harper, Jones And Hawkins",Timothy Ruiz,timothy.ruiz@yahoo.com,+1-290-404-8964x652,valid,Lisa Hensley,lisa.hensley@yahoo.com,rep,valid,3,2026-06-05,0.0,1.0,1.0,0.0,1.0,0.0,0,,0,0,6
D0593,C0445,U008,57703.83,Prospecting,lost,,,False,,"Brown, Hardin And Mcneil",Melissa Walker,melissa.walker@yahoo.com,452.570.1713x02321,valid,Gina Moore,gina.moore@yahoo.com,rep,valid,0,,,,,,,,0,,0,0,0
D0594,C0138,U002,42880.49,Closed Lost,,,,False,,Cunningham-Barton,Jorge Armstrong Iii,jorge.armstrong.iii@hotmail.com,(680)778-3613x407,valid,Noah Rhodes,noah.rhodes@gmail.com,manager,valid,1,,0.0,0.0,1.0,0.0,0.0,0.0,1,2026-12-06,1,0,3
D0595,C0024,U005,38979.94,Closed Won,closed,2026-05-12,,False,,Gonzales-Reeves,George Orozco,george.orozco@gmail.com,(723)962-3166,valid,Cristian Santos,cristian.santos@gmail.com,unknown,valid,2,,0.0,1.0,0.0,1.0,0.0,0.0,3,2026-01-18,1,2,7
D0596,C0408,U001,78069.0,Proposal Sent,lost,2025-12-01,,False,,"Martinez, Stanton And Bennett",Jasmine Combs,jasmine.combs@hotmail.com,6177537030,valid,Allison Hill,allison.hillgmail.com,manager,malformed,4,2026-09-04,0.0,1.0,0.0,0.0,1.0,2.0,1,,1,0,9
D0597,C0014,U008,50976.32,Closed Won,open,,,False,,"Clark, Cooper And Watts",Kathy King,kathy.king@gmail.com,,valid,Gina Moore,gina.moore@yahoo.com,rep,valid,0,,,,,,,,2,2025-11-23,1,1,2
D0598,C0238,U004,70106.42,Negotiation,open,2025-11-03,,False,,Vaughn Inc,David Combs,david.combs@gmail.com,,valid,Daniel Wagner,daniel.wagner@yahoo.com,admin,valid,1,,0.0,0.0,0.0,0.0,0.0,1.0,0,,0,0,2
D0599,C0313,U008,49841.03,Prospecting,,,,False,,Johnson Inc,Nathan Sullivan,nathan.sullivan@gmail.com,+1-287-582-9310x2707,valid,Gina Moore,gina.moore@yahoo.com,rep,valid,1,,0.0,0.0,0.0,1.0,0.0,0.0,1,2026-04-19,0,0,3
D0600,C0158,U014,6677.19,Prospecting,open,,,False,,"Williams, Evans And Wilkins",Tristan Bond,tristan.bond@hotmail.com,001-883-717-1210x0323,valid,Michele Williams,michele.williams@gmail.com,rep,valid,1,,0.0,1.0,0.0,0.0,0.0,0.0,0,,0,0,2
D0601,C0218,U002,,Prospecting,open,2026-05-21,,False,,Robinson Group,Dennis Young,dennis.young@hotmail.com,385.667.7005,valid,Noah Rhodes,noah.rhodes@gmail.com,manager,valid,2,,1.0,0.0,0.0,1.0,0.0,0.0,1,,0,0,5
D0602,C0208,U004,33557.32,Prospecting,,,,False,,"Reed, Allen And May",Dana Williams,,261-664-8408x58877,missing,Daniel Wagner,daniel.wagner@yahoo.com,admin,valid,3,2026-05-17,0.0,0.0,2.0,1.0,0.0,0.0,1,,0,0,7
D0603,C0329,U011,44687.28,Prospecting,,2026-03-25,,False,,Rodriguez-Hernandez,Dan Crane,dan.crane@gmail.com,568-727-5670x4310,valid,Monica Herrera,monica.herreragmail.com,rep,malformed,3,2026-03-22,2.0,0.0,0.0,1.0,0.0,0.0,3,2026-03-11,2,0,9
D0604,C0034,U010,,Proposal Sent,open,,,False,,Phillips Llc,Adrian Ferguson,adrian.ferguson@yahoo.com,,valid,Ryan Munoz,ryan.munoz@yahoo.com,rep,valid,2,2026-04-19,1.0,0.0,0.0,1.0,0.0,0.0,2,2026-01-14,2,0,6
D0605,C0122,U003,12161.34,Prospecting,open,,,False,,"Elliott, Johnson And Mcfarland",Tyrone Matthews,tyrone.matthews@COMPANY.COM,001-761-242-9396x85621,placeholder,Angie Henderson,angie.hendersongmail.com,manager,malformed,3,2026-04-01,0.0,1.0,0.0,1.0,1.0,0.0,0,,0,0,6
D0606,C0446,U009,40705.23,Qualified,open,2026-01-08,,False,,Romero Group,Emily Griffith,emily.griffith@gmail.com,(829)434-4973x47156,valid,Gabrielle Davis,gabrielle.davis@yahoo.com,rep,valid,0,,,,,,,,2,,0,0,2
D0607,C0332,U011,21321.84,Qualified,open,2025-11-20,,False,,Wood-Harris,Mary Spence,mary.spence@gmail.com,(778)428-4106x727,valid,Monica Herrera,monica.herreragmail.com,rep,malformed,2,2026-01-29,0.0,0.0,0.0,1.0,1.0,0.0,0,,0,0,4
D0608,C0098,U004,30019.59,Proposal Sent,open,2026-12-02,,False,,"Allen, Armstrong And Graves",Jeremy Barnes,jeremy.barnesgmail.com,(836)789-7028x38578,malformed,Daniel Wagner,daniel.wagner@yahoo.com,admin,valid,3,2026-04-25,0.0,0.0,1.0,1.0,0.0,1.0,3,,1,2,9
D0609,C0167,U014,28939.69,Negotiation,won,2026-03-30,,False,,"Miller, Reed And Flores",Tracey Underwood,tracey.underwood@hotmail.com,+1-857-904-3315x4100,valid,Michele Williams,michele.williams@gmail.com,rep,valid,4,2025-08-12,0.0,0.0,3.0,0.0,0.0,1.0,1,,1,0,9
D0610,C0323,U004,53597.0,Proposal Sent,,,,False,,Smith-Patterson,Danielle Hamilton,danielle.hamilton@gmail.com,001-229-806-0078,valid,Daniel Wagner,daniel.wagner@yahoo.com,admin,valid,0,,,,,,,,1,,1,0,1
D0611,C0190,U004,31795.23,Closed Won,open,,,False,,"Hernandez, Neal And Mccoy",Matthew Bates,matthew.bates@yahoo.com,+1-592-561-8914x117,valid,Daniel Wagner,daniel.wagner@yahoo.com,admin,valid,2,2026-04-03,0.0,0.0,1.0,1.0,0.0,0.0,1,2026-07-29,0,0,5
D0612,C0222,U004,,Closed Won,open,,,False,,"Mullen, Greene And Elliott",Nathan Stanley,nathan.stanley@yahoo.com,437-497-7236,valid,Daniel Wagner,daniel.wagner@yahoo.com,admin,valid,5,2025-07-11,1.0,0.0,2.0,1.0,1.0,0.0,1,2026-07-04,1,0,11
D0613,C0427,U009,17865.0,Proposal Sent,open,2025-11-28,,False,,Johnson-Gonzalez,Gary Turner,gary.turner@hotmail.com,239-928-4044x566,valid,Gabrielle Davis,gabrielle.davis@yahoo.com,rep,valid,1,,0.0,0.0,0.0,0.0,1.0,0.0,1,,0,0,3
D0614,C0342,U003,79665.53,Closed Won,open,,2026-02-18,False,,Vazquez-Taylor,William Mills,william.mills@yahoo.com,(440)513-2234,valid,Angie Henderson,angie.hendersongmail.com,manager,malformed,0,,,,,,,,2,2025-11-26,0,1,2
D0615,C0404,U010,11394.19,Closed Won,open,2026-04-20,,False,,"Richmond, Leonard And Sanchez",Rachel Torres,rachel.torres@yahoo.com,918.232.5823x868,valid,Ryan Munoz,ryan.munoz@yahoo.com,rep,valid,4,2026-12-02,2.0,0.0,0.0,1.0,1.0,0.0,4,,1,2,12
D0616,C0191,U012,37366.6,Closed Won,lost,,2026-06-29,False,,Decker-Dudley,Jason Martin,jason.martin@hotmail.com,337.353.0011x9721,valid,Jamie Arnold,jamie.arnold@hotmail.com,rep,valid,6,2026-05-18,1.0,2.0,1.0,1.0,1.0,0.0,1,2026-01-18,0,1,13
D0617,C0148,U013,5947.12,Qualified,lost,,,False,,Smith Inc,Daniel Livingston,daniel.livingston@yahoo.com,348.566.6188x92414,valid,Lisa Hensley,lisa.hensley@yahoo.com,rep,valid,2,,1.0,0.0,1.0,0.0,0.0,0.0,1,,1,0,5
D0618,C0105,U012,67548.27,Prospecting,,,,False,,Griffin Llc,Elizabeth Sharp,elizabeth.sharp@gmail.com,653-701-7426x841,valid,Jamie Arnold,jamie.arnold@hotmail.com,rep,valid,3,,1.0,0.0,1.0,1.0,0.0,0.0,0,,0,0,6
D0619,C0326,U013,44828.0,Closed Lost,lost,,,False,,"Gilmore, Fitzgerald And Brown",Megan Barron,megan.barron@gmail.com,(757)590-5528x1832,valid,Lisa Hensley,lisa.hensley@yahoo.com,rep,valid,2,,0.0,1.0,0.0,0.0,1.0,0.0,1,,1,0,5
D0620,C0238,U005,19830.0,Closed Won,open,,,False,,Vaughn Inc,David Combs,david.combs@gmail.com,,valid,Cristian Santos,cristian.santos@gmail.com,unknown,valid,6,2026-02-07,1.0,3.0,0.0,0.0,2.0,0.0,2,2025-11-21,1,0,14
D0621,C0448,U007,47471.09,Qualified,lost,,,False,,Ford-Chavez,Larry Jones,larry.jones@gmail.com,001-873-723-0085x766,valid,Abigail Shaffer,abigail.shaffer@gmail.com,rep,valid,5,2026-06-03,2.0,0.0,2.0,1.0,0.0,0.0,1,2026-04-17,1,0,11
D0622,C0294,U001,29587.23,Closed Lost,closed,,,False,,"Garza, Mueller And Graham",Kimberly Young,kimberly.young@hotmail.com,+1-819-371-9975x81724,valid,Allison Hill,allison.hillgmail.com,manager,malformed,2,,0.0,0.0,0.0,0.0,0.0,2.0,2,,0,2,6
D0623,C0137,U007,,Prospecting,open,,,False,,Washington And Sons,Tracey Wagner,tracey.wagner@yahoo.com,(676)477-2190x34043,valid,Abigail Shaffer,abigail.shaffer@gmail.com,rep,valid,2,2026-06-26,0.0,0.0,0.0,1.0,0.0,1.0,0,,0,0,4
D0624,C0148,U014,47145.43,Closed Lost,closed,2026-05-27,,False,,Smith Inc,Daniel Livingston,daniel.livingston@yahoo.com,348.566.6188x92414,valid,Michele Williams,michele.williams@gmail.com,rep,valid,1,,0.0,0.0,0.0,1.0,0.0,0.0,0,,0,0,2
D0625,C0036,U006,18226.0,Prospecting,closed,,,False,,"James, Kerr And Evans",Jessica Carroll,jessica.carroll@gmail.com,+1-213-834-1232x812,valid,Connie Lawrence,connie.lawrence@gmail.com,rep,valid,2,,0.0,0.0,0.0,1.0,0.0,1.0,2,2026-02-19,0,2,6
D0626,C0389,U011,84832.64,Proposal Sent,won,,,False,,Wagner-Miller,Paul Ward,paul.ward@hotmail.com,928.763.2666,valid,Monica Herrera,monica.herreragmail.com,rep,malformed,2,2026-11-07,0.0,0.0,0.0,0.0,1.0,1.0,1,2025-12-09,0,1,5
D0627,C0390,U005,80475.55,Negotiation,lost,2025-11-29,2026-01-22,False,54.0,Ramos Inc,Kelly Jones,kelly.jones@yahoo.com,,valid,Cristian Santos,cristian.santos@gmail.com,unknown,valid,4,,2.0,1.0,0.0,0.0,1.0,0.0,0,,0,0,8
D0628,C0385,U003,61899.0,Closed Won,won,,,False,,Whitaker-Nunez,Rebecca Marsh,rebecca.marshgmail.com,(493)941-7223,malformed,Angie Henderson,angie.hendersongmail.com,manager,malformed,0,,,,,,,,3,2026-04-23,1,1,3
D0629,C0365,U014,27642.0,Closed Lost,lost,2026-06-01,,False,,"Taylor, Morales And Fuller",Bradley Moore,bradley.moore@COMPANY.COM,329.865.7724x29543,placeholder,Michele Williams,michele.williams@gmail.com,rep,valid,3,,1.0,0.0,2.0,0.0,0.0,0.0,2,2026-03-18,1,0,8
D0630,C0430,U009,49721.96,Prospecting,lost,2025-12-17,2026-06-01,False,166.0,"Johnson, Floyd And Weeks",Troy Rivera,troy.rivera@hotmail.com,+1-399-766-3618x637,valid,Gabrielle Davis,gabrielle.davis@yahoo.com,rep,valid,4,2025-03-12,2.0,0.0,1.0,1.0,0.0,0.0,0,,0,0,8
D0631,C0171,U004,64344.29,Closed Won,lost,,,False,,Davis And Sons,Edgar Miller,edgar.millergmail.com,446-777-4186,malformed,Daniel Wagner,daniel.wagner@yahoo.com,admin,valid,6,2026-02-15,0.0,0.0,2.0,2.0,1.0,1.0,1,2026-04-19,1,0,13
D0632,C0286,U013,14333.22,Prospecting,open,,,False,,"Johnson, Gutierrez And Crawford",Jesse Sampson,jesse.sampson@gmail.com,542.715.0317x80782,valid,Lisa Hensley,lisa.hensley@yahoo.com,rep,valid,0,,,,,,,,0,,0,0,0
D0633,C0289,U014,80715.84,Closed Won,lost,,2026-01-17,False,,Moore Inc,Marcus Palmer,marcus.palmer@gmail.com,+1-458-354-2493,valid,Michele Williams,michele.williams@gmail.com,rep,valid,2,2026-03-02,2.0,0.0,0.0,0.0,0.0,0.0,1,2026-03-31,0,1,5
D0634,C0227,U011,15813.88,Negotiation,open,,,False,,Arnold-Grant,Justin Webb,justin.webb@yahoo.com,001-556-821-3721,valid,Monica Herrera,monica.herreragmail.com,rep,malformed,2,,0.0,1.0,0.0,0.0,1.0,0.0,1,,1,0,5
D0635,C0093,U004,,Prospecting,lost,2026-01-02,,False,,Peck-Griffith,Christopher Ferrell,christopher.ferrellgmail.com,774.270.1687x339,malformed,Daniel Wagner,daniel.wagner@yahoo.com,admin,valid,3,2026-03-23,1.0,0.0,1.0,0.0,0.0,1.0,0,,0,0,6
D0636,C0261,U001,34157.29,Qualified,lost,2026-08-03,,False,,Conrad-Martinez,Nicole Atkinson,nicole.atkinson@gmail.com,+1-460-248-0589x2583,valid,Allison Hill,allison.hillgmail.com,manager,malformed,1,,0.0,0.0,0.0,1.0,0.0,0.0,0,,0,0,2
D0637,C0197,U014,74182.5,Proposal Sent,open,,,False,,Montoya-Miller,Kenneth Miller,kenneth.miller@yahoo.com,,valid,Michele Williams,michele.williams@gmail.com,rep,valid,1,,0.0,0.0,0.0,1.0,0.0,0.0,2,,2,0,4
D0638,C0290,U005,61350.47,Proposal Sent,closed,2026-06-27,,False,,Austin-Morgan,Carlos Ruiz,carlos.ruiz@hotmail.com,9167016629,valid,Cristian Santos,cristian.santos@gmail.com,unknown,valid,1,,0.0,0.0,1.0,0.0,0.0,0.0,0,,0,0,2
D0639,C0416,U007,28962.44,Proposal Sent,closed,,,False,,Garcia Plc,Leslie Randall,leslie.randall@hotmail.com,(584)456-7972,valid,Abigail Shaffer,abigail.shaffer@gmail.com,rep,valid,0,,,,,,,,3,2026-07-22,1,2,3
D0640,C0373,U002,30456.28,Negotiation,,2026-12-02,,False,,"Wang, White And Knapp",Jonathan Davis,,904-616-5915x20177,missing,Noah Rhodes,noah.rhodes@gmail.com,manager,valid,2,,1.0,0.0,0.0,1.0,0.0,0.0,1,2026-05-17,1,0,5
D0641,C0409,U014,16494.77,Qualified,lost,,,False,,Davis Plc,Rhonda Walker,rhonda.walker@yahoo.com,(904)479-3036x149,valid,Michele Williams,michele.williams@gmail.com,rep,valid,3,,0.0,2.0,1.0,0.0,0.0,0.0,2,2026-06-25,0,0,8
D0642,C0353,U010,21514.55,Prospecting,lost,,,False,,Davis-Reed,Gregory Stanley,gregory.stanley@gmail.com,249.711.4152,valid,Ryan Munoz,ryan.munoz@yahoo.com,rep,valid,1,2026-06-04,0.0,0.0,0.0,0.0,1.0,0.0,0,,0,0,2
D0643,C0353,U012,35841.73,Proposal Sent,,,,False,,Davis-Reed,Gregory Stanley,gregory.stanley@gmail.com,249.711.4152,valid,Jamie Arnold,jamie.arnold@hotmail.com,rep,valid,1,,0.0,1.0,0.0,0.0,0.0,0.0,0,,0,0,2
D0644,C0052,U009,15264.0,Negotiation,lost,,,False,,Chambers-Chambers,Samantha Bentley,samantha.bentley@COMPANY.COM,337-909-8593,placeholder,Gabrielle Davis,gabrielle.davis@yahoo.com,rep,valid,2,,0.0,0.0,1.0,0.0,0.0,1.0,1,,0,1,5
D0645,C0323,U012,63787.45,Closed Lost,lost,2026-01-28,,False,,Smith-Patterson,Danielle Hamilton,danielle.hamilton@gmail.com,001-229-806-0078,valid,Jamie Arnold,jamie.arnold@hotmail.com,rep,valid,0,,,,,,,,2,,1,1,2
D0646,C0165,U011,7197.8,Closed Lost,,,,False,,Bush-Bates,Gabrielle Morris,gabrielle.morris@gmail.com,001-667-452-8953x9264,valid,Monica Herrera,monica.herreragmail.com,rep,malformed,1,,0.0,0.0,0.0,0.0,1.0,0.0,0,,0,0,2
D0647,C0424,U003,52184.0,Qualified,open,,,False,,"Brooks, Neal And Baldwin",,derrick.morales.dvm@hotmail.com,+1-403-733-7363x4669,valid,Angie Henderson,angie.hendersongmail.com,manager,malformed,1,,0.0,0.0,0.0,1.0,0.0,0.0,0,,0,0,2
D0648,C0339,U013,38295.0,Prospecting,won,,,False,,"Brown, Flores And Johns",Christopher Nelson,christopher.nelson@yahoo.com,+1-750-744-8183x2192,valid,Lisa Hensley,lisa.hensley@yahoo.com,rep,valid,0,,,,,,,,1,,0,0,1
D0649,C0422,U011,34116.64,Closed Lost,open,,,False,,Andrade And Sons,Cheryl Gray,cheryl.gray@yahoo.com,696-430-9938x42530,valid,Monica Herrera,monica.herreragmail.com,rep,malformed,1,2026-05-10,0.0,0.0,0.0,0.0,0.0,1.0,1,,0,1,3
D0650,C0391,U007,77381.0,Proposal Sent,won,,,False,,Smith-Ramirez,Tami Graves,tami.graves@yahoo.com,+1-738-899-7563x4108,valid,Abigail Shaffer,abigail.shaffer@gmail.com,rep,valid,1,2026-02-05,0.0,0.0,0.0,1.0,0.0,0.0,1,,0,1,3
D0651,C0008,U006,19917.42,Proposal Sent,open,2025-10-31,,False,,Davis Group,Jason Shields,jason.shields@gmail.com,,valid,Connie Lawrence,connie.lawrence@gmail.com,rep,valid,1,,0.0,0.0,1.0,0.0,0.0,0.0,2,2026-02-11,0,2,4
D0652,C0022,U007,69604.63,Closed Lost,open,,,False,,"Atkinson, Jones And Perry",Cheyenne Horton,cheyenne.horton@yahoo.com,(332)901-6328x7083,valid,Abigail Shaffer,abigail.shaffer@gmail.com,rep,valid,2,,0.0,0.0,0.0,0.0,0.0,2.0,1,2026-04-27,0,1,5
D0653,C0273,U007,20906.08,Closed Won,open,2026-01-17,,False,,Ho Group,Katherine Nguyen,katherine.nguyen@yahoo.com,,valid,Abigail Shaffer,abigail.shaffer@gmail.com,rep,valid,1,,0.0,1.0,0.0,0.0,0.0,0.0,2,2026-02-06,0,1,4
D0654,C0159,U001,19878.03,Closed Won,won,,,False,,"Mccoy, Newman And Aguilar",Robert Johnson,robert.johnson@gmail.com,472.815.1070,valid,Allison Hill,allison.hillgmail.com,manager,malformed,0,,,,,,,,0,,0,0,0
D0655,C0446,U004,43214.6,Closed Won,won,,,False,,Romero Group,Emily Griffith,emily.griffith@gmail.com,(829)434-4973x47156,valid,Daniel Wagner,daniel.wagner@yahoo.com,admin,valid,4,2026-04-07,2.0,1.0,1.0,0.0,0.0,0.0,0,,0,0,8
D0656,C0303,U006,16140.14,Closed Won,open,,,False,,"Young, White And Rose",William Coffey,william.coffey@hotmail.com,,valid,Connie Lawrence,connie.lawrence@gmail.com,rep,valid,0,,,,,,,,2,,1,1,2
D0657,C0009,U010,54989.0,Closed Lost,lost,2026-02-13,2026-04-22,False,68.0,Baxter Inc,Scott Pierce,scott.pierce@gmail.com,+1-880-213-2677x3602,valid,Ryan Munoz,ryan.munoz@yahoo.com,rep,valid,0,,,,,,,,2,2026-07-05,1,0,2
D0658,C0384,U002,64730.02,Negotiation,won,,,False,,Simpson Ltd,Michael Smith,michael.smith@COMPANY.COM,637-857-3839x5972,placeholder,Noah Rhodes,noah.rhodes@gmail.com,manager,valid,2,2026-03-27,1.0,0.0,0.0,0.0,1.0,0.0,3,2026-07-03,3,0,7
D0659,C0101,U003,4665.21,Closed Won,won,,,False,,"Horton, Taylor And Gilbert",Dana Santiago,dana.santiago@hotmail.com,230.416.5712,valid,Angie Henderson,angie.hendersongmail.com,manager,malformed,1,2025-07-11,0.0,1.0,0.0,0.0,0.0,0.0,4,2026-05-17,1,2,6
D0660,C0067,U005,44992.88,Negotiation,open,,,False,,"Miller, Harrell And Reese",Richard Jones,richard.jones@hotmail.com,488-635-5231,valid,Cristian Santos,cristian.santos@gmail.com,unknown,valid,2,2025-11-25,1.0,0.0,0.0,1.0,0.0,0.0,0,,0,0,4
D0661,C0115,U014,18685.76,Negotiation,lost,2025-11-27,,False,,Booth Llc,Terry Lewis,terry.lewis@gmail.com,001-717-639-3638x5467,valid,Michele Williams,michele.williams@gmail.com,rep,valid,6,2026-01-13,0.0,1.0,2.0,1.0,2.0,0.0,1,2026-06-05,0,1,13
D0662,C0307,U014,16826.05,Closed Won,closed,,,False,,Johnson Inc,Kristopher Shannon,kristopher.shannon@gmail.com,+1-611-919-2692x124,valid,Michele Williams,michele.williams@gmail.com,rep,valid,2,2025-11-06,0.0,0.0,1.0,0.0,1.0,0.0,1,,0,0,5
D0663,C0026,U011,9161.91,Qualified,won,2026-04-15,,False,,Tucker-Price,Rebecca Ramsey,,929.480.6990x162,missing,Monica Herrera,monica.herreragmail.com,rep,malformed,4,,0.0,2.0,1.0,0.0,1.0,0.0,0,,0,0,8
D0664,C0215,U012,61760.0,Closed Lost,won,2026-05-07,2026-05-31,False,24.0,Taylor-Quinn,Julie Howard,julie.howard@yahoo.com,281.229.1428x3411,valid,Jamie Arnold,jamie.arnold@hotmail.com,rep,valid,2,,0.0,0.0,0.0,2.0,0.0,0.0,1,2026-11-04,1,0,5
D0665,C0226,U011,8181.33,Proposal Sent,won,2025-12-02,,False,,"Manning, Smith And Mills",Jaime Harris,jaime.harris@yahoo.com,,valid,Monica Herrera,monica.herreragmail.com,rep,malformed,0,,,,,,,,1,2025-12-05,0,1,1
D0666,C0254,U010,69936.92,Closed Won,open,,,False,,Davidson-Rodriguez,,andrea.conley@gmail.com,(803)917-3109,valid,Ryan Munoz,ryan.munoz@yahoo.com,rep,valid,3,2026-07-16,1.0,1.0,0.0,1.0,0.0,0.0,0,,0,0,6
D0667,C0431,U002,14258.69,Negotiation,closed,,,False,,"Hayden, Fowler And Torres",Michael Thompson,michael.thompson@hotmail.com,+1-370-923-1643x348,valid,Noah Rhodes,noah.rhodes@gmail.com,manager,valid,2,2026-01-01,0.0,0.0,0.0,1.0,0.0,1.0,1,,1,0,5
D0668,C0143,U007,7506.96,,,2026-04-30,,False,,Smith-Rubio,Michael Anderson,michael.anderson@COMPANY.COM,+1-542-841-5415x2064,placeholder,Abigail Shaffer,abigail.shaffer@gmail.com,rep,valid,4,,1.0,1.0,1.0,1.0,0.0,0.0,0,,0,0,8
D0669,C0003,U001,35280.36,Closed Lost,lost,,,False,,"Ross, Robinson And Bright",,ann.williams@gmail.com,(626)291-6697,valid,Allison Hill,allison.hillgmail.com,manager,malformed,1,2026-07-15,1.0,0.0,0.0,0.0,0.0,0.0,1,,1,0,3
D0670,C0324,U010,84371.45,Prospecting,lost,2026-03-27,,False,,"Foster, Pacheco And Horton",Jon Miller,jon.miller@gmail.com,001-963-225-4310x742,valid,Ryan Munoz,ryan.munoz@yahoo.com,rep,valid,3,2025-12-08,0.0,2.0,0.0,0.0,0.0,1.0,0,,0,0,6
D0671,C0128,U013,54520.81,Closed Won,closed,,,False,,Navarro-Chen,Rachael Nguyen,rachael.nguyen@yahoo.com,(651)393-9828x0737,valid,Lisa Hensley,lisa.hensley@yahoo.com,rep,valid,1,,0.0,0.0,0.0,1.0,0.0,0.0,2,2026-07-18,1,0,4
D0672,C0372,U004,4381.38,Proposal Sent,,2026-01-06,,False,,Wilson-Woodard,Jeremy Zhang Md,jeremy.zhang.md@yahoo.com,512.215.1342x2849,valid,Daniel Wagner,daniel.wagner@yahoo.com,admin,valid,0,,,,,,,,1,,0,1,1
D0673,C0326,U003,80346.15,Proposal Sent,,,,False,,"Gilmore, Fitzgerald And Brown",Megan Barron,megan.barron@gmail.com,(757)590-5528x1832,valid,Angie Henderson,angie.hendersongmail.com,manager,malformed,3,2026-08-03,0.0,1.0,0.0,1.0,0.0,1.0,2,2026-01-01,1,1,8
D0674,C0424,U003,65876.18,Prospecting,open,,,False,,"Brooks, Neal And Baldwin",,derrick.morales.dvm@hotmail.com,+1-403-733-7363x4669,valid,Angie Henderson,angie.hendersongmail.com,manager,malformed,2,,0.0,0.0,0.0,1.0,1.0,0.0,2,,1,0,6
D0675,C0041,U009,,Proposal Sent,lost,,,False,,Lopez Llc,Kathleen Ramos,kathleen.ramos@gmail.com,548.424.7710,valid,Gabrielle Davis,gabrielle.davis@yahoo.com,rep,valid,6,2026-07-08,1.0,1.0,2.0,0.0,2.0,0.0,3,2026-03-30,0,1,15
D0676,C0296,U005,10624.38,Closed Won,open,2026-04-02,,False,,Harris Llc,Robert Frazier,robert.frazier@COMPANY.COM,(251)790-9862x40580,placeholder,Cristian Santos,cristian.santos@gmail.com,unknown,valid,3,2026-02-19,1.0,0.0,2.0,0.0,0.0,0.0,0,,0,0,6
D0677,C0105,U012,83916.63,Closed Won,won,,,False,,Griffin Llc,Elizabeth Sharp,elizabeth.sharp@gmail.com,653-701-7426x841,valid,Jamie Arnold,jamie.arnold@hotmail.com,rep,valid,3,,0.0,1.0,1.0,1.0,0.0,0.0,1,,1,0,7
D0678,C0352,U007,25576.41,Closed Lost,lost,2025-11-10,,False,,Hart-Moore,Dennis Garza,dennis.garza@yahoo.com,+1-254-750-0902x559,valid,Abigail Shaffer,abigail.shaffer@gmail.com,rep,valid,3,,0.0,0.0,2.0,0.0,0.0,1.0,1,,0,1,7
D0679,C0245,U003,39130.18,Closed Lost,open,2026-06-24,,False,,Martin Ltd,Sandra Walker,sandra.walker@gmail.com,(338)994-4846x31224,valid,Angie Henderson,angie.hendersongmail.com,manager,malformed,1,2026-06-13,0.0,0.0,0.0,0.0,1.0,0.0,3,2026-01-11,3,0,5
D0680,C0409,U013,38300.99,Proposal Sent,won,2026-06-03,,False,,Davis Plc,Rhonda Walker,rhonda.walker@yahoo.com,(904)479-3036x149,valid,Lisa Hensley,lisa.hensley@yahoo.com,rep,valid,1,2026-02-03,0.0,0.0,1.0,0.0,0.0,0.0,1,,0,0,3
D0681,C0043,U007,30069.69,Prospecting,won,2026-05-18,,False,,"Thomas, Lee And Greene",Breanna Jones,breanna.jones@yahoo.com,,valid,Abigail Shaffer,abigail.shaffer@gmail.com,rep,valid,3,,2.0,0.0,0.0,1.0,0.0,0.0,2,2026-06-18,2,0,8
D0682,C0134,U013,9586.29,Prospecting,open,,,False,,"Stokes, Brown And Garcia",Chelsea Nguyen,chelsea.nguyen@yahoo.com,347-785-9696,valid,Lisa Hensley,lisa.hensley@yahoo.com,rep,valid,1,,0.0,1.0,0.0,0.0,0.0,0.0,1,,0,1,3
D0683,C0385,U005,51965.02,Closed Lost,,,,False,,Whitaker-Nunez,Rebecca Marsh,rebecca.marshgmail.com,(493)941-7223,malformed,Cristian Santos,cristian.santos@gmail.com,unknown,valid,0,,,,,,,,1,2026-09-07,1,0,1
D0684,C0182,U011,6279.67,Closed Won,lost,2025-11-24,,False,,Rogers Llc,Shannon Green,shannon.green@hotmail.com,+1-643-628-3096x5207,valid,Monica Herrera,monica.herreragmail.com,rep,malformed,3,,1.0,1.0,0.0,0.0,1.0,0.0,1,,0,0,7
D0685,C0438,U012,51759.42,Closed Won,open,2026-06-17,2026-06-23,False,6.0,"Nelson, Alexander And Thompson",Stephanie Patel,stephanie.patel@yahoo.com,001-508-516-4709x006,valid,Jamie Arnold,jamie.arnold@hotmail.com,rep,valid,2,2025-11-15,0.0,0.0,1.0,0.0,0.0,1.0,0,,0,0,4
D0686,C0347,U011,56629.07,Closed Lost,closed,,,False,,Spencer Llc,Mrs. Shannon Jacobson,mrs.shannon.jacobson@yahoo.com,+1-352-407-1678x11266,valid,Monica Herrera,monica.herreragmail.com,rep,malformed,2,,0.0,0.0,0.0,2.0,0.0,0.0,2,2026-05-06,2,0,6
D0687,C0182,U014,38599.56,Prospecting,lost,,2026-11-04,False,,Rogers Llc,Shannon Green,shannon.green@hotmail.com,+1-643-628-3096x5207,valid,Michele Williams,michele.williams@gmail.com,rep,valid,0,,,,,,,,0,,0,0,0
D0688,C0216,U008,52199.01,Prospecting,lost,,2026-04-04,False,,"Riley, Hammond And Lewis",Dean Shannon,dean.shannongmail.com,+1-972-356-3942,malformed,Gina Moore,gina.moore@yahoo.com,rep,valid,4,,1.0,2.0,0.0,1.0,0.0,0.0,1,,1,0,9
D0689,C0016,U003,71001.57,Closed Lost,open,2026-04-05,,False,,"Garcia, Deleon And Henson",Marc Moore,marc.moore@gmail.com,(426)302-5634,valid,Angie Henderson,angie.hendersongmail.com,manager,malformed,1,,0.0,0.0,0.0,0.0,1.0,0.0,1,2025-11-13,0,1,3
D0690,C0058,U008,19172.01,,won,2026-03-10,,False,,"Rodriguez, Joseph And Wallace",,erica.hernandez@gmail.com,899-385-6984x789,valid,Gina Moore,gina.moore@yahoo.com,rep,valid,3,,0.0,0.0,2.0,1.0,0.0,0.0,0,,0,0,6
D0691,C0080,U006,61551.11,Closed Won,won,2025-12-07,2026-01-07,False,31.0,Kramer-Cooper,Lori Ingram,lori.ingram@hotmail.com,001-252-605-8527x72217,valid,Connie Lawrence,connie.lawrence@gmail.com,rep,valid,1,,0.0,0.0,0.0,1.0,0.0,0.0,1,2026-02-03,0,1,3
D0692,C0320,U012,74307.04,Closed Lost,open,,,False,,"Riley, Barnes And Burgess",Crystal Rodriguez,crystal.rodriguez@gmail.com,936-236-3179,valid,Jamie Arnold,jamie.arnold@hotmail.com,rep,valid,1,2026-06-02,0.0,0.0,0.0,1.0,0.0,0.0,1,,1,0,3
D0693,C0173,U007,69005.0,Closed Won,closed,2026-02-10,2026-09-04,False,206.0,Cardenas-Barnes,Sharon Wells,sharon.wells@gmail.com,441.460.8989x9217,valid,Abigail Shaffer,abigail.shaffer@gmail.com,rep,valid,0,,,,,,,,1,,0,1,1
D0694,C0375,U010,49332.06,Proposal Sent,open,,,False,,Scott-Allen,Jennifer Smith,jennifer.smith@gmail.com,(666)442-1476,valid,Ryan Munoz,ryan.munoz@yahoo.com,rep,valid,0,,,,,,,,0,,0,0,0
D0695,C0001,U005,17353.12,Prospecting,closed,,,False,,Kelly-Santiago,Melinda Jones,melinda.jones@hotmail.com,(783)227-6483,valid,Cristian Santos,cristian.santos@gmail.com,unknown,valid,0,,,,,,,,0,,0,0,0
D0696,C0402,U003,34508.58,Closed Lost,won,2026-05-04,,False,,Farley-Gregory,Tyrone White,tyrone.white@hotmail.com,8463152654,valid,Angie Henderson,angie.hendersongmail.com,manager,malformed,1,2026-04-06,0.0,0.0,1.0,0.0,0.0,0.0,2,,1,1,4
D0697,C0422,U004,51722.36,Closed Lost,,2026-05-25,,False,,Andrade And Sons,Cheryl Gray,cheryl.gray@yahoo.com,696-430-9938x42530,valid,Daniel Wagner,daniel.wagner@yahoo.com,admin,valid,0,,,,,,,,4,2026-05-16,2,0,4
D0698,C0253,U012,41436.61,Prospecting,won,,,False,,Parsons Plc,Cody Smith,cody.smith@COMPANY.COM,(693)751-8638x782,placeholder,Jamie Arnold,jamie.arnold@hotmail.com,rep,valid,1,2026-04-02,0.0,0.0,1.0,0.0,0.0,0.0,0,,0,0,2
D0699,C0409,U006,59984.02,Qualified,won,2026-01-24,,False,,Davis Plc,Rhonda Walker,rhonda.walker@yahoo.com,(904)479-3036x149,valid,Connie Lawrence,connie.lawrence@gmail.com,rep,valid,3,2025-08-12,1.0,0.0,1.0,1.0,0.0,0.0,1,,1,0,7
D0700,C0151,U014,47253.23,Qualified,open,,,False,,Rogers Group,Austin Joseph,austin.joseph@hotmail.com,+1-317-378-5079x2524,valid,Michele Williams,michele.williams@gmail.com,rep,valid,1,,0.0,0.0,0.0,0.0,1.0,0.0,1,,0,0,3
D0701,C0198,U002,59647.0,Closed Lost,won,2026-02-04,2026-11-05,False,274.0,"Hart, Pena And Bryant",Roger Velasquez,roger.velasquez@yahoo.com,789-397-5711x30554,valid,Noah Rhodes,noah.rhodes@gmail.com,manager,valid,1,2026-03-04,1.0,0.0,0.0,0.0,0.0,0.0,1,,0,1,3
D0702,C0381,U013,56161.94,Prospecting,won,,,False,,Horton And Sons,Christine Wong,christine.wong@hotmail.com,868.231.4727,valid,Lisa Hensley,lisa.hensley@yahoo.com,rep,valid,3,2026-06-23,1.0,0.0,0.0,2.0,0.0,0.0,0,,0,0,6
D0703,C0105,U004,31745.85,Proposal Sent,open,2026-02-14,,False,,Griffin Llc,Elizabeth Sharp,elizabeth.sharp@gmail.com,653-701-7426x841,valid,Daniel Wagner,daniel.wagner@yahoo.com,admin,valid,1,2026-02-03,1.0,0.0,0.0,0.0,0.0,0.0,2,2026-03-20,1,0,4
D0704,C0215,U011,9519.99,Qualified,open,2026-02-26,,False,,Taylor-Quinn,Julie Howard,julie.howard@yahoo.com,281.229.1428x3411,valid,Monica Herrera,monica.herreragmail.com,rep,malformed,0,,,,,,,,0,,0,0,0
D0705,C0259,U011,53852.21,Negotiation,lost,,,False,,Foley Inc,Terri Short,terri.short@hotmail.com,589.592.1075x22459,valid,Monica Herrera,monica.herreragmail.com,rep,malformed,1,,0.0,0.0,1.0,0.0,0.0,0.0,0,,0,0,2
D0706,C0152,U012,56486.32,Qualified,lost,,,False,,Yang Inc,Scott Sanchez,scott.sanchez@yahoo.com,(662)320-8635x365,valid,Jamie Arnold,jamie.arnold@hotmail.com,rep,valid,3,2026-06-12,1.0,0.0,1.0,0.0,0.0,1.0,1,,0,0,7
D0707,C0186,U001,8400.19,Prospecting,open,,,False,,"White, Miller And Cook",Mrs. Amy Hayes,mrs.amy.hayes@gmail.com,001-229-227-1296x66676,valid,Allison Hill,allison.hillgmail.com,manager,malformed,2,2026-12-06,0.0,0.0,0.0,0.0,0.0,2.0,1,2025-11-26,1,0,5
D0708,C0296,U010,67828.0,Closed Lost,won,2025-11-12,,False,,Harris Llc,Robert Frazier,robert.frazier@COMPANY.COM,(251)790-9862x40580,placeholder,Ryan Munoz,ryan.munoz@yahoo.com,rep,valid,2,,0.0,1.0,1.0,0.0,0.0,0.0,0,,0,0,4
D0709,C0049,U006,16938.3,Prospecting,closed,,,False,,James Llc,,,+1-664-409-0974x39533,missing,Connie Lawrence,connie.lawrence@gmail.com,rep,valid,2,,0.0,0.0,0.0,1.0,0.0,1.0,4,2026-04-07,1,1,8
D0710,C0270,U013,6838.29,Closed Lost,,2026-06-23,,False,,Douglas Plc,Emily Grant,emily.grant@hotmail.com,925-620-5664,valid,Lisa Hensley,lisa.hensley@yahoo.com,rep,valid,2,,0.0,0.0,0.0,0.0,1.0,1.0,1,,0,1,5
D0711,C0104,U011,73477.29,Prospecting,open,,,False,,Doyle Llc,Nicole Thompson,nicole.thompson@hotmail.com,(668)851-6122x7530,valid,Monica Herrera,monica.herreragmail.com,rep,malformed,2,2026-04-03,0.0,2.0,0.0,0.0,0.0,0.0,2,2026-04-17,2,0,6
D0712,C0158,U002,49519.27,Prospecting,open,,,False,,"Williams, Evans And Wilkins",Tristan Bond,tristan.bond@hotmail.com,001-883-717-1210x0323,valid,Noah Rhodes,noah.rhodes@gmail.com,manager,valid,6,2026-06-02,1.0,2.0,0.0,2.0,1.0,0.0,2,2026-02-14,1,0,14
D0713,C0017,U002,26431.26,Prospecting,closed,2025-11-15,,False,,Brennan-Garrison,Robert Stevens,robert.stevens@yahoo.com,730.836.5414,valid,Noah Rhodes,noah.rhodes@gmail.com,manager,valid,0,,,,,,,,1,,0,1,1
D0714,C0023,U009,38650.84,Negotiation,closed,,,False,,Solis Ltd,Kristin Stewart,kristin.stewart@yahoo.com,+1-986-587-2774x348,valid,Gabrielle Davis,gabrielle.davis@yahoo.com,rep,valid,3,2026-07-17,0.0,0.0,3.0,0.0,0.0,0.0,1,2025-12-23,1,0,7
D0715,C0178,U010,19021.6,,closed,2025-12-16,,False,,"Hunter, Taylor And York",Alyssa Lee,alyssa.lee@gmail.com,9308705345,valid,Ryan Munoz,ryan.munoz@yahoo.com,rep,valid,4,2026-10-06,0.0,2.0,2.0,0.0,0.0,0.0,2,2025-12-14,1,1,10
D0716,C0071,U005,51779.0,Proposal Sent,open,2026-05-17,,False,,Hardin-Hughes,Meghan Williams,meghan.williams@hotmail.com,+1-451-751-8644x9251,valid,Cristian Santos,cristian.santos@gmail.com,unknown,valid,4,2026-07-30,1.0,1.0,0.0,0.0,1.0,1.0,3,2026-07-07,1,2,11
D0717,C0214,U002,33378.82,,won,2026-03-01,,False,,Mitchell Inc,Emily Hayes,emily.hayes@hotmail.com,+1-849-629-9556x20533,valid,Noah Rhodes,noah.rhodes@gmail.com,manager,valid,0,,,,,,,,2,2026-09-05,2,0,2
D0718,C0351,U003,,,won,2026-03-10,2026-03-22,False,12.0,Ramos-Johnson,,matthew.chan@hotmail.com,(976)924-6719,valid,Angie Henderson,angie.hendersongmail.com,manager,malformed,1,,1.0,0.0,0.0,0.0,0.0,0.0,0,,0,0,2
D0719,C0332,U011,36544.0,Closed Lost,open,2026-05-03,,False,,Wood-Harris,Mary Spence,mary.spence@gmail.com,(778)428-4106x727,valid,Monica Herrera,monica.herreragmail.com,rep,malformed,0,,,,,,,,1,2025-12-16,1,0,1
D0720,C0305,U004,45877.76,Prospecting,won,,2025-06-12,False,,Gregory-Nixon,Amanda Hardin,amanda.hardin@hotmail.com,(569)545-4414x967,valid,Daniel Wagner,daniel.wagner@yahoo.com,admin,valid,2,,0.0,1.0,0.0,0.0,1.0,0.0,1,,1,0,5
D0721,C0168,U013,74049.0,Proposal Sent,open,,,False,,"Barnes, Jackson And Gutierrez",Heather Bennett,heather.bennett@yahoo.com,001-632-371-0405,valid,Lisa Hensley,lisa.hensley@yahoo.com,rep,valid,1,,0.0,0.0,0.0,0.0,1.0,0.0,3,2026-04-04,0,1,5
D0722,C0111,U007,16173.57,Prospecting,open,2026-04-03,,False,,"Barnes, Miranda And Stephenson",Daniel Garcia,,5792030673,missing,Abigail Shaffer,abigail.shaffer@gmail.com,rep,valid,2,2026-11-03,0.0,0.0,0.0,2.0,0.0,0.0,1,,0,0,5
D0723,C0176,U012,24133.01,Negotiation,closed,,,False,,Jackson Group,Lee Steele,lee.steele@gmail.com,(353)507-4505x4447,valid,Jamie Arnold,jamie.arnold@hotmail.com,rep,valid,1,2026-07-04,0.0,0.0,0.0,1.0,0.0,0.0,0,,0,0,2
D0724,C0380,U007,82328.02,Qualified,lost,2026-03-02,,False,,Smith Ltd,Michael Melton,michael.melton@hotmail.com,+1-574-399-5641x220,valid,Abigail Shaffer,abigail.shaffer@gmail.com,rep,valid,1,2025-12-11,0.0,1.0,0.0,0.0,0.0,0.0,2,,0,1,4
D0725,C0130,U001,56406.51,Closed Lost,open,,,False,,Sandoval Llc,Lonnie Hart,,+1-565-961-0143x8889,missing,Allison Hill,allison.hillgmail.com,manager,malformed,2,,0.0,0.0,1.0,0.0,1.0,0.0,2,,2,0,6
D0726,C0367,U011,52326.7,Closed Won,won,,2026-03-19,False,,"Green, Davis And Richardson",Autumn Higgins,autumn.higgins@yahoo.com,001-577-613-3344x76263,valid,Monica Herrera,monica.herreragmail.com,rep,malformed,1,,0.0,0.0,1.0,0.0,0.0,0.0,3,2025-11-17,1,1,5
D0727,C0144,U005,80130.03,Closed Won,closed,,,False,,"Davis, Davis And Lewis",Kevin Stone,kevin.stone@yahoo.com,8053162713,valid,Cristian Santos,cristian.santos@gmail.com,unknown,valid,4,,1.0,2.0,0.0,1.0,0.0,0.0,1,2026-04-26,1,0,9
D0728,C0044,U005,54495.5,Closed Won,lost,2026-03-19,,False,,Cantu-Kane,Mrs. Janet Chase,mrs.janet.chase@yahoo.com,7573662702,valid,Cristian Santos,cristian.santos@gmail.com,unknown,valid,1,,0.0,0.0,0.0,0.0,0.0,1.0,0,,0,0,2
D0729,C0043,U012,79120.68,Negotiation,closed,,,False,,"Thomas, Lee And Greene",Breanna Jones,breanna.jones@yahoo.com,,valid,Jamie Arnold,jamie.arnold@hotmail.com,rep,valid,1,2026-02-11,0.0,0.0,1.0,0.0,0.0,0.0,3,2026-06-26,1,0,5
D0730,C0342,U009,43066.73,Qualified,,,,False,,Vazquez-Taylor,William Mills,william.mills@yahoo.com,(440)513-2234,valid,Gabrielle Davis,gabrielle.davis@yahoo.com,rep,valid,2,,0.0,0.0,0.0,2.0,0.0,0.0,0,,0,0,4
D0731,C0205,U001,61132.37,Proposal Sent,open,2026-06-14,,False,,Pruitt Ltd,Holly Chapman,holly.chapman@hotmail.com,+1-233-847-2122x816,valid,Allison Hill,allison.hillgmail.com,manager,malformed,1,,0.0,1.0,0.0,0.0,0.0,0.0,1,,0,1,3
D0732,C0334,U014,52215.69,Closed Lost,open,,,False,,"Randall, Griffin And Davis",Martin Silva,martin.silva@gmail.com,001-243-701-8718x63759,valid,Michele Williams,michele.williams@gmail.com,rep,valid,2,,0.0,0.0,0.0,1.0,1.0,0.0,0,,0,0,4
D0733,C0087,U002,30999.84,Closed Won,open,2026-03-03,,False,,Tyler Inc,Kenneth Mcdonald,kenneth.mcdonald@hotmail.com,(891)314-6786,valid,Noah Rhodes,noah.rhodes@gmail.com,manager,valid,1,,0.0,0.0,0.0,0.0,1.0,0.0,1,,1,0,3
D0734,C0171,U011,72539.88,Proposal Sent,closed,,,False,,Davis And Sons,Edgar Miller,edgar.millergmail.com,446-777-4186,malformed,Monica Herrera,monica.herreragmail.com,rep,malformed,1,,0.0,0.0,0.0,0.0,0.0,1.0,0,,0,0,2
D0735,C0107,U001,79080.6,Closed Won,won,2026-01-02,2026-02-13,False,42.0,Poole Plc,Joshua Martin,joshua.martin@hotmail.com,,valid,Allison Hill,allison.hillgmail.com,manager,malformed,3,2026-12-03,0.0,1.0,1.0,0.0,0.0,1.0,0,,0,0,6
D0736,C0428,U008,52896.78,Prospecting,lost,2026-05-27,,False,,"Hunt, Juarez And Hernandez",Darrell Curry,darrell.currygmail.com,538.998.7751x5366,malformed,Gina Moore,gina.moore@yahoo.com,rep,valid,2,,0.0,0.0,0.0,0.0,1.0,1.0,2,2026-06-30,0,2,6
D0737,C0203,U006,37472.0,Prospecting,open,2026-01-11,,False,,Stokes-Mills,Charles Santiago,charles.santiago@gmail.com,324-542-0438x057,valid,Connie Lawrence,connie.lawrence@gmail.com,rep,valid,3,,1.0,0.0,1.0,0.0,1.0,0.0,1,,0,0,7
D0738,C0245,U001,40803.34,Qualified,won,2026-01-04,2026-04-02,False,88.0,Martin Ltd,Sandra Walker,sandra.walker@gmail.com,(338)994-4846x31224,valid,Allison Hill,allison.hillgmail.com,manager,malformed,3,2025-12-19,0.0,1.0,0.0,1.0,1.0,0.0,1,,1,0,7
D0739,C0054,U008,31037.1,Closed Lost,open,2025-11-29,,False,,"Garcia, Burns And Russell",Amanda Wood,amanda.wood@yahoo.com,,valid,Gina Moore,gina.moore@yahoo.com,rep,valid,3,,0.0,0.0,1.0,1.0,1.0,0.0,0,,0,0,6
D0740,C0020,U003,76733.0,Closed Won,lost,,2026-08-02,False,,"Phillips, Martinez And Fisher",Megan Orr,megan.orr@hotmail.com,001-746-980-4436,valid,Angie Henderson,angie.hendersongmail.com,manager,malformed,4,,2.0,0.0,1.0,1.0,0.0,0.0,2,2026-04-01,0,2,10
D0741,C0059,U007,68284.98,Closed Lost,closed,2026-10-03,,False,,"Wilson, Pena And Rich",Sharon Jordan,sharon.jordan@gmail.com,(357)366-1565x45271,valid,Abigail Shaffer,abigail.shaffer@gmail.com,rep,valid,4,2026-07-07,1.0,2.0,1.0,0.0,0.0,0.0,0,,0,0,8
D0742,C0066,U002,12031.32,Prospecting,open,,,False,,Morse-Atkins,Laura Mckinney,laura.mckinney@yahoo.com,816-805-2975x1613,valid,Noah Rhodes,noah.rhodes@gmail.com,manager,valid,1,,1.0,0.0,0.0,0.0,0.0,0.0,1,,0,0,3
D0743,C0026,U011,63075.53,Negotiation,lost,2026-05-04,,False,,Tucker-Price,Rebecca Ramsey,,929.480.6990x162,missing,Monica Herrera,monica.herreragmail.com,rep,malformed,3,,1.0,2.0,0.0,0.0,0.0,0.0,2,2026-06-04,2,0,8
D0744,C0124,U010,,Qualified,closed,,,False,,Marquez Inc,James Bowers,james.bowers@gmail.com,001-365-451-1047x5412,valid,Ryan Munoz,ryan.munoz@yahoo.com,rep,valid,3,2026-07-04,0.0,1.0,0.0,1.0,1.0,0.0,0,,0,0,6
D0745,C0124,U011,60489.49,Closed Won,won,,,False,,Marquez Inc,James Bowers,james.bowers@gmail.com,001-365-451-1047x5412,valid,Monica Herrera,monica.herreragmail.com,rep,malformed,0,,,,,,,,0,,0,0,0
D0746,C0431,U010,12546.7,Qualified,won,2025-12-02,2025-12-20,False,18.0,"Hayden, Fowler And Torres",Michael Thompson,michael.thompson@hotmail.com,+1-370-923-1643x348,valid,Ryan Munoz,ryan.munoz@yahoo.com,rep,valid,2,2025-12-01,1.0,0.0,0.0,1.0,0.0,0.0,1,2026-04-02,0,1,5
D0747,C0100,U002,45335.09,Prospecting,lost,2026-06-01,,False,,Castro-Michael,Donna Berry,donna.berry@hotmail.com,(565)624-0415x7473,valid,Noah Rhodes,noah.rhodes@gmail.com,manager,valid,6,2026-07-07,5.0,1.0,0.0,0.0,0.0,0.0,4,2026-03-10,0,3,16
D0748,C0031,U009,,Closed Won,open,,,False,,Rivas Inc,Jerry Christensen,jerry.christensen@hotmail.com,+1-665-607-5273x545,valid,Gabrielle Davis,gabrielle.davis@yahoo.com,rep,valid,1,,0.0,0.0,1.0,0.0,0.0,0.0,0,,0,0,2
D0749,C0124,U006,4914.24,Prospecting,open,2026-06-27,,False,,Marquez Inc,James Bowers,james.bowers@gmail.com,001-365-451-1047x5412,valid,Connie Lawrence,connie.lawrence@gmail.com,rep,valid,1,,1.0,0.0,0.0,0.0,0.0,0.0,3,,1,2,5
D0750,C0141,U010,22563.96,Prospecting,lost,2026-06-29,,False,,"Long, Thomas And Chen",Jaime Jones,jaime.jones@gmail.com,(884)557-7590x1751,valid,Ryan Munoz,ryan.munoz@yahoo.com,rep,valid,2,2025-11-30,0.0,0.0,0.0,1.0,1.0,0.0,0,,0,0,4
D0751,C0345,U009,63397.89,Qualified,lost,,,False,,Weiss Inc,Michelle Brandt,michelle.brandt@gmail.com,001-880-813-8759x27125,valid,Gabrielle Davis,gabrielle.davis@yahoo.com,rep,valid,1,2026-07-05,0.0,0.0,0.0,1.0,0.0,0.0,0,,0,0,2
D0752,C0328,U005,75580.68,Proposal Sent,lost,2025-11-28,,False,,"Patel, Bryan And Lam",Jacob Nunez,jacob.nunez@hotmail.com,337-411-6241,valid,Cristian Santos,cristian.santos@gmail.com,unknown,valid,0,,,,,,,,1,,0,1,1
D0753,C0445,U011,78779.3,Proposal Sent,won,,,False,,"Brown, Hardin And Mcneil",Melissa Walker,melissa.walker@yahoo.com,452.570.1713x02321,valid,Monica Herrera,monica.herreragmail.com,rep,malformed,3,2026-02-01,2.0,1.0,0.0,0.0,0.0,0.0,1,2026-07-22,0,1,7
D0754,C0385,U004,5158.0,,open,,,False,,Whitaker-Nunez,Rebecca Marsh,rebecca.marshgmail.com,(493)941-7223,malformed,Daniel Wagner,daniel.wagner@yahoo.com,admin,valid,1,2026-07-02,0.0,0.0,1.0,0.0,0.0,0.0,0,,0,0,2
D0755,C0384,U014,38948.27,,lost,2026-06-25,2026-08-13,False,49.0,Simpson Ltd,Michael Smith,michael.smith@COMPANY.COM,637-857-3839x5972,placeholder,Michele Williams,michele.williams@gmail.com,rep,valid,5,2026-07-10,1.0,0.0,2.0,0.0,1.0,1.0,0,,0,0,10
D0756,C0253,U013,51529.33,Prospecting,open,2026-01-18,,False,,Parsons Plc,Cody Smith,cody.smith@COMPANY.COM,(693)751-8638x782,placeholder,Lisa Hensley,lisa.hensley@yahoo.com,rep,valid,1,2026-05-12,0.0,0.0,1.0,0.0,0.0,0.0,1,2026-05-01,0,1,3
D0757,C0031,U013,58671.97,Proposal Sent,lost,2026-06-18,2026-08-23,False,66.0,Rivas Inc,Jerry Christensen,jerry.christensen@hotmail.com,+1-665-607-5273x545,valid,Lisa Hensley,lisa.hensley@yahoo.com,rep,valid,8,2026-12-03,3.0,2.0,0.0,2.0,1.0,0.0,0,,0,0,16
D0758,C0194,U009,24170.0,Closed Won,lost,2026-06-03,,False,,"Barber, Jarvis And Richard",Thomas Webb,thomas.webb@hotmail.com,+1-272-396-5902x77167,valid,Gabrielle Davis,gabrielle.davis@yahoo.com,rep,valid,2,2026-07-15,0.0,1.0,0.0,1.0,0.0,0.0,1,,0,1,5
D0759,C0443,U013,43568.78,Closed Lost,,2026-01-03,,False,,"Davidson, Hall And Matthews",Crystal Jensen Dvm,crystal.jensen.dvm@yahoo.com,663.591.0257,valid,Lisa Hensley,lisa.hensley@yahoo.com,rep,valid,2,,0.0,0.0,2.0,0.0,0.0,0.0,1,2026-02-16,1,0,5
D0760,C0135,U009,20198.11,Prospecting,open,2025-12-03,,False,,Bruce-Williamson,Michele Evans,michele.evansgmail.com,+1-891-825-1341x252,malformed,Gabrielle Davis,gabrielle.davis@yahoo.com,rep,valid,4,2026-09-02,1.0,0.0,0.0,2.0,1.0,0.0,0,,0,0,8
D0761,C0140,U003,55142.0,Proposal Sent,open,,,False,,Werner-Carter,Tiffany Robertson,tiffany.robertson@hotmail.com,726-504-2232,valid,Angie Henderson,angie.hendersongmail.com,manager,malformed,0,,,,,,,,2,2026-03-30,1,0,2
D0762,C0328,U006,80526.72,Closed Won,lost,2026-01-11,2026-01-24,False,13.0,"Patel, Bryan And Lam",Jacob Nunez,jacob.nunez@hotmail.com,337-411-6241,valid,Connie Lawrence,connie.lawrence@gmail.com,rep,valid,3,2026-07-09,1.0,1.0,1.0,0.0,0.0,0.0,1,,1,0,7
D0763,C0148,U006,70298.0,Prospecting,open,2026-06-28,,False,,Smith Inc,Daniel Livingston,daniel.livingston@yahoo.com,348.566.6188x92414,valid,Connie Lawrence,connie.lawrence@gmail.com,rep,valid,1,,0.0,0.0,1.0,0.0,0.0,0.0,1,,0,1,3
D0764,C0009,U009,22988.32,Prospecting,lost,2026-04-01,,False,,Baxter Inc,Scott Pierce,scott.pierce@gmail.com,+1-880-213-2677x3602,valid,Gabrielle Davis,gabrielle.davis@yahoo.com,rep,valid,2,,0.0,0.0,0.0,1.0,1.0,0.0,0,,0,0,4
D0765,C0164,U005,38745.67,Proposal Sent,lost,2025-11-03,,False,,Johnson-Brown,Alicia Woods,,793-325-2500x29218,missing,Cristian Santos,cristian.santos@gmail.com,unknown,valid,2,2025-11-13,0.0,1.0,1.0,0.0,0.0,0.0,3,2025-10-12,2,0,7
D0766,C0249,U003,17269.8,Closed Lost,open,,,False,,Maldonado-Collins,Mark Williams,mark.williams@hotmail.com,414.674.3503x13650,valid,Angie Henderson,angie.hendersongmail.com,manager,malformed,1,,0.0,0.0,1.0,0.0,0.0,0.0,2,2026-01-12,1,0,4
D0767,C0081,U003,13484.12,Closed Won,won,,2026-05-08,False,,Williams And Sons,Emily Collins,emily.collins@yahoo.com,+1-674-303-4505,valid,Angie Henderson,angie.hendersongmail.com,manager,malformed,1,,0.0,0.0,0.0,1.0,0.0,0.0,4,2026-05-31,0,1,6
D0768,C0069,U012,33052.57,Prospecting,open,2026-01-07,,False,,Vargas-Bell,Joel Johnson,joel.johnson@yahoo.com,511-799-8679x8079,valid,Jamie Arnold,jamie.arnold@hotmail.com,rep,valid,3,2026-02-23,1.0,1.0,1.0,0.0,0.0,0.0,0,,0,0,6
D0769,C0390,U002,79872.97,Proposal Sent,open,2026-01-01,,False,,Ramos Inc,Kelly Jones,kelly.jones@yahoo.com,,valid,Noah Rhodes,noah.rhodes@gmail.com,manager,valid,4,2026-08-01,2.0,0.0,0.0,1.0,0.0,1.0,1,,0,1,9
D0770,C0053,U009,18393.86,Negotiation,open,2025-04-11,,False,,"Turner, Ortiz And Taylor",Elizabeth Vasquez,elizabeth.vasquez@gmail.com,482.867.5869,valid,Gabrielle Davis,gabrielle.davis@yahoo.com,rep,valid,3,,1.0,0.0,0.0,2.0,0.0,0.0,1,2026-06-15,0,1,7
D0771,C0155,U006,6165.6,Closed Lost,open,2026-04-09,,False,,Harris And Sons,Tyrone Kaufman,tyrone.kaufman@gmail.com,001-441-803-8657x191,valid,Connie Lawrence,connie.lawrence@gmail.com,rep,valid,2,2026-03-01,0.0,0.0,1.0,0.0,1.0,0.0,1,,0,1,5
D0772,C0022,U002,44213.79,,won,2026-05-30,,False,,"Atkinson, Jones And Perry",Cheyenne Horton,cheyenne.horton@yahoo.com,(332)901-6328x7083,valid,Noah Rhodes,noah.rhodes@gmail.com,manager,valid,1,2025-12-26,0.0,1.0,0.0,0.0,0.0,0.0,3,,0,1,5
D0773,C0215,U007,25451.66,Qualified,lost,2026-06-17,,False,,Taylor-Quinn,Julie Howard,julie.howard@yahoo.com,281.229.1428x3411,valid,Abigail Shaffer,abigail.shaffer@gmail.com,rep,valid,2,,0.0,0.0,1.0,1.0,0.0,0.0,2,,2,0,6
D0774,C0112,U002,52910.68,Negotiation,lost,2026-03-22,2026-04-03,False,12.0,Gordon Llc,Thomas Johnston,thomas.johnston@hotmail.com,+1-453-842-8364x408,valid,Noah Rhodes,noah.rhodes@gmail.com,manager,valid,2,,0.0,0.0,1.0,0.0,1.0,0.0,1,2026-04-03,1,0,5
D0775,C0075,U003,29459.0,Closed Won,closed,,,False,,Mckee-Lee,,laura.alexander@yahoo.com,001-368-386-2392x40758,valid,Angie Henderson,angie.hendersongmail.com,manager,malformed,3,2025-11-12,0.0,0.0,1.0,0.0,0.0,2.0,0,,0,0,6
D0776,C0144,U006,56754.6,Prospecting,won,2026-04-17,,False,,"Davis, Davis And Lewis",Kevin Stone,kevin.stone@yahoo.com,8053162713,valid,Connie Lawrence,connie.lawrence@gmail.com,rep,valid,4,,0.0,1.0,0.0,1.0,0.0,2.0,0,,0,0,8
D0777,C0394,U011,34115.06,Qualified,lost,,,False,,"Mclaughlin, Garcia And Black",Richard Gibson,richard.gibson@gmail.com,001-766-811-0627x371,valid,Monica Herrera,monica.herreragmail.com,rep,malformed,2,2026-09-06,1.0,1.0,0.0,0.0,0.0,0.0,4,,2,0,8
D0778,C0291,U007,9052.33,Proposal Sent,open,2026-02-01,,False,,Cook-Gonzalez,Rhonda Miller,rhonda.miller@yahoo.com,001-521-571-7477,valid,Abigail Shaffer,abigail.shaffer@gmail.com,rep,valid,0,,,,,,,,1,,1,0,1
D0779,C0249,U007,67757.38,Closed Lost,lost,2026-04-01,2026-06-20,False,80.0,Maldonado-Collins,Mark Williams,mark.williams@hotmail.com,414.674.3503x13650,valid,Abigail Shaffer,abigail.shaffer@gmail.com,rep,valid,7,,2.0,4.0,0.0,0.0,1.0,0.0,2,2026-07-21,1,0,16
D0780,C0250,U009,45961.62,,,,,False,,"Wilson, Mccormick And Smith",Richard Alvarez,richard.alvarez@hotmail.com,(251)232-7195,valid,Gabrielle Davis,gabrielle.davis@yahoo.com,rep,valid,2,,1.0,1.0,0.0,0.0,0.0,0.0,5,2026-04-17,2,3,9
D0781,C0265,U010,21138.62,Proposal Sent,open,2025-12-20,,False,,Smith-Benson,Jerry Johnson,jerry.johnson@gmail.com,,valid,Ryan Munoz,ryan.munoz@yahoo.com,rep,valid,2,2026-06-04,0.0,0.0,1.0,0.0,0.0,1.0,3,2026-07-29,1,0,7
D0782,C0238,U003,77598.72,Prospecting,open,2026-02-16,,False,,Vaughn Inc,David Combs,david.combs@gmail.com,,valid,Angie Henderson,angie.hendersongmail.com,manager,malformed,1,,0.0,0.0,0.0,0.0,1.0,0.0,0,,0,0,2
D0783,C0072,U014,19097.0,,lost,2026-01-18,,False,,Ponce-Hale,Kurt Hurley,kurt.hurley@yahoo.com,+1-265-728-1685,valid,Michele Williams,michele.williams@gmail.com,rep,valid,2,,1.0,0.0,0.0,0.0,1.0,0.0,0,,0,0,4
D0784,C0191,U012,6015.96,Prospecting,lost,,,False,,Decker-Dudley,Jason Martin,jason.martin@hotmail.com,337.353.0011x9721,valid,Jamie Arnold,jamie.arnold@hotmail.com,rep,valid,4,2026-05-17,2.0,0.0,1.0,1.0,0.0,0.0,1,,0,0,9
D0785,C0015,U003,21961.32,Closed Won,open,2026-02-04,,False,,"Smith, Jones And Ware",Kimberly Davenport,kimberly.davenport@hotmail.com,+1-526-520-4505,valid,Angie Henderson,angie.hendersongmail.com,manager,malformed,3,2026-04-16,0.0,0.0,1.0,1.0,1.0,0.0,1,2026-07-11,0,0,7
D0786,C0236,U012,,Qualified,closed,,,False,,Dunn And Sons,Tyler Cooper,tyler.cooper@gmail.com,563.365.5647x2929,valid,Jamie Arnold,jamie.arnold@hotmail.com,rep,valid,1,2026-01-08,0.0,0.0,0.0,1.0,0.0,0.0,1,,0,1,3
D0787,C0326,U012,14516.59,Prospecting,won,,2026-02-21,False,,"Gilmore, Fitzgerald And Brown",Megan Barron,megan.barron@gmail.com,(757)590-5528x1832,valid,Jamie Arnold,jamie.arnold@hotmail.com,rep,valid,2,,2.0,0.0,0.0,0.0,0.0,0.0,0,,0,0,4
D0788,C0080,U001,80678.2,Closed Won,lost,,2026-05-18,False,,Kramer-Cooper,Lori Ingram,lori.ingram@hotmail.com,001-252-605-8527x72217,valid,Allison Hill,allison.hillgmail.com,manager,malformed,4,2026-12-02,0.0,2.0,1.0,0.0,1.0,0.0,0,,0,0,8
D0789,C0154,U012,24197.61,Proposal Sent,lost,2026-04-27,,False,,Elliott-Torres,Julie Vargas,julie.vargas@yahoo.com,001-838-632-0603x85050,valid,Jamie Arnold,jamie.arnold@hotmail.com,rep,valid,0,,,,,,,,0,,0,0,0
D0790,C0312,U001,70179.16,Proposal Sent,lost,2026-02-14,,False,,"Price, Rodriguez And Barker",Dr. Jeffrey Lopez,dr.jeffrey.lopez@gmail.com,909.937.6184,valid,Allison Hill,allison.hillgmail.com,manager,malformed,1,,1.0,0.0,0.0,0.0,0.0,0.0,0,,0,0,2
D0791,C0240,U006,6065.08,Closed Won,lost,,,False,,Cooper Llc,Eddie Adams,eddie.adams@hotmail.com,(647)359-8762x2023,valid,Connie Lawrence,connie.lawrence@gmail.com,rep,valid,3,2026-10-05,0.0,0.0,3.0,0.0,0.0,0.0,1,,1,0,7
D0792,C0183,U010,21501.0,Negotiation,open,2026-02-25,,False,,Sullivan-Doyle,Wendy Cabrera,wendy.cabrera@yahoo.com,001-438-675-8428x2417,valid,Ryan Munoz,ryan.munoz@yahoo.com,rep,valid,2,2026-06-13,1.0,0.0,1.0,0.0,0.0,0.0,1,2026-04-13,0,0,5
D0793,C0383,U005,18344.11,Proposal Sent,closed,2026-03-01,,False,,"Lane, Simon And Duarte",James Palmer,james.palmer@hotmail.com,+1-873-908-0695x814,valid,Cristian Santos,cristian.santos@gmail.com,unknown,valid,1,,0.0,0.0,0.0,1.0,0.0,0.0,1,2026-10-06,0,0,3
D0794,C0285,U001,27767.45,Closed Lost,open,,2026-01-03,False,,Ray Llc,Stacy Gomez,stacy.gomez@gmail.com,605-768-2996x291,valid,Allison Hill,allison.hillgmail.com,manager,malformed,0,,,,,,,,3,2026-01-08,1,2,3
D0795,C0201,U009,62094.96,Proposal Sent,lost,2026-05-18,2026-07-10,False,53.0,Sandoval-Obrien,Stanley Barnes,stanley.barnes@hotmail.com,001-634-765-4722x698,valid,Gabrielle Davis,gabrielle.davis@yahoo.com,rep,valid,0,,,,,,,,3,2026-09-03,3,0,3
D0796,C0050,U009,50529.16,Qualified,open,2025-12-13,,False,,"Davis, Burton And Williams",Amanda Diaz,amanda.diaz@gmail.com,645-462-3285,valid,Gabrielle Davis,gabrielle.davis@yahoo.com,rep,valid,2,,0.0,0.0,1.0,1.0,0.0,0.0,0,,0,0,4
D0797,C0075,U011,9289.79,Closed Lost,open,2026-03-19,,False,,Mckee-Lee,,laura.alexander@yahoo.com,001-368-386-2392x40758,valid,Monica Herrera,monica.herreragmail.com,rep,malformed,2,,1.0,0.0,0.0,0.0,1.0,0.0,1,2026-03-10,0,1,5
D0798,C0252,U009,67076.88,Closed Lost,lost,,,False,,Knight Plc,Nicholas Hill,nicholas.hill@hotmail.com,+1-721-982-7448,valid,Gabrielle Davis,gabrielle.davis@yahoo.com,rep,valid,2,2025-11-09,1.0,0.0,0.0,1.0,0.0,0.0,0,,0,0,4
D0799,C0360,U013,84750.29,Closed Won,won,,,False,,Guzman-Camacho,Jennifer Cox,jennifer.cox@hotmail.com,662-931-9818,valid,Lisa Hensley,lisa.hensley@yahoo.com,rep,valid,3,,0.0,1.0,1.0,1.0,0.0,0.0,0,,0,0,6
D0800,C0048,U013,65487.5,Prospecting,open,2026-01-08,,False,,Little-Stevens,Stephanie Marshall,stephanie.marshall@yahoo.com,+1-982-317-5946x47436,valid,Lisa Hensley,lisa.hensley@yahoo.com,rep,valid,2,2026-02-05,0.0,0.0,1.0,0.0,0.0,1.0,1,,0,0,5
D0801,C0228,U006,7191.51,Qualified,won,2026-01-15,,False,,Owen-Mendez,Amy Price,amy.pricegmail.com,+1-201-827-9611x4351,malformed,Connie Lawrence,connie.lawrence@gmail.com,rep,valid,3,2026-06-10,1.0,1.0,0.0,1.0,0.0,0.0,1,2026-02-10,0,1,7
D0802,C0130,U008,55799.39,Proposal Sent,,,,False,,Sandoval Llc,Lonnie Hart,,+1-565-961-0143x8889,missing,Gina Moore,gina.moore@yahoo.com,rep,valid,1,,0.0,0.0,1.0,0.0,0.0,0.0,3,2026-10-04,3,0,5
D0803,C0184,U014,73059.58,Negotiation,lost,,2026-07-12,False,,"Stokes, Hines And White",Gabriela Davis,gabriela.davis@yahoo.com,346.955.4947,valid,Michele Williams,michele.williams@gmail.com,rep,valid,2,,0.0,0.0,1.0,0.0,0.0,1.0,0,,0,0,4
D0804,C0158,U006,39082.7,Prospecting,lost,2026-04-16,,False,,"Williams, Evans And Wilkins",Tristan Bond,tristan.bond@hotmail.com,001-883-717-1210x0323,valid,Connie Lawrence,connie.lawrence@gmail.com,rep,valid,2,2026-01-10,1.0,0.0,0.0,0.0,1.0,0.0,0,,0,0,4
D0805,C0375,U013,2163.24,Proposal Sent,closed,2025-12-16,,False,,Scott-Allen,Jennifer Smith,jennifer.smith@gmail.com,(666)442-1476,valid,Lisa Hensley,lisa.hensley@yahoo.com,rep,valid,1,,0.0,0.0,1.0,0.0,0.0,0.0,0,,0,0,2
D0806,C0431,U002,57374.07,Proposal Sent,lost,,,False,,"Hayden, Fowler And Torres",Michael Thompson,michael.thompson@hotmail.com,+1-370-923-1643x348,valid,Noah Rhodes,noah.rhodes@gmail.com,manager,valid,2,2025-11-14,1.0,0.0,0.0,1.0,0.0,0.0,0,,0,0,4
D0807,C0054,U002,78107.94,Qualified,open,2026-02-12,,False,,"Garcia, Burns And Russell",Amanda Wood,amanda.wood@yahoo.com,,valid,Noah Rhodes,noah.rhodes@gmail.com,manager,valid,2,2026-06-22,1.0,1.0,0.0,0.0,0.0,0.0,1,,1,0,5
D0808,C0033,U006,19255.04,Negotiation,,,,False,,"Pierce, Bell And Chavez",David Griffith,david.griffith@yahoo.com,682-333-7498,valid,Connie Lawrence,connie.lawrence@gmail.com,rep,valid,1,,0.0,0.0,0.0,1.0,0.0,0.0,0,,0,0,2
D0809,C0077,U008,48945.25,Qualified,won,2026-04-06,,False,,Brooks Inc,Brett Espinoza,brett.espinoza@yahoo.com,(220)347-2779,valid,Gina Moore,gina.moore@yahoo.com,rep,valid,2,2026-07-23,1.0,0.0,0.0,1.0,0.0,0.0,2,,1,1,6
D0810,C0399,U007,19159.66,Closed Lost,won,2026-06-02,,False,,"Wu, Fitzgerald And Brewer",Michelle Armstrong,michelle.armstrong@hotmail.com,981-281-3989x0983,valid,Abigail Shaffer,abigail.shaffer@gmail.com,rep,valid,1,,0.0,0.0,1.0,0.0,0.0,0.0,1,,0,0,3
D0811,C0042,U003,8322.71,Prospecting,won,,,False,,Pierce-Tran,Willie Durham,willie.durham@yahoo.com,527-948-4677,valid,Angie Henderson,angie.hendersongmail.com,manager,malformed,3,2026-04-08,1.0,2.0,0.0,0.0,0.0,0.0,3,,0,3,9
D0812,C0092,U014,76228.88,Prospecting,open,,,False,,"Travis, Reed And Ross",Kayla Rodriguez,kayla.rodriguez@gmail.com,514.473.2104x696,valid,Michele Williams,michele.williams@gmail.com,rep,valid,3,2025-12-03,1.0,2.0,0.0,0.0,0.0,0.0,0,,0,0,6
D0813,C0176,U007,59017.0,Closed Lost,,,2026-07-12,False,,Jackson Group,Lee Steele,lee.steele@gmail.com,(353)507-4505x4447,valid,Abigail Shaffer,abigail.shaffer@gmail.com,rep,valid,2,,0.0,1.0,0.0,0.0,0.0,1.0,2,,0,2,6
D0814,C0197,U014,66886.54,Prospecting,closed,,,False,,Montoya-Miller,Kenneth Miller,kenneth.miller@yahoo.com,,valid,Michele Williams,michele.williams@gmail.com,rep,valid,2,,0.0,1.0,0.0,0.0,0.0,1.0,3,2026-06-23,2,1,7
D0815,C0311,U003,14067.27,Negotiation,lost,,,False,,"Nichols, Frey And Cook",Anthony Shea,anthony.sheagmail.com,,malformed,Angie Henderson,angie.hendersongmail.com,manager,malformed,1,,0.0,0.0,0.0,0.0,1.0,0.0,1,2026-08-05,0,1,3
D0816,C0132,U009,80267.53,Prospecting,,,,False,,Davis-Bowen,Austin Williams,austin.williams@hotmail.com,405-712-3828,valid,Gabrielle Davis,gabrielle.davis@yahoo.com,rep,valid,1,,1.0,0.0,0.0,0.0,0.0,0.0,3,2026-04-12,2,0,5
D0817,C0109,U012,66161.1,Proposal Sent,lost,2025-11-27,2026-02-07,False,72.0,Mitchell And Sons,Pamela Good,pamela.goodgmail.com,+1-865-467-6618x2512,malformed,Jamie Arnold,jamie.arnold@hotmail.com,rep,valid,1,2025-12-01,0.0,0.0,0.0,1.0,0.0,0.0,1,,0,0,3
D0818,C0008,U006,76370.69,Closed Won,open,2025-03-11,,False,,Davis Group,Jason Shields,jason.shields@gmail.com,,valid,Connie Lawrence,connie.lawrence@gmail.com,rep,valid,1,,1.0,0.0,0.0,0.0,0.0,0.0,2,2026-07-26,0,0,4
D0819,C0209,U007,37058.41,Closed Won,lost,2026-05-21,2026-01-08,True,,"Lee, Palmer And Vaughan",Tyler Medina,tyler.medina@gmail.com,+1-713-236-1386x1207,valid,Abigail Shaffer,abigail.shaffer@gmail.com,rep,valid,4,2026-02-08,0.0,1.0,2.0,1.0,0.0,0.0,0,,0,0,8
D0820,C0088,U009,,Qualified,closed,,,False,,Compton Ltd,John Holmes,john.holmesgmail.com,(489)622-6801,malformed,Gabrielle Davis,gabrielle.davis@yahoo.com,rep,valid,1,,0.0,1.0,0.0,0.0,0.0,0.0,1,,1,0,3
D0821,C0355,U010,68795.97,Prospecting,open,,,False,,"Cain, Contreras And Jackson",Wayne Harris,wayne.harris@hotmail.com,583-344-0496,valid,Ryan Munoz,ryan.munoz@yahoo.com,rep,valid,0,,,,,,,,4,2026-05-30,2,1,4
D0822,C0052,U008,54399.35,,open,,,False,,Chambers-Chambers,Samantha Bentley,samantha.bentley@COMPANY.COM,337-909-8593,placeholder,Gina Moore,gina.moore@yahoo.com,rep,valid,2,2025-12-09,0.0,0.0,1.0,1.0,0.0,0.0,2,2026-02-16,2,0,6
D0823,C0106,U004,11060.84,Closed Lost,closed,,,False,,"Walker, Bernard And Mendoza",William Brooks,,001-387-383-3918x785,missing,Daniel Wagner,daniel.wagner@yahoo.com,admin,valid,2,2026-07-12,0.0,0.0,2.0,0.0,0.0,0.0,1,2026-06-11,1,0,5
D0824,C0209,U014,66813.37,Closed Won,open,,,False,,"Lee, Palmer And Vaughan",Tyler Medina,tyler.medina@gmail.com,+1-713-236-1386x1207,valid,Michele Williams,michele.williams@gmail.com,rep,valid,1,2025-12-05,0.0,0.0,1.0,0.0,0.0,0.0,0,,0,0,2
D0825,C0340,U004,2797.0,Prospecting,lost,,2026-04-02,False,,"Marsh, Nelson And Wolfe",Joseph Bell,joseph.bell@gmail.com,3285457652,valid,Daniel Wagner,daniel.wagner@yahoo.com,admin,valid,2,,0.0,2.0,0.0,0.0,0.0,0.0,3,2026-07-30,1,1,7
D0826,C0160,U006,47904.26,Qualified,lost,2026-12-05,2026-06-14,True,,"Foster, Johnson And Vega",Daniel Lopez,daniel.lopez@yahoo.com,220.399.9347x687,valid,Connie Lawrence,connie.lawrence@gmail.com,rep,valid,5,2026-07-12,1.0,1.0,2.0,0.0,0.0,1.0,1,,0,1,11
D0827,C0216,U003,76998.31,Closed Won,open,2025-11-02,,False,,"Riley, Hammond And Lewis",Dean Shannon,dean.shannongmail.com,+1-972-356-3942,malformed,Angie Henderson,angie.hendersongmail.com,manager,malformed,1,2025-12-02,0.0,0.0,1.0,0.0,0.0,0.0,0,,0,0,2
D0828,C0254,U002,14780.94,Closed Won,won,2026-05-12,2026-07-24,False,73.0,Davidson-Rodriguez,,andrea.conley@gmail.com,(803)917-3109,valid,Noah Rhodes,noah.rhodes@gmail.com,manager,valid,4,2026-08-06,2.0,0.0,2.0,0.0,0.0,0.0,2,,2,0,10
D0829,C0076,U001,49244.79,,open,2026-12-03,,False,,Miller-Martin,Jose Guerra,jose.guerra@gmail.com,575.806.0685,valid,Allison Hill,allison.hillgmail.com,manager,malformed,2,2026-01-20,0.0,0.0,1.0,0.0,1.0,0.0,1,2026-01-16,1,0,5
D0830,C0394,U006,,Qualified,won,2026-05-18,,False,,"Mclaughlin, Garcia And Black",Richard Gibson,richard.gibson@gmail.com,001-766-811-0627x371,valid,Connie Lawrence,connie.lawrence@gmail.com,rep,valid,2,,1.0,1.0,0.0,0.0,0.0,0.0,1,,0,1,5
D0831,C0390,U005,79570.49,Prospecting,won,,,False,,Ramos Inc,Kelly Jones,kelly.jones@yahoo.com,,valid,Cristian Santos,cristian.santos@gmail.com,unknown,valid,1,,0.0,0.0,0.0,0.0,0.0,1.0,0,,0,0,2
D0832,C0231,U010,,Prospecting,open,2025-11-21,,False,,Obrien And Sons,Jared Smith,jared.smith@gmail.com,(981)881-8451x84894,valid,Ryan Munoz,ryan.munoz@yahoo.com,rep,valid,3,2026-05-02,1.0,0.0,0.0,2.0,0.0,0.0,3,2026-07-27,1,2,9
D0833,C0183,U014,42501.59,Proposal Sent,lost,,,False,,Sullivan-Doyle,Wendy Cabrera,wendy.cabrera@yahoo.com,001-438-675-8428x2417,valid,Michele Williams,michele.williams@gmail.com,rep,valid,3,2026-01-06,0.0,0.0,3.0,0.0,0.0,0.0,1,,1,0,7
D0834,C0105,U011,54401.58,Closed Won,lost,,,False,,Griffin Llc,Elizabeth Sharp,elizabeth.sharp@gmail.com,653-701-7426x841,valid,Monica Herrera,monica.herreragmail.com,rep,malformed,2,2026-09-07,0.0,0.0,0.0,1.0,1.0,0.0,0,,0,0,4
D0835,C0089,U011,82988.98,Prospecting,open,,,False,,Martin Ltd,Travis Stone,travis.stone@yahoo.com,343-484-2498,valid,Monica Herrera,monica.herreragmail.com,rep,malformed,4,2026-05-13,2.0,0.0,0.0,2.0,0.0,0.0,2,2026-03-03,2,0,10
D0836,C0003,U003,17602.58,Closed Lost,won,,,False,,"Ross, Robinson And Bright",,ann.williams@gmail.com,(626)291-6697,valid,Angie Henderson,angie.hendersongmail.com,manager,malformed,1,2026-07-18,0.0,1.0,0.0,0.0,0.0,0.0,1,2026-06-01,1,0,3
D0837,C0108,U014,3963.05,Closed Won,open,2026-01-14,,False,,"Brown, Ford And Roman",Jennifer Velasquez,jennifer.velasquez@hotmail.com,391.906.5180,valid,Michele Williams,michele.williams@gmail.com,rep,valid,4,2026-01-01,0.0,1.0,1.0,0.0,1.0,1.0,1,,1,0,9
D0838,C0100,U002,26075.79,Closed Won,closed,,,False,,Castro-Michael,Donna Berry,donna.berry@hotmail.com,(565)624-0415x7473,valid,Noah Rhodes,noah.rhodes@gmail.com,manager,valid,0,,,,,,,,0,,0,0,0
D0839,C0126,U003,10091.7,Proposal Sent,won,2025-12-29,,False,,Taylor Llc,Charles Jackson,,,missing,Angie Henderson,angie.hendersongmail.com,manager,malformed,0,,,,,,,,1,,0,1,1
D0840,C0218,U008,53513.07,Closed Won,won,,,False,,Robinson Group,Dennis Young,dennis.young@hotmail.com,385.667.7005,valid,Gina Moore,gina.moore@yahoo.com,rep,valid,1,,0.0,0.0,0.0,0.0,1.0,0.0,1,2026-07-01,0,1,3
D0841,C0226,U003,22630.82,Prospecting,closed,,,False,,"Manning, Smith And Mills",Jaime Harris,jaime.harris@yahoo.com,,valid,Angie Henderson,angie.hendersongmail.com,manager,malformed,2,2026-08-07,1.0,0.0,0.0,1.0,0.0,0.0,0,,0,0,4
D0842,C0015,U002,67539.85,Qualified,lost,,2026-08-05,False,,"Smith, Jones And Ware",Kimberly Davenport,kimberly.davenport@hotmail.com,+1-526-520-4505,valid,Noah Rhodes,noah.rhodes@gmail.com,manager,valid,2,2026-03-15,0.0,1.0,0.0,0.0,1.0,0.0,0,,0,0,4
D0843,C0072,U013,2304.36,Negotiation,open,2025-11-05,,False,,Ponce-Hale,Kurt Hurley,kurt.hurley@yahoo.com,+1-265-728-1685,valid,Lisa Hensley,lisa.hensley@yahoo.com,rep,valid,1,,0.0,0.0,0.0,0.0,0.0,1.0,0,,0,0,2
D0844,C0402,U006,,Proposal Sent,closed,2025-11-11,,False,,Farley-Gregory,Tyrone White,tyrone.white@hotmail.com,8463152654,valid,Connie Lawrence,connie.lawrence@gmail.com,rep,valid,0,,,,,,,,0,,0,0,0
D0845,C0140,U012,64642.8,Prospecting,lost,2026-03-13,,False,,Werner-Carter,Tiffany Robertson,tiffany.robertson@hotmail.com,726-504-2232,valid,Jamie Arnold,jamie.arnold@hotmail.com,rep,valid,0,,,,,,,,0,,0,0,0
D0846,C0248,U008,11458.13,Prospecting,won,,2026-01-20,False,,Huang Llc,Sandra Martinez,sandra.martinez@hotmail.com,567.930.3718,valid,Gina Moore,gina.moore@yahoo.com,rep,valid,1,,0.0,0.0,1.0,0.0,0.0,0.0,2,,1,0,4
D0847,C0010,U005,,Prospecting,open,2026-04-06,,False,,Baker-Bowers,Jay Bernard,jay.bernard@hotmail.com,+1-972-434-3098x05009,valid,Cristian Santos,cristian.santos@gmail.com,unknown,valid,1,,0.0,1.0,0.0,0.0,0.0,0.0,1,,0,1,3
D0848,C0269,U009,2858.74,Prospecting,lost,2026-09-02,2026-05-05,True,,Berry Group,Susan Murphy,susan.murphy@COMPANY.COM,+1-423-829-8324,placeholder,Gabrielle Davis,gabrielle.davis@yahoo.com,rep,valid,2,,2.0,0.0,0.0,0.0,0.0,0.0,1,,0,0,5
D0849,C0160,U013,47963.59,Closed Won,lost,,,False,,"Foster, Johnson And Vega",Daniel Lopez,daniel.lopez@yahoo.com,220.399.9347x687,valid,Lisa Hensley,lisa.hensley@yahoo.com,rep,valid,2,,0.0,1.0,0.0,1.0,0.0,0.0,1,,0,0,5
D0850,C0248,U014,10079.0,Prospecting,lost,2025-12-25,,False,,Huang Llc,Sandra Martinez,sandra.martinez@hotmail.com,567.930.3718,valid,Michele Williams,michele.williams@gmail.com,rep,valid,3,2026-07-13,0.0,1.0,1.0,0.0,0.0,1.0,1,,0,1,7
D0851,C0435,U012,8849.4,Closed Won,won,,,False,,Hale-Williams,Brooke Khan,brooke.khan@hotmail.com,913-476-8151x1856,valid,Jamie Arnold,jamie.arnold@hotmail.com,rep,valid,2,,1.0,1.0,0.0,0.0,0.0,0.0,1,,0,0,5
D0852,C0130,U013,5508.28,Prospecting,open,,,False,,Sandoval Llc,Lonnie Hart,,+1-565-961-0143x8889,missing,Lisa Hensley,lisa.hensley@yahoo.com,rep,valid,4,2026-05-06,0.0,2.0,1.0,0.0,0.0,1.0,1,2026-03-19,0,0,9
D0853,C0192,U005,50218.34,Qualified,open,2026-01-25,,False,,Newman-Bryant,Deborah Williams,deborah.williamsgmail.com,(204)455-6110,malformed,Cristian Santos,cristian.santos@gmail.com,unknown,valid,0,,,,,,,,0,,0,0,0
D0854,C0447,U014,57297.64,Closed Won,,2026-09-01,,False,,Alexander-Wagner,Paige Weiss,paige.weiss@yahoo.com,4666149828,valid,Michele Williams,michele.williams@gmail.com,rep,valid,2,,2.0,0.0,0.0,0.0,0.0,0.0,2,2025-11-20,1,1,6
D0855,C0141,U006,,Closed Lost,won,,,False,,"Long, Thomas And Chen",Jaime Jones,jaime.jones@gmail.com,(884)557-7590x1751,valid,Connie Lawrence,connie.lawrence@gmail.com,rep,valid,2,,1.0,1.0,0.0,0.0,0.0,0.0,0,,0,0,4
D0856,C0333,U011,7774.56,Proposal Sent,open,2026-04-16,,False,,Cordova Plc,Erin Thornton,erin.thornton@yahoo.com,292-897-5170x2814,valid,Monica Herrera,monica.herreragmail.com,rep,malformed,6,2026-01-17,1.0,2.0,1.0,1.0,0.0,1.0,1,,1,0,13
D0857,C0195,U004,18923.23,Closed Lost,open,,2026-01-06,False,,Pena-Smith,Kelly Manning,kelly.manning@hotmail.com,001-935-788-9163,valid,Daniel Wagner,daniel.wagner@yahoo.com,admin,valid,2,2026-07-12,0.0,0.0,0.0,2.0,0.0,0.0,0,,0,0,4
D0858,C0358,U008,10322.65,Qualified,closed,,,False,,"Jennings, Evans And Graham",Ronald Brown,ronald.brown@gmail.com,(644)924-9363x12303,valid,Gina Moore,gina.moore@yahoo.com,rep,valid,3,2025-11-28,1.0,0.0,0.0,0.0,1.0,1.0,1,,0,1,7
D0859,C0437,U010,,Closed Lost,won,,2026-07-31,False,,Kelley And Sons,Jessica Ruiz,,322-209-1241x862,missing,Ryan Munoz,ryan.munoz@yahoo.com,rep,valid,3,2026-04-03,0.0,1.0,1.0,1.0,0.0,0.0,1,2026-06-21,1,0,7
D0860,C0327,U002,74662.39,Qualified,,,,False,,"Wilson, Mendoza And Crosby",Tina Clark,tina.clark@hotmail.com,001-335-954-8640x15577,valid,Noah Rhodes,noah.rhodes@gmail.com,manager,valid,3,2025-11-12,0.0,1.0,1.0,0.0,1.0,0.0,2,,1,1,8
D0861,C0014,U008,30888.39,Closed Lost,,,,False,,"Clark, Cooper And Watts",Kathy King,kathy.king@gmail.com,,valid,Gina Moore,gina.moore@yahoo.com,rep,valid,1,,0.0,1.0,0.0,0.0,0.0,0.0,1,2026-05-05,0,0,3
D0862,C0075,U007,29367.25,Closed Lost,lost,2025-12-25,,False,,Mckee-Lee,,laura.alexander@yahoo.com,001-368-386-2392x40758,valid,Abigail Shaffer,abigail.shaffer@gmail.com,rep,valid,1,,1.0,0.0,0.0,0.0,0.0,0.0,1,2025-12-27,0,1,3
D0863,C0097,U005,51103.11,Proposal Sent,lost,,,False,,Cabrera-Richardson,Veronica Silva,veronica.silva@hotmail.com,001-809-474-9930x972,valid,Cristian Santos,cristian.santos@gmail.com,unknown,valid,2,2025-05-12,0.0,1.0,0.0,1.0,0.0,0.0,3,2025-11-28,1,1,7
D0864,C0326,U004,5937.0,Prospecting,won,2026-01-08,,False,,"Gilmore, Fitzgerald And Brown",Megan Barron,megan.barron@gmail.com,(757)590-5528x1832,valid,Daniel Wagner,daniel.wagner@yahoo.com,admin,valid,4,2026-04-02,1.0,0.0,0.0,2.0,1.0,0.0,2,2026-04-16,0,2,10
D0865,C0113,U010,9958.91,Closed Won,lost,,,False,,"Simpson, Compton And David",Rachel Flores,rachel.flores@yahoo.com,(824)862-8733x42708,valid,Ryan Munoz,ryan.munoz@yahoo.com,rep,valid,2,,0.0,0.0,0.0,1.0,0.0,1.0,0,,0,0,4
D0866,C0398,U004,25546.22,Closed Won,won,,2026-09-04,False,,Harrington-Alvarez,Lisa Gill,lisa.gill@hotmail.com,+1-777-272-5199x6636,valid,Daniel Wagner,daniel.wagner@yahoo.com,admin,valid,0,,,,,,,,0,,0,0,0
D0867,C0430,U012,27811.89,Proposal Sent,open,,,False,,"Johnson, Floyd And Weeks",Troy Rivera,troy.rivera@hotmail.com,+1-399-766-3618x637,valid,Jamie Arnold,jamie.arnold@hotmail.com,rep,valid,3,2026-11-05,2.0,0.0,1.0,0.0,0.0,0.0,1,2025-11-05,0,1,7
D0868,C0007,U011,3239.04,Closed Lost,lost,2026-06-13,,False,,Jones Ltd,Austin Johnson,,,missing,Monica Herrera,monica.herreragmail.com,rep,malformed,3,2026-11-01,1.0,1.0,0.0,1.0,0.0,0.0,2,2025-11-18,1,1,8
D0869,C0300,U006,74413.75,Closed Lost,open,,,False,,"Miller, Cross And Fox",Nicole Ramirez,nicole.ramirez@hotmail.com,689-213-7189,valid,Connie Lawrence,connie.lawrence@gmail.com,rep,valid,2,2025-06-11,0.0,0.0,2.0,0.0,0.0,0.0,0,,0,0,4
D0870,C0344,U005,43512.73,Proposal Sent,closed,2025-11-11,,False,,Patton Plc,Steven Lopez,steven.lopez@yahoo.com,5123495528,valid,Cristian Santos,cristian.santos@gmail.com,unknown,valid,1,,0.0,0.0,0.0,0.0,1.0,0.0,0,,0,0,2
D0871,C0372,U006,,Closed Lost,,,,False,,Wilson-Woodard,Jeremy Zhang Md,jeremy.zhang.md@yahoo.com,512.215.1342x2849,valid,Connie Lawrence,connie.lawrence@gmail.com,rep,valid,1,2025-12-12,0.0,1.0,0.0,0.0,0.0,0.0,0,,0,0,2
D0872,C0152,U012,66172.95,Negotiation,closed,,,False,,Yang Inc,Scott Sanchez,scott.sanchez@yahoo.com,(662)320-8635x365,valid,Jamie Arnold,jamie.arnold@hotmail.com,rep,valid,0,,,,,,,,0,,0,0,0
D0873,C0136,U011,13849.68,Closed Lost,open,2026-01-21,,False,,"Taylor, Reyes And Lopez",Melissa Brewer,melissa.brewer@gmail.com,+1-227-742-2579,valid,Monica Herrera,monica.herreragmail.com,rep,malformed,3,2026-03-20,1.0,0.0,1.0,1.0,0.0,0.0,1,,1,0,7
D0874,C0015,U004,63654.0,Closed Won,lost,2025-12-14,2026-01-12,False,29.0,"Smith, Jones And Ware",Kimberly Davenport,kimberly.davenport@hotmail.com,+1-526-520-4505,valid,Daniel Wagner,daniel.wagner@yahoo.com,admin,valid,1,,0.0,0.0,0.0,1.0,0.0,0.0,2,2026-08-06,0,2,4
D0875,C0226,U009,30628.56,Qualified,won,,,False,,"Manning, Smith And Mills",Jaime Harris,jaime.harris@yahoo.com,,valid,Gabrielle Davis,gabrielle.davis@yahoo.com,rep,valid,1,2026-01-03,0.0,0.0,0.0,0.0,0.0,1.0,2,,1,0,4
D0876,C0292,U009,37693.88,Negotiation,open,,,False,,Callahan Plc,Jack White,jack.white@hotmail.com,457-370-1715x77245,valid,Gabrielle Davis,gabrielle.davis@yahoo.com,rep,valid,2,2026-04-04,0.0,1.0,0.0,0.0,0.0,1.0,1,2026-07-27,0,0,5
D0877,C0005,U008,58357.08,Qualified,,,,False,,Farmer-Ryan,Kerry Smith,kerry.smith@yahoo.com,401.454.3039x1171,valid,Gina Moore,gina.moore@yahoo.com,rep,valid,5,,1.0,2.0,1.0,1.0,0.0,0.0,0,,0,0,10
D0878,C0153,U008,68282.05,Negotiation,open,,,False,,"Watson, Shaw And Winters",Robert Jarvis,robert.jarvis@yahoo.com,774-545-1870,valid,Gina Moore,gina.moore@yahoo.com,rep,valid,3,2026-09-02,1.0,0.0,1.0,1.0,0.0,0.0,0,,0,0,6
D0879,C0299,U002,27036.1,Prospecting,,2026-01-09,,False,,Kelly-Lopez,Laura Bradford,laura.bradford@gmail.com,001-384-968-9500x975,valid,Noah Rhodes,noah.rhodes@gmail.com,manager,valid,4,2026-02-09,0.0,3.0,0.0,1.0,0.0,0.0,1,2026-05-25,0,1,9
D0880,C0069,U006,57054.72,Negotiation,closed,2026-06-01,,False,,Vargas-Bell,Joel Johnson,joel.johnson@yahoo.com,511-799-8679x8079,valid,Connie Lawrence,connie.lawrence@gmail.com,rep,valid,1,,0.0,0.0,0.0,0.0,1.0,0.0,1,,0,1,3
D0881,C0072,U012,,Proposal Sent,lost,,,False,,Ponce-Hale,Kurt Hurley,kurt.hurley@yahoo.com,+1-265-728-1685,valid,Jamie Arnold,jamie.arnold@hotmail.com,rep,valid,2,2025-12-18,0.0,0.0,0.0,1.0,0.0,1.0,4,2026-06-16,1,2,8
D0882,C0410,U011,82236.72,Closed Won,lost,,,False,,"Lee, Rodgers And Chambers",Casey Chapman,casey.chapmangmail.com,001-912-249-3843x0894,malformed,Monica Herrera,monica.herreragmail.com,rep,malformed,2,2025-12-25,0.0,0.0,0.0,1.0,0.0,1.0,0,,0,0,4
D0883,C0284,U007,58557.0,Negotiation,open,,,False,,Rivera Llc,Karen Wells,karen.wells@gmail.com,+1-727-227-8576x0849,valid,Abigail Shaffer,abigail.shaffer@gmail.com,rep,valid,0,,,,,,,,0,,0,0,0
D0884,C0154,U002,47076.86,Negotiation,,2026-04-01,,False,,Elliott-Torres,Julie Vargas,julie.vargas@yahoo.com,001-838-632-0603x85050,valid,Noah Rhodes,noah.rhodes@gmail.com,manager,valid,5,2026-06-18,3.0,0.0,0.0,1.0,1.0,0.0,0,,0,0,10
D0885,C0265,U008,79562.46,Negotiation,closed,2026-09-06,,False,,Smith-Benson,Jerry Johnson,jerry.johnson@gmail.com,,valid,Gina Moore,gina.moore@yahoo.com,rep,valid,3,2026-06-17,2.0,0.0,0.0,0.0,0.0,1.0,0,,0,0,6
D0886,C0208,U008,3706.25,Prospecting,closed,2026-05-13,,False,,"Reed, Allen And May",Dana Williams,,261-664-8408x58877,missing,Gina Moore,gina.moore@yahoo.com,rep,valid,1,,0.0,1.0,0.0,0.0,0.0,0.0,1,2026-01-12,0,0,3
D0887,C0152,U013,32654.78,Proposal Sent,closed,,,False,,Yang Inc,Scott Sanchez,scott.sanchez@yahoo.com,(662)320-8635x365,valid,Lisa Hensley,lisa.hensley@yahoo.com,rep,valid,2,,0.0,0.0,0.0,1.0,0.0,1.0,0,,0,0,4
D0888,C0426,U007,1997.06,Qualified,lost,,,False,,Stewart-Reyes,David Brewer,david.brewer@yahoo.com,348-388-1431,valid,Abigail Shaffer,abigail.shaffer@gmail.com,rep,valid,5,2026-05-20,2.0,0.0,1.0,2.0,0.0,0.0,3,2026-07-03,1,1,13
D0889,C0028,U005,,Prospecting,lost,,,False,,Combs Plc,Cameron Caldwell,cameron.caldwell@hotmail.com,674.352.9912,valid,Cristian Santos,cristian.santos@gmail.com,unknown,valid,2,,0.0,0.0,2.0,0.0,0.0,0.0,3,2026-01-04,1,1,7
D0890,C0375,U010,60081.32,Closed Lost,open,2026-08-05,,False,,Scott-Allen,Jennifer Smith,jennifer.smith@gmail.com,(666)442-1476,valid,Ryan Munoz,ryan.munoz@yahoo.com,rep,valid,1,2026-08-03,0.0,0.0,0.0,1.0,0.0,0.0,1,,0,1,3
D0891,C0341,U011,27459.38,Qualified,won,,,False,,Gordon And Sons,Kristin Norris,kristin.norris@hotmail.com,+1-981-767-1120,valid,Monica Herrera,monica.herreragmail.com,rep,malformed,4,2026-05-28,2.0,2.0,0.0,0.0,0.0,0.0,1,2026-04-20,1,0,9
D0892,C0057,U002,51916.52,Prospecting,open,2025-12-06,,False,,Harmon Plc,Arthur West,arthur.west@yahoo.com,891.878.3908x47007,valid,Noah Rhodes,noah.rhodes@gmail.com,manager,valid,3,,0.0,1.0,0.0,2.0,0.0,0.0,0,,0,0,6
D0893,C0012,U014,34124.61,Closed Lost,,,,False,,Santiago Llc,James Powers,james.powers@yahoo.com,651.407.9911x838,valid,Michele Williams,michele.williams@gmail.com,rep,valid,2,,0.0,0.0,1.0,0.0,0.0,1.0,0,,0,0,4
D0894,C0413,U004,58390.26,,won,,,False,,Reynolds-Johnson,Taylor Pittman,taylor.pittman@gmail.com,973-350-5831,valid,Daniel Wagner,daniel.wagner@yahoo.com,admin,valid,3,,1.0,1.0,0.0,0.0,1.0,0.0,2,2026-08-05,1,1,8
D0895,C0092,U003,44211.5,Proposal Sent,open,,,False,,"Travis, Reed And Ross",Kayla Rodriguez,kayla.rodriguez@gmail.com,514.473.2104x696,valid,Angie Henderson,angie.hendersongmail.com,manager,malformed,2,,0.0,0.0,0.0,0.0,2.0,0.0,1,,0,1,5
D0896,C0337,U002,24477.64,Closed Lost,lost,,,False,,Roberts-Henry,Elizabeth Richards,elizabeth.richardsgmail.com,487.930.0244x7146,malformed,Noah Rhodes,noah.rhodes@gmail.com,manager,valid,1,2026-03-06,0.0,0.0,0.0,1.0,0.0,0.0,1,2026-02-12,0,1,3
D0897,C0073,U001,11530.56,Negotiation,,2025-11-28,,False,,White-Lewis,Katelyn Perez,katelyn.perez@gmail.com,,valid,Allison Hill,allison.hillgmail.com,manager,malformed,3,2026-03-05,0.0,2.0,0.0,1.0,0.0,0.0,1,2026-03-14,1,0,7
D0898,C0450,U011,81893.51,Closed Lost,open,,,False,,Johnson-Li,Megan Terry,megan.terry@hotmail.com,(449)272-4399,valid,Monica Herrera,monica.herreragmail.com,rep,malformed,2,2025-12-05,0.0,0.0,0.0,0.0,2.0,0.0,1,2025-11-02,0,1,5
D0899,C0079,U006,19100.14,Closed Lost,closed,,,False,,"Thomas, Patterson And Mendez",Jason Beck,jason.beck@gmail.com,651.288.8880x67065,valid,Connie Lawrence,connie.lawrence@gmail.com,rep,valid,1,,0.0,0.0,0.0,0.0,1.0,0.0,0,,0,0,2
D0900,C0331,U003,61217.72,Closed Won,lost,,,False,,Arellano-Carrillo,Harry Bryant,harry.bryant@gmail.com,+1-428-942-2223x105,valid,Angie Henderson,angie.hendersongmail.com,manager,malformed,2,,1.0,0.0,1.0,0.0,0.0,0.0,1,2026-05-11,0,0,5
D0860,C0327,U002,74662.39,Qualified,,,,False,,"Wilson, Mendoza And Crosby",Tina Clark,tina.clark@hotmail.com,001-335-954-8640x15577,valid,Noah Rhodes,noah.rhodes@gmail.com,manager,valid,3,2025-11-12,0.0,1.0,1.0,0.0,1.0,0.0,2,,1,1,8
D0661,C0115,U014,18685.76,Negotiation,lost,2025-11-27,,False,,Booth Llc,Terry Lewis,terry.lewis@gmail.com,001-717-639-3638x5467,valid,Michele Williams,michele.williams@gmail.com,rep,valid,6,2026-01-13,0.0,1.0,2.0,1.0,2.0,0.0,1,2026-06-05,0,1,13
D0496,C0369,U014,59550.04,,lost,2026-05-21,,False,,"Harper, Jones And Hawkins",Timothy Ruiz,timothy.ruiz@yahoo.com,+1-290-404-8964x652,valid,Michele Williams,michele.williams@gmail.com,rep,valid,2,,0.0,0.0,1.0,1.0,0.0,0.0,2,2026-10-06,1,0,6
D0386,C0020,U007,76354.47,Proposal Sent,won,2026-04-07,,False,,"Phillips, Martinez And Fisher",Megan Orr,megan.orr@hotmail.com,001-746-980-4436,valid,Abigail Shaffer,abigail.shaffer@gmail.com,rep,valid,2,,0.0,1.0,0.0,0.0,1.0,0.0,1,2026-01-15,1,0,5
D0484,C0214,U011,24271.45,Prospecting,won,,,False,,Mitchell Inc,Emily Hayes,emily.hayes@hotmail.com,+1-849-629-9556x20533,valid,Monica Herrera,monica.herreragmail.com,rep,malformed,6,2026-07-24,2.0,2.0,1.0,0.0,0.0,1.0,2,2026-12-05,2,0,14
D0621,C0448,U007,47471.09,Qualified,lost,,,False,,Ford-Chavez,Larry Jones,larry.jones@gmail.com,001-873-723-0085x766,valid,Abigail Shaffer,abigail.shaffer@gmail.com,rep,valid,5,2026-06-03,2.0,0.0,2.0,1.0,0.0,0.0,1,2026-04-17,1,0,11
D0675,C0041,U009,,Proposal Sent,lost,,,False,,Lopez Llc,Kathleen Ramos,kathleen.ramos@gmail.com,548.424.7710,valid,Gabrielle Davis,gabrielle.davis@yahoo.com,rep,valid,6,2026-07-08,1.0,1.0,2.0,0.0,2.0,0.0,3,2026-03-30,0,1,15
D0185,C0139,U014,62703.23,Closed Won,open,,,False,,Gonzales Inc,Cynthia Cochran,cynthia.cochran@hotmail.com,001-659-462-9233x095,valid,Michele Williams,michele.williams@gmail.com,rep,valid,4,,1.0,0.0,1.0,1.0,1.0,0.0,2,,1,1,10
D0590,C0414,U011,49020.04,Closed Won,open,,2026-06-03,False,,"Griffin, Martinez And Villegas",,jamie.wu@hotmail.com,320-270-4961,valid,Monica Herrera,monica.herreragmail.com,rep,malformed,4,,0.0,1.0,2.0,1.0,0.0,0.0,2,2026-07-03,1,0,10
D0726,C0367,U011,52326.7,Closed Won,won,,2026-03-19,False,,"Green, Davis And Richardson",Autumn Higgins,autumn.higgins@yahoo.com,001-577-613-3344x76263,valid,Monica Herrera,monica.herreragmail.com,rep,malformed,1,,0.0,0.0,1.0,0.0,0.0,0.0,3,2025-11-17,1,1,5
D0520,C0060,U005,76961.81,Closed Lost,lost,2026-06-24,2026-08-05,False,42.0,Reynolds Ltd,Robin Hawkins,robin.hawkins@COMPANY.COM,001-688-651-6560,placeholder,Cristian Santos,cristian.santos@gmail.com,unknown,valid,5,2026-06-05,0.0,1.0,0.0,1.0,2.0,1.0,1,,0,1,11
D0795,C0201,U009,62094.96,Proposal Sent,lost,2026-05-18,2026-07-10,False,53.0,Sandoval-Obrien,Stanley Barnes,stanley.barnes@hotmail.com,001-634-765-4722x698,valid,Gabrielle Davis,gabrielle.davis@yahoo.com,rep,valid,0,,,,,,,,3,2026-09-03,3,0,3
D0675,C0041,U009,,Proposal Sent,lost,,,False,,Lopez Llc,Kathleen Ramos,kathleen.ramos@gmail.com,548.424.7710,valid,Gabrielle Davis,gabrielle.davis@yahoo.com,rep,valid,6,2026-07-08,1.0,1.0,2.0,0.0,2.0,0.0,3,2026-03-30,0,1,15
D0539,C0314,U004,57199.21,Negotiation,open,,,False,,"Banks, Smith And Chen",Samantha Davis,samantha.davis@hotmail.com,,valid,Daniel Wagner,daniel.wagner@yahoo.com,admin,valid,7,2026-07-01,1.0,2.0,1.0,1.0,2.0,0.0,2,2026-07-13,0,1,16
D0266,C0055,U002,5155.4,Closed Lost,open,2026-05-15,,False,,"Lewis, Fowler And Maddox",Gavin Zhang,gavin.zhang@hotmail.com,218.639.3352,valid,Noah Rhodes,noah.rhodes@gmail.com,manager,valid,4,2026-03-07,0.0,0.0,1.0,3.0,0.0,0.0,1,2026-04-17,0,0,9
D0133,C0046,U013,61917.56,Closed Lost,open,2025-11-08,,False,,"Higgins, Malone And Brennan",Barry Welch,barry.welch@yahoo.com,216.711.7240,valid,Lisa Hensley,lisa.hensley@yahoo.com,rep,valid,2,,1.0,1.0,0.0,0.0,0.0,0.0,4,2026-02-01,3,1,8
D0715,C0178,U010,19021.6,,closed,2025-12-16,,False,,"Hunter, Taylor And York",Alyssa Lee,alyssa.lee@gmail.com,9308705345,valid,Ryan Munoz,ryan.munoz@yahoo.com,rep,valid,4,2026-10-06,0.0,2.0,2.0,0.0,0.0,0.0,2,2025-12-14,1,1,10
D0332,C0209,U002,39234.18,Closed Lost,won,,2026-12-07,False,,"Lee, Palmer And Vaughan",Tyler Medina,tyler.medina@gmail.com,+1-713-236-1386x1207,valid,Noah Rhodes,noah.rhodes@gmail.com,manager,valid,4,2025-12-06,1.0,2.0,0.0,0.0,0.0,1.0,2,2026-04-13,1,0,10
D0603,C0329,U011,44687.28,Prospecting,,2026-03-25,,False,,Rodriguez-Hernandez,Dan Crane,dan.crane@gmail.com,568-727-5670x4310,valid,Monica Herrera,monica.herreragmail.com,rep,malformed,3,2026-03-22,2.0,0.0,0.0,1.0,0.0,0.0,3,2026-03-11,2,0,9
D0595,C0024,U005,38979.94,Closed Won,closed,2026-05-12,,False,,Gonzales-Reeves,George Orozco,george.orozco@gmail.com,(723)962-3166,valid,Cristian Santos,cristian.santos@gmail.com,unknown,valid,2,,0.0,1.0,0.0,1.0,0.0,0.0,3,2026-01-18,1,2,7
