customer_id,customer_name,region,signup_date,order_id,order_amount,order_date
CUST_0001,Customer_1,East,2024-01-01,ORD_10348,556.57,2025-01-15 11:00:00
CUST_0001,Customer_1,East,2024-01-01,ORD_10521,632.36,2025-01-22 16:00:00
CUST_0001,Customer_1,East,2024-01-01,ORD_10859,84.34,2025-02-05 18:00:00
CUST_0001,Customer_1,East,2024-01-01,ORD_12497,673.17,2025-04-15 00:00:00
CUST_0001,Customer_1,East,2024-01-01,ORD_13798,298.43,2025-06-08 05:00:00
CUST_0002,Customer_2,West,2024-01-01,ORD_10352,210.77,2025-01-15 15:00:00
CUST_0002,Customer_2,West,2024-01-01,ORD_12453,444.56,2025-04-13 04:00:00
CUST_0002,Customer_2,West,2024-01-01,ORD_14142,74.39,2025-06-22 13:00:00
CUST_0002,Customer_2,West,2024-01-01,ORD_14352,144.2,2025-07-01 07:00:00
CUST_0002,Customer_2,West,2024-01-01,ORD_14816,348.89,2025-07-20 15:00:00
CUST_0003,Customer_3,North,2024-01-02,ORD_10522,509.84,2025-01-22 17:00:00
CUST_0003,Customer_3,North,2024-01-02,ORD_10850,107.15,2025-02-05 09:00:00
CUST_0003,Customer_3,North,2024-01-02,ORD_10878,699.02,2025-02-06 13:00:00
CUST_0003,Customer_3,North,2024-01-02,ORD_12891,347.5,2025-05-01 10:00:00
CUST_0003,Customer_3,North,2024-01-02,ORD_14332,497.17,2025-06-30 11:00:00
CUST_0004,Customer_4,East,2024-01-02,ORD_10037,250.12,2025-01-02 12:00:00
CUST_0004,Customer_4,East,2024-01-02,ORD_11266,557.63,2025-02-22 17:00:00
CUST_0004,Customer_4,East,2024-01-02,ORD_12480,609.72,2025-04-14 07:00:00
CUST_0004,Customer_4,East,2024-01-02,ORD_14346,362.12,2025-07-01 01:00:00
CUST_0004,Customer_4,East,2024-01-02,ORD_14820,452.1,2025-07-20 19:00:00
CUST_0005,Customer_5,East,2024-01-03,ORD_10044,570.03,2025-01-02 19:00:00
CUST_0005,Customer_5,East,2024-01-03,ORD_12006,56.74,2025-03-25 13:00:00
CUST_0005,Customer_5,East,2024-01-03,ORD_12690,287.65,2025-04-23 01:00:00
CUST_0005,Customer_5,East,2024-01-03,ORD_13177,533.09,2025-05-13 08:00:00
CUST_0005,Customer_5,East,2024-01-03,ORD_14285,449.02,2025-06-28 12:00:00
CUST_0006,Customer_6,West,2024-01-03,ORD_10052,343.41,2025-01-03 03:00:00
CUST_0006,Customer_6,West,2024-01-03,ORD_12084,442.35,2025-03-28 19:00:00
CUST_0006,Customer_6,West,2024-01-03,ORD_12802,664.22,2025-04-27 17:00:00
CUST_0006,Customer_6,West,2024-01-03,ORD_13260,508.82,2025-05-16 19:00:00
CUST_0006,Customer_6,West,2024-01-03,ORD_14823,68.73,2025-07-20 22:00:00
CUST_0007,Customer_7,North,2024-01-04,ORD_10977,374.51,2025-02-10 16:00:00
CUST_0007,Customer_7,North,2024-01-04,ORD_11361,255.65,2025-02-26 16:00:00
CUST_0007,Customer_7,North,2024-01-04,ORD_12412,571.1,2025-04-11 11:00:00
CUST_0007,Customer_7,North,2024-01-04,ORD_13610,211.29,2025-05-31 09:00:00
CUST_0007,Customer_7,North,2024-01-04,ORD_13949,680.88,2025-06-14 12:00:00
CUST_0008,Customer_8,North,2024-01-04,ORD_11007,575.09,2025-02-11 22:00:00
CUST_0008,Customer_8,North,2024-01-04,ORD_11129,186.06,2025-02-17 00:00:00
CUST_0008,Customer_8,North,2024-01-04,ORD_11544,190.0,2025-03-06 07:00:00
CUST_0008,Customer_8,North,2024-01-04,ORD_12803,34.69,2025-04-27 18:00:00
CUST_0008,Customer_8,North,2024-01-04,ORD_13299,536.8,2025-05-18 10:00:00
CUST_0009,Customer_9,East,2024-01-05,ORD_10188,298.09,2025-01-08 19:00:00
CUST_0009,Customer_9,East,2024-01-05,ORD_13084,26.8,2025-05-09 11:00:00
CUST_0009,Customer_9,East,2024-01-05,ORD_13646,333.09,2025-06-01 21:00:00
CUST_0009,Customer_9,East,2024-01-05,ORD_13918,724.93,2025-06-13 05:00:00
CUST_0009,Customer_9,East,2024-01-05,ORD_14505,321.31,2025-07-07 16:00:00
CUST_0010,Customer_10,South,2024-01-05,ORD_11375,441.47,2025-02-27 06:00:00
CUST_0010,Customer_10,South,2024-01-05,ORD_11427,491.81,2025-03-01 10:00:00
CUST_0010,Customer_10,South,2024-01-05,ORD_12854,48.32,2025-04-29 21:00:00
CUST_0010,Customer_10,South,2024-01-05,ORD_14134,264.96,2025-06-22 05:00:00
CUST_0010,Customer_10,South,2024-01-05,ORD_14793,248.76,2025-07-19 16:00:00
CUST_0011,Customer_11,East,2024-01-06,ORD_11842,506.14,2025-03-18 17:00:00
CUST_0011,Customer_11,East,2024-01-06,ORD_12482,425.79,2025-04-14 09:00:00
CUST_0011,Customer_11,East,2024-01-06,ORD_13259,178.27,2025-05-16 18:00:00
CUST_0011,Customer_11,East,2024-01-06,ORD_14357,729.73,2025-07-01 12:00:00
CUST_0011,Customer_11,East,2024-01-06,ORD_14765,587.17,2025-07-18 12:00:00
CUST_0012,Customer_12,East,2024-01-06,ORD_11818,373.23,2025-03-17 17:00:00
CUST_0012,Customer_12,East,2024-01-06,ORD_12612,749.42,2025-04-19 19:00:00
CUST_0012,Customer_12,East,2024-01-06,ORD_13753,666.0,2025-06-06 08:00:00
CUST_0012,Customer_12,East,2024-01-06,ORD_13955,741.43,2025-06-14 18:00:00
CUST_0012,Customer_12,East,2024-01-06,ORD_14304,511.67,2025-06-29 07:00:00
CUST_0013,Customer_13,East,2024-01-07,ORD_10937,195.07,2025-02-09 00:00:00
CUST_0013,Customer_13,East,2024-01-07,ORD_11091,502.78,2025-02-15 10:00:00
CUST_0013,Customer_13,East,2024-01-07,ORD_12027,630.6,2025-03-26 10:00:00
CUST_0013,Customer_13,East,2024-01-07,ORD_13523,269.9,2025-05-27 18:00:00
CUST_0013,Customer_13,East,2024-01-07,ORD_14043,286.32,2025-06-18 10:00:00
CUST_0014,Customer_14,East,2024-01-07,ORD_11723,449.55,2025-03-13 18:00:00
CUST_0014,Customer_14,East,2024-01-07,ORD_12301,373.48,2025-04-06 20:00:00
CUST_0014,Customer_14,East,2024-01-07,ORD_13991,723.59,2025-06-16 06:00:00
CUST_0014,Customer_14,East,2024-01-07,ORD_14117,36.05,2025-06-21 12:00:00
CUST_0014,Customer_14,East,2024-01-07,ORD_14836,485.34,2025-07-21 11:00:00
CUST_0015,Customer_15,West,2024-01-08,ORD_11327,532.14,2025-02-25 06:00:00
CUST_0015,Customer_15,West,2024-01-08,ORD_11377,354.61,2025-02-27 08:00:00
CUST_0015,Customer_15,West,2024-01-08,ORD_11994,360.45,2025-03-25 01:00:00
CUST_0015,Customer_15,West,2024-01-08,ORD_12291,103.76,2025-04-06 10:00:00
CUST_0015,Customer_15,West,2024-01-08,ORD_13568,72.83,2025-05-29 15:00:00
CUST_0016,Customer_16,North,2024-01-08,ORD_10215,461.18,2025-01-09 22:00:00
CUST_0016,Customer_16,North,2024-01-08,ORD_10323,662.11,2025-01-14 10:00:00
CUST_0016,Customer_16,North,2024-01-08,ORD_11797,661.96,2025-03-16 20:00:00
CUST_0016,Customer_16,North,2024-01-08,ORD_12721,151.15,2025-04-24 08:00:00
CUST_0016,Customer_16,North,2024-01-08,ORD_14358,131.96,2025-07-01 13:00:00
CUST_0017,Customer_17,West,2024-01-09,ORD_12539,31.77,2025-04-16 18:00:00
CUST_0017,Customer_17,West,2024-01-09,ORD_13282,504.53,2025-05-17 17:00:00
CUST_0017,Customer_17,West,2024-01-09,ORD_13343,609.46,2025-05-20 06:00:00
CUST_0017,Customer_17,West,2024-01-09,ORD_13695,340.84,2025-06-03 22:00:00
CUST_0017,Customer_17,West,2024-01-09,ORD_14282,245.3,2025-06-28 09:00:00
CUST_0018,Customer_18,West,2024-01-09,ORD_10772,574.67,2025-02-02 03:00:00
CUST_0018,Customer_18,West,2024-01-09,ORD_11318,214.76,2025-02-24 21:00:00
CUST_0018,Customer_18,West,2024-01-09,ORD_13024,372.6,2025-05-06 23:00:00
CUST_0018,Customer_18,West,2024-01-09,ORD_13225,482.29,2025-05-15 08:00:00
CUST_0018,Customer_18,West,2024-01-09,ORD_14659,634.19,2025-07-14 02:00:00
CUST_0019,Customer_19,West,2024-01-10,ORD_10922,691.99,2025-02-08 09:00:00
CUST_0019,Customer_19,West,2024-01-10,ORD_11357,379.16,2025-02-26 12:00:00
CUST_0019,Customer_19,West,2024-01-10,ORD_11708,316.94,2025-03-13 03:00:00
CUST_0019,Customer_19,West,2024-01-10,ORD_11724,173.86,2025-03-13 19:00:00
CUST_0019,Customer_19,West,2024-01-10,ORD_13805,66.18,2025-06-08 12:00:00
CUST_0020,Customer_20,East,2024-01-10,ORD_11401,56.0,2025-02-28 08:00:00
CUST_0020,Customer_20,East,2024-01-10,ORD_11504,561.43,2025-03-04 15:00:00
CUST_0020,Customer_20,East,2024-01-10,ORD_11936,295.46,2025-03-22 15:00:00
CUST_0020,Customer_20,East,2024-01-10,ORD_14922,42.26,2025-07-25 01:00:00
CUST_0020,Customer_20,East,2024-01-10,ORD_14982,538.16,2025-07-27 13:00:00
CUST_0021,Customer_21,South,2024-01-11,ORD_10219,506.56,2025-01-10 02:00:00
CUST_0021,Customer_21,South,2024-01-11,ORD_11843,620.54,2025-03-18 18:00:00
CUST_0021,Customer_21,South,2024-01-11,ORD_12039,605.97,2025-03-26 22:00:00
CUST_0021,Customer_21,South,2024-01-11,ORD_13061,316.84,2025-05-08 12:00:00
CUST_0021,Customer_21,South,2024-01-11,ORD_13736,421.22,2025-06-05 15:00:00
CUST_0022,Customer_22,North,2024-01-11,ORD_10346,434.2,2025-01-15 09:00:00
CUST_0022,Customer_22,North,2024-01-11,ORD_10965,651.5,2025-02-10 04:00:00
CUST_0022,Customer_22,North,2024-01-11,ORD_11885,279.93,2025-03-20 12:00:00
CUST_0022,Customer_22,North,2024-01-11,ORD_14242,454.38,2025-06-26 17:00:00
CUST_0022,Customer_22,North,2024-01-11,ORD_14835,493.55,2025-07-21 10:00:00
CUST_0023,Customer_23,South,2024-01-12,ORD_10294,658.24,2025-01-13 05:00:00
CUST_0023,Customer_23,South,2024-01-12,ORD_12083,304.87,2025-03-28 18:00:00
CUST_0023,Customer_23,South,2024-01-12,ORD_13121,301.95,2025-05-11 00:00:00
CUST_0023,Customer_23,South,2024-01-12,ORD_13691,525.06,2025-06-03 18:00:00
CUST_0023,Customer_23,South,2024-01-12,ORD_14760,485.74,2025-07-18 07:00:00
CUST_0024,Customer_24,West,2024-01-12,ORD_10130,313.07,2025-01-06 09:00:00
CUST_0024,Customer_24,West,2024-01-12,ORD_12016,201.75,2025-03-25 23:00:00
CUST_0024,Customer_24,West,2024-01-12,ORD_13103,613.06,2025-05-10 06:00:00
CUST_0024,Customer_24,West,2024-01-12,ORD_14077,675.39,2025-06-19 20:00:00
CUST_0024,Customer_24,West,2024-01-12,ORD_14535,609.95,2025-07-08 22:00:00
CUST_0025,Customer_25,West,2024-01-13,ORD_11604,197.84,2025-03-08 19:00:00
CUST_0025,Customer_25,West,2024-01-13,ORD_12005,414.36,2025-03-25 12:00:00
CUST_0025,Customer_25,West,2024-01-13,ORD_12254,519.47,2025-04-04 21:00:00
CUST_0025,Customer_25,West,2024-01-13,ORD_12918,115.64,2025-05-02 13:00:00
CUST_0025,Customer_25,West,2024-01-13,ORD_14620,598.13,2025-07-12 11:00:00
CUST_0026,Customer_26,South,2024-01-13,ORD_10828,204.09,2025-02-04 11:00:00
CUST_0026,Customer_26,South,2024-01-13,ORD_11304,231.5,2025-02-24 07:00:00
CUST_0026,Customer_26,South,2024-01-13,ORD_12040,595.27,2025-03-26 23:00:00
CUST_0026,Customer_26,South,2024-01-13,ORD_12941,471.57,2025-05-03 12:00:00
CUST_0026,Customer_26,South,2024-01-13,ORD_13480,669.47,2025-05-25 23:00:00
CUST_0027,Customer_27,South,2024-01-14,ORD_10082,360.31,2025-01-04 09:00:00
CUST_0027,Customer_27,South,2024-01-14,ORD_10166,110.77,2025-01-07 21:00:00
CUST_0027,Customer_27,South,2024-01-14,ORD_10817,566.48,2025-02-04 00:00:00
CUST_0027,Customer_27,South,2024-01-14,ORD_11063,151.88,2025-02-14 06:00:00
CUST_0027,Customer_27,South,2024-01-14,ORD_14845,168.71,2025-07-21 20:00:00
CUST_0028,Customer_28,South,2024-01-14,ORD_10602,306.02,2025-01-26 01:00:00
CUST_0028,Customer_28,South,2024-01-14,ORD_12128,451.33,2025-03-30 15:00:00
CUST_0028,Customer_28,South,2024-01-14,ORD_12851,685.45,2025-04-29 18:00:00
CUST_0028,Customer_28,South,2024-01-14,ORD_13979,20.18,2025-06-15 18:00:00
CUST_0028,Customer_28,South,2024-01-14,ORD_14093,131.44,2025-06-20 12:00:00
CUST_0029,Customer_29,West,2024-01-15,ORD_10356,230.37,2025-01-15 19:00:00
CUST_0029,Customer_29,West,2024-01-15,ORD_10648,237.59,2025-01-27 23:00:00
CUST_0029,Customer_29,West,2024-01-15,ORD_11369,586.39,2025-02-27 00:00:00
CUST_0029,Customer_29,West,2024-01-15,ORD_13641,694.68,2025-06-01 16:00:00
CUST_0029,Customer_29,West,2024-01-15,ORD_14233,329.11,2025-06-26 08:00:00
CUST_0030,Customer_30,West,2024-01-15,ORD_10515,461.15,2025-01-22 10:00:00
CUST_0030,Customer_30,West,2024-01-15,ORD_10736,604.69,2025-01-31 15:00:00
CUST_0030,Customer_30,West,2024-01-15,ORD_10787,344.74,2025-02-02 18:00:00
CUST_0030,Customer_30,West,2024-01-15,ORD_11181,132.8,2025-02-19 04:00:00
CUST_0030,Customer_30,West,2024-01-15,ORD_14047,171.32,2025-06-18 14:00:00
CUST_0031,Customer_31,North,2024-01-16,ORD_10829,346.11,2025-02-04 12:00:00
CUST_0031,Customer_31,North,2024-01-16,ORD_11364,117.3,2025-02-26 19:00:00
CUST_0031,Customer_31,North,2024-01-16,ORD_12538,526.72,2025-04-16 17:00:00
CUST_0031,Customer_31,North,2024-01-16,ORD_12825,459.23,2025-04-28 16:00:00
CUST_0031,Customer_31,North,2024-01-16,ORD_14530,124.89,2025-07-08 17:00:00
CUST_0032,Customer_32,North,2024-01-16,ORD_10456,683.75,2025-01-19 23:00:00
CUST_0032,Customer_32,North,2024-01-16,ORD_11702,253.61,2025-03-12 21:00:00
CUST_0032,Customer_32,North,2024-01-16,ORD_11749,199.45,2025-03-14 20:00:00
CUST_0032,Customer_32,North,2024-01-16,ORD_13143,635.0,2025-05-11 22:00:00
CUST_0032,Customer_32,North,2024-01-16,ORD_13298,267.95,2025-05-18 09:00:00
CUST_0033,Customer_33,West,2024-01-17,ORD_10229,372.8,2025-01-10 12:00:00
CUST_0033,Customer_33,West,2024-01-17,ORD_11340,184.37,2025-02-25 19:00:00
CUST_0033,Customer_33,West,2024-01-17,ORD_12077,287.71,2025-03-28 12:00:00
CUST_0033,Customer_33,West,2024-01-17,ORD_13370,228.23,2025-05-21 09:00:00
CUST_0033,Customer_33,West,2024-01-17,ORD_14625,212.17,2025-07-12 16:00:00
CUST_0034,Customer_34,South,2024-01-17,ORD_10207,719.3,2025-01-09 14:00:00
CUST_0034,Customer_34,South,2024-01-17,ORD_12838,635.05,2025-04-29 05:00:00
CUST_0034,Customer_34,South,2024-01-17,ORD_13068,127.64,2025-05-08 19:00:00
CUST_0034,Customer_34,South,2024-01-17,ORD_13311,315.44,2025-05-18 22:00:00
CUST_0034,Customer_34,South,2024-01-17,ORD_14838,28.31,2025-07-21 13:00:00
CUST_0035,Customer_35,South,2024-01-18,ORD_10638,324.7,2025-01-27 13:00:00
CUST_0035,Customer_35,South,2024-01-18,ORD_11016,258.1,2025-02-12 07:00:00
CUST_0035,Customer_35,South,2024-01-18,ORD_11621,69.12,2025-03-09 12:00:00
CUST_0035,Customer_35,South,2024-01-18,ORD_14069,389.78,2025-06-19 12:00:00
CUST_0035,Customer_35,South,2024-01-18,ORD_14355,245.81,2025-07-01 10:00:00
CUST_0036,Customer_36,North,2024-01-18,ORD_10213,154.93,2025-01-09 20:00:00
CUST_0036,Customer_36,North,2024-01-18,ORD_10411,515.72,2025-01-18 02:00:00
CUST_0036,Customer_36,North,2024-01-18,ORD_13562,412.29,2025-05-29 09:00:00
CUST_0036,Customer_36,North,2024-01-18,ORD_13678,349.7,2025-06-03 05:00:00
CUST_0036,Customer_36,North,2024-01-18,ORD_14244,462.39,2025-06-26 19:00:00
CUST_0037,Customer_37,West,2024-01-19,ORD_11635,315.79,2025-03-10 02:00:00
CUST_0037,Customer_37,West,2024-01-19,ORD_12148,653.71,2025-03-31 11:00:00
CUST_0037,Customer_37,West,2024-01-19,ORD_12312,49.99,2025-04-07 07:00:00
CUST_0037,Customer_37,West,2024-01-19,ORD_14220,346.55,2025-06-25 19:00:00
CUST_0037,Customer_37,West,2024-01-19,ORD_14306,527.22,2025-06-29 09:00:00
CUST_0038,Customer_38,North,2024-01-19,ORD_10779,207.66,2025-02-02 10:00:00
CUST_0038,Customer_38,North,2024-01-19,ORD_11563,682.1,2025-03-07 02:00:00
CUST_0038,Customer_38,North,2024-01-19,ORD_12150,275.64,2025-03-31 13:00:00
CUST_0038,Customer_38,North,2024-01-19,ORD_13232,449.83,2025-05-15 15:00:00
CUST_0038,Customer_38,North,2024-01-19,ORD_14071,248.76,2025-06-19 14:00:00
CUST_0039,Customer_39,North,2024-01-20,ORD_11097,684.25,2025-02-15 16:00:00
CUST_0039,Customer_39,North,2024-01-20,ORD_11828,231.08,2025-03-18 03:00:00
CUST_0039,Customer_39,North,2024-01-20,ORD_12177,282.38,2025-04-01 16:00:00
CUST_0039,Customer_39,North,2024-01-20,ORD_13140,417.76,2025-05-11 19:00:00
CUST_0039,Customer_39,North,2024-01-20,ORD_14408,316.1,2025-07-03 15:00:00
CUST_0040,Customer_40,East,2024-01-20,ORD_10631,244.71,2025-01-27 06:00:00
CUST_0040,Customer_40,East,2024-01-20,ORD_10747,195.79,2025-02-01 02:00:00
CUST_0040,Customer_40,East,2024-01-20,ORD_12187,391.36,2025-04-02 02:00:00
CUST_0040,Customer_40,East,2024-01-20,ORD_12752,253.64,2025-04-25 15:00:00
CUST_0040,Customer_40,East,2024-01-20,ORD_12781,493.88,2025-04-26 20:00:00
CUST_0041,Customer_41,East,2024-01-21,ORD_10313,420.47,2025-01-14 00:00:00
CUST_0041,Customer_41,East,2024-01-21,ORD_11474,94.37,2025-03-03 09:00:00
CUST_0041,Customer_41,East,2024-01-21,ORD_13739,620.53,2025-06-05 18:00:00
CUST_0041,Customer_41,East,2024-01-21,ORD_14516,46.0,2025-07-08 03:00:00
CUST_0041,Customer_41,East,2024-01-21,ORD_14828,333.61,2025-07-21 03:00:00
CUST_0042,Customer_42,East,2024-01-21,ORD_11404,209.84,2025-02-28 11:00:00
CUST_0042,Customer_42,East,2024-01-21,ORD_12769,146.11,2025-04-26 08:00:00
CUST_0042,Customer_42,East,2024-01-21,ORD_12911,200.28,2025-05-02 06:00:00
CUST_0042,Customer_42,East,2024-01-21,ORD_13463,174.18,2025-05-25 06:00:00
CUST_0042,Customer_42,East,2024-01-21,ORD_13872,353.12,2025-06-11 07:00:00
CUST_0043,Customer_43,South,2024-01-22,ORD_10363,707.28,2025-01-16 02:00:00
CUST_0043,Customer_43,South,2024-01-22,ORD_12569,323.03,2025-04-18 00:00:00
CUST_0043,Customer_43,South,2024-01-22,ORD_13745,387.61,2025-06-06 00:00:00
CUST_0043,Customer_43,South,2024-01-22,ORD_13927,520.69,2025-06-13 14:00:00
CUST_0043,Customer_43,South,2024-01-22,ORD_14329,534.59,2025-06-30 08:00:00
CUST_0044,Customer_44,West,2024-01-22,ORD_10372,163.29,2025-01-16 11:00:00
CUST_0044,Customer_44,West,2024-01-22,ORD_11140,738.11,2025-02-17 11:00:00
CUST_0044,Customer_44,West,2024-01-22,ORD_11365,697.25,2025-02-26 20:00:00
CUST_0044,Customer_44,West,2024-01-22,ORD_13112,545.87,2025-05-10 15:00:00
CUST_0044,Customer_44,West,2024-01-22,ORD_14934,266.72,2025-07-25 13:00:00
CUST_0045,Customer_45,West,2024-01-23,ORD_10912,427.46,2025-02-07 23:00:00
CUST_0045,Customer_45,West,2024-01-23,ORD_11528,719.32,2025-03-05 15:00:00
CUST_0045,Customer_45,West,2024-01-23,ORD_11965,294.67,2025-03-23 20:00:00
CUST_0045,Customer_45,West,2024-01-23,ORD_12921,383.22,2025-05-02 16:00:00
CUST_0045,Customer_45,West,2024-01-23,ORD_14104,692.66,2025-06-20 23:00:00
CUST_0046,Customer_46,West,2024-01-23,ORD_10048,472.0,2025-01-02 23:00:00
CUST_0046,Customer_46,West,2024-01-23,ORD_11448,282.84,2025-03-02 07:00:00
CUST_0046,Customer_46,West,2024-01-23,ORD_12903,375.57,2025-05-01 22:00:00
CUST_0046,Customer_46,West,2024-01-23,ORD_14825,455.43,2025-07-21 00:00:00
CUST_0046,Customer_46,West,2024-01-23,ORD_14926,328.69,2025-07-25 05:00:00
CUST_0047,Customer_47,West,2024-01-24,ORD_10837,632.54,2025-02-04 20:00:00
CUST_0047,Customer_47,West,2024-01-24,ORD_11759,474.76,2025-03-15 06:00:00
CUST_0047,Customer_47,West,2024-01-24,ORD_11881,114.1,2025-03-20 08:00:00
CUST_0047,Customer_47,West,2024-01-24,ORD_12146,714.74,2025-03-31 09:00:00
CUST_0047,Customer_47,West,2024-01-24,ORD_14435,580.95,2025-07-04 18:00:00
CUST_0048,Customer_48,East,2024-01-24,ORD_10428,574.8,2025-01-18 19:00:00
CUST_0048,Customer_48,East,2024-01-24,ORD_10659,417.58,2025-01-28 10:00:00
CUST_0048,Customer_48,East,2024-01-24,ORD_11021,115.16,2025-02-12 12:00:00
CUST_0048,Customer_48,East,2024-01-24,ORD_11153,39.79,2025-02-18 00:00:00
CUST_0048,Customer_48,East,2024-01-24,ORD_14719,527.52,2025-07-16 14:00:00
CUST_0049,Customer_49,South,2024-01-25,ORD_10952,327.85,2025-02-09 15:00:00
CUST_0049,Customer_49,South,2024-01-25,ORD_11194,611.8,2025-02-19 17:00:00
CUST_0049,Customer_49,South,2024-01-25,ORD_12440,363.61,2025-04-12 15:00:00
CUST_0049,Customer_49,South,2024-01-25,ORD_14058,504.77,2025-06-19 01:00:00
CUST_0049,Customer_49,South,2024-01-25,ORD_14843,449.02,2025-07-21 18:00:00
CUST_0050,Customer_50,South,2024-01-25,ORD_12831,624.39,2025-04-28 22:00:00
CUST_0050,Customer_50,South,2024-01-25,ORD_13643,444.44,2025-06-01 18:00:00
CUST_0050,Customer_50,South,2024-01-25,ORD_14534,26.75,2025-07-08 21:00:00
CUST_0050,Customer_50,South,2024-01-25,ORD_14668,497.87,2025-07-14 11:00:00
CUST_0050,Customer_50,South,2024-01-25,ORD_14925,568.73,2025-07-25 04:00:00
CUST_0051,Customer_51,East,2024-01-26,ORD_10194,343.08,2025-01-09 01:00:00
CUST_0051,Customer_51,East,2024-01-26,ORD_11656,218.35,2025-03-10 23:00:00
CUST_0051,Customer_51,East,2024-01-26,ORD_13323,263.92,2025-05-19 10:00:00
CUST_0051,Customer_51,East,2024-01-26,ORD_13724,632.62,2025-06-05 03:00:00
CUST_0051,Customer_51,East,2024-01-26,ORD_14442,394.55,2025-07-05 01:00:00
CUST_0052,Customer_52,South,2024-01-26,ORD_11317,251.34,2025-02-24 20:00:00
CUST_0052,Customer_52,South,2024-01-26,ORD_12114,107.95,2025-03-30 01:00:00
CUST_0052,Customer_52,South,2024-01-26,ORD_13590,687.67,2025-05-30 13:00:00
CUST_0052,Customer_52,South,2024-01-26,ORD_14590,305.5,2025-07-11 05:00:00
CUST_0052,Customer_52,South,2024-01-26,ORD_14796,650.41,2025-07-19 19:00:00
CUST_0053,Customer_53,East,2024-01-27,ORD_10759,138.04,2025-02-01 14:00:00
CUST_0053,Customer_53,East,2024-01-27,ORD_10909,500.56,2025-02-07 20:00:00
CUST_0053,Customer_53,East,2024-01-27,ORD_12198,324.93,2025-04-02 13:00:00
CUST_0053,Customer_53,East,2024-01-27,ORD_14062,242.95,2025-06-19 05:00:00
CUST_0053,Customer_53,East,2024-01-27,ORD_14559,388.23,2025-07-09 22:00:00
CUST_0054,Customer_54,West,2024-01-27,ORD_10579,20.17,2025-01-25 02:00:00
CUST_0054,Customer_54,West,2024-01-27,ORD_12212,709.86,2025-04-03 03:00:00
CUST_0054,Customer_54,West,2024-01-27,ORD_14209,251.6,2025-06-25 08:00:00
CUST_0054,Customer_54,West,2024-01-27,ORD_14343,152.29,2025-06-30 22:00:00
CUST_0054,Customer_54,West,2024-01-27,ORD_14903,397.22,2025-07-24 06:00:00
CUST_0055,Customer_55,East,2024-01-28,ORD_10094,513.23,2025-01-04 21:00:00
CUST_0055,Customer_55,East,2024-01-28,ORD_12796,511.3,2025-04-27 11:00:00
CUST_0055,Customer_55,East,2024-01-28,ORD_13097,408.31,2025-05-10 00:00:00
CUST_0055,Customer_55,East,2024-01-28,ORD_14283,115.14,2025-06-28 10:00:00
CUST_0055,Customer_55,East,2024-01-28,ORD_14588,301.68,2025-07-11 03:00:00
CUST_0056,Customer_56,West,2024-01-28,ORD_10543,732.32,2025-01-23 14:00:00
CUST_0056,Customer_56,West,2024-01-28,ORD_12604,229.8,2025-04-19 11:00:00
CUST_0056,Customer_56,West,2024-01-28,ORD_12663,251.02,2025-04-21 22:00:00
CUST_0056,Customer_56,West,2024-01-28,ORD_12931,485.31,2025-05-03 02:00:00
CUST_0056,Customer_56,West,2024-01-28,ORD_14888,351.62,2025-07-23 15:00:00
CUST_0057,Customer_57,West,2024-01-29,ORD_10041,442.3,2025-01-02 16:00:00
CUST_0057,Customer_57,West,2024-01-29,ORD_12260,260.22,2025-04-05 03:00:00
CUST_0057,Customer_57,West,2024-01-29,ORD_12898,700.83,2025-05-01 17:00:00
CUST_0057,Customer_57,West,2024-01-29,ORD_13668,187.84,2025-06-02 19:00:00
CUST_0057,Customer_57,West,2024-01-29,ORD_14232,440.12,2025-06-26 07:00:00
CUST_0058,Customer_58,North,2024-01-29,ORD_10308,652.49,2025-01-13 19:00:00
CUST_0058,Customer_58,North,2024-01-29,ORD_10388,425.25,2025-01-17 03:00:00
CUST_0058,Customer_58,North,2024-01-29,ORD_11976,22.86,2025-03-24 07:00:00
CUST_0058,Customer_58,North,2024-01-29,ORD_12299,413.61,2025-04-06 18:00:00
CUST_0058,Customer_58,North,2024-01-29,ORD_13557,279.36,2025-05-29 04:00:00
CUST_0059,Customer_59,East,2024-01-30,ORD_11424,732.19,2025-03-01 07:00:00
CUST_0059,Customer_59,East,2024-01-30,ORD_12336,474.48,2025-04-08 07:00:00
CUST_0059,Customer_59,East,2024-01-30,ORD_12364,58.2,2025-04-09 11:00:00
CUST_0059,Customer_59,East,2024-01-30,ORD_12755,165.69,2025-04-25 18:00:00
CUST_0059,Customer_59,East,2024-01-30,ORD_13571,693.28,2025-05-29 18:00:00
CUST_0060,Customer_60,North,2024-01-30,ORD_11395,494.18,2025-02-28 02:00:00
CUST_0060,Customer_60,North,2024-01-30,ORD_11490,449.09,2025-03-04 01:00:00
CUST_0060,Customer_60,North,2024-01-30,ORD_12460,114.22,2025-04-13 11:00:00
CUST_0060,Customer_60,North,2024-01-30,ORD_13037,582.99,2025-05-07 12:00:00
CUST_0060,Customer_60,North,2024-01-30,ORD_14617,676.01,2025-07-12 08:00:00
CUST_0061,Customer_61,East,2024-01-31,ORD_11101,650.99,2025-02-15 20:00:00
CUST_0061,Customer_61,East,2024-01-31,ORD_12378,68.66,2025-04-10 01:00:00
CUST_0061,Customer_61,East,2024-01-31,ORD_12973,437.49,2025-05-04 20:00:00
CUST_0061,Customer_61,East,2024-01-31,ORD_13294,486.66,2025-05-18 05:00:00
CUST_0061,Customer_61,East,2024-01-31,ORD_14470,719.58,2025-07-06 05:00:00
CUST_0062,Customer_62,East,2024-01-31,ORD_10373,36.47,2025-01-16 12:00:00
CUST_0062,Customer_62,East,2024-01-31,ORD_11102,353.53,2025-02-15 21:00:00
CUST_0062,Customer_62,East,2024-01-31,ORD_11355,57.35,2025-02-26 10:00:00
CUST_0062,Customer_62,East,2024-01-31,ORD_14108,321.37,2025-06-21 03:00:00
CUST_0062,Customer_62,East,2024-01-31,ORD_14849,395.9,2025-07-22 00:00:00
CUST_0063,Customer_63,North,2024-02-01,ORD_11360,388.02,2025-02-26 15:00:00
CUST_0063,Customer_63,North,2024-02-01,ORD_12143,350.12,2025-03-31 06:00:00
CUST_0063,Customer_63,North,2024-02-01,ORD_12179,161.14,2025-04-01 18:00:00
CUST_0063,Customer_63,North,2024-02-01,ORD_14479,461.28,2025-07-06 14:00:00
CUST_0063,Customer_63,North,2024-02-01,ORD_14586,204.01,2025-07-11 01:00:00
CUST_0064,Customer_64,North,2024-02-01,ORD_10971,371.87,2025-02-10 10:00:00
CUST_0064,Customer_64,North,2024-02-01,ORD_11646,724.78,2025-03-10 13:00:00
CUST_0064,Customer_64,North,2024-02-01,ORD_13085,342.95,2025-05-09 12:00:00
CUST_0064,Customer_64,North,2024-02-01,ORD_14172,646.17,2025-06-23 19:00:00
CUST_0064,Customer_64,North,2024-02-01,ORD_14307,342.33,2025-06-29 10:00:00
CUST_0065,Customer_65,East,2024-02-02,ORD_10400,30.12,2025-01-17 15:00:00
CUST_0065,Customer_65,East,2024-02-02,ORD_11640,216.83,2025-03-10 07:00:00
CUST_0065,Customer_65,East,2024-02-02,ORD_12797,54.28,2025-04-27 12:00:00
CUST_0065,Customer_65,East,2024-02-02,ORD_13583,415.94,2025-05-30 06:00:00
CUST_0065,Customer_65,East,2024-02-02,ORD_14558,211.72,2025-07-09 21:00:00
CUST_0066,Customer_66,South,2024-02-02,ORD_10157,448.24,2025-01-07 12:00:00
CUST_0066,Customer_66,South,2024-02-02,ORD_10262,298.96,2025-01-11 21:00:00
CUST_0066,Customer_66,South,2024-02-02,ORD_10266,509.42,2025-01-12 01:00:00
CUST_0066,Customer_66,South,2024-02-02,ORD_10278,250.22,2025-01-12 13:00:00
CUST_0066,Customer_66,South,2024-02-02,ORD_12370,637.09,2025-04-09 17:00:00
CUST_0067,Customer_67,West,2024-02-03,ORD_10087,685.28,2025-01-04 14:00:00
CUST_0067,Customer_67,West,2024-02-03,ORD_13504,72.73,2025-05-26 23:00:00
CUST_0067,Customer_67,West,2024-02-03,ORD_13784,619.92,2025-06-07 15:00:00
CUST_0067,Customer_67,West,2024-02-03,ORD_13965,242.81,2025-06-15 04:00:00
CUST_0067,Customer_67,West,2024-02-03,ORD_14861,442.11,2025-07-22 12:00:00
CUST_0068,Customer_68,North,2024-02-03,ORD_10615,740.43,2025-01-26 14:00:00
CUST_0068,Customer_68,North,2024-02-03,ORD_10786,721.93,2025-02-02 17:00:00
CUST_0068,Customer_68,North,2024-02-03,ORD_12249,222.86,2025-04-04 16:00:00
CUST_0068,Customer_68,North,2024-02-03,ORD_12615,136.62,2025-04-19 22:00:00
CUST_0068,Customer_68,North,2024-02-03,ORD_14245,85.43,2025-06-26 20:00:00
CUST_0069,Customer_69,West,2024-02-04,ORD_10042,526.2,2025-01-02 17:00:00
CUST_0069,Customer_69,West,2024-02-04,ORD_11412,220.82,2025-02-28 19:00:00
CUST_0069,Customer_69,West,2024-02-04,ORD_12939,33.4,2025-05-03 10:00:00
CUST_0069,Customer_69,West,2024-02-04,ORD_13292,224.11,2025-05-18 03:00:00
CUST_0069,Customer_69,West,2024-02-04,ORD_14878,397.88,2025-07-23 05:00:00
CUST_0070,Customer_70,South,2024-02-04,ORD_10540,121.66,2025-01-23 11:00:00
CUST_0070,Customer_70,South,2024-02-04,ORD_10549,662.34,2025-01-23 20:00:00
CUST_0070,Customer_70,South,2024-02-04,ORD_10611,587.97,2025-01-26 10:00:00
CUST_0070,Customer_70,South,2024-02-04,ORD_10993,700.77,2025-02-11 08:00:00
CUST_0070,Customer_70,South,2024-02-04,ORD_14824,105.01,2025-07-20 23:00:00
CUST_0071,Customer_71,South,2024-02-05,ORD_11162,667.82,2025-02-18 09:00:00
CUST_0071,Customer_71,South,2024-02-05,ORD_11224,300.7,2025-02-20 23:00:00
CUST_0071,Customer_71,South,2024-02-05,ORD_11735,477.57,2025-03-14 06:00:00
CUST_0071,Customer_71,South,2024-02-05,ORD_12355,78.45,2025-04-09 02:00:00
CUST_0071,Customer_71,South,2024-02-05,ORD_14405,86.46,2025-07-03 12:00:00
CUST_0072,Customer_72,South,2024-02-05,ORD_10756,109.97,2025-02-01 11:00:00
CUST_0072,Customer_72,South,2024-02-05,ORD_12681,175.88,2025-04-22 16:00:00
CUST_0072,Customer_72,South,2024-02-05,ORD_12969,682.9,2025-05-04 16:00:00
CUST_0072,Customer_72,South,2024-02-05,ORD_14384,683.98,2025-07-02 15:00:00
CUST_0072,Customer_72,South,2024-02-05,ORD_14755,686.19,2025-07-18 02:00:00
CUST_0073,Customer_73,North,2024-02-06,ORD_10559,328.2,2025-01-24 06:00:00
CUST_0073,Customer_73,North,2024-02-06,ORD_12116,134.33,2025-03-30 03:00:00
CUST_0073,Customer_73,North,2024-02-06,ORD_13580,90.17,2025-05-30 03:00:00
CUST_0073,Customer_73,North,2024-02-06,ORD_14722,493.83,2025-07-16 17:00:00
CUST_0073,Customer_73,North,2024-02-06,ORD_14939,120.91,2025-07-25 18:00:00
CUST_0074,Customer_74,South,2024-02-06,ORD_10729,489.24,2025-01-31 08:00:00
CUST_0074,Customer_74,South,2024-02-06,ORD_11228,373.45,2025-02-21 03:00:00
CUST_0074,Customer_74,South,2024-02-06,ORD_11895,112.79,2025-03-20 22:00:00
CUST_0074,Customer_74,South,2024-02-06,ORD_12406,447.53,2025-04-11 05:00:00
CUST_0074,Customer_74,South,2024-02-06,ORD_12758,211.63,2025-04-25 21:00:00
CUST_0075,Customer_75,North,2024-02-07,ORD_11619,558.32,2025-03-09 10:00:00
CUST_0075,Customer_75,North,2024-02-07,ORD_12475,316.65,2025-04-14 02:00:00
CUST_0075,Customer_75,North,2024-02-07,ORD_12547,606.34,2025-04-17 02:00:00
CUST_0075,Customer_75,North,2024-02-07,ORD_14378,412.31,2025-07-02 09:00:00
CUST_0075,Customer_75,North,2024-02-07,ORD_14520,536.13,2025-07-08 07:00:00
CUST_0076,Customer_76,South,2024-02-07,ORD_10330,325.42,2025-01-14 17:00:00
CUST_0076,Customer_76,South,2024-02-07,ORD_11292,42.16,2025-02-23 19:00:00
CUST_0076,Customer_76,South,2024-02-07,ORD_11937,208.51,2025-03-22 16:00:00
CUST_0076,Customer_76,South,2024-02-07,ORD_12998,701.52,2025-05-05 21:00:00
CUST_0076,Customer_76,South,2024-02-07,ORD_14033,89.18,2025-06-18 00:00:00
CUST_0077,Customer_77,West,2024-02-08,ORD_10403,603.02,2025-01-17 18:00:00
CUST_0077,Customer_77,West,2024-02-08,ORD_12008,156.76,2025-03-25 15:00:00
CUST_0077,Customer_77,West,2024-02-08,ORD_12365,591.48,2025-04-09 12:00:00
CUST_0077,Customer_77,West,2024-02-08,ORD_14660,322.84,2025-07-14 03:00:00
CUST_0077,Customer_77,West,2024-02-08,ORD_14727,23.18,2025-07-16 22:00:00
CUST_0078,Customer_78,West,2024-02-08,ORD_10192,299.75,2025-01-08 23:00:00
CUST_0078,Customer_78,West,2024-02-08,ORD_10682,246.53,2025-01-29 09:00:00
CUST_0078,Customer_78,West,2024-02-08,ORD_10882,550.04,2025-02-06 17:00:00
CUST_0078,Customer_78,West,2024-02-08,ORD_11446,68.22,2025-03-02 05:00:00
CUST_0078,Customer_78,West,2024-02-08,ORD_14756,589.78,2025-07-18 03:00:00
CUST_0079,Customer_79,East,2024-02-09,ORD_12160,294.62,2025-03-31 23:00:00
CUST_0079,Customer_79,East,2024-02-09,ORD_13078,673.41,2025-05-09 05:00:00
CUST_0079,Customer_79,East,2024-02-09,ORD_13257,315.3,2025-05-16 16:00:00
CUST_0079,Customer_79,East,2024-02-09,ORD_13262,148.27,2025-05-16 21:00:00
CUST_0079,Customer_79,East,2024-02-09,ORD_13479,494.94,2025-05-25 22:00:00
CUST_0080,Customer_80,West,2024-02-09,ORD_10092,532.54,2025-01-04 19:00:00
CUST_0080,Customer_80,West,2024-02-09,ORD_10111,349.77,2025-01-05 14:00:00
CUST_0080,Customer_80,West,2024-02-09,ORD_11183,392.64,2025-02-19 06:00:00
CUST_0080,Customer_80,West,2024-02-09,ORD_11210,143.49,2025-02-20 09:00:00
CUST_0080,Customer_80,West,2024-02-09,ORD_12747,300.0,2025-04-25 10:00:00
CUST_0081,Customer_81,East,2024-02-10,ORD_10036,518.0,2025-01-02 11:00:00
CUST_0081,Customer_81,East,2024-02-10,ORD_10151,130.56,2025-01-07 06:00:00
CUST_0081,Customer_81,East,2024-02-10,ORD_11391,660.3,2025-02-27 22:00:00
CUST_0081,Customer_81,East,2024-02-10,ORD_12708,34.16,2025-04-23 19:00:00
CUST_0081,Customer_81,East,2024-02-10,ORD_13051,579.29,2025-05-08 02:00:00
CUST_0082,Customer_82,West,2024-02-10,ORD_10478,709.87,2025-01-20 21:00:00
CUST_0082,Customer_82,West,2024-02-10,ORD_11260,725.63,2025-02-22 11:00:00
CUST_0082,Customer_82,West,2024-02-10,ORD_12289,430.37,2025-04-06 08:00:00
CUST_0082,Customer_82,West,2024-02-10,ORD_12771,684.91,2025-04-26 10:00:00
CUST_0082,Customer_82,West,2024-02-10,ORD_13651,140.1,2025-06-02 02:00:00
CUST_0083,Customer_83,North,2024-02-11,ORD_10716,70.4,2025-01-30 19:00:00
CUST_0083,Customer_83,North,2024-02-11,ORD_10980,418.88,2025-02-10 19:00:00
CUST_0083,Customer_83,North,2024-02-11,ORD_12463,245.1,2025-04-13 14:00:00
CUST_0083,Customer_83,North,2024-02-11,ORD_12644,622.9,2025-04-21 03:00:00
CUST_0083,Customer_83,North,2024-02-11,ORD_14368,253.1,2025-07-01 23:00:00
CUST_0084,Customer_84,West,2024-02-11,ORD_10360,556.26,2025-01-15 23:00:00
CUST_0084,Customer_84,West,2024-02-11,ORD_11794,320.12,2025-03-16 17:00:00
CUST_0084,Customer_84,West,2024-02-11,ORD_12822,502.14,2025-04-28 13:00:00
CUST_0084,Customer_84,West,2024-02-11,ORD_13254,67.89,2025-05-16 13:00:00
CUST_0084,Customer_84,West,2024-02-11,ORD_14201,43.96,2025-06-25 00:00:00
CUST_0085,Customer_85,East,2024-02-12,ORD_10014,395.56,2025-01-01 13:00:00
CUST_0085,Customer_85,East,2024-02-12,ORD_10291,591.17,2025-01-13 02:00:00
CUST_0085,Customer_85,East,2024-02-12,ORD_12329,695.0,2025-04-08 00:00:00
CUST_0085,Customer_85,East,2024-02-12,ORD_13079,729.6,2025-05-09 06:00:00
CUST_0085,Customer_85,East,2024-02-12,ORD_14419,415.68,2025-07-04 02:00:00
CUST_0086,Customer_86,East,2024-02-12,ORD_13851,352.39,2025-06-10 10:00:00
CUST_0086,Customer_86,East,2024-02-12,ORD_13859,285.52,2025-06-10 18:00:00
CUST_0086,Customer_86,East,2024-02-12,ORD_14143,392.59,2025-06-22 14:00:00
CUST_0086,Customer_86,East,2024-02-12,ORD_14481,649.5,2025-07-06 16:00:00
CUST_0086,Customer_86,East,2024-02-12,ORD_14767,177.42,2025-07-18 14:00:00
CUST_0087,Customer_87,South,2024-02-13,ORD_10068,485.58,2025-01-03 19:00:00
CUST_0087,Customer_87,South,2024-02-13,ORD_12996,585.51,2025-05-05 19:00:00
CUST_0087,Customer_87,South,2024-02-13,ORD_13249,64.97,2025-05-16 08:00:00
CUST_0087,Customer_87,South,2024-02-13,ORD_13816,114.15,2025-06-08 23:00:00
CUST_0087,Customer_87,South,2024-02-13,ORD_14348,155.66,2025-07-01 03:00:00
CUST_0088,Customer_88,North,2024-02-13,ORD_11704,138.63,2025-03-12 23:00:00
CUST_0088,Customer_88,North,2024-02-13,ORD_12352,181.9,2025-04-08 23:00:00
CUST_0088,Customer_88,North,2024-02-13,ORD_12672,647.44,2025-04-22 07:00:00
CUST_0088,Customer_88,North,2024-02-13,ORD_13133,462.39,2025-05-11 12:00:00
CUST_0088,Customer_88,North,2024-02-13,ORD_13612,671.03,2025-05-31 11:00:00
CUST_0089,Customer_89,West,2024-02-14,ORD_10700,711.88,2025-01-30 03:00:00
CUST_0089,Customer_89,West,2024-02-14,ORD_10800,474.94,2025-02-03 07:00:00
CUST_0089,Customer_89,West,2024-02-14,ORD_11167,722.3,2025-02-18 14:00:00
CUST_0089,Customer_89,West,2024-02-14,ORD_12519,572.46,2025-04-15 22:00:00
CUST_0089,Customer_89,West,2024-02-14,ORD_14469,713.78,2025-07-06 04:00:00
CUST_0090,Customer_90,South,2024-02-14,ORD_10350,376.37,2025-01-15 13:00:00
CUST_0090,Customer_90,South,2024-02-14,ORD_10477,523.94,2025-01-20 20:00:00
CUST_0090,Customer_90,South,2024-02-14,ORD_13960,164.94,2025-06-14 23:00:00
CUST_0090,Customer_90,South,2024-02-14,ORD_14005,621.38,2025-06-16 20:00:00
CUST_0090,Customer_90,South,2024-02-14,ORD_14135,732.49,2025-06-22 06:00:00
CUST_0091,Customer_91,West,2024-02-15,ORD_10535,201.62,2025-01-23 06:00:00
CUST_0091,Customer_91,West,2024-02-15,ORD_11422,630.56,2025-03-01 05:00:00
CUST_0091,Customer_91,West,2024-02-15,ORD_12597,649.15,2025-04-19 04:00:00
CUST_0091,Customer_91,West,2024-02-15,ORD_13053,711.53,2025-05-08 04:00:00
CUST_0091,Customer_91,West,2024-02-15,ORD_14778,134.98,2025-07-19 01:00:00
CUST_0092,Customer_92,West,2024-02-15,ORD_10225,302.3,2025-01-10 08:00:00
CUST_0092,Customer_92,West,2024-02-15,ORD_12241,562.12,2025-04-04 08:00:00
CUST_0092,Customer_92,West,2024-02-15,ORD_12359,609.57,2025-04-09 06:00:00
CUST_0092,Customer_92,West,2024-02-15,ORD_13302,495.1,2025-05-18 13:00:00
CUST_0092,Customer_92,West,2024-02-15,ORD_13407,359.34,2025-05-22 22:00:00
CUST_0093,Customer_93,South,2024-02-16,ORD_11382,337.56,2025-02-27 13:00:00
CUST_0093,Customer_93,South,2024-02-16,ORD_11762,180.94,2025-03-15 09:00:00
CUST_0093,Customer_93,South,2024-02-16,ORD_11900,97.23,2025-03-21 03:00:00
CUST_0093,Customer_93,South,2024-02-16,ORD_12717,76.73,2025-04-24 04:00:00
CUST_0093,Customer_93,South,2024-02-16,ORD_14662,49.57,2025-07-14 05:00:00
CUST_0094,Customer_94,South,2024-02-16,ORD_10938,162.32,2025-02-09 01:00:00
CUST_0094,Customer_94,South,2024-02-16,ORD_11417,223.77,2025-03-01 00:00:00
CUST_0094,Customer_94,South,2024-02-16,ORD_12468,94.35,2025-04-13 19:00:00
CUST_0094,Customer_94,South,2024-02-16,ORD_12920,45.04,2025-05-02 15:00:00
CUST_0094,Customer_94,South,2024-02-16,ORD_14566,504.81,2025-07-10 05:00:00
CUST_0095,Customer_95,South,2024-02-17,ORD_10433,491.29,2025-01-19 00:00:00
CUST_0095,Customer_95,South,2024-02-17,ORD_10544,289.47,2025-01-23 15:00:00
CUST_0095,Customer_95,South,2024-02-17,ORD_11489,61.61,2025-03-04 00:00:00
CUST_0095,Customer_95,South,2024-02-17,ORD_12981,223.04,2025-05-05 04:00:00
CUST_0095,Customer_95,South,2024-02-17,ORD_14700,701.17,2025-07-15 19:00:00
CUST_0096,Customer_96,South,2024-02-17,ORD_11154,591.96,2025-02-18 01:00:00
CUST_0096,Customer_96,South,2024-02-17,ORD_11998,591.71,2025-03-25 05:00:00
CUST_0096,Customer_96,South,2024-02-17,ORD_13363,699.23,2025-05-21 02:00:00
CUST_0096,Customer_96,South,2024-02-17,ORD_14602,110.21,2025-07-11 17:00:00
CUST_0096,Customer_96,South,2024-02-17,ORD_14713,474.08,2025-07-16 08:00:00
CUST_0097,Customer_97,South,2024-02-18,ORD_11289,559.89,2025-02-23 16:00:00
CUST_0097,Customer_97,South,2024-02-18,ORD_11308,533.94,2025-02-24 11:00:00
CUST_0097,Customer_97,South,2024-02-18,ORD_14154,595.44,2025-06-23 01:00:00
CUST_0097,Customer_97,South,2024-02-18,ORD_14344,611.52,2025-06-30 23:00:00
CUST_0097,Customer_97,South,2024-02-18,ORD_14595,325.69,2025-07-11 10:00:00
CUST_0098,Customer_98,West,2024-02-18,ORD_11934,346.53,2025-03-22 13:00:00
CUST_0098,Customer_98,West,2024-02-18,ORD_12363,518.72,2025-04-09 10:00:00
CUST_0098,Customer_98,West,2024-02-18,ORD_12861,20.18,2025-04-30 04:00:00
CUST_0098,Customer_98,West,2024-02-18,ORD_13452,748.12,2025-05-24 19:00:00
CUST_0098,Customer_98,West,2024-02-18,ORD_14029,230.35,2025-06-17 20:00:00
CUST_0099,Customer_99,South,2024-02-19,ORD_11788,304.25,2025-03-16 11:00:00
CUST_0099,Customer_99,South,2024-02-19,ORD_11811,289.17,2025-03-17 10:00:00
CUST_0099,Customer_99,South,2024-02-19,ORD_12677,725.01,2025-04-22 12:00:00
CUST_0099,Customer_99,South,2024-02-19,ORD_12812,532.92,2025-04-28 03:00:00
CUST_0099,Customer_99,South,2024-02-19,ORD_13675,298.24,2025-06-03 02:00:00
CUST_0100,Customer_100,North,2024-02-19,ORD_11483,86.69,2025-03-03 18:00:00
CUST_0100,Customer_100,North,2024-02-19,ORD_11502,476.72,2025-03-04 13:00:00
CUST_0100,Customer_100,North,2024-02-19,ORD_13087,417.03,2025-05-09 14:00:00
CUST_0100,Customer_100,North,2024-02-19,ORD_13881,186.17,2025-06-11 16:00:00
CUST_0100,Customer_100,North,2024-02-19,ORD_13950,80.62,2025-06-14 13:00:00
CUST_0101,Customer_101,East,2024-02-20,ORD_10306,627.81,2025-01-13 17:00:00
CUST_0101,Customer_101,East,2024-02-20,ORD_10841,458.18,2025-02-05 00:00:00
CUST_0101,Customer_101,East,2024-02-20,ORD_12512,118.53,2025-04-15 15:00:00
CUST_0101,Customer_101,East,2024-02-20,ORD_14375,329.8,2025-07-02 06:00:00
CUST_0101,Customer_101,East,2024-02-20,ORD_14716,648.54,2025-07-16 11:00:00
CUST_0102,Customer_102,South,2024-02-20,ORD_10035,510.93,2025-01-02 10:00:00
CUST_0102,Customer_102,South,2024-02-20,ORD_11966,694.0,2025-03-23 21:00:00
CUST_0102,Customer_102,South,2024-02-20,ORD_12829,338.31,2025-04-28 20:00:00
CUST_0102,Customer_102,South,2024-02-20,ORD_13957,54.61,2025-06-14 20:00:00
CUST_0102,Customer_102,South,2024-02-20,ORD_14612,173.22,2025-07-12 03:00:00
CUST_0103,Customer_103,South,2024-02-21,ORD_10382,437.65,2025-01-16 21:00:00
CUST_0103,Customer_103,South,2024-02-21,ORD_10506,367.1,2025-01-22 01:00:00
CUST_0103,Customer_103,South,2024-02-21,ORD_10776,456.12,2025-02-02 07:00:00
CUST_0103,Customer_103,South,2024-02-21,ORD_13782,583.94,2025-06-07 13:00:00
CUST_0103,Customer_103,South,2024-02-21,ORD_14650,119.99,2025-07-13 17:00:00
CUST_0104,Customer_104,West,2024-02-21,ORD_10612,356.34,2025-01-26 11:00:00
CUST_0104,Customer_104,West,2024-02-21,ORD_10815,168.97,2025-02-03 22:00:00
CUST_0104,Customer_104,West,2024-02-21,ORD_11225,273.28,2025-02-21 00:00:00
CUST_0104,Customer_104,West,2024-02-21,ORD_11673,382.62,2025-03-11 16:00:00
CUST_0104,Customer_104,West,2024-02-21,ORD_13621,295.96,2025-05-31 20:00:00
CUST_0105,Customer_105,South,2024-02-22,ORD_12322,701.84,2025-04-07 17:00:00
CUST_0105,Customer_105,South,2024-02-22,ORD_12494,572.14,2025-04-14 21:00:00
CUST_0105,Customer_105,South,2024-02-22,ORD_13284,228.94,2025-05-17 19:00:00
CUST_0105,Customer_105,South,2024-02-22,ORD_14393,661.02,2025-07-03 00:00:00
CUST_0105,Customer_105,South,2024-02-22,ORD_14636,245.47,2025-07-13 03:00:00
CUST_0106,Customer_106,South,2024-02-22,ORD_11726,478.46,2025-03-13 21:00:00
CUST_0106,Customer_106,South,2024-02-22,ORD_12320,412.83,2025-04-07 15:00:00
CUST_0106,Customer_106,South,2024-02-22,ORD_13432,689.15,2025-05-23 23:00:00
CUST_0106,Customer_106,South,2024-02-22,ORD_14046,264.56,2025-06-18 13:00:00
CUST_0106,Customer_106,South,2024-02-22,ORD_14131,328.39,2025-06-22 02:00:00
CUST_0107,Customer_107,South,2024-02-23,ORD_10090,61.52,2025-01-04 17:00:00
CUST_0107,Customer_107,South,2024-02-23,ORD_10404,700.91,2025-01-17 19:00:00
CUST_0107,Customer_107,South,2024-02-23,ORD_10651,591.71,2025-01-28 02:00:00
CUST_0107,Customer_107,South,2024-02-23,ORD_13658,104.17,2025-06-02 09:00:00
CUST_0107,Customer_107,South,2024-02-23,ORD_14055,317.41,2025-06-18 22:00:00
CUST_0108,Customer_108,West,2024-02-23,ORD_10514,393.11,2025-01-22 09:00:00
CUST_0108,Customer_108,West,2024-02-23,ORD_11246,653.63,2025-02-21 21:00:00
CUST_0108,Customer_108,West,2024-02-23,ORD_11499,220.18,2025-03-04 10:00:00
CUST_0108,Customer_108,West,2024-02-23,ORD_14523,611.83,2025-07-08 10:00:00
CUST_0108,Customer_108,West,2024-02-23,ORD_14647,543.14,2025-07-13 14:00:00
CUST_0109,Customer_109,South,2024-02-24,ORD_11044,262.49,2025-02-13 11:00:00
CUST_0109,Customer_109,South,2024-02-24,ORD_11643,174.34,2025-03-10 10:00:00
CUST_0109,Customer_109,South,2024-02-24,ORD_12152,548.93,2025-03-31 15:00:00
CUST_0109,Customer_109,South,2024-02-24,ORD_12467,46.53,2025-04-13 18:00:00
CUST_0109,Customer_109,South,2024-02-24,ORD_14275,205.16,2025-06-28 02:00:00
CUST_0110,Customer_110,East,2024-02-24,ORD_10854,307.35,2025-02-05 13:00:00
CUST_0110,Customer_110,East,2024-02-24,ORD_12627,140.25,2025-04-20 10:00:00
CUST_0110,Customer_110,East,2024-02-24,ORD_12954,26.69,2025-05-04 01:00:00
CUST_0110,Customer_110,East,2024-02-24,ORD_14182,650.89,2025-06-24 05:00:00
CUST_0110,Customer_110,East,2024-02-24,ORD_14193,593.1,2025-06-24 16:00:00
CUST_0111,Customer_111,West,2024-02-25,ORD_10613,741.85,2025-01-26 12:00:00
CUST_0111,Customer_111,West,2024-02-25,ORD_10696,277.2,2025-01-29 23:00:00
CUST_0111,Customer_111,West,2024-02-25,ORD_11837,52.55,2025-03-18 12:00:00
CUST_0111,Customer_111,West,2024-02-25,ORD_14811,641.58,2025-07-20 10:00:00
CUST_0111,Customer_111,West,2024-02-25,ORD_14851,733.73,2025-07-22 02:00:00
CUST_0112,Customer_112,East,2024-02-25,ORD_11785,261.57,2025-03-16 08:00:00
CUST_0112,Customer_112,East,2024-02-25,ORD_13443,74.15,2025-05-24 10:00:00
CUST_0112,Customer_112,East,2024-02-25,ORD_13550,322.53,2025-05-28 21:00:00
CUST_0112,Customer_112,East,2024-02-25,ORD_13766,412.37,2025-06-06 21:00:00
CUST_0112,Customer_112,East,2024-02-25,ORD_14385,33.16,2025-07-02 16:00:00
CUST_0113,Customer_113,West,2024-02-26,ORD_11152,332.7,2025-02-17 23:00:00
CUST_0113,Customer_113,West,2024-02-26,ORD_11760,346.22,2025-03-15 07:00:00
CUST_0113,Customer_113,West,2024-02-26,ORD_12258,63.63,2025-04-05 01:00:00
CUST_0113,Customer_113,West,2024-02-26,ORD_12506,254.05,2025-04-15 09:00:00
CUST_0113,Customer_113,West,2024-02-26,ORD_13212,163.89,2025-05-14 19:00:00
CUST_0114,Customer_114,South,2024-02-26,ORD_10654,110.41,2025-01-28 05:00:00
CUST_0114,Customer_114,South,2024-02-26,ORD_11836,721.07,2025-03-18 11:00:00
CUST_0114,Customer_114,South,2024-02-26,ORD_12351,38.86,2025-04-08 22:00:00
CUST_0114,Customer_114,South,2024-02-26,ORD_13172,343.2,2025-05-13 03:00:00
CUST_0114,Customer_114,South,2024-02-26,ORD_14367,522.26,2025-07-01 22:00:00
CUST_0115,Customer_115,East,2024-02-27,ORD_10740,270.34,2025-01-31 19:00:00
CUST_0115,Customer_115,East,2024-02-27,ORD_11261,343.71,2025-02-22 12:00:00
CUST_0115,Customer_115,East,2024-02-27,ORD_11484,572.35,2025-03-03 19:00:00
CUST_0115,Customer_115,East,2024-02-27,ORD_12813,717.87,2025-04-28 04:00:00
CUST_0115,Customer_115,East,2024-02-27,ORD_14848,236.13,2025-07-21 23:00:00
CUST_0116,Customer_116,West,2024-02-27,ORD_11296,117.66,2025-02-23 23:00:00
CUST_0116,Customer_116,West,2024-02-27,ORD_12097,560.57,2025-03-29 08:00:00
CUST_0116,Customer_116,West,2024-02-27,ORD_12869,651.92,2025-04-30 12:00:00
CUST_0116,Customer_116,West,2024-02-27,ORD_13534,704.41,2025-05-28 05:00:00
CUST_0116,Customer_116,West,2024-02-27,ORD_13545,663.21,2025-05-28 16:00:00
CUST_0117,Customer_117,North,2024-02-28,ORD_11034,303.22,2025-02-13 01:00:00
CUST_0117,Customer_117,North,2024-02-28,ORD_12991,477.17,2025-05-05 14:00:00
CUST_0117,Customer_117,North,2024-02-28,ORD_13734,59.45,2025-06-05 13:00:00
CUST_0117,Customer_117,North,2024-02-28,ORD_14169,238.03,2025-06-23 16:00:00
CUST_0117,Customer_117,North,2024-02-28,ORD_14626,426.05,2025-07-12 17:00:00
CUST_0118,Customer_118,South,2024-02-28,ORD_11197,137.86,2025-02-19 20:00:00
CUST_0118,Customer_118,South,2024-02-28,ORD_12691,471.96,2025-04-23 02:00:00
CUST_0118,Customer_118,South,2024-02-28,ORD_14412,583.58,2025-07-03 19:00:00
CUST_0118,Customer_118,South,2024-02-28,ORD_14818,426.47,2025-07-20 17:00:00
CUST_0118,Customer_118,South,2024-02-28,ORD_14834,571.06,2025-07-21 09:00:00
CUST_0119,Customer_119,West,2024-02-29,ORD_10623,272.27,2025-01-26 22:00:00
CUST_0119,Customer_119,West,2024-02-29,ORD_11149,118.14,2025-02-17 20:00:00
CUST_0119,Customer_119,West,2024-02-29,ORD_13204,260.4,2025-05-14 11:00:00
CUST_0119,Customer_119,West,2024-02-29,ORD_13587,611.4,2025-05-30 10:00:00
CUST_0119,Customer_119,West,2024-02-29,ORD_13919,30.84,2025-06-13 06:00:00
CUST_0120,Customer_120,North,2024-02-29,ORD_10078,445.69,2025-01-04 05:00:00
CUST_0120,Customer_120,North,2024-02-29,ORD_10750,127.43,2025-02-01 05:00:00
CUST_0120,Customer_120,North,2024-02-29,ORD_11577,123.21,2025-03-07 16:00:00
CUST_0120,Customer_120,North,2024-02-29,ORD_11997,659.43,2025-03-25 04:00:00
CUST_0120,Customer_120,North,2024-02-29,ORD_12435,707.59,2025-04-12 10:00:00
CUST_0121,Customer_121,West,2024-03-01,ORD_10195,55.3,2025-01-09 02:00:00
CUST_0121,Customer_121,West,2024-03-01,ORD_10267,488.53,2025-01-12 02:00:00
CUST_0121,Customer_121,West,2024-03-01,ORD_10743,523.73,2025-01-31 22:00:00
CUST_0121,Customer_121,West,2024-03-01,ORD_11341,503.49,2025-02-25 20:00:00
CUST_0121,Customer_121,West,2024-03-01,ORD_13007,669.86,2025-05-06 06:00:00
CUST_0122,Customer_122,North,2024-03-01,ORD_10359,228.51,2025-01-15 22:00:00
CUST_0122,Customer_122,North,2024-03-01,ORD_10413,747.77,2025-01-18 04:00:00
CUST_0122,Customer_122,North,2024-03-01,ORD_11886,595.91,2025-03-20 13:00:00
CUST_0122,Customer_122,North,2024-03-01,ORD_13546,207.36,2025-05-28 17:00:00
CUST_0122,Customer_122,North,2024-03-01,ORD_14400,606.22,2025-07-03 07:00:00
CUST_0123,Customer_123,South,2024-03-02,ORD_10752,85.52,2025-02-01 07:00:00
CUST_0123,Customer_123,South,2024-03-02,ORD_11092,48.03,2025-02-15 11:00:00
CUST_0123,Customer_123,South,2024-03-02,ORD_11368,97.54,2025-02-26 23:00:00
CUST_0123,Customer_123,South,2024-03-02,ORD_12980,71.44,2025-05-05 03:00:00
CUST_0123,Customer_123,South,2024-03-02,ORD_13285,355.87,2025-05-17 20:00:00
CUST_0124,Customer_124,East,2024-03-02,ORD_10757,244.61,2025-02-01 12:00:00
CUST_0124,Customer_124,East,2024-03-02,ORD_12217,362.96,2025-04-03 08:00:00
CUST_0124,Customer_124,East,2024-03-02,ORD_12715,683.57,2025-04-24 02:00:00
CUST_0124,Customer_124,East,2024-03-02,ORD_13352,175.38,2025-05-20 15:00:00
CUST_0124,Customer_124,East,2024-03-02,ORD_14984,198.57,2025-07-27 15:00:00
CUST_0125,Customer_125,North,2024-03-03,ORD_10242,91.55,2025-01-11 01:00:00
CUST_0125,Customer_125,North,2024-03-03,ORD_11927,356.29,2025-03-22 06:00:00
CUST_0125,Customer_125,North,2024-03-03,ORD_12889,630.37,2025-05-01 08:00:00
CUST_0125,Customer_125,North,2024-03-03,ORD_14310,489.27,2025-06-29 13:00:00
CUST_0125,Customer_125,North,2024-03-03,ORD_14699,554.69,2025-07-15 18:00:00
CUST_0126,Customer_126,West,2024-03-03,ORD_10484,107.57,2025-01-21 03:00:00
CUST_0126,Customer_126,West,2024-03-03,ORD_12830,566.53,2025-04-28 21:00:00
CUST_0126,Customer_126,West,2024-03-03,ORD_13718,250.95,2025-06-04 21:00:00
CUST_0126,Customer_126,West,2024-03-03,ORD_13804,713.65,2025-06-08 11:00:00
CUST_0126,Customer_126,West,2024-03-03,ORD_14866,81.25,2025-07-22 17:00:00
CUST_0127,Customer_127,South,2024-03-04,ORD_12587,271.56,2025-04-18 18:00:00
CUST_0127,Customer_127,South,2024-03-04,ORD_13604,135.55,2025-05-31 03:00:00
CUST_0127,Customer_127,South,2024-03-04,ORD_13757,606.29,2025-06-06 12:00:00
CUST_0127,Customer_127,South,2024-03-04,ORD_14257,413.02,2025-06-27 08:00:00
CUST_0127,Customer_127,South,2024-03-04,ORD_14672,441.25,2025-07-14 15:00:00
CUST_0128,Customer_128,North,2024-03-04,ORD_10905,607.78,2025-02-07 16:00:00
CUST_0128,Customer_128,North,2024-03-04,ORD_10982,270.59,2025-02-10 21:00:00
CUST_0128,Customer_128,North,2024-03-04,ORD_13408,480.33,2025-05-22 23:00:00
CUST_0128,Customer_128,North,2024-03-04,ORD_13409,348.21,2025-05-23 00:00:00
CUST_0128,Customer_128,North,2024-03-04,ORD_13726,706.33,2025-06-05 05:00:00
CUST_0129,Customer_129,West,2024-03-05,ORD_10454,165.0,2025-01-19 21:00:00
CUST_0129,Customer_129,West,2024-03-05,ORD_12056,691.63,2025-03-27 15:00:00
CUST_0129,Customer_129,West,2024-03-05,ORD_12222,387.72,2025-04-03 13:00:00
CUST_0129,Customer_129,West,2024-03-05,ORD_13867,181.5,2025-06-11 02:00:00
CUST_0129,Customer_129,West,2024-03-05,ORD_14801,699.49,2025-07-20 00:00:00
CUST_0130,Customer_130,West,2024-03-05,ORD_10797,285.18,2025-02-03 04:00:00
CUST_0130,Customer_130,West,2024-03-05,ORD_12640,705.27,2025-04-20 23:00:00
CUST_0130,Customer_130,West,2024-03-05,ORD_12682,513.55,2025-04-22 17:00:00
CUST_0130,Customer_130,West,2024-03-05,ORD_13986,728.76,2025-06-16 01:00:00
CUST_0130,Customer_130,West,2024-03-05,ORD_14542,182.75,2025-07-09 05:00:00
CUST_0131,Customer_131,West,2024-03-06,ORD_11363,358.71,2025-02-26 18:00:00
CUST_0131,Customer_131,West,2024-03-06,ORD_12723,719.32,2025-04-24 10:00:00
CUST_0131,Customer_131,West,2024-03-06,ORD_13118,608.3,2025-05-10 21:00:00
CUST_0131,Customer_131,West,2024-03-06,ORD_14411,453.41,2025-07-03 18:00:00
CUST_0131,Customer_131,West,2024-03-06,ORD_14768,81.18,2025-07-18 15:00:00
CUST_0132,Customer_132,North,2024-03-06,ORD_11254,198.12,2025-02-22 05:00:00
CUST_0132,Customer_132,North,2024-03-06,ORD_12566,537.5,2025-04-17 21:00:00
CUST_0132,Customer_132,North,2024-03-06,ORD_12733,213.88,2025-04-24 20:00:00
CUST_0132,Customer_132,North,2024-03-06,ORD_14501,86.53,2025-07-07 12:00:00
CUST_0132,Customer_132,North,2024-03-06,ORD_14676,112.84,2025-07-14 19:00:00
CUST_0133,Customer_133,North,2024-03-07,ORD_10131,266.8,2025-01-06 10:00:00
CUST_0133,Customer_133,North,2024-03-07,ORD_11802,516.58,2025-03-17 01:00:00
CUST_0133,Customer_133,North,2024-03-07,ORD_12031,144.69,2025-03-26 14:00:00
CUST_0133,Customer_133,North,2024-03-07,ORD_13377,551.89,2025-05-21 16:00:00
CUST_0133,Customer_133,North,2024-03-07,ORD_14320,338.85,2025-06-29 23:00:00
CUST_0134,Customer_134,North,2024-03-07,ORD_10814,418.36,2025-02-03 21:00:00
CUST_0134,Customer_134,North,2024-03-07,ORD_12268,165.38,2025-04-05 11:00:00
CUST_0134,Customer_134,North,2024-03-07,ORD_13455,148.98,2025-05-24 22:00:00
CUST_0134,Customer_134,North,2024-03-07,ORD_14311,298.85,2025-06-29 14:00:00
CUST_0134,Customer_134,North,2024-03-07,ORD_14666,637.39,2025-07-14 09:00:00
CUST_0135,Customer_135,East,2024-03-08,ORD_11352,435.59,2025-02-26 07:00:00
CUST_0135,Customer_135,East,2024-03-08,ORD_11514,154.39,2025-03-05 01:00:00
CUST_0135,Customer_135,East,2024-03-08,ORD_13600,145.03,2025-05-30 23:00:00
CUST_0135,Customer_135,East,2024-03-08,ORD_14680,494.72,2025-07-14 23:00:00
CUST_0135,Customer_135,East,2024-03-08,ORD_14696,196.61,2025-07-15 15:00:00
CUST_0136,Customer_136,North,2024-03-08,ORD_10379,333.66,2025-01-16 18:00:00
CUST_0136,Customer_136,North,2024-03-08,ORD_11038,568.54,2025-02-13 05:00:00
CUST_0136,Customer_136,North,2024-03-08,ORD_12129,496.49,2025-03-30 16:00:00
CUST_0136,Customer_136,North,2024-03-08,ORD_12728,644.83,2025-04-24 15:00:00
CUST_0136,Customer_136,North,2024-03-08,ORD_13476,134.78,2025-05-25 19:00:00
CUST_0137,Customer_137,North,2024-03-09,ORD_11944,325.82,2025-03-22 23:00:00
CUST_0137,Customer_137,North,2024-03-09,ORD_12171,441.35,2025-04-01 10:00:00
CUST_0137,Customer_137,North,2024-03-09,ORD_12913,684.9,2025-05-02 08:00:00
CUST_0137,Customer_137,North,2024-03-09,ORD_13004,582.08,2025-05-06 03:00:00
CUST_0137,Customer_137,North,2024-03-09,ORD_13843,632.19,2025-06-10 02:00:00
CUST_0138,Customer_138,North,2024-03-09,ORD_10284,514.61,2025-01-12 19:00:00
CUST_0138,Customer_138,North,2024-03-09,ORD_10394,145.44,2025-01-17 09:00:00
CUST_0138,Customer_138,North,2024-03-09,ORD_10836,504.22,2025-02-04 19:00:00
CUST_0138,Customer_138,North,2024-03-09,ORD_14319,204.44,2025-06-29 22:00:00
CUST_0138,Customer_138,North,2024-03-09,ORD_14940,311.3,2025-07-25 19:00:00
CUST_0139,Customer_139,East,2024-03-10,ORD_11227,590.7,2025-02-21 02:00:00
CUST_0139,Customer_139,East,2024-03-10,ORD_12343,541.73,2025-04-08 14:00:00
CUST_0139,Customer_139,East,2024-03-10,ORD_13391,276.21,2025-05-22 06:00:00
CUST_0139,Customer_139,East,2024-03-10,ORD_13731,302.55,2025-06-05 10:00:00
CUST_0139,Customer_139,East,2024-03-10,ORD_14207,420.33,2025-06-25 06:00:00
CUST_0140,Customer_140,North,2024-03-10,ORD_10104,295.82,2025-01-05 07:00:00
CUST_0140,Customer_140,North,2024-03-10,ORD_11019,738.8,2025-02-12 10:00:00
CUST_0140,Customer_140,North,2024-03-10,ORD_11176,315.63,2025-02-18 23:00:00
CUST_0140,Customer_140,North,2024-03-10,ORD_11572,87.9,2025-03-07 11:00:00
CUST_0140,Customer_140,North,2024-03-10,ORD_14615,510.1,2025-07-12 06:00:00
CUST_0141,Customer_141,West,2024-03-11,ORD_10004,106.3,2025-01-01 03:00:00
CUST_0141,Customer_141,West,2024-03-11,ORD_10331,281.2,2025-01-14 18:00:00
CUST_0141,Customer_141,West,2024-03-11,ORD_11781,511.6,2025-03-16 04:00:00
CUST_0141,Customer_141,West,2024-03-11,ORD_12185,543.54,2025-04-02 00:00:00
CUST_0141,Customer_141,West,2024-03-11,ORD_13721,272.45,2025-06-05 00:00:00
CUST_0142,Customer_142,North,2024-03-11,ORD_10069,618.65,2025-01-03 20:00:00
CUST_0142,Customer_142,North,2024-03-11,ORD_12382,286.72,2025-04-10 05:00:00
CUST_0142,Customer_142,North,2024-03-11,ORD_12661,331.21,2025-04-21 20:00:00
CUST_0142,Customer_142,North,2024-03-11,ORD_13221,442.76,2025-05-15 04:00:00
CUST_0142,Customer_142,North,2024-03-11,ORD_13697,359.22,2025-06-04 00:00:00
CUST_0143,Customer_143,West,2024-03-12,ORD_10674,227.45,2025-01-29 01:00:00
CUST_0143,Customer_143,West,2024-03-12,ORD_12464,654.77,2025-04-13 15:00:00
CUST_0143,Customer_143,West,2024-03-12,ORD_12746,698.9,2025-04-25 09:00:00
CUST_0143,Customer_143,West,2024-03-12,ORD_13146,97.47,2025-05-12 01:00:00
CUST_0143,Customer_143,West,2024-03-12,ORD_14741,529.63,2025-07-17 12:00:00
CUST_0144,Customer_144,West,2024-03-12,ORD_10916,386.73,2025-02-08 03:00:00
CUST_0144,Customer_144,West,2024-03-12,ORD_11467,198.6,2025-03-03 02:00:00
CUST_0144,Customer_144,West,2024-03-12,ORD_11768,397.61,2025-03-15 15:00:00
CUST_0144,Customer_144,West,2024-03-12,ORD_12004,443.23,2025-03-25 11:00:00
CUST_0144,Customer_144,West,2024-03-12,ORD_12591,22.8,2025-04-18 22:00:00
CUST_0145,Customer_145,West,2024-03-13,ORD_10008,205.77,2025-01-01 07:00:00
CUST_0145,Customer_145,West,2024-03-13,ORD_10606,513.18,2025-01-26 05:00:00
CUST_0145,Customer_145,West,2024-03-13,ORD_10812,156.09,2025-02-03 19:00:00
CUST_0145,Customer_145,West,2024-03-13,ORD_12280,711.72,2025-04-05 23:00:00
CUST_0145,Customer_145,West,2024-03-13,ORD_12367,603.33,2025-04-09 14:00:00
CUST_0146,Customer_146,East,2024-03-13,ORD_12333,112.62,2025-04-08 04:00:00
CUST_0146,Customer_146,East,2024-03-13,ORD_12729,337.32,2025-04-24 16:00:00
CUST_0146,Customer_146,East,2024-03-13,ORD_13579,122.0,2025-05-30 02:00:00
CUST_0146,Customer_146,East,2024-03-13,ORD_13674,278.73,2025-06-03 01:00:00
CUST_0146,Customer_146,East,2024-03-13,ORD_14371,694.01,2025-07-02 02:00:00
CUST_0147,Customer_147,East,2024-03-14,ORD_10460,637.67,2025-01-20 03:00:00
CUST_0147,Customer_147,East,2024-03-14,ORD_11252,307.97,2025-02-22 03:00:00
CUST_0147,Customer_147,East,2024-03-14,ORD_12194,200.65,2025-04-02 09:00:00
CUST_0147,Customer_147,East,2024-03-14,ORD_12565,189.42,2025-04-17 20:00:00
CUST_0147,Customer_147,East,2024-03-14,ORD_12768,233.06,2025-04-26 07:00:00
CUST_0148,Customer_148,East,2024-03-14,ORD_11455,250.44,2025-03-02 14:00:00
CUST_0148,Customer_148,East,2024-03-14,ORD_13027,567.3,2025-05-07 02:00:00
CUST_0148,Customer_148,East,2024-03-14,ORD_13243,329.38,2025-05-16 02:00:00
CUST_0148,Customer_148,East,2024-03-14,ORD_13326,655.68,2025-05-19 13:00:00
CUST_0148,Customer_148,East,2024-03-14,ORD_13930,464.96,2025-06-13 17:00:00
CUST_0149,Customer_149,North,2024-03-15,ORD_10230,299.43,2025-01-10 13:00:00
CUST_0149,Customer_149,North,2024-03-15,ORD_11094,734.69,2025-02-15 13:00:00
CUST_0149,Customer_149,North,2024-03-15,ORD_13597,239.9,2025-05-30 20:00:00
CUST_0149,Customer_149,North,2024-03-15,ORD_14492,462.75,2025-07-07 03:00:00
CUST_0149,Customer_149,North,2024-03-15,ORD_14967,356.55,2025-07-26 22:00:00
CUST_0150,Customer_150,West,2024-03-15,ORD_10517,624.96,2025-01-22 12:00:00
CUST_0150,Customer_150,West,2024-03-15,ORD_10926,374.06,2025-02-08 13:00:00
CUST_0150,Customer_150,West,2024-03-15,ORD_11400,102.05,2025-02-28 07:00:00
CUST_0150,Customer_150,West,2024-03-15,ORD_11608,684.44,2025-03-08 23:00:00
CUST_0150,Customer_150,West,2024-03-15,ORD_14460,521.85,2025-07-05 19:00:00
CUST_0151,Customer_151,East,2024-03-16,ORD_11418,699.39,2025-03-01 01:00:00
CUST_0151,Customer_151,East,2024-03-16,ORD_12473,549.59,2025-04-14 00:00:00
CUST_0151,Customer_151,East,2024-03-16,ORD_13178,69.65,2025-05-13 09:00:00
CUST_0151,Customer_151,East,2024-03-16,ORD_13488,507.17,2025-05-26 07:00:00
CUST_0151,Customer_151,East,2024-03-16,ORD_13800,476.21,2025-06-08 07:00:00
CUST_0152,Customer_152,East,2024-03-16,ORD_10257,281.44,2025-01-11 16:00:00
CUST_0152,Customer_152,East,2024-03-16,ORD_10574,271.86,2025-01-24 21:00:00
CUST_0152,Customer_152,East,2024-03-16,ORD_10835,196.92,2025-02-04 18:00:00
CUST_0152,Customer_152,East,2024-03-16,ORD_11241,725.89,2025-02-21 16:00:00
CUST_0152,Customer_152,East,2024-03-16,ORD_13994,107.8,2025-06-16 09:00:00
CUST_0153,Customer_153,North,2024-03-17,ORD_10557,454.62,2025-01-24 04:00:00
CUST_0153,Customer_153,North,2024-03-17,ORD_11064,711.81,2025-02-14 07:00:00
CUST_0153,Customer_153,North,2024-03-17,ORD_11686,615.72,2025-03-12 05:00:00
CUST_0153,Customer_153,North,2024-03-17,ORD_12227,685.91,2025-04-03 18:00:00
CUST_0153,Customer_153,North,2024-03-17,ORD_12629,229.7,2025-04-20 12:00:00
CUST_0154,Customer_154,East,2024-03-17,ORD_10550,389.03,2025-01-23 21:00:00
CUST_0154,Customer_154,East,2024-03-17,ORD_11706,641.65,2025-03-13 01:00:00
CUST_0154,Customer_154,East,2024-03-17,ORD_12346,319.9,2025-04-08 17:00:00
CUST_0154,Customer_154,East,2024-03-17,ORD_14226,309.73,2025-06-26 01:00:00
CUST_0154,Customer_154,East,2024-03-17,ORD_14475,151.4,2025-07-06 10:00:00
CUST_0155,Customer_155,North,2024-03-18,ORD_10864,140.81,2025-02-05 23:00:00
CUST_0155,Customer_155,North,2024-03-18,ORD_10991,78.19,2025-02-11 06:00:00
CUST_0155,Customer_155,North,2024-03-18,ORD_13471,563.43,2025-05-25 14:00:00
CUST_0155,Customer_155,North,2024-03-18,ORD_13737,668.11,2025-06-05 16:00:00
CUST_0155,Customer_155,North,2024-03-18,ORD_14653,367.93,2025-07-13 20:00:00
CUST_0156,Customer_156,South,2024-03-18,ORD_10103,727.6,2025-01-05 06:00:00
CUST_0156,Customer_156,South,2024-03-18,ORD_11985,572.11,2025-03-24 16:00:00
CUST_0156,Customer_156,South,2024-03-18,ORD_12699,161.35,2025-04-23 10:00:00
CUST_0156,Customer_156,South,2024-03-18,ORD_13586,20.58,2025-05-30 09:00:00
CUST_0156,Customer_156,South,2024-03-18,ORD_14197,361.46,2025-06-24 20:00:00
CUST_0157,Customer_157,East,2024-03-19,ORD_10112,278.95,2025-01-05 15:00:00
CUST_0157,Customer_157,East,2024-03-19,ORD_10704,736.32,2025-01-30 07:00:00
CUST_0157,Customer_157,East,2024-03-19,ORD_11551,315.99,2025-03-06 14:00:00
CUST_0157,Customer_157,East,2024-03-19,ORD_12028,393.72,2025-03-26 11:00:00
CUST_0157,Customer_157,East,2024-03-19,ORD_12445,240.21,2025-04-12 20:00:00
CUST_0158,Customer_158,South,2024-03-19,ORD_10249,634.78,2025-01-11 08:00:00
CUST_0158,Customer_158,South,2024-03-19,ORD_10511,420.7,2025-01-22 06:00:00
CUST_0158,Customer_158,South,2024-03-19,ORD_13426,128.11,2025-05-23 17:00:00
CUST_0158,Customer_158,South,2024-03-19,ORD_14259,172.78,2025-06-27 10:00:00
CUST_0158,Customer_158,South,2024-03-19,ORD_14712,439.23,2025-07-16 07:00:00
CUST_0159,Customer_159,North,2024-03-20,ORD_10124,493.6,2025-01-06 03:00:00
CUST_0159,Customer_159,North,2024-03-20,ORD_10565,354.36,2025-01-24 12:00:00
CUST_0159,Customer_159,North,2024-03-20,ORD_13904,112.94,2025-06-12 15:00:00
CUST_0159,Customer_159,North,2024-03-20,ORD_14057,295.39,2025-06-19 00:00:00
CUST_0159,Customer_159,North,2024-03-20,ORD_14651,389.94,2025-07-13 18:00:00
CUST_0160,Customer_160,West,2024-03-20,ORD_10119,342.68,2025-01-05 22:00:00
CUST_0160,Customer_160,West,2024-03-20,ORD_10314,314.0,2025-01-14 01:00:00
CUST_0160,Customer_160,West,2024-03-20,ORD_13566,193.06,2025-05-29 13:00:00
CUST_0160,Customer_160,West,2024-03-20,ORD_13826,138.0,2025-06-09 09:00:00
CUST_0160,Customer_160,West,2024-03-20,ORD_14840,294.51,2025-07-21 15:00:00
CUST_0161,Customer_161,East,2024-03-21,ORD_10117,302.71,2025-01-05 20:00:00
CUST_0161,Customer_161,East,2024-03-21,ORD_11302,417.7,2025-02-24 05:00:00
CUST_0161,Customer_161,East,2024-03-21,ORD_12599,746.03,2025-04-19 06:00:00
CUST_0161,Customer_161,East,2024-03-21,ORD_13003,471.0,2025-05-06 02:00:00
CUST_0161,Customer_161,East,2024-03-21,ORD_13393,307.39,2025-05-22 08:00:00
CUST_0162,Customer_162,North,2024-03-21,ORD_12817,488.74,2025-04-28 08:00:00
CUST_0162,Customer_162,North,2024-03-21,ORD_12953,669.52,2025-05-04 00:00:00
CUST_0162,Customer_162,North,2024-03-21,ORD_13041,297.34,2025-05-07 16:00:00
CUST_0162,Customer_162,North,2024-03-21,ORD_14416,498.99,2025-07-03 23:00:00
CUST_0162,Customer_162,North,2024-03-21,ORD_14482,226.93,2025-07-06 17:00:00
CUST_0163,Customer_163,West,2024-03-22,ORD_10718,249.0,2025-01-30 21:00:00
CUST_0163,Customer_163,West,2024-03-22,ORD_10963,725.38,2025-02-10 02:00:00
CUST_0163,Customer_163,West,2024-03-22,ORD_12935,578.53,2025-05-03 06:00:00
CUST_0163,Customer_163,West,2024-03-22,ORD_13501,166.11,2025-05-26 20:00:00
CUST_0163,Customer_163,West,2024-03-22,ORD_14740,549.16,2025-07-17 11:00:00
CUST_0164,Customer_164,West,2024-03-22,ORD_10781,185.69,2025-02-02 12:00:00
CUST_0164,Customer_164,West,2024-03-22,ORD_13067,391.65,2025-05-08 18:00:00
CUST_0164,Customer_164,West,2024-03-22,ORD_13434,510.4,2025-05-24 01:00:00
CUST_0164,Customer_164,West,2024-03-22,ORD_14629,112.25,2025-07-12 20:00:00
CUST_0164,Customer_164,West,2024-03-22,ORD_14748,27.08,2025-07-17 19:00:00
CUST_0165,Customer_165,South,2024-03-23,ORD_10425,512.67,2025-01-18 16:00:00
CUST_0165,Customer_165,South,2024-03-23,ORD_11403,119.03,2025-02-28 10:00:00
CUST_0165,Customer_165,South,2024-03-23,ORD_13866,484.79,2025-06-11 01:00:00
CUST_0165,Customer_165,South,2024-03-23,ORD_14354,329.88,2025-07-01 09:00:00
CUST_0165,Customer_165,South,2024-03-23,ORD_14569,637.01,2025-07-10 08:00:00
CUST_0166,Customer_166,North,2024-03-23,ORD_11539,574.05,2025-03-06 02:00:00
CUST_0166,Customer_166,North,2024-03-23,ORD_11821,83.81,2025-03-17 20:00:00
CUST_0166,Customer_166,North,2024-03-23,ORD_12200,219.78,2025-04-02 15:00:00
CUST_0166,Customer_166,North,2024-03-23,ORD_14158,49.44,2025-06-23 05:00:00
CUST_0166,Customer_166,North,2024-03-23,ORD_14710,176.42,2025-07-16 05:00:00
CUST_0167,Customer_167,West,2024-03-24,ORD_11665,739.91,2025-03-11 08:00:00
CUST_0167,Customer_167,West,2024-03-24,ORD_13483,567.99,2025-05-26 02:00:00
CUST_0167,Customer_167,West,2024-03-24,ORD_13864,632.77,2025-06-10 23:00:00
CUST_0167,Customer_167,West,2024-03-24,ORD_14159,166.83,2025-06-23 06:00:00
CUST_0167,Customer_167,West,2024-03-24,ORD_14170,652.87,2025-06-23 17:00:00
CUST_0168,Customer_168,East,2024-03-24,ORD_10071,383.63,2025-01-03 22:00:00
CUST_0168,Customer_168,East,2024-03-24,ORD_11199,412.4,2025-02-19 22:00:00
CUST_0168,Customer_168,East,2024-03-24,ORD_11290,174.01,2025-02-23 17:00:00
CUST_0168,Customer_168,East,2024-03-24,ORD_12307,253.82,2025-04-07 02:00:00
CUST_0168,Customer_168,East,2024-03-24,ORD_14608,719.22,2025-07-11 23:00:00
CUST_0169,Customer_169,East,2024-03-25,ORD_10159,78.54,2025-01-07 14:00:00
CUST_0169,Customer_169,East,2024-03-25,ORD_11519,590.47,2025-03-05 06:00:00
CUST_0169,Customer_169,East,2024-03-25,ORD_12617,228.19,2025-04-20 00:00:00
CUST_0169,Customer_169,East,2024-03-25,ORD_13933,374.82,2025-06-13 20:00:00
CUST_0169,Customer_169,East,2024-03-25,ORD_14356,224.86,2025-07-01 11:00:00
CUST_0170,Customer_170,South,2024-03-25,ORD_10715,610.04,2025-01-30 18:00:00
CUST_0170,Customer_170,South,2024-03-25,ORD_11887,190.59,2025-03-20 14:00:00
CUST_0170,Customer_170,South,2024-03-25,ORD_13006,722.53,2025-05-06 05:00:00
CUST_0170,Customer_170,South,2024-03-25,ORD_14276,186.49,2025-06-28 03:00:00
CUST_0170,Customer_170,South,2024-03-25,ORD_14465,685.04,2025-07-06 00:00:00
CUST_0171,Customer_171,West,2024-03-26,ORD_10773,267.34,2025-02-02 04:00:00
CUST_0171,Customer_171,West,2024-03-26,ORD_11693,479.91,2025-03-12 12:00:00
CUST_0171,Customer_171,West,2024-03-26,ORD_12089,635.5,2025-03-29 00:00:00
CUST_0171,Customer_171,West,2024-03-26,ORD_12848,697.81,2025-04-29 15:00:00
CUST_0171,Customer_171,West,2024-03-26,ORD_14145,526.04,2025-06-22 16:00:00
CUST_0172,Customer_172,North,2024-03-26,ORD_10001,313.48,2025-01-01 00:00:00
CUST_0172,Customer_172,North,2024-03-26,ORD_10206,322.32,2025-01-09 13:00:00
CUST_0172,Customer_172,North,2024-03-26,ORD_10888,141.37,2025-02-06 23:00:00
CUST_0172,Customer_172,North,2024-03-26,ORD_11852,374.26,2025-03-19 03:00:00
CUST_0172,Customer_172,North,2024-03-26,ORD_14462,487.38,2025-07-05 21:00:00
CUST_0173,Customer_173,East,2024-03-27,ORD_10198,449.24,2025-01-09 05:00:00
CUST_0173,Customer_173,East,2024-03-27,ORD_10608,648.86,2025-01-26 07:00:00
CUST_0173,Customer_173,East,2024-03-27,ORD_10813,567.04,2025-02-03 20:00:00
CUST_0173,Customer_173,East,2024-03-27,ORD_13313,207.68,2025-05-19 00:00:00
CUST_0173,Customer_173,East,2024-03-27,ORD_14632,584.2,2025-07-12 23:00:00
CUST_0174,Customer_174,West,2024-03-27,ORD_10256,199.47,2025-01-11 15:00:00
CUST_0174,Customer_174,West,2024-03-27,ORD_10301,603.39,2025-01-13 12:00:00
CUST_0174,Customer_174,West,2024-03-27,ORD_12139,435.23,2025-03-31 02:00:00
CUST_0174,Customer_174,West,2024-03-27,ORD_12371,550.83,2025-04-09 18:00:00
CUST_0174,Customer_174,West,2024-03-27,ORD_12486,506.01,2025-04-14 13:00:00
CUST_0175,Customer_175,West,2024-03-28,ORD_10725,116.56,2025-01-31 04:00:00
CUST_0175,Customer_175,West,2024-03-28,ORD_10933,333.28,2025-02-08 20:00:00
CUST_0175,Customer_175,West,2024-03-28,ORD_11644,213.57,2025-03-10 11:00:00
CUST_0175,Customer_175,West,2024-03-28,ORD_11669,61.34,2025-03-11 12:00:00
CUST_0175,Customer_175,West,2024-03-28,ORD_14994,315.58,2025-07-28 01:00:00
CUST_0176,Customer_176,South,2024-03-28,ORD_10302,263.96,2025-01-13 13:00:00
CUST_0176,Customer_176,South,2024-03-28,ORD_11444,247.51,2025-03-02 03:00:00
CUST_0176,Customer_176,South,2024-03-28,ORD_13076,116.04,2025-05-09 03:00:00
CUST_0176,Customer_176,South,2024-03-28,ORD_13462,265.61,2025-05-25 05:00:00
CUST_0176,Customer_176,South,2024-03-28,ORD_14173,381.34,2025-06-23 20:00:00
CUST_0177,Customer_177,East,2024-03-29,ORD_10010,414.42,2025-01-01 09:00:00
CUST_0177,Customer_177,East,2024-03-29,ORD_10102,446.72,2025-01-05 05:00:00
CUST_0177,Customer_177,East,2024-03-29,ORD_12814,407.88,2025-04-28 05:00:00
CUST_0177,Customer_177,East,2024-03-29,ORD_12872,280.18,2025-04-30 15:00:00
CUST_0177,Customer_177,East,2024-03-29,ORD_13764,662.87,2025-06-06 19:00:00
CUST_0178,Customer_178,East,2024-03-29,ORD_10161,479.97,2025-01-07 16:00:00
CUST_0178,Customer_178,East,2024-03-29,ORD_11765,696.41,2025-03-15 12:00:00
CUST_0178,Customer_178,East,2024-03-29,ORD_11901,389.48,2025-03-21 04:00:00
CUST_0178,Customer_178,East,2024-03-29,ORD_12827,321.74,2025-04-28 18:00:00
CUST_0178,Customer_178,East,2024-03-29,ORD_14546,212.58,2025-07-09 09:00:00
CUST_0179,Customer_179,North,2024-03-30,ORD_10128,459.32,2025-01-06 07:00:00
CUST_0179,Customer_179,North,2024-03-30,ORD_10834,733.42,2025-02-04 17:00:00
CUST_0179,Customer_179,North,2024-03-30,ORD_10840,551.52,2025-02-04 23:00:00
CUST_0179,Customer_179,North,2024-03-30,ORD_12118,635.05,2025-03-30 05:00:00
CUST_0179,Customer_179,North,2024-03-30,ORD_12567,621.33,2025-04-17 22:00:00
CUST_0180,Customer_180,East,2024-03-30,ORD_10672,668.38,2025-01-28 23:00:00
CUST_0180,Customer_180,East,2024-03-30,ORD_11303,111.72,2025-02-24 06:00:00
CUST_0180,Customer_180,East,2024-03-30,ORD_11848,72.72,2025-03-18 23:00:00
CUST_0180,Customer_180,East,2024-03-30,ORD_13652,190.51,2025-06-02 03:00:00
CUST_0180,Customer_180,East,2024-03-30,ORD_14937,571.11,2025-07-25 16:00:00
CUST_0181,Customer_181,North,2024-03-31,ORD_11001,676.45,2025-02-11 16:00:00
CUST_0181,Customer_181,North,2024-03-31,ORD_11456,111.43,2025-03-02 15:00:00
CUST_0181,Customer_181,North,2024-03-31,ORD_11753,409.13,2025-03-15 00:00:00
CUST_0181,Customer_181,North,2024-03-31,ORD_12892,412.52,2025-05-01 11:00:00
CUST_0181,Customer_181,North,2024-03-31,ORD_14677,72.81,2025-07-14 20:00:00
CUST_0182,Customer_182,East,2024-03-31,ORD_10110,748.36,2025-01-05 13:00:00
CUST_0182,Customer_182,East,2024-03-31,ORD_10141,441.2,2025-01-06 20:00:00
CUST_0182,Customer_182,East,2024-03-31,ORD_10236,438.92,2025-01-10 19:00:00
CUST_0182,Customer_182,East,2024-03-31,ORD_10976,61.04,2025-02-10 15:00:00
CUST_0182,Customer_182,East,2024-03-31,ORD_13251,673.37,2025-05-16 10:00:00
CUST_0183,Customer_183,South,2024-04-01,ORD_10531,721.83,2025-01-23 02:00:00
CUST_0183,Customer_183,South,2024-04-01,ORD_10546,271.19,2025-01-23 17:00:00
CUST_0183,Customer_183,South,2024-04-01,ORD_13197,377.21,2025-05-14 04:00:00
CUST_0183,Customer_183,South,2024-04-01,ORD_13301,206.9,2025-05-18 12:00:00
CUST_0183,Customer_183,South,2024-04-01,ORD_13337,382.32,2025-05-20 00:00:00
CUST_0184,Customer_184,East,2024-04-01,ORD_10940,581.19,2025-02-09 03:00:00
CUST_0184,Customer_184,East,2024-04-01,ORD_11012,366.14,2025-02-12 03:00:00
CUST_0184,Customer_184,East,2024-04-01,ORD_11530,443.25,2025-03-05 17:00:00
CUST_0184,Customer_184,East,2024-04-01,ORD_12061,266.17,2025-03-27 20:00:00
CUST_0184,Customer_184,East,2024-04-01,ORD_13293,113.01,2025-05-18 04:00:00
CUST_0185,Customer_185,North,2024-04-02,ORD_10842,553.81,2025-02-05 01:00:00
CUST_0185,Customer_185,North,2024-04-02,ORD_11180,80.28,2025-02-19 03:00:00
CUST_0185,Customer_185,North,2024-04-02,ORD_11257,200.77,2025-02-22 08:00:00
CUST_0185,Customer_185,North,2024-04-02,ORD_13398,141.79,2025-05-22 13:00:00
CUST_0185,Customer_185,North,2024-04-02,ORD_13938,518.64,2025-06-14 01:00:00
CUST_0186,Customer_186,North,2024-04-02,ORD_10948,52.96,2025-02-09 11:00:00
CUST_0186,Customer_186,North,2024-04-02,ORD_11235,388.29,2025-02-21 10:00:00
CUST_0186,Customer_186,North,2024-04-02,ORD_12978,319.32,2025-05-05 01:00:00
CUST_0186,Customer_186,North,2024-04-02,ORD_13901,42.76,2025-06-12 12:00:00
CUST_0186,Customer_186,North,2024-04-02,ORD_14024,615.7,2025-06-17 15:00:00
CUST_0187,Customer_187,South,2024-04-03,ORD_10979,465.56,2025-02-10 18:00:00
CUST_0187,Customer_187,South,2024-04-03,ORD_11423,731.34,2025-03-01 06:00:00
CUST_0187,Customer_187,South,2024-04-03,ORD_13093,336.86,2025-05-09 20:00:00
CUST_0187,Customer_187,South,2024-04-03,ORD_14341,395.13,2025-06-30 20:00:00
CUST_0187,Customer_187,South,2024-04-03,ORD_14488,231.11,2025-07-06 23:00:00
CUST_0188,Customer_188,East,2024-04-03,ORD_13055,118.93,2025-05-08 06:00:00
CUST_0188,Customer_188,East,2024-04-03,ORD_13081,100.31,2025-05-09 08:00:00
CUST_0188,Customer_188,East,2024-04-03,ORD_14335,200.99,2025-06-30 14:00:00
CUST_0188,Customer_188,East,2024-04-03,ORD_14406,493.19,2025-07-03 13:00:00
CUST_0188,Customer_188,East,2024-04-03,ORD_14919,358.96,2025-07-24 22:00:00
CUST_0189,Customer_189,East,2024-04-04,ORD_10805,57.42,2025-02-03 12:00:00
CUST_0189,Customer_189,East,2024-04-04,ORD_11018,128.01,2025-02-12 09:00:00
CUST_0189,Customer_189,East,2024-04-04,ORD_11216,416.96,2025-02-20 15:00:00
CUST_0189,Customer_189,East,2024-04-04,ORD_11770,738.74,2025-03-15 17:00:00
CUST_0189,Customer_189,East,2024-04-04,ORD_13903,121.22,2025-06-12 14:00:00
CUST_0190,Customer_190,South,2024-04-04,ORD_10449,491.01,2025-01-19 16:00:00
CUST_0190,Customer_190,South,2024-04-04,ORD_12426,77.31,2025-04-12 01:00:00
CUST_0190,Customer_190,South,2024-04-04,ORD_13289,674.62,2025-05-18 00:00:00
CUST_0190,Customer_190,South,2024-04-04,ORD_13371,194.62,2025-05-21 10:00:00
CUST_0190,Customer_190,South,2024-04-04,ORD_14850,140.72,2025-07-22 01:00:00
CUST_0191,Customer_191,East,2024-04-05,ORD_11011,572.21,2025-02-12 02:00:00
CUST_0191,Customer_191,East,2024-04-05,ORD_11952,164.68,2025-03-23 07:00:00
CUST_0191,Customer_191,East,2024-04-05,ORD_12757,489.66,2025-04-25 20:00:00
CUST_0191,Customer_191,East,2024-04-05,ORD_13898,349.22,2025-06-12 09:00:00
CUST_0191,Customer_191,East,2024-04-05,ORD_14246,720.24,2025-06-26 21:00:00
CUST_0192,Customer_192,East,2024-04-05,ORD_10153,454.85,2025-01-07 08:00:00
CUST_0192,Customer_192,East,2024-04-05,ORD_11274,160.35,2025-02-23 01:00:00
CUST_0192,Customer_192,East,2024-04-05,ORD_11641,618.36,2025-03-10 08:00:00
CUST_0192,Customer_192,East,2024-04-05,ORD_12391,668.44,2025-04-10 14:00:00
CUST_0192,Customer_192,East,2024-04-05,ORD_14011,301.02,2025-06-17 02:00:00
CUST_0193,Customer_193,North,2024-04-06,ORD_10251,76.35,2025-01-11 10:00:00
CUST_0193,Customer_193,North,2024-04-06,ORD_10328,508.53,2025-01-14 15:00:00
CUST_0193,Customer_193,North,2024-04-06,ORD_11613,246.57,2025-03-09 04:00:00
CUST_0193,Customer_193,North,2024-04-06,ORD_11938,197.73,2025-03-22 17:00:00
CUST_0193,Customer_193,North,2024-04-06,ORD_13412,405.87,2025-05-23 03:00:00
CUST_0194,Customer_194,East,2024-04-06,ORD_11323,282.56,2025-02-25 02:00:00
CUST_0194,Customer_194,East,2024-04-06,ORD_12557,241.02,2025-04-17 12:00:00
CUST_0194,Customer_194,East,2024-04-06,ORD_13099,54.35,2025-05-10 02:00:00
CUST_0194,Customer_194,East,2024-04-06,ORD_13126,488.35,2025-05-11 05:00:00
CUST_0194,Customer_194,East,2024-04-06,ORD_13916,712.52,2025-06-13 03:00:00
CUST_0195,Customer_195,East,2024-04-07,ORD_10300,152.05,2025-01-13 11:00:00
CUST_0195,Customer_195,East,2024-04-07,ORD_11026,35.34,2025-02-12 17:00:00
CUST_0195,Customer_195,East,2024-04-07,ORD_12063,57.39,2025-03-27 22:00:00
CUST_0195,Customer_195,East,2024-04-07,ORD_12133,162.31,2025-03-30 20:00:00
CUST_0195,Customer_195,East,2024-04-07,ORD_14553,438.58,2025-07-09 16:00:00
CUST_0196,Customer_196,South,2024-04-07,ORD_11324,521.68,2025-02-25 03:00:00
CUST_0196,Customer_196,South,2024-04-07,ORD_12197,621.9,2025-04-02 12:00:00
CUST_0196,Customer_196,South,2024-04-07,ORD_14101,451.34,2025-06-20 20:00:00
CUST_0196,Customer_196,South,2024-04-07,ORD_14128,400.08,2025-06-21 23:00:00
CUST_0196,Customer_196,South,2024-04-07,ORD_14295,170.99,2025-06-28 22:00:00
CUST_0197,Customer_197,South,2024-04-08,ORD_10634,69.78,2025-01-27 09:00:00
CUST_0197,Customer_197,South,2024-04-08,ORD_11555,278.82,2025-03-06 18:00:00
CUST_0197,Customer_197,South,2024-04-08,ORD_12397,216.08,2025-04-10 20:00:00
CUST_0197,Customer_197,South,2024-04-08,ORD_12576,624.13,2025-04-18 07:00:00
CUST_0197,Customer_197,South,2024-04-08,ORD_14864,229.26,2025-07-22 15:00:00
CUST_0198,Customer_198,West,2024-04-08,ORD_10173,396.89,2025-01-08 04:00:00
CUST_0198,Customer_198,West,2024-04-08,ORD_10556,504.1,2025-01-24 03:00:00
CUST_0198,Customer_198,West,2024-04-08,ORD_10807,511.84,2025-02-03 14:00:00
CUST_0198,Customer_198,West,2024-04-08,ORD_14728,695.0,2025-07-16 23:00:00
CUST_0198,Customer_198,West,2024-04-08,ORD_14745,627.2,2025-07-17 16:00:00
CUST_0199,Customer_199,North,2024-04-09,ORD_11300,273.91,2025-02-24 03:00:00
CUST_0199,Customer_199,North,2024-04-09,ORD_11805,136.56,2025-03-17 04:00:00
CUST_0199,Customer_199,North,2024-04-09,ORD_12782,529.59,2025-04-26 21:00:00
CUST_0199,Customer_199,North,2024-04-09,ORD_13421,60.26,2025-05-23 12:00:00
CUST_0199,Customer_199,North,2024-04-09,ORD_14200,612.15,2025-06-24 23:00:00
CUST_0200,Customer_200,East,2024-04-09,ORD_10093,261.89,2025-01-04 20:00:00
CUST_0200,Customer_200,East,2024-04-09,ORD_10154,78.85,2025-01-07 09:00:00
CUST_0200,Customer_200,East,2024-04-09,ORD_10163,591.93,2025-01-07 18:00:00
CUST_0200,Customer_200,East,2024-04-09,ORD_10199,277.77,2025-01-09 06:00:00
CUST_0200,Customer_200,East,2024-04-09,ORD_13111,52.03,2025-05-10 14:00:00
CUST_0201,Customer_201,East,2024-04-10,ORD_10525,661.87,2025-01-22 20:00:00
CUST_0201,Customer_201,East,2024-04-10,ORD_12246,567.62,2025-04-04 13:00:00
CUST_0201,Customer_201,East,2024-04-10,ORD_12974,682.45,2025-05-04 21:00:00
CUST_0201,Customer_201,East,2024-04-10,ORD_14184,563.39,2025-06-24 07:00:00
CUST_0201,Customer_201,East,2024-04-10,ORD_14637,500.96,2025-07-13 04:00:00
CUST_0202,Customer_202,West,2024-04-10,ORD_10975,694.99,2025-02-10 14:00:00
CUST_0202,Customer_202,West,2024-04-10,ORD_12111,504.35,2025-03-29 22:00:00
CUST_0202,Customer_202,West,2024-04-10,ORD_12818,237.65,2025-04-28 09:00:00
CUST_0202,Customer_202,West,2024-04-10,ORD_14591,78.39,2025-07-11 06:00:00
CUST_0202,Customer_202,West,2024-04-10,ORD_14648,339.22,2025-07-13 15:00:00
CUST_0203,Customer_203,East,2024-04-11,ORD_10269,377.44,2025-01-12 04:00:00
CUST_0203,Customer_203,East,2024-04-11,ORD_11259,673.76,2025-02-22 10:00:00
CUST_0203,Customer_203,East,2024-04-11,ORD_11407,465.57,2025-02-28 14:00:00
CUST_0203,Customer_203,East,2024-04-11,ORD_11540,385.45,2025-03-06 03:00:00
CUST_0203,Customer_203,East,2024-04-11,ORD_14243,85.84,2025-06-26 18:00:00
CUST_0204,Customer_204,North,2024-04-11,ORD_11084,505.26,2025-02-15 03:00:00
CUST_0204,Customer_204,North,2024-04-11,ORD_12046,591.4,2025-03-27 05:00:00
CUST_0204,Customer_204,North,2024-04-11,ORD_12860,409.49,2025-04-30 03:00:00
CUST_0204,Customer_204,North,2024-04-11,ORD_13119,77.85,2025-05-10 22:00:00
CUST_0204,Customer_204,North,2024-04-11,ORD_13459,509.29,2025-05-25 02:00:00
CUST_0205,Customer_205,West,2024-04-12,ORD_10918,558.11,2025-02-08 05:00:00
CUST_0205,Customer_205,West,2024-04-12,ORD_12394,157.6,2025-04-10 17:00:00
CUST_0205,Customer_205,West,2024-04-12,ORD_12652,91.57,2025-04-21 11:00:00
CUST_0205,Customer_205,West,2024-04-12,ORD_12928,387.69,2025-05-02 23:00:00
CUST_0205,Customer_205,West,2024-04-12,ORD_13224,512.16,2025-05-15 07:00:00
CUST_0206,Customer_206,North,2024-04-12,ORD_10028,657.74,2025-01-02 03:00:00
CUST_0206,Customer_206,North,2024-04-12,ORD_10062,82.8,2025-01-03 13:00:00
CUST_0206,Customer_206,North,2024-04-12,ORD_11720,554.52,2025-03-13 15:00:00
CUST_0206,Customer_206,North,2024-04-12,ORD_12007,65.92,2025-03-25 14:00:00
CUST_0206,Customer_206,North,2024-04-12,ORD_13195,309.28,2025-05-14 02:00:00
CUST_0207,Customer_207,West,2024-04-13,ORD_11036,117.6,2025-02-13 03:00:00
CUST_0207,Customer_207,West,2024-04-13,ORD_11561,95.54,2025-03-07 00:00:00
CUST_0207,Customer_207,West,2024-04-13,ORD_13217,640.21,2025-05-15 00:00:00
CUST_0207,Customer_207,West,2024-04-13,ORD_14928,290.1,2025-07-25 07:00:00
CUST_0207,Customer_207,West,2024-04-13,ORD_14998,555.76,2025-07-28 05:00:00
CUST_0208,Customer_208,West,2024-04-13,ORD_10167,658.85,2025-01-07 22:00:00
CUST_0208,Customer_208,West,2024-04-13,ORD_11025,432.75,2025-02-12 16:00:00
CUST_0208,Customer_208,West,2024-04-13,ORD_11715,398.15,2025-03-13 10:00:00
CUST_0208,Customer_208,West,2024-04-13,ORD_12975,109.41,2025-05-04 22:00:00
CUST_0208,Customer_208,West,2024-04-13,ORD_14110,203.82,2025-06-21 05:00:00
CUST_0209,Customer_209,South,2024-04-14,ORD_10480,262.08,2025-01-20 23:00:00
CUST_0209,Customer_209,South,2024-04-14,ORD_11932,422.75,2025-03-22 11:00:00
CUST_0209,Customer_209,South,2024-04-14,ORD_12542,416.74,2025-04-16 21:00:00
CUST_0209,Customer_209,South,2024-04-14,ORD_13911,191.17,2025-06-12 22:00:00
CUST_0209,Customer_209,South,2024-04-14,ORD_14770,395.28,2025-07-18 17:00:00
CUST_0210,Customer_210,North,2024-04-14,ORD_10366,86.74,2025-01-16 05:00:00
CUST_0210,Customer_210,North,2024-04-14,ORD_10609,652.21,2025-01-26 08:00:00
CUST_0210,Customer_210,North,2024-04-14,ORD_12323,579.44,2025-04-07 18:00:00
CUST_0210,Customer_210,North,2024-04-14,ORD_12459,105.23,2025-04-13 10:00:00
CUST_0210,Customer_210,North,2024-04-14,ORD_14227,562.79,2025-06-26 02:00:00
CUST_0211,Customer_211,East,2024-04-15,ORD_10332,453.46,2025-01-14 19:00:00
CUST_0211,Customer_211,East,2024-04-15,ORD_10955,441.66,2025-02-09 18:00:00
CUST_0211,Customer_211,East,2024-04-15,ORD_11020,172.64,2025-02-12 11:00:00
CUST_0211,Customer_211,East,2024-04-15,ORD_12763,372.64,2025-04-26 02:00:00
CUST_0211,Customer_211,East,2024-04-15,ORD_14191,375.05,2025-06-24 14:00:00
CUST_0212,Customer_212,East,2024-04-15,ORD_10645,715.98,2025-01-27 20:00:00
CUST_0212,Customer_212,East,2024-04-15,ORD_11733,376.17,2025-03-14 04:00:00
CUST_0212,Customer_212,East,2024-04-15,ORD_11739,374.7,2025-03-14 10:00:00
CUST_0212,Customer_212,East,2024-04-15,ORD_13325,48.01,2025-05-19 12:00:00
CUST_0212,Customer_212,East,2024-04-15,ORD_14543,157.28,2025-07-09 06:00:00
CUST_0213,Customer_213,North,2024-04-16,ORD_10058,98.87,2025-01-03 09:00:00
CUST_0213,Customer_213,North,2024-04-16,ORD_10467,99.58,2025-01-20 10:00:00
CUST_0213,Customer_213,North,2024-04-16,ORD_13139,387.97,2025-05-11 18:00:00
CUST_0213,Customer_213,North,2024-04-16,ORD_14813,642.82,2025-07-20 12:00:00
CUST_0213,Customer_213,North,2024-04-16,ORD_14869,74.2,2025-07-22 20:00:00
CUST_0214,Customer_214,East,2024-04-16,ORD_11080,445.81,2025-02-14 23:00:00
CUST_0214,Customer_214,East,2024-04-16,ORD_11114,168.92,2025-02-16 09:00:00
CUST_0214,Customer_214,East,2024-04-16,ORD_14152,40.69,2025-06-22 23:00:00
CUST_0214,Customer_214,East,2024-04-16,ORD_14339,579.01,2025-06-30 18:00:00
CUST_0214,Customer_214,East,2024-04-16,ORD_14827,78.14,2025-07-21 02:00:00
CUST_0215,Customer_215,East,2024-04-17,ORD_11346,434.84,2025-02-26 01:00:00
CUST_0215,Customer_215,East,2024-04-17,ORD_11547,453.39,2025-03-06 10:00:00
CUST_0215,Customer_215,East,2024-04-17,ORD_11960,379.91,2025-03-23 15:00:00
CUST_0215,Customer_215,East,2024-04-17,ORD_12421,428.88,2025-04-11 20:00:00
CUST_0215,Customer_215,East,2024-04-17,ORD_14337,700.46,2025-06-30 16:00:00
CUST_0216,Customer_216,North,2024-04-17,ORD_10288,73.1,2025-01-12 23:00:00
CUST_0216,Customer_216,North,2024-04-17,ORD_11275,245.91,2025-02-23 02:00:00
CUST_0216,Customer_216,North,2024-04-17,ORD_12776,173.5,2025-04-26 15:00:00
CUST_0216,Customer_216,North,2024-04-17,ORD_14447,682.29,2025-07-05 06:00:00
CUST_0216,Customer_216,North,2024-04-17,ORD_14752,74.82,2025-07-17 23:00:00
CUST_0217,Customer_217,West,2024-04-18,ORD_10365,364.3,2025-01-16 04:00:00
CUST_0217,Customer_217,West,2024-04-18,ORD_12325,621.44,2025-04-07 20:00:00
CUST_0217,Customer_217,West,2024-04-18,ORD_13716,26.72,2025-06-04 19:00:00
CUST_0217,Customer_217,West,2024-04-18,ORD_13892,272.92,2025-06-12 03:00:00
CUST_0217,Customer_217,West,2024-04-18,ORD_14891,637.67,2025-07-23 18:00:00
CUST_0218,Customer_218,North,2024-04-18,ORD_11533,148.4,2025-03-05 20:00:00
CUST_0218,Customer_218,North,2024-04-18,ORD_11755,416.35,2025-03-15 02:00:00
CUST_0218,Customer_218,North,2024-04-18,ORD_12614,224.73,2025-04-19 21:00:00
CUST_0218,Customer_218,North,2024-04-18,ORD_13132,573.62,2025-05-11 11:00:00
CUST_0218,Customer_218,North,2024-04-18,ORD_14800,590.51,2025-07-19 23:00:00
CUST_0219,Customer_219,West,2024-04-19,ORD_10063,61.63,2025-01-03 14:00:00
CUST_0219,Customer_219,West,2024-04-19,ORD_11236,210.42,2025-02-21 11:00:00
CUST_0219,Customer_219,West,2024-04-19,ORD_11281,196.37,2025-02-23 08:00:00
CUST_0219,Customer_219,West,2024-04-19,ORD_11507,277.31,2025-03-04 18:00:00
CUST_0219,Customer_219,West,2024-04-19,ORD_14539,447.4,2025-07-09 02:00:00
CUST_0220,Customer_220,East,2024-04-19,ORD_10134,138.74,2025-01-06 13:00:00
CUST_0220,Customer_220,East,2024-04-19,ORD_11135,374.22,2025-02-17 06:00:00
CUST_0220,Customer_220,East,2024-04-19,ORD_11139,538.06,2025-02-17 10:00:00
CUST_0220,Customer_220,East,2024-04-19,ORD_11278,344.64,2025-02-23 05:00:00
CUST_0220,Customer_220,East,2024-04-19,ORD_14404,687.65,2025-07-03 11:00:00
CUST_0221,Customer_221,East,2024-04-20,ORD_10475,578.2,2025-01-20 18:00:00
CUST_0221,Customer_221,East,2024-04-20,ORD_11526,487.53,2025-03-05 13:00:00
CUST_0221,Customer_221,East,2024-04-20,ORD_11789,554.81,2025-03-16 12:00:00
CUST_0221,Customer_221,East,2024-04-20,ORD_12997,213.32,2025-05-05 20:00:00
CUST_0221,Customer_221,East,2024-04-20,ORD_14554,697.37,2025-07-09 17:00:00
CUST_0222,Customer_222,East,2024-04-20,ORD_10147,682.85,2025-01-07 02:00:00
CUST_0222,Customer_222,East,2024-04-20,ORD_10944,46.62,2025-02-09 07:00:00
CUST_0222,Customer_222,East,2024-04-20,ORD_11145,154.54,2025-02-17 16:00:00
CUST_0222,Customer_222,East,2024-04-20,ORD_11650,119.09,2025-03-10 17:00:00
CUST_0222,Customer_222,East,2024-04-20,ORD_13543,631.62,2025-05-28 14:00:00
CUST_0223,Customer_223,South,2024-04-21,ORD_12438,508.48,2025-04-12 13:00:00
CUST_0223,Customer_223,South,2024-04-21,ORD_13327,394.31,2025-05-19 14:00:00
CUST_0223,Customer_223,South,2024-04-21,ORD_13581,329.94,2025-05-30 04:00:00
CUST_0223,Customer_223,South,2024-04-21,ORD_13648,550.81,2025-06-01 23:00:00
CUST_0223,Customer_223,South,2024-04-21,ORD_13790,392.12,2025-06-07 21:00:00
CUST_0224,Customer_224,West,2024-04-21,ORD_10109,500.41,2025-01-05 12:00:00
CUST_0224,Customer_224,West,2024-04-21,ORD_10767,162.68,2025-02-01 22:00:00
CUST_0224,Customer_224,West,2024-04-21,ORD_13107,679.89,2025-05-10 10:00:00
CUST_0224,Customer_224,West,2024-04-21,ORD_13662,207.58,2025-06-02 13:00:00
CUST_0224,Customer_224,West,2024-04-21,ORD_14017,371.09,2025-06-17 08:00:00
CUST_0225,Customer_225,South,2024-04-22,ORD_10374,649.02,2025-01-16 13:00:00
CUST_0225,Customer_225,South,2024-04-22,ORD_10585,69.35,2025-01-25 08:00:00
CUST_0225,Customer_225,South,2024-04-22,ORD_11203,525.82,2025-02-20 02:00:00
CUST_0225,Customer_225,South,2024-04-22,ORD_13553,222.4,2025-05-29 00:00:00
CUST_0225,Customer_225,South,2024-04-22,ORD_14809,255.56,2025-07-20 08:00:00
CUST_0226,Customer_226,South,2024-04-22,ORD_10739,665.09,2025-01-31 18:00:00
CUST_0226,Customer_226,South,2024-04-22,ORD_10803,636.88,2025-02-03 10:00:00
CUST_0226,Customer_226,South,2024-04-22,ORD_11655,93.11,2025-03-10 22:00:00
CUST_0226,Customer_226,South,2024-04-22,ORD_13187,398.5,2025-05-13 18:00:00
CUST_0226,Customer_226,South,2024-04-22,ORD_14125,98.81,2025-06-21 20:00:00
CUST_0227,Customer_227,North,2024-04-23,ORD_10368,421.89,2025-01-16 07:00:00
CUST_0227,Customer_227,North,2024-04-23,ORD_11388,139.25,2025-02-27 19:00:00
CUST_0227,Customer_227,North,2024-04-23,ORD_12209,726.95,2025-04-03 00:00:00
CUST_0227,Customer_227,North,2024-04-23,ORD_12774,702.12,2025-04-26 13:00:00
CUST_0227,Customer_227,North,2024-04-23,ORD_13066,215.06,2025-05-08 17:00:00
CUST_0228,Customer_228,South,2024-04-23,ORD_10604,269.11,2025-01-26 03:00:00
CUST_0228,Customer_228,South,2024-04-23,ORD_11584,619.67,2025-03-07 23:00:00
CUST_0228,Customer_228,South,2024-04-23,ORD_12702,457.28,2025-04-23 13:00:00
CUST_0228,Customer_228,South,2024-04-23,ORD_14091,598.67,2025-06-20 10:00:00
CUST_0228,Customer_228,South,2024-04-23,ORD_14972,704.57,2025-07-27 03:00:00
CUST_0229,Customer_229,North,2024-04-24,ORD_10279,307.0,2025-01-12 14:00:00
CUST_0229,Customer_229,North,2024-04-24,ORD_10746,465.16,2025-02-01 01:00:00
CUST_0229,Customer_229,North,2024-04-24,ORD_10765,424.42,2025-02-01 20:00:00
CUST_0229,Customer_229,North,2024-04-24,ORD_12590,708.96,2025-04-18 21:00:00
CUST_0229,Customer_229,North,2024-04-24,ORD_13046,388.6,2025-05-07 21:00:00
CUST_0230,Customer_230,North,2024-04-24,ORD_11505,512.92,2025-03-04 16:00:00
CUST_0230,Customer_230,North,2024-04-24,ORD_13069,466.51,2025-05-08 20:00:00
CUST_0230,Customer_230,North,2024-04-24,ORD_13380,447.32,2025-05-21 19:00:00
CUST_0230,Customer_230,North,2024-04-24,ORD_14050,514.43,2025-06-18 17:00:00
CUST_0230,Customer_230,North,2024-04-24,ORD_14500,341.29,2025-07-07 11:00:00
CUST_0231,Customer_231,South,2024-04-25,ORD_10208,415.01,2025-01-09 15:00:00
CUST_0231,Customer_231,South,2024-04-25,ORD_11771,506.48,2025-03-15 18:00:00
CUST_0231,Customer_231,South,2024-04-25,ORD_12766,166.41,2025-04-26 05:00:00
CUST_0231,Customer_231,South,2024-04-25,ORD_12968,397.5,2025-05-04 15:00:00
CUST_0231,Customer_231,South,2024-04-25,ORD_13054,289.38,2025-05-08 05:00:00
CUST_0232,Customer_232,West,2024-04-25,ORD_10084,532.27,2025-01-04 11:00:00
CUST_0232,Customer_232,West,2024-04-25,ORD_10839,131.8,2025-02-04 22:00:00
CUST_0232,Customer_232,West,2024-04-25,ORD_11834,490.96,2025-03-18 09:00:00
CUST_0232,Customer_232,West,2024-04-25,ORD_13241,732.39,2025-05-16 00:00:00
CUST_0232,Customer_232,West,2024-04-25,ORD_13525,429.79,2025-05-27 20:00:00
CUST_0233,Customer_233,West,2024-04-26,ORD_11231,269.71,2025-02-21 06:00:00
CUST_0233,Customer_233,West,2024-04-26,ORD_11509,114.8,2025-03-04 20:00:00
CUST_0233,Customer_233,West,2024-04-26,ORD_12357,27.28,2025-04-09 04:00:00
CUST_0233,Customer_233,West,2024-04-26,ORD_14074,656.03,2025-06-19 17:00:00
CUST_0233,Customer_233,West,2024-04-26,ORD_14860,239.85,2025-07-22 11:00:00
CUST_0234,Customer_234,West,2024-04-26,ORD_10900,377.54,2025-02-07 11:00:00
CUST_0234,Customer_234,West,2024-04-26,ORD_12545,178.98,2025-04-17 00:00:00
CUST_0234,Customer_234,West,2024-04-26,ORD_13394,160.07,2025-05-22 09:00:00
CUST_0234,Customer_234,West,2024-04-26,ORD_14183,359.15,2025-06-24 06:00:00
CUST_0234,Customer_234,West,2024-04-26,ORD_14325,225.81,2025-06-30 04:00:00
CUST_0235,Customer_235,West,2024-04-27,ORD_10381,686.52,2025-01-16 20:00:00
CUST_0235,Customer_235,West,2024-04-27,ORD_10656,683.88,2025-01-28 07:00:00
CUST_0235,Customer_235,West,2024-04-27,ORD_10919,46.8,2025-02-08 06:00:00
CUST_0235,Customer_235,West,2024-04-27,ORD_11429,113.7,2025-03-01 12:00:00
CUST_0235,Customer_235,West,2024-04-27,ORD_13145,76.94,2025-05-12 00:00:00
CUST_0236,Customer_236,West,2024-04-27,ORD_12451,203.96,2025-04-13 02:00:00
CUST_0236,Customer_236,West,2024-04-27,ORD_12606,242.14,2025-04-19 13:00:00
CUST_0236,Customer_236,West,2024-04-27,ORD_13497,211.77,2025-05-26 16:00:00
CUST_0236,Customer_236,West,2024-04-27,ORD_13712,119.55,2025-06-04 15:00:00
CUST_0236,Customer_236,West,2024-04-27,ORD_14971,739.77,2025-07-27 02:00:00
CUST_0237,Customer_237,South,2024-04-28,ORD_10273,149.27,2025-01-12 08:00:00
CUST_0237,Customer_237,South,2024-04-28,ORD_11921,263.85,2025-03-22 00:00:00
CUST_0237,Customer_237,South,2024-04-28,ORD_12549,560.84,2025-04-17 04:00:00
CUST_0237,Customer_237,South,2024-04-28,ORD_14532,409.62,2025-07-08 19:00:00
CUST_0237,Customer_237,South,2024-04-28,ORD_14995,164.81,2025-07-28 02:00:00
CUST_0238,Customer_238,South,2024-04-28,ORD_10295,626.35,2025-01-13 06:00:00
CUST_0238,Customer_238,South,2024-04-28,ORD_10714,476.57,2025-01-30 17:00:00
CUST_0238,Customer_238,South,2024-04-28,ORD_11442,697.85,2025-03-02 01:00:00
CUST_0238,Customer_238,South,2024-04-28,ORD_11569,240.16,2025-03-07 08:00:00
CUST_0238,Customer_238,South,2024-04-28,ORD_13427,564.81,2025-05-23 18:00:00
CUST_0239,Customer_239,East,2024-04-29,ORD_11000,493.54,2025-02-11 15:00:00
CUST_0239,Customer_239,East,2024-04-29,ORD_11234,183.8,2025-02-21 09:00:00
CUST_0239,Customer_239,East,2024-04-29,ORD_12255,664.18,2025-04-04 22:00:00
CUST_0239,Customer_239,East,2024-04-29,ORD_13039,693.22,2025-05-07 14:00:00
CUST_0239,Customer_239,East,2024-04-29,ORD_14095,514.46,2025-06-20 14:00:00
CUST_0240,Customer_240,West,2024-04-29,ORD_10121,64.86,2025-01-06 00:00:00
CUST_0240,Customer_240,West,2024-04-29,ORD_12588,137.52,2025-04-18 19:00:00
CUST_0240,Customer_240,West,2024-04-29,ORD_12703,72.37,2025-04-23 14:00:00
CUST_0240,Customer_240,West,2024-04-29,ORD_12819,112.32,2025-04-28 10:00:00
CUST_0240,Customer_240,West,2024-04-29,ORD_13922,347.86,2025-06-13 09:00:00
CUST_0241,Customer_241,South,2024-04-30,ORD_10125,716.83,2025-01-06 04:00:00
CUST_0241,Customer_241,South,2024-04-30,ORD_10452,315.89,2025-01-19 19:00:00
CUST_0241,Customer_241,South,2024-04-30,ORD_12958,211.02,2025-05-04 05:00:00
CUST_0241,Customer_241,South,2024-04-30,ORD_13304,411.58,2025-05-18 15:00:00
CUST_0241,Customer_241,South,2024-04-30,ORD_14452,399.98,2025-07-05 11:00:00
CUST_0242,Customer_242,East,2024-04-30,ORD_11358,246.47,2025-02-26 13:00:00
CUST_0242,Customer_242,East,2024-04-30,ORD_12840,333.5,2025-04-29 07:00:00
CUST_0242,Customer_242,East,2024-04-30,ORD_13246,611.49,2025-05-16 05:00:00
CUST_0242,Customer_242,East,2024-04-30,ORD_13318,292.61,2025-05-19 05:00:00
CUST_0242,Customer_242,East,2024-04-30,ORD_13845,186.75,2025-06-10 04:00:00
CUST_0243,Customer_243,West,2024-05-01,ORD_11134,741.33,2025-02-17 05:00:00
CUST_0243,Customer_243,West,2024-05-01,ORD_12021,740.2,2025-03-26 04:00:00
CUST_0243,Customer_243,West,2024-05-01,ORD_13830,692.86,2025-06-09 13:00:00
CUST_0243,Customer_243,West,2024-05-01,ORD_14438,358.39,2025-07-04 21:00:00
CUST_0243,Customer_243,West,2024-05-01,ORD_14829,424.66,2025-07-21 04:00:00
CUST_0244,Customer_244,North,2024-05-01,ORD_12414,195.31,2025-04-11 13:00:00
CUST_0244,Customer_244,North,2024-05-01,ORD_13468,199.05,2025-05-25 11:00:00
CUST_0244,Customer_244,North,2024-05-01,ORD_13576,23.9,2025-05-29 23:00:00
CUST_0244,Customer_244,North,2024-05-01,ORD_13873,672.69,2025-06-11 08:00:00
CUST_0244,Customer_244,North,2024-05-01,ORD_14762,424.22,2025-07-18 09:00:00
CUST_0245,Customer_245,East,2024-05-02,ORD_10065,447.48,2025-01-03 16:00:00
CUST_0245,Customer_245,East,2024-05-02,ORD_12014,132.99,2025-03-25 21:00:00
CUST_0245,Customer_245,East,2024-05-02,ORD_12684,700.03,2025-04-22 19:00:00
CUST_0245,Customer_245,East,2024-05-02,ORD_14387,594.76,2025-07-02 18:00:00
CUST_0245,Customer_245,East,2024-05-02,ORD_14896,732.53,2025-07-23 23:00:00
CUST_0246,Customer_246,South,2024-05-02,ORD_10552,121.01,2025-01-23 23:00:00
CUST_0246,Customer_246,South,2024-05-02,ORD_10677,307.12,2025-01-29 04:00:00
CUST_0246,Customer_246,South,2024-05-02,ORD_10849,675.1,2025-02-05 08:00:00
CUST_0246,Customer_246,South,2024-05-02,ORD_11150,361.44,2025-02-17 21:00:00
CUST_0246,Customer_246,South,2024-05-02,ORD_12487,403.01,2025-04-14 14:00:00
CUST_0247,Customer_247,North,2024-05-03,ORD_11450,279.36,2025-03-02 09:00:00
CUST_0247,Customer_247,North,2024-05-03,ORD_12294,216.27,2025-04-06 13:00:00
CUST_0247,Customer_247,North,2024-05-03,ORD_12385,678.19,2025-04-10 08:00:00
CUST_0247,Customer_247,North,2024-05-03,ORD_12753,327.9,2025-04-25 16:00:00
CUST_0247,Customer_247,North,2024-05-03,ORD_13492,61.12,2025-05-26 11:00:00
CUST_0248,Customer_248,North,2024-05-03,ORD_10999,662.28,2025-02-11 14:00:00
CUST_0248,Customer_248,North,2024-05-03,ORD_12001,375.78,2025-03-25 08:00:00
CUST_0248,Customer_248,North,2024-05-03,ORD_12022,60.83,2025-03-26 05:00:00
CUST_0248,Customer_248,North,2024-05-03,ORD_13758,52.23,2025-06-06 13:00:00
CUST_0248,Customer_248,North,2024-05-03,ORD_14877,243.07,2025-07-23 04:00:00
CUST_0249,Customer_249,North,2024-05-04,ORD_10486,605.75,2025-01-21 05:00:00
CUST_0249,Customer_249,North,2024-05-04,ORD_12074,602.87,2025-03-28 09:00:00
CUST_0249,Customer_249,North,2024-05-04,ORD_13290,173.82,2025-05-18 01:00:00
CUST_0249,Customer_249,North,2024-05-04,ORD_13708,381.83,2025-06-04 11:00:00
CUST_0249,Customer_249,North,2024-05-04,ORD_14217,350.96,2025-06-25 16:00:00
CUST_0250,Customer_250,East,2024-05-04,ORD_10072,523.2,2025-01-03 23:00:00
CUST_0250,Customer_250,East,2024-05-04,ORD_13030,743.93,2025-05-07 05:00:00
CUST_0250,Customer_250,East,2024-05-04,ORD_14009,152.31,2025-06-17 00:00:00
CUST_0250,Customer_250,East,2024-05-04,ORD_14139,638.53,2025-06-22 10:00:00
CUST_0250,Customer_250,East,2024-05-04,ORD_14980,323.52,2025-07-27 11:00:00
CUST_0251,Customer_251,South,2024-05-05,ORD_10581,636.03,2025-01-25 04:00:00
CUST_0251,Customer_251,South,2024-05-05,ORD_13381,419.76,2025-05-21 20:00:00
CUST_0251,Customer_251,South,2024-05-05,ORD_13611,663.65,2025-05-31 10:00:00
CUST_0251,Customer_251,South,2024-05-05,ORD_14114,82.49,2025-06-21 09:00:00
CUST_0251,Customer_251,South,2024-05-05,ORD_14347,705.16,2025-07-01 02:00:00
CUST_0252,Customer_252,North,2024-05-05,ORD_10204,592.62,2025-01-09 11:00:00
CUST_0252,Customer_252,North,2024-05-05,ORD_10599,59.3,2025-01-25 22:00:00
CUST_0252,Customer_252,North,2024-05-05,ORD_10734,168.98,2025-01-31 13:00:00
CUST_0252,Customer_252,North,2024-05-05,ORD_11857,467.57,2025-03-19 08:00:00
CUST_0252,Customer_252,North,2024-05-05,ORD_12313,273.52,2025-04-07 08:00:00
CUST_0253,Customer_253,West,2024-05-06,ORD_10461,153.45,2025-01-20 04:00:00
CUST_0253,Customer_253,West,2024-05-06,ORD_11053,226.42,2025-02-13 20:00:00
CUST_0253,Customer_253,West,2024-05-06,ORD_11914,314.57,2025-03-21 17:00:00
CUST_0253,Customer_253,West,2024-05-06,ORD_12060,208.75,2025-03-27 19:00:00
CUST_0253,Customer_253,West,2024-05-06,ORD_12491,448.78,2025-04-14 18:00:00
CUST_0254,Customer_254,North,2024-05-06,ORD_10603,605.75,2025-01-26 02:00:00
CUST_0254,Customer_254,North,2024-05-06,ORD_12603,317.76,2025-04-19 10:00:00
CUST_0254,Customer_254,North,2024-05-06,ORD_13080,647.31,2025-05-09 07:00:00
CUST_0254,Customer_254,North,2024-05-06,ORD_13388,633.52,2025-05-22 03:00:00
CUST_0254,Customer_254,North,2024-05-06,ORD_13396,451.37,2025-05-22 11:00:00
CUST_0255,Customer_255,North,2024-05-07,ORD_10343,431.64,2025-01-15 06:00:00
CUST_0255,Customer_255,North,2024-05-07,ORD_10724,298.95,2025-01-31 03:00:00
CUST_0255,Customer_255,North,2024-05-07,ORD_12448,566.77,2025-04-12 23:00:00
CUST_0255,Customer_255,North,2024-05-07,ORD_12972,525.58,2025-05-04 19:00:00
CUST_0255,Customer_255,North,2024-05-07,ORD_13685,321.83,2025-06-03 12:00:00
CUST_0256,Customer_256,East,2024-05-07,ORD_10152,335.92,2025-01-07 07:00:00
CUST_0256,Customer_256,East,2024-05-07,ORD_12601,74.07,2025-04-19 08:00:00
CUST_0256,Customer_256,East,2024-05-07,ORD_12897,129.95,2025-05-01 16:00:00
CUST_0256,Customer_256,East,2024-05-07,ORD_13148,137.32,2025-05-12 03:00:00
CUST_0256,Customer_256,East,2024-05-07,ORD_14698,33.9,2025-07-15 17:00:00
CUST_0257,Customer_257,East,2024-05-08,ORD_11871,419.25,2025-03-19 22:00:00
CUST_0257,Customer_257,East,2024-05-08,ORD_12165,402.71,2025-04-01 04:00:00
CUST_0257,Customer_257,East,2024-05-08,ORD_12245,321.98,2025-04-04 12:00:00
CUST_0257,Customer_257,East,2024-05-08,ORD_13939,502.33,2025-06-14 02:00:00
CUST_0257,Customer_257,East,2024-05-08,ORD_14582,279.86,2025-07-10 21:00:00
CUST_0258,Customer_258,South,2024-05-08,ORD_11480,339.77,2025-03-03 15:00:00
CUST_0258,Customer_258,South,2024-05-08,ORD_11556,432.15,2025-03-06 19:00:00
CUST_0258,Customer_258,South,2024-05-08,ORD_12019,376.93,2025-03-26 02:00:00
CUST_0258,Customer_258,South,2024-05-08,ORD_13689,352.63,2025-06-03 16:00:00
CUST_0258,Customer_258,South,2024-05-08,ORD_14115,153.92,2025-06-21 10:00:00
CUST_0259,Customer_259,West,2024-05-09,ORD_11697,32.17,2025-03-12 16:00:00
CUST_0259,Customer_259,West,2024-05-09,ORD_11741,689.23,2025-03-14 12:00:00
CUST_0259,Customer_259,West,2024-05-09,ORD_12697,82.35,2025-04-23 08:00:00
CUST_0259,Customer_259,West,2024-05-09,ORD_12785,88.27,2025-04-27 00:00:00
CUST_0259,Customer_259,West,2024-05-09,ORD_14277,28.41,2025-06-28 04:00:00
CUST_0260,Customer_260,East,2024-05-09,ORD_10518,625.58,2025-01-22 13:00:00
CUST_0260,Customer_260,East,2024-05-09,ORD_10969,480.46,2025-02-10 08:00:00
CUST_0260,Customer_260,East,2024-05-09,ORD_11047,698.46,2025-02-13 14:00:00
CUST_0260,Customer_260,East,2024-05-09,ORD_11459,456.31,2025-03-02 18:00:00
CUST_0260,Customer_260,East,2024-05-09,ORD_11546,518.9,2025-03-06 09:00:00
CUST_0261,Customer_261,North,2024-05-10,ORD_12551,279.54,2025-04-17 06:00:00
CUST_0261,Customer_261,North,2024-05-10,ORD_12937,373.45,2025-05-03 08:00:00
CUST_0261,Customer_261,North,2024-05-10,ORD_13011,357.12,2025-05-06 10:00:00
CUST_0261,Customer_261,North,2024-05-10,ORD_13423,47.52,2025-05-23 14:00:00
CUST_0261,Customer_261,North,2024-05-10,ORD_14792,304.16,2025-07-19 15:00:00
CUST_0262,Customer_262,South,2024-05-10,ORD_11171,719.98,2025-02-18 18:00:00
CUST_0262,Customer_262,South,2024-05-10,ORD_12181,318.35,2025-04-01 20:00:00
CUST_0262,Customer_262,South,2024-05-10,ORD_13265,346.08,2025-05-17 00:00:00
CUST_0262,Customer_262,South,2024-05-10,ORD_13366,36.48,2025-05-21 05:00:00
CUST_0262,Customer_262,South,2024-05-10,ORD_13475,433.08,2025-05-25 18:00:00
CUST_0263,Customer_263,North,2024-05-11,ORD_10702,577.37,2025-01-30 05:00:00
CUST_0263,Customer_263,North,2024-05-11,ORD_11017,362.05,2025-02-12 08:00:00
CUST_0263,Customer_263,North,2024-05-11,ORD_11574,96.4,2025-03-07 13:00:00
CUST_0263,Customer_263,North,2024-05-11,ORD_13603,503.53,2025-05-31 02:00:00
CUST_0263,Customer_263,North,2024-05-11,ORD_13820,220.67,2025-06-09 03:00:00
CUST_0264,Customer_264,North,2024-05-11,ORD_10894,576.41,2025-02-07 05:00:00
CUST_0264,Customer_264,North,2024-05-11,ORD_12045,489.25,2025-03-27 04:00:00
CUST_0264,Customer_264,North,2024-05-11,ORD_13043,461.7,2025-05-07 18:00:00
CUST_0264,Customer_264,North,2024-05-11,ORD_13775,539.81,2025-06-07 06:00:00
CUST_0264,Customer_264,North,2024-05-11,ORD_14448,560.43,2025-07-05 07:00:00
CUST_0265,Customer_265,East,2024-05-12,ORD_10968,228.2,2025-02-10 07:00:00
CUST_0265,Customer_265,East,2024-05-12,ORD_11840,433.81,2025-03-18 15:00:00
CUST_0265,Customer_265,East,2024-05-12,ORD_12282,215.85,2025-04-06 01:00:00
CUST_0265,Customer_265,East,2024-05-12,ORD_12744,356.23,2025-04-25 07:00:00
CUST_0265,Customer_265,East,2024-05-12,ORD_14965,405.27,2025-07-26 20:00:00
CUST_0266,Customer_266,South,2024-05-12,ORD_11137,670.53,2025-02-17 08:00:00
CUST_0266,Customer_266,South,2024-05-12,ORD_11402,207.96,2025-02-28 09:00:00
CUST_0266,Customer_266,South,2024-05-12,ORD_12679,612.11,2025-04-22 14:00:00
CUST_0266,Customer_266,South,2024-05-12,ORD_13441,553.4,2025-05-24 08:00:00
CUST_0266,Customer_266,South,2024-05-12,ORD_14083,403.35,2025-06-20 02:00:00
CUST_0267,Customer_267,West,2024-05-13,ORD_10751,237.52,2025-02-01 06:00:00
CUST_0267,Customer_267,West,2024-05-13,ORD_11931,417.2,2025-03-22 10:00:00
CUST_0267,Customer_267,West,2024-05-13,ORD_11972,213.48,2025-03-24 03:00:00
CUST_0267,Customer_267,West,2024-05-13,ORD_12199,73.35,2025-04-02 14:00:00
CUST_0267,Customer_267,West,2024-05-13,ORD_12318,612.37,2025-04-07 13:00:00
CUST_0268,Customer_268,West,2024-05-13,ORD_10434,702.22,2025-01-19 01:00:00
CUST_0268,Customer_268,West,2024-05-13,ORD_10560,593.1,2025-01-24 07:00:00
CUST_0268,Customer_268,West,2024-05-13,ORD_12447,643.71,2025-04-12 22:00:00
CUST_0268,Customer_268,West,2024-05-13,ORD_12794,612.74,2025-04-27 09:00:00
CUST_0268,Customer_268,West,2024-05-13,ORD_13551,523.36,2025-05-28 22:00:00
CUST_0269,Customer_269,East,2024-05-14,ORD_10283,602.19,2025-01-12 18:00:00
CUST_0269,Customer_269,East,2024-05-14,ORD_12099,462.9,2025-03-29 10:00:00
CUST_0269,Customer_269,East,2024-05-14,ORD_12760,188.61,2025-04-25 23:00:00
CUST_0269,Customer_269,East,2024-05-14,ORD_14776,469.11,2025-07-18 23:00:00
CUST_0269,Customer_269,East,2024-05-14,ORD_14904,617.95,2025-07-24 07:00:00
CUST_0270,Customer_270,East,2024-05-14,ORD_11552,738.39,2025-03-06 15:00:00
CUST_0270,Customer_270,East,2024-05-14,ORD_11672,698.0,2025-03-11 15:00:00
CUST_0270,Customer_270,East,2024-05-14,ORD_12316,712.62,2025-04-07 11:00:00
CUST_0270,Customer_270,East,2024-05-14,ORD_13961,381.22,2025-06-15 00:00:00
CUST_0270,Customer_270,East,2024-05-14,ORD_14914,693.42,2025-07-24 17:00:00
CUST_0271,Customer_271,South,2024-05-15,ORD_10627,617.77,2025-01-27 02:00:00
CUST_0271,Customer_271,South,2024-05-15,ORD_11777,493.06,2025-03-16 00:00:00
CUST_0271,Customer_271,South,2024-05-15,ORD_12390,508.6,2025-04-10 13:00:00
CUST_0271,Customer_271,South,2024-05-15,ORD_14718,29.31,2025-07-16 13:00:00
CUST_0271,Customer_271,South,2024-05-15,ORD_14729,102.13,2025-07-17 00:00:00
CUST_0272,Customer_272,West,2024-05-15,ORD_10399,612.66,2025-01-17 14:00:00
CUST_0272,Customer_272,West,2024-05-15,ORD_11206,229.88,2025-02-20 05:00:00
CUST_0272,Customer_272,West,2024-05-15,ORD_11867,386.36,2025-03-19 18:00:00
CUST_0272,Customer_272,West,2024-05-15,ORD_13552,271.11,2025-05-28 23:00:00
CUST_0272,Customer_272,West,2024-05-15,ORD_14386,426.64,2025-07-02 17:00:00
CUST_0273,Customer_273,West,2024-05-16,ORD_10705,298.58,2025-01-30 08:00:00
CUST_0273,Customer_273,West,2024-05-16,ORD_10872,428.61,2025-02-06 07:00:00
CUST_0273,Customer_273,West,2024-05-16,ORD_11888,486.62,2025-03-20 15:00:00
CUST_0273,Customer_273,West,2024-05-16,ORD_12290,423.47,2025-04-06 09:00:00
CUST_0273,Customer_273,West,2024-05-16,ORD_13375,389.24,2025-05-21 14:00:00
CUST_0274,Customer_274,West,2024-05-16,ORD_11096,386.42,2025-02-15 15:00:00
CUST_0274,Customer_274,West,2024-05-16,ORD_12126,67.91,2025-03-30 13:00:00
CUST_0274,Customer_274,West,2024-05-16,ORD_13564,44.4,2025-05-29 11:00:00
CUST_0274,Customer_274,West,2024-05-16,ORD_13828,396.86,2025-06-09 11:00:00
CUST_0274,Customer_274,West,2024-05-16,ORD_14162,325.47,2025-06-23 09:00:00
CUST_0275,Customer_275,North,2024-05-17,ORD_11077,279.0,2025-02-14 20:00:00
CUST_0275,Customer_275,North,2024-05-17,ORD_11396,653.64,2025-02-28 03:00:00
CUST_0275,Customer_275,North,2024-05-17,ORD_12934,264.99,2025-05-03 05:00:00
CUST_0275,Customer_275,North,2024-05-17,ORD_13075,198.64,2025-05-09 02:00:00
CUST_0275,Customer_275,North,2024-05-17,ORD_14782,110.13,2025-07-19 05:00:00
CUST_0276,Customer_276,West,2024-05-17,ORD_13387,385.14,2025-05-22 02:00:00
CUST_0276,Customer_276,West,2024-05-17,ORD_13591,172.32,2025-05-30 14:00:00
CUST_0276,Customer_276,West,2024-05-17,ORD_13899,93.55,2025-06-12 10:00:00
CUST_0276,Customer_276,West,2024-05-17,ORD_14577,303.63,2025-07-10 16:00:00
CUST_0276,Customer_276,West,2024-05-17,ORD_14847,367.89,2025-07-21 22:00:00
CUST_0277,Customer_277,North,2024-05-18,ORD_10832,20.69,2025-02-04 15:00:00
CUST_0277,Customer_277,North,2024-05-18,ORD_11220,466.28,2025-02-20 19:00:00
CUST_0277,Customer_277,North,2024-05-18,ORD_12266,645.3,2025-04-05 09:00:00
CUST_0277,Customer_277,North,2024-05-18,ORD_14188,593.64,2025-06-24 11:00:00
CUST_0277,Customer_277,North,2024-05-18,ORD_14868,205.02,2025-07-22 19:00:00
CUST_0278,Customer_278,South,2024-05-18,ORD_10673,165.43,2025-01-29 00:00:00
CUST_0278,Customer_278,South,2024-05-18,ORD_12792,383.5,2025-04-27 07:00:00
CUST_0278,Customer_278,South,2024-05-18,ORD_14056,703.97,2025-06-18 23:00:00
CUST_0278,Customer_278,South,2024-05-18,ORD_14249,534.0,2025-06-27 00:00:00
CUST_0278,Customer_278,South,2024-05-18,ORD_14777,624.47,2025-07-19 00:00:00
CUST_0279,Customer_279,North,2024-05-19,ORD_10826,403.29,2025-02-04 09:00:00
CUST_0279,Customer_279,North,2024-05-19,ORD_11107,80.75,2025-02-16 02:00:00
CUST_0279,Customer_279,North,2024-05-19,ORD_11758,92.38,2025-03-15 05:00:00
CUST_0279,Customer_279,North,2024-05-19,ORD_12121,91.09,2025-03-30 08:00:00
CUST_0279,Customer_279,North,2024-05-19,ORD_13818,456.76,2025-06-09 01:00:00
CUST_0280,Customer_280,South,2024-05-19,ORD_10013,432.99,2025-01-01 12:00:00
CUST_0280,Customer_280,South,2024-05-19,ORD_10016,420.68,2025-01-01 15:00:00
CUST_0280,Customer_280,South,2024-05-19,ORD_10378,611.42,2025-01-16 17:00:00
CUST_0280,Customer_280,South,2024-05-19,ORD_10866,410.8,2025-02-06 01:00:00
CUST_0280,Customer_280,South,2024-05-19,ORD_13410,157.7,2025-05-23 01:00:00
CUST_0281,Customer_281,West,2024-05-20,ORD_11370,609.81,2025-02-27 01:00:00
CUST_0281,Customer_281,West,2024-05-20,ORD_12432,290.46,2025-04-12 07:00:00
CUST_0281,Customer_281,West,2024-05-20,ORD_13746,605.2,2025-06-06 01:00:00
CUST_0281,Customer_281,West,2024-05-20,ORD_14198,726.69,2025-06-24 21:00:00
CUST_0281,Customer_281,West,2024-05-20,ORD_14921,388.67,2025-07-25 00:00:00
CUST_0282,Customer_282,West,2024-05-20,ORD_10597,745.86,2025-01-25 20:00:00
CUST_0282,Customer_282,West,2024-05-20,ORD_13500,395.64,2025-05-26 19:00:00
CUST_0282,Customer_282,West,2024-05-20,ORD_13915,207.7,2025-06-13 02:00:00
CUST_0282,Customer_282,West,2024-05-20,ORD_14323,31.14,2025-06-30 02:00:00
CUST_0282,Customer_282,West,2024-05-20,ORD_14401,292.76,2025-07-03 08:00:00
CUST_0283,Customer_283,South,2024-05-21,ORD_11823,622.64,2025-03-17 22:00:00
CUST_0283,Customer_283,South,2024-05-21,ORD_13031,582.42,2025-05-07 06:00:00
CUST_0283,Customer_283,South,2024-05-21,ORD_13136,122.56,2025-05-11 15:00:00
CUST_0283,Customer_283,South,2024-05-21,ORD_14065,575.35,2025-06-19 08:00:00
CUST_0283,Customer_283,South,2024-05-21,ORD_14938,260.43,2025-07-25 17:00:00
CUST_0284,Customer_284,East,2024-05-21,ORD_10881,58.56,2025-02-06 16:00:00
CUST_0284,Customer_284,East,2024-05-21,ORD_11042,704.87,2025-02-13 09:00:00
CUST_0284,Customer_284,East,2024-05-21,ORD_11460,654.88,2025-03-02 19:00:00
CUST_0284,Customer_284,East,2024-05-21,ORD_12055,313.84,2025-03-27 14:00:00
CUST_0284,Customer_284,East,2024-05-21,ORD_13430,443.98,2025-05-23 21:00:00
CUST_0285,Customer_285,South,2024-05-22,ORD_11874,325.13,2025-03-20 01:00:00
CUST_0285,Customer_285,South,2024-05-22,ORD_12319,60.41,2025-04-07 14:00:00
CUST_0285,Customer_285,South,2024-05-22,ORD_13115,159.0,2025-05-10 18:00:00
CUST_0285,Customer_285,South,2024-05-22,ORD_14238,208.3,2025-06-26 13:00:00
CUST_0285,Customer_285,South,2024-05-22,ORD_14973,649.37,2025-07-27 04:00:00
CUST_0286,Customer_286,East,2024-05-22,ORD_11008,513.77,2025-02-11 23:00:00
CUST_0286,Customer_286,East,2024-05-22,ORD_11722,613.59,2025-03-13 17:00:00
CUST_0286,Customer_286,East,2024-05-22,ORD_13038,186.51,2025-05-07 13:00:00
CUST_0286,Customer_286,East,2024-05-22,ORD_14264,347.39,2025-06-27 15:00:00
CUST_0286,Customer_286,East,2024-05-22,ORD_14603,93.75,2025-07-11 18:00:00
CUST_0287,Customer_287,North,2024-05-23,ORD_10698,150.74,2025-01-30 01:00:00
CUST_0287,Customer_287,North,2024-05-23,ORD_10719,484.02,2025-01-30 22:00:00
CUST_0287,Customer_287,North,2024-05-23,ORD_12550,503.16,2025-04-17 05:00:00
CUST_0287,Customer_287,North,2024-05-23,ORD_12592,193.83,2025-04-18 23:00:00
CUST_0287,Customer_287,North,2024-05-23,ORD_14489,610.55,2025-07-07 00:00:00
CUST_0288,Customer_288,North,2024-05-23,ORD_10995,112.06,2025-02-11 10:00:00
CUST_0288,Customer_288,North,2024-05-23,ORD_12272,576.21,2025-04-05 15:00:00
CUST_0288,Customer_288,North,2024-05-23,ORD_13174,199.58,2025-05-13 05:00:00
CUST_0288,Customer_288,North,2024-05-23,ORD_13839,590.86,2025-06-09 22:00:00
CUST_0288,Customer_288,North,2024-05-23,ORD_14733,176.44,2025-07-17 04:00:00
CUST_0289,Customer_289,North,2024-05-24,ORD_11783,671.5,2025-03-16 06:00:00
CUST_0289,Customer_289,North,2024-05-24,ORD_11792,194.47,2025-03-16 15:00:00
CUST_0289,Customer_289,North,2024-05-24,ORD_12669,115.54,2025-04-22 04:00:00
CUST_0289,Customer_289,North,2024-05-24,ORD_12707,590.34,2025-04-23 18:00:00
CUST_0289,Customer_289,North,2024-05-24,ORD_14040,195.93,2025-06-18 07:00:00
CUST_0290,Customer_290,West,2024-05-24,ORD_10661,717.48,2025-01-28 12:00:00
CUST_0290,Customer_290,West,2024-05-24,ORD_11764,316.62,2025-03-15 11:00:00
CUST_0290,Customer_290,West,2024-05-24,ORD_12955,167.02,2025-05-04 02:00:00
CUST_0290,Customer_290,West,2024-05-24,ORD_13627,256.84,2025-06-01 02:00:00
CUST_0290,Customer_290,West,2024-05-24,ORD_14082,450.21,2025-06-20 01:00:00
CUST_0291,Customer_291,North,2024-05-25,ORD_10333,440.18,2025-01-14 20:00:00
CUST_0291,Customer_291,North,2024-05-25,ORD_12309,159.61,2025-04-07 04:00:00
CUST_0291,Customer_291,North,2024-05-25,ORD_13026,296.19,2025-05-07 01:00:00
CUST_0291,Customer_291,North,2024-05-25,ORD_13727,671.21,2025-06-05 06:00:00
CUST_0291,Customer_291,North,2024-05-25,ORD_14633,267.45,2025-07-13 00:00:00
CUST_0292,Customer_292,East,2024-05-25,ORD_10964,728.15,2025-02-10 03:00:00
CUST_0292,Customer_292,East,2024-05-25,ORD_11179,442.34,2025-02-19 02:00:00
CUST_0292,Customer_292,East,2024-05-25,ORD_11475,685.12,2025-03-03 10:00:00
CUST_0292,Customer_292,East,2024-05-25,ORD_12820,635.06,2025-04-28 11:00:00
CUST_0292,Customer_292,East,2024-05-25,ORD_14812,464.71,2025-07-20 11:00:00
CUST_0293,Customer_293,North,2024-05-26,ORD_10617,201.48,2025-01-26 16:00:00
CUST_0293,Customer_293,North,2024-05-26,ORD_11104,301.82,2025-02-15 23:00:00
CUST_0293,Customer_293,North,2024-05-26,ORD_11168,391.54,2025-02-18 15:00:00
CUST_0293,Customer_293,North,2024-05-26,ORD_12636,387.29,2025-04-20 19:00:00
CUST_0293,Customer_293,North,2024-05-26,ORD_13855,521.72,2025-06-10 14:00:00
CUST_0294,Customer_294,South,2024-05-26,ORD_10545,280.75,2025-01-23 16:00:00
CUST_0294,Customer_294,South,2024-05-26,ORD_12434,663.65,2025-04-12 09:00:00
CUST_0294,Customer_294,South,2024-05-26,ORD_12632,742.17,2025-04-20 15:00:00
CUST_0294,Customer_294,South,2024-05-26,ORD_13769,198.7,2025-06-07 00:00:00
CUST_0294,Customer_294,South,2024-05-26,ORD_13959,461.2,2025-06-14 22:00:00
CUST_0295,Customer_295,South,2024-05-27,ORD_10856,643.82,2025-02-05 15:00:00
CUST_0295,Customer_295,South,2024-05-27,ORD_11174,226.26,2025-02-18 21:00:00
CUST_0295,Customer_295,South,2024-05-27,ORD_14219,577.44,2025-06-25 18:00:00
CUST_0295,Customer_295,South,2024-05-27,ORD_14265,735.87,2025-06-27 16:00:00
CUST_0295,Customer_295,South,2024-05-27,ORD_14781,139.86,2025-07-19 04:00:00
CUST_0296,Customer_296,West,2024-05-27,ORD_11408,629.53,2025-02-28 15:00:00
CUST_0296,Customer_296,West,2024-05-27,ORD_11465,509.66,2025-03-03 00:00:00
CUST_0296,Customer_296,West,2024-05-27,ORD_11991,701.23,2025-03-24 22:00:00
CUST_0296,Customer_296,West,2024-05-27,ORD_12163,610.42,2025-04-01 02:00:00
CUST_0296,Customer_296,West,2024-05-27,ORD_14560,563.16,2025-07-09 23:00:00
CUST_0297,Customer_297,South,2024-05-28,ORD_10335,364.37,2025-01-14 22:00:00
CUST_0297,Customer_297,South,2024-05-28,ORD_10852,615.49,2025-02-05 11:00:00
CUST_0297,Customer_297,South,2024-05-28,ORD_12230,561.16,2025-04-03 21:00:00
CUST_0297,Customer_297,South,2024-05-28,ORD_12252,341.64,2025-04-04 19:00:00
CUST_0297,Customer_297,South,2024-05-28,ORD_14291,36.16,2025-06-28 18:00:00
CUST_0298,Customer_298,East,2024-05-28,ORD_10221,342.54,2025-01-10 04:00:00
CUST_0298,Customer_298,East,2024-05-28,ORD_11051,66.57,2025-02-13 18:00:00
CUST_0298,Customer_298,East,2024-05-28,ORD_11890,540.97,2025-03-20 17:00:00
CUST_0298,Customer_298,East,2024-05-28,ORD_13729,416.82,2025-06-05 08:00:00
CUST_0298,Customer_298,East,2024-05-28,ORD_14734,447.14,2025-07-17 05:00:00
CUST_0299,Customer_299,North,2024-05-29,ORD_10214,63.5,2025-01-09 21:00:00
CUST_0299,Customer_299,North,2024-05-29,ORD_10690,295.48,2025-01-29 17:00:00
CUST_0299,Customer_299,North,2024-05-29,ORD_11411,557.22,2025-02-28 18:00:00
CUST_0299,Customer_299,North,2024-05-29,ORD_12444,351.39,2025-04-12 19:00:00
CUST_0299,Customer_299,North,2024-05-29,ORD_14141,33.11,2025-06-22 12:00:00
CUST_0300,Customer_300,West,2024-05-29,ORD_11575,328.75,2025-03-07 14:00:00
CUST_0300,Customer_300,West,2024-05-29,ORD_12344,460.77,2025-04-08 15:00:00
CUST_0300,Customer_300,West,2024-05-29,ORD_13267,622.35,2025-05-17 02:00:00
CUST_0300,Customer_300,West,2024-05-29,ORD_13404,710.34,2025-05-22 19:00:00
CUST_0300,Customer_300,West,2024-05-29,ORD_13834,166.25,2025-06-09 17:00:00
CUST_0301,Customer_301,North,2024-05-30,ORD_12439,319.52,2025-04-12 14:00:00
CUST_0301,Customer_301,North,2024-05-30,ORD_12502,520.57,2025-04-15 05:00:00
CUST_0301,Customer_301,North,2024-05-30,ORD_13532,73.7,2025-05-28 03:00:00
CUST_0301,Customer_301,North,2024-05-30,ORD_13969,224.74,2025-06-15 08:00:00
CUST_0301,Customer_301,North,2024-05-30,ORD_14999,320.06,2025-07-28 06:00:00
CUST_0302,Customer_302,North,2024-05-30,ORD_10730,458.69,2025-01-31 09:00:00
CUST_0302,Customer_302,North,2024-05-30,ORD_11634,496.17,2025-03-10 01:00:00
CUST_0302,Customer_302,North,2024-05-30,ORD_13155,334.13,2025-05-12 10:00:00
CUST_0302,Customer_302,North,2024-05-30,ORD_13442,400.96,2025-05-24 09:00:00
CUST_0302,Customer_302,North,2024-05-30,ORD_14622,310.95,2025-07-12 13:00:00
CUST_0303,Customer_303,East,2024-05-31,ORD_11536,687.83,2025-03-05 23:00:00
CUST_0303,Customer_303,East,2024-05-31,ORD_12765,733.83,2025-04-26 04:00:00
CUST_0303,Customer_303,East,2024-05-31,ORD_14052,441.36,2025-06-18 19:00:00
CUST_0303,Customer_303,East,2024-05-31,ORD_14089,420.06,2025-06-20 08:00:00
CUST_0303,Customer_303,East,2024-05-31,ORD_14890,98.44,2025-07-23 17:00:00
CUST_0304,Customer_304,South,2024-05-31,ORD_11922,97.98,2025-03-22 01:00:00
CUST_0304,Customer_304,South,2024-05-31,ORD_13554,747.58,2025-05-29 01:00:00
CUST_0304,Customer_304,South,2024-05-31,ORD_13751,378.03,2025-06-06 06:00:00
CUST_0304,Customer_304,South,2024-05-31,ORD_13943,665.5,2025-06-14 06:00:00
CUST_0304,Customer_304,South,2024-05-31,ORD_14708,371.74,2025-07-16 03:00:00
CUST_0305,Customer_305,South,2024-06-01,ORD_10137,62.75,2025-01-06 16:00:00
CUST_0305,Customer_305,South,2024-06-01,ORD_11904,394.87,2025-03-21 07:00:00
CUST_0305,Customer_305,South,2024-06-01,ORD_12732,581.2,2025-04-24 19:00:00
CUST_0305,Customer_305,South,2024-06-01,ORD_13779,210.29,2025-06-07 10:00:00
CUST_0305,Customer_305,South,2024-06-01,ORD_14487,318.75,2025-07-06 22:00:00
CUST_0306,Customer_306,North,2024-06-01,ORD_10315,399.32,2025-01-14 02:00:00
CUST_0306,Customer_306,North,2024-06-01,ORD_10766,410.23,2025-02-01 21:00:00
CUST_0306,Customer_306,North,2024-06-01,ORD_11727,625.86,2025-03-13 22:00:00
CUST_0306,Customer_306,North,2024-06-01,ORD_12120,736.44,2025-03-30 07:00:00
CUST_0306,Customer_306,North,2024-06-01,ORD_13071,541.73,2025-05-08 22:00:00
CUST_0307,Customer_307,West,2024-06-02,ORD_11111,421.29,2025-02-16 06:00:00
CUST_0307,Customer_307,West,2024-06-02,ORD_12952,192.74,2025-05-03 23:00:00
CUST_0307,Customer_307,West,2024-06-02,ORD_13372,594.49,2025-05-21 11:00:00
CUST_0307,Customer_307,West,2024-06-02,ORD_13752,208.12,2025-06-06 07:00:00
CUST_0307,Customer_307,West,2024-06-02,ORD_14085,349.86,2025-06-20 04:00:00
CUST_0308,Customer_308,South,2024-06-02,ORD_10844,732.05,2025-02-05 03:00:00
CUST_0308,Customer_308,South,2024-06-02,ORD_11492,32.77,2025-03-04 03:00:00
CUST_0308,Customer_308,South,2024-06-02,ORD_12324,500.3,2025-04-07 19:00:00
CUST_0308,Customer_308,South,2024-06-02,ORD_12556,296.64,2025-04-17 11:00:00
CUST_0308,Customer_308,South,2024-06-02,ORD_13876,604.99,2025-06-11 11:00:00
CUST_0309,Customer_309,West,2024-06-03,ORD_10011,641.34,2025-01-01 10:00:00
CUST_0309,Customer_309,West,2024-06-03,ORD_10576,169.1,2025-01-24 23:00:00
CUST_0309,Customer_309,West,2024-06-03,ORD_10885,408.7,2025-02-06 20:00:00
CUST_0309,Customer_309,West,2024-06-03,ORD_11188,725.59,2025-02-19 11:00:00
CUST_0309,Customer_309,West,2024-06-03,ORD_13988,517.47,2025-06-16 03:00:00
CUST_0310,Customer_310,South,2024-06-03,ORD_10061,415.2,2025-01-03 12:00:00
CUST_0310,Customer_310,South,2024-06-03,ORD_11471,197.52,2025-03-03 06:00:00
CUST_0310,Customer_310,South,2024-06-03,ORD_11709,576.52,2025-03-13 04:00:00
CUST_0310,Customer_310,South,2024-06-03,ORD_12525,609.62,2025-04-16 04:00:00
CUST_0310,Customer_310,South,2024-06-03,ORD_13773,320.0,2025-06-07 04:00:00
CUST_0311,Customer_311,West,2024-06-04,ORD_10019,303.77,2025-01-01 18:00:00
CUST_0311,Customer_311,West,2024-06-04,ORD_11516,613.38,2025-03-05 03:00:00
CUST_0311,Customer_311,West,2024-06-04,ORD_13487,738.03,2025-05-26 06:00:00
CUST_0311,Customer_311,West,2024-06-04,ORD_14399,394.95,2025-07-03 06:00:00
CUST_0311,Customer_311,West,2024-06-04,ORD_14830,259.98,2025-07-21 05:00:00
CUST_0312,Customer_312,East,2024-06-04,ORD_10432,732.89,2025-01-18 23:00:00
CUST_0312,Customer_312,East,2024-06-04,ORD_10788,377.01,2025-02-02 19:00:00
CUST_0312,Customer_312,East,2024-06-04,ORD_12407,26.2,2025-04-11 06:00:00
CUST_0312,Customer_312,East,2024-06-04,ORD_14076,91.26,2025-06-19 19:00:00
CUST_0312,Customer_312,East,2024-06-04,ORD_14661,580.54,2025-07-14 04:00:00
CUST_0313,Customer_313,West,2024-06-05,ORD_11286,514.12,2025-02-23 13:00:00
CUST_0313,Customer_313,West,2024-06-05,ORD_11662,479.67,2025-03-11 05:00:00
CUST_0313,Customer_313,West,2024-06-05,ORD_11942,537.79,2025-03-22 21:00:00
CUST_0313,Customer_313,West,2024-06-05,ORD_13795,487.93,2025-06-08 02:00:00
CUST_0313,Customer_313,West,2024-06-05,ORD_14267,350.09,2025-06-27 18:00:00
CUST_0314,Customer_314,East,2024-06-05,ORD_10326,172.07,2025-01-14 13:00:00
CUST_0314,Customer_314,East,2024-06-05,ORD_13086,53.63,2025-05-09 13:00:00
CUST_0314,Customer_314,East,2024-06-05,ORD_13761,601.13,2025-06-06 16:00:00
CUST_0314,Customer_314,East,2024-06-05,ORD_14161,266.56,2025-06-23 08:00:00
CUST_0314,Customer_314,East,2024-06-05,ORD_14788,464.9,2025-07-19 11:00:00
CUST_0315,Customer_315,East,2024-06-06,ORD_11372,103.2,2025-02-27 03:00:00
CUST_0315,Customer_315,East,2024-06-06,ORD_11829,715.15,2025-03-18 04:00:00
CUST_0315,Customer_315,East,2024-06-06,ORD_11916,379.11,2025-03-21 19:00:00
CUST_0315,Customer_315,East,2024-06-06,ORD_12930,439.0,2025-05-03 01:00:00
CUST_0315,Customer_315,East,2024-06-06,ORD_14073,555.38,2025-06-19 16:00:00
CUST_0316,Customer_316,West,2024-06-06,ORD_10325,743.82,2025-01-14 12:00:00
CUST_0316,Customer_316,West,2024-06-06,ORD_10384,216.22,2025-01-16 23:00:00
CUST_0316,Customer_316,West,2024-06-06,ORD_12234,458.39,2025-04-04 01:00:00
CUST_0316,Customer_316,West,2024-06-06,ORD_12278,338.33,2025-04-05 21:00:00
CUST_0316,Customer_316,West,2024-06-06,ORD_14374,350.2,2025-07-02 05:00:00
CUST_0317,Customer_317,East,2024-06-07,ORD_10362,446.92,2025-01-16 01:00:00
CUST_0317,Customer_317,East,2024-06-07,ORD_10732,284.63,2025-01-31 11:00:00
CUST_0317,Customer_317,East,2024-06-07,ORD_12119,385.64,2025-03-30 06:00:00
CUST_0317,Customer_317,East,2024-06-07,ORD_14127,449.92,2025-06-21 22:00:00
CUST_0317,Customer_317,East,2024-06-07,ORD_14495,330.25,2025-07-07 06:00:00
CUST_0318,Customer_318,North,2024-06-07,ORD_10605,344.25,2025-01-26 04:00:00
CUST_0318,Customer_318,North,2024-06-07,ORD_11211,733.54,2025-02-20 10:00:00
CUST_0318,Customer_318,North,2024-06-07,ORD_12501,674.27,2025-04-15 04:00:00
CUST_0318,Customer_318,North,2024-06-07,ORD_14298,151.15,2025-06-29 01:00:00
CUST_0318,Customer_318,North,2024-06-07,ORD_14951,82.96,2025-07-26 06:00:00
CUST_0319,Customer_319,East,2024-06-08,ORD_10244,155.25,2025-01-11 03:00:00
CUST_0319,Customer_319,East,2024-06-08,ORD_10481,385.42,2025-01-21 00:00:00
CUST_0319,Customer_319,East,2024-06-08,ORD_11394,97.9,2025-02-28 01:00:00
CUST_0319,Customer_319,East,2024-06-08,ORD_11682,283.92,2025-03-12 01:00:00
CUST_0319,Customer_319,East,2024-06-08,ORD_12634,279.16,2025-04-20 17:00:00
CUST_0320,Customer_320,South,2024-06-08,ORD_10280,192.95,2025-01-12 15:00:00
CUST_0320,Customer_320,South,2024-06-08,ORD_12676,731.93,2025-04-22 11:00:00
CUST_0320,Customer_320,South,2024-06-08,ORD_13436,20.94,2025-05-24 03:00:00
CUST_0320,Customer_320,South,2024-06-08,ORD_14706,41.17,2025-07-16 01:00:00
CUST_0320,Customer_320,South,2024-06-08,ORD_14858,479.93,2025-07-22 09:00:00
CUST_0321,Customer_321,West,2024-06-09,ORD_11786,201.25,2025-03-16 09:00:00
CUST_0321,Customer_321,West,2024-06-09,ORD_12250,383.68,2025-04-04 17:00:00
CUST_0321,Customer_321,West,2024-06-09,ORD_13937,97.02,2025-06-14 00:00:00
CUST_0321,Customer_321,West,2024-06-09,ORD_14786,145.07,2025-07-19 09:00:00
CUST_0321,Customer_321,West,2024-06-09,ORD_14831,545.92,2025-07-21 06:00:00
CUST_0322,Customer_322,North,2024-06-09,ORD_10726,163.58,2025-01-31 05:00:00
CUST_0322,Customer_322,North,2024-06-09,ORD_11884,474.89,2025-03-20 11:00:00
CUST_0322,Customer_322,North,2024-06-09,ORD_12428,76.85,2025-04-12 03:00:00
CUST_0322,Customer_322,North,2024-06-09,ORD_12909,107.42,2025-05-02 04:00:00
CUST_0322,Customer_322,North,2024-06-09,ORD_13270,242.48,2025-05-17 05:00:00
CUST_0323,Customer_323,West,2024-06-10,ORD_10784,329.35,2025-02-02 15:00:00
CUST_0323,Customer_323,West,2024-06-10,ORD_10794,269.55,2025-02-03 01:00:00
CUST_0323,Customer_323,West,2024-06-10,ORD_11165,469.0,2025-02-18 12:00:00
CUST_0323,Customer_323,West,2024-06-10,ORD_11838,124.44,2025-03-18 13:00:00
CUST_0323,Customer_323,West,2024-06-10,ORD_14655,208.53,2025-07-13 22:00:00
CUST_0324,Customer_324,South,2024-06-10,ORD_10070,50.35,2025-01-03 21:00:00
CUST_0324,Customer_324,South,2024-06-10,ORD_11095,327.14,2025-02-15 14:00:00
CUST_0324,Customer_324,South,2024-06-10,ORD_11955,547.56,2025-03-23 10:00:00
CUST_0324,Customer_324,South,2024-06-10,ORD_13062,299.71,2025-05-08 13:00:00
CUST_0324,Customer_324,South,2024-06-10,ORD_13723,26.17,2025-06-05 02:00:00
CUST_0325,Customer_325,South,2024-06-11,ORD_10158,624.76,2025-01-07 13:00:00
CUST_0325,Customer_325,South,2024-06-11,ORD_10616,570.84,2025-01-26 15:00:00
CUST_0325,Customer_325,South,2024-06-11,ORD_11291,634.38,2025-02-23 18:00:00
CUST_0325,Customer_325,South,2024-06-11,ORD_11595,435.73,2025-03-08 10:00:00
CUST_0325,Customer_325,South,2024-06-11,ORD_13269,416.69,2025-05-17 04:00:00
CUST_0326,Customer_326,South,2024-06-11,ORD_10027,408.27,2025-01-02 02:00:00
CUST_0326,Customer_326,South,2024-06-11,ORD_10895,451.95,2025-02-07 06:00:00
CUST_0326,Customer_326,South,2024-06-11,ORD_11527,249.34,2025-03-05 14:00:00
CUST_0326,Customer_326,South,2024-06-11,ORD_13211,710.42,2025-05-14 18:00:00
CUST_0326,Customer_326,South,2024-06-11,ORD_13783,143.25,2025-06-07 14:00:00
CUST_0327,Customer_327,East,2024-06-12,ORD_10297,311.51,2025-01-13 08:00:00
CUST_0327,Customer_327,East,2024-06-12,ORD_11058,732.93,2025-02-14 01:00:00
CUST_0327,Customer_327,East,2024-06-12,ORD_11858,134.76,2025-03-19 09:00:00
CUST_0327,Customer_327,East,2024-06-12,ORD_14439,363.34,2025-07-04 22:00:00
CUST_0327,Customer_327,East,2024-06-12,ORD_14798,241.52,2025-07-19 21:00:00
CUST_0328,Customer_328,East,2024-06-12,ORD_10193,177.92,2025-01-09 00:00:00
CUST_0328,Customer_328,East,2024-06-12,ORD_10883,108.55,2025-02-06 18:00:00
CUST_0328,Customer_328,East,2024-06-12,ORD_11668,71.15,2025-03-11 11:00:00
CUST_0328,Customer_328,East,2024-06-12,ORD_13755,181.44,2025-06-06 10:00:00
CUST_0328,Customer_328,East,2024-06-12,ORD_14580,314.78,2025-07-10 19:00:00
CUST_0329,Customer_329,West,2024-06-13,ORD_12059,711.94,2025-03-27 18:00:00
CUST_0329,Customer_329,West,2024-06-13,ORD_12123,485.9,2025-03-30 10:00:00
CUST_0329,Customer_329,West,2024-06-13,ORD_12386,696.12,2025-04-10 09:00:00
CUST_0329,Customer_329,West,2024-06-13,ORD_12976,409.85,2025-05-04 23:00:00
CUST_0329,Customer_329,West,2024-06-13,ORD_14898,352.97,2025-07-24 01:00:00
CUST_0330,Customer_330,West,2024-06-13,ORD_11127,589.44,2025-02-16 22:00:00
CUST_0330,Customer_330,West,2024-06-13,ORD_11773,447.64,2025-03-15 20:00:00
CUST_0330,Customer_330,West,2024-06-13,ORD_13419,672.69,2025-05-23 10:00:00
CUST_0330,Customer_330,West,2024-06-13,ORD_13707,235.9,2025-06-04 10:00:00
CUST_0330,Customer_330,West,2024-06-13,ORD_14453,498.43,2025-07-05 12:00:00
CUST_0331,Customer_331,North,2024-06-14,ORD_12069,606.31,2025-03-28 04:00:00
CUST_0331,Customer_331,North,2024-06-14,ORD_12175,391.94,2025-04-01 14:00:00
CUST_0331,Customer_331,North,2024-06-14,ORD_12683,315.65,2025-04-22 18:00:00
CUST_0331,Customer_331,North,2024-06-14,ORD_13431,541.5,2025-05-23 22:00:00
CUST_0331,Customer_331,North,2024-06-14,ORD_14328,657.48,2025-06-30 07:00:00
CUST_0332,Customer_332,North,2024-06-14,ORD_10170,547.11,2025-01-08 01:00:00
CUST_0332,Customer_332,North,2024-06-14,ORD_11115,623.32,2025-02-16 10:00:00
CUST_0332,Customer_332,North,2024-06-14,ORD_11996,99.13,2025-03-25 03:00:00
CUST_0332,Customer_332,North,2024-06-14,ORD_12470,165.76,2025-04-13 21:00:00
CUST_0332,Customer_332,North,2024-06-14,ORD_13048,613.3,2025-05-07 23:00:00
CUST_0333,Customer_333,West,2024-06-15,ORD_10148,309.31,2025-01-07 03:00:00
CUST_0333,Customer_333,West,2024-06-15,ORD_11962,163.07,2025-03-23 17:00:00
CUST_0333,Customer_333,West,2024-06-15,ORD_13077,240.66,2025-05-09 04:00:00
CUST_0333,Customer_333,West,2024-06-15,ORD_14388,415.17,2025-07-02 19:00:00
CUST_0333,Customer_333,West,2024-06-15,ORD_14414,144.49,2025-07-03 21:00:00
CUST_0334,Customer_334,East,2024-06-15,ORD_10180,36.11,2025-01-08 11:00:00
CUST_0334,Customer_334,East,2024-06-15,ORD_10290,275.45,2025-01-13 01:00:00
CUST_0334,Customer_334,East,2024-06-15,ORD_11079,61.9,2025-02-14 22:00:00
CUST_0334,Customer_334,East,2024-06-15,ORD_13210,739.0,2025-05-14 17:00:00
CUST_0334,Customer_334,East,2024-06-15,ORD_14372,353.84,2025-07-02 03:00:00
CUST_0335,Customer_335,South,2024-06-16,ORD_10624,25.1,2025-01-26 23:00:00
CUST_0335,Customer_335,South,2024-06-16,ORD_11169,350.56,2025-02-18 16:00:00
CUST_0335,Customer_335,South,2024-06-16,ORD_11667,225.48,2025-03-11 10:00:00
CUST_0335,Customer_335,South,2024-06-16,ORD_13905,148.24,2025-06-12 16:00:00
CUST_0335,Customer_335,South,2024-06-16,ORD_13999,36.21,2025-06-16 14:00:00
CUST_0336,Customer_336,West,2024-06-16,ORD_10482,491.38,2025-01-21 01:00:00
CUST_0336,Customer_336,West,2024-06-16,ORD_12555,564.14,2025-04-17 10:00:00
CUST_0336,Customer_336,West,2024-06-16,ORD_13732,492.47,2025-06-05 11:00:00
CUST_0336,Customer_336,West,2024-06-16,ORD_14725,117.8,2025-07-16 20:00:00
CUST_0336,Customer_336,West,2024-06-16,ORD_14832,489.95,2025-07-21 07:00:00
CUST_0337,Customer_337,North,2024-06-17,ORD_10500,514.74,2025-01-21 19:00:00
CUST_0337,Customer_337,North,2024-06-17,ORD_10707,270.09,2025-01-30 10:00:00
CUST_0337,Customer_337,North,2024-06-17,ORD_11103,366.83,2025-02-15 22:00:00
CUST_0337,Customer_337,North,2024-06-17,ORD_11521,629.15,2025-03-05 08:00:00
CUST_0337,Customer_337,North,2024-06-17,ORD_12493,348.36,2025-04-14 20:00:00
CUST_0338,Customer_338,East,2024-06-17,ORD_10049,156.25,2025-01-03 00:00:00
CUST_0338,Customer_338,East,2024-06-17,ORD_10466,374.91,2025-01-20 09:00:00
CUST_0338,Customer_338,East,2024-06-17,ORD_11769,81.48,2025-03-15 16:00:00
CUST_0338,Customer_338,East,2024-06-17,ORD_12716,719.17,2025-04-24 03:00:00
CUST_0338,Customer_338,East,2024-06-17,ORD_13226,92.63,2025-05-15 09:00:00
CUST_0339,Customer_339,West,2024-06-18,ORD_10029,746.77,2025-01-02 04:00:00
CUST_0339,Customer_339,West,2024-06-18,ORD_11105,725.7,2025-02-16 00:00:00
CUST_0339,Customer_339,West,2024-06-18,ORD_14281,739.68,2025-06-28 08:00:00
CUST_0339,Customer_339,West,2024-06-18,ORD_14446,314.11,2025-07-05 05:00:00
CUST_0339,Customer_339,West,2024-06-18,ORD_14779,453.86,2025-07-19 02:00:00
CUST_0340,Customer_340,West,2024-06-18,ORD_10017,297.38,2025-01-01 16:00:00
CUST_0340,Customer_340,West,2024-06-18,ORD_11085,326.11,2025-02-15 04:00:00
CUST_0340,Customer_340,West,2024-06-18,ORD_11443,487.99,2025-03-02 02:00:00
CUST_0340,Customer_340,West,2024-06-18,ORD_13767,55.99,2025-06-06 22:00:00
CUST_0340,Customer_340,West,2024-06-18,ORD_14794,357.52,2025-07-19 17:00:00
CUST_0341,Customer_341,East,2024-06-19,ORD_10337,436.31,2025-01-15 00:00:00
CUST_0341,Customer_341,East,2024-06-19,ORD_12865,608.31,2025-04-30 08:00:00
CUST_0341,Customer_341,East,2024-06-19,ORD_13489,52.01,2025-05-26 08:00:00
CUST_0341,Customer_341,East,2024-06-19,ORD_13588,83.93,2025-05-30 11:00:00
CUST_0341,Customer_341,East,2024-06-19,ORD_13980,112.66,2025-06-15 19:00:00
CUST_0342,Customer_342,West,2024-06-19,ORD_11615,703.41,2025-03-09 06:00:00
CUST_0342,Customer_342,West,2024-06-19,ORD_14274,437.44,2025-06-28 01:00:00
CUST_0342,Customer_342,West,2024-06-19,ORD_14365,495.73,2025-07-01 20:00:00
CUST_0342,Customer_342,West,2024-06-19,ORD_14621,112.84,2025-07-12 12:00:00
CUST_0342,Customer_342,West,2024-06-19,ORD_14703,52.76,2025-07-15 22:00:00
CUST_0343,Customer_343,East,2024-06-20,ORD_10129,444.67,2025-01-06 08:00:00
CUST_0343,Customer_343,East,2024-06-20,ORD_10444,439.79,2025-01-19 11:00:00
CUST_0343,Customer_343,East,2024-06-20,ORD_11108,649.96,2025-02-16 03:00:00
CUST_0343,Customer_343,East,2024-06-20,ORD_11729,208.56,2025-03-14 00:00:00
CUST_0343,Customer_343,East,2024-06-20,ORD_12582,721.93,2025-04-18 13:00:00
CUST_0344,Customer_344,South,2024-06-20,ORD_11130,141.32,2025-02-17 01:00:00
CUST_0344,Customer_344,South,2024-06-20,ORD_11845,415.67,2025-03-18 20:00:00
CUST_0344,Customer_344,South,2024-06-20,ORD_12856,626.81,2025-04-29 23:00:00
CUST_0344,Customer_344,South,2024-06-20,ORD_12907,373.17,2025-05-02 02:00:00
CUST_0344,Customer_344,South,2024-06-20,ORD_14155,209.1,2025-06-23 02:00:00
CUST_0345,Customer_345,East,2024-06-21,ORD_10464,267.65,2025-01-20 07:00:00
CUST_0345,Customer_345,East,2024-06-21,ORD_12358,81.88,2025-04-09 05:00:00
CUST_0345,Customer_345,East,2024-06-21,ORD_13345,310.02,2025-05-20 08:00:00
CUST_0345,Customer_345,East,2024-06-21,ORD_13841,350.88,2025-06-10 00:00:00
CUST_0345,Customer_345,East,2024-06-21,ORD_14797,698.36,2025-07-19 20:00:00
CUST_0346,Customer_346,East,2024-06-21,ORD_11698,657.68,2025-03-12 17:00:00
CUST_0346,Customer_346,East,2024-06-21,ORD_11928,244.17,2025-03-22 07:00:00
CUST_0346,Customer_346,East,2024-06-21,ORD_12270,301.45,2025-04-05 13:00:00
CUST_0346,Customer_346,East,2024-06-21,ORD_13672,681.34,2025-06-02 23:00:00
CUST_0346,Customer_346,East,2024-06-21,ORD_14688,708.8,2025-07-15 07:00:00
CUST_0347,Customer_347,East,2024-06-22,ORD_10067,190.63,2025-01-03 18:00:00
CUST_0347,Customer_347,East,2024-06-22,ORD_10191,678.75,2025-01-08 22:00:00
CUST_0347,Customer_347,East,2024-06-22,ORD_12117,731.57,2025-03-30 04:00:00
CUST_0347,Customer_347,East,2024-06-22,ORD_13974,231.69,2025-06-15 13:00:00
CUST_0347,Customer_347,East,2024-06-22,ORD_14210,225.81,2025-06-25 09:00:00
CUST_0348,Customer_348,West,2024-06-22,ORD_10633,190.5,2025-01-27 08:00:00
CUST_0348,Customer_348,West,2024-06-22,ORD_11032,413.01,2025-02-12 23:00:00
CUST_0348,Customer_348,West,2024-06-22,ORD_11963,708.95,2025-03-23 18:00:00
CUST_0348,Customer_348,West,2024-06-22,ORD_13519,222.52,2025-05-27 14:00:00
CUST_0348,Customer_348,West,2024-06-22,ORD_14237,642.35,2025-06-26 12:00:00
CUST_0349,Customer_349,West,2024-06-23,ORD_10286,366.82,2025-01-12 21:00:00
CUST_0349,Customer_349,West,2024-06-23,ORD_11875,642.9,2025-03-20 02:00:00
CUST_0349,Customer_349,West,2024-06-23,ORD_13858,434.98,2025-06-10 17:00:00
CUST_0349,Customer_349,West,2024-06-23,ORD_14757,571.47,2025-07-18 04:00:00
CUST_0349,Customer_349,West,2024-06-23,ORD_14991,255.72,2025-07-27 22:00:00
CUST_0350,Customer_350,East,2024-06-23,ORD_10338,173.38,2025-01-15 01:00:00
CUST_0350,Customer_350,East,2024-06-23,ORD_10453,216.49,2025-01-19 20:00:00
CUST_0350,Customer_350,East,2024-06-23,ORD_10957,262.67,2025-02-09 20:00:00
CUST_0350,Customer_350,East,2024-06-23,ORD_12328,541.19,2025-04-07 23:00:00
CUST_0350,Customer_350,East,2024-06-23,ORD_13694,434.87,2025-06-03 21:00:00
CUST_0351,Customer_351,West,2024-06-24,ORD_10101,107.93,2025-01-05 04:00:00
CUST_0351,Customer_351,West,2024-06-24,ORD_11054,242.28,2025-02-13 21:00:00
CUST_0351,Customer_351,West,2024-06-24,ORD_11312,732.81,2025-02-24 15:00:00
CUST_0351,Customer_351,West,2024-06-24,ORD_12678,177.15,2025-04-22 13:00:00
CUST_0351,Customer_351,West,2024-06-24,ORD_14376,134.44,2025-07-02 07:00:00
CUST_0352,Customer_352,North,2024-06-24,ORD_10385,165.01,2025-01-17 00:00:00
CUST_0352,Customer_352,North,2024-06-24,ORD_10687,133.71,2025-01-29 14:00:00
CUST_0352,Customer_352,North,2024-06-24,ORD_12810,414.76,2025-04-28 01:00:00
CUST_0352,Customer_352,North,2024-06-24,ORD_14527,176.35,2025-07-08 14:00:00
CUST_0352,Customer_352,North,2024-06-24,ORD_14545,500.55,2025-07-09 08:00:00
CUST_0353,Customer_353,North,2024-06-25,ORD_10896,160.18,2025-02-07 07:00:00
CUST_0353,Customer_353,North,2024-06-25,ORD_12712,684.0,2025-04-23 23:00:00
CUST_0353,Customer_353,North,2024-06-25,ORD_13821,43.94,2025-06-09 04:00:00
CUST_0353,Customer_353,North,2024-06-25,ORD_14063,135.09,2025-06-19 06:00:00
CUST_0353,Customer_353,North,2024-06-25,ORD_14726,510.2,2025-07-16 21:00:00
CUST_0354,Customer_354,West,2024-06-25,ORD_10789,276.7,2025-02-02 20:00:00
CUST_0354,Customer_354,West,2024-06-25,ORD_10911,222.03,2025-02-07 22:00:00
CUST_0354,Customer_354,West,2024-06-25,ORD_12078,97.24,2025-03-28 13:00:00
CUST_0354,Customer_354,West,2024-06-25,ORD_12189,563.67,2025-04-02 04:00:00
CUST_0354,Customer_354,West,2024-06-25,ORD_13481,341.52,2025-05-26 00:00:00
CUST_0355,Customer_355,West,2024-06-26,ORD_10816,233.1,2025-02-03 23:00:00
CUST_0355,Customer_355,West,2024-06-26,ORD_11761,587.93,2025-03-15 08:00:00
CUST_0355,Customer_355,West,2024-06-26,ORD_12842,134.88,2025-04-29 09:00:00
CUST_0355,Customer_355,West,2024-06-26,ORD_13637,29.5,2025-06-01 12:00:00
CUST_0355,Customer_355,West,2024-06-26,ORD_14112,468.01,2025-06-21 07:00:00
CUST_0356,Customer_356,East,2024-06-26,ORD_10123,706.57,2025-01-06 02:00:00
CUST_0356,Customer_356,East,2024-06-26,ORD_12105,147.0,2025-03-29 16:00:00
CUST_0356,Customer_356,East,2024-06-26,ORD_13355,628.01,2025-05-20 18:00:00
CUST_0356,Customer_356,East,2024-06-26,ORD_14657,744.17,2025-07-14 00:00:00
CUST_0356,Customer_356,East,2024-06-26,ORD_14894,126.06,2025-07-23 21:00:00
CUST_0357,Customer_357,South,2024-06-27,ORD_11941,170.37,2025-03-22 20:00:00
CUST_0357,Customer_357,South,2024-06-27,ORD_13333,346.12,2025-05-19 20:00:00
CUST_0357,Customer_357,South,2024-06-27,ORD_13447,673.18,2025-05-24 14:00:00
CUST_0357,Customer_357,South,2024-06-27,ORD_14124,270.01,2025-06-21 19:00:00
CUST_0357,Customer_357,South,2024-06-27,ORD_14702,340.49,2025-07-15 21:00:00
CUST_0358,Customer_358,West,2024-06-27,ORD_10305,442.2,2025-01-13 16:00:00
CUST_0358,Customer_358,West,2024-06-27,ORD_10473,646.85,2025-01-20 16:00:00
CUST_0358,Customer_358,West,2024-06-27,ORD_12229,48.77,2025-04-03 20:00:00
CUST_0358,Customer_358,West,2024-06-27,ORD_12311,316.17,2025-04-07 06:00:00
CUST_0358,Customer_358,West,2024-06-27,ORD_13142,712.35,2025-05-11 21:00:00
CUST_0359,Customer_359,North,2024-06-28,ORD_10936,631.35,2025-02-08 23:00:00
CUST_0359,Customer_359,North,2024-06-28,ORD_12342,329.79,2025-04-08 13:00:00
CUST_0359,Customer_359,North,2024-06-28,ORD_12696,108.44,2025-04-23 07:00:00
CUST_0359,Customer_359,North,2024-06-28,ORD_13889,92.25,2025-06-12 00:00:00
CUST_0359,Customer_359,North,2024-06-28,ORD_14490,604.27,2025-07-07 01:00:00
CUST_0360,Customer_360,East,2024-06-28,ORD_10541,27.82,2025-01-23 12:00:00
CUST_0360,Customer_360,East,2024-06-28,ORD_12076,158.98,2025-03-28 11:00:00
CUST_0360,Customer_360,East,2024-06-28,ORD_12738,708.53,2025-04-25 01:00:00
CUST_0360,Customer_360,East,2024-06-28,ORD_13218,370.5,2025-05-15 01:00:00
CUST_0360,Customer_360,East,2024-06-28,ORD_14059,206.21,2025-06-19 02:00:00
CUST_0361,Customer_361,West,2024-06-29,ORD_11049,602.54,2025-02-13 16:00:00
CUST_0361,Customer_361,West,2024-06-29,ORD_11373,490.05,2025-02-27 04:00:00
CUST_0361,Customer_361,West,2024-06-29,ORD_12003,710.72,2025-03-25 10:00:00
CUST_0361,Customer_361,West,2024-06-29,ORD_14377,331.28,2025-07-02 08:00:00
CUST_0361,Customer_361,West,2024-06-29,ORD_14789,489.79,2025-07-19 12:00:00
CUST_0362,Customer_362,North,2024-06-29,ORD_11367,536.56,2025-02-26 22:00:00
CUST_0362,Customer_362,North,2024-06-29,ORD_11793,225.34,2025-03-16 16:00:00
CUST_0362,Customer_362,North,2024-06-29,ORD_12012,119.32,2025-03-25 19:00:00
CUST_0362,Customer_362,North,2024-06-29,ORD_12257,657.55,2025-04-05 00:00:00
CUST_0362,Customer_362,North,2024-06-29,ORD_13113,344.47,2025-05-10 16:00:00
CUST_0363,Customer_363,North,2024-06-30,ORD_10644,97.96,2025-01-27 19:00:00
CUST_0363,Customer_363,North,2024-06-30,ORD_11244,121.8,2025-02-21 19:00:00
CUST_0363,Customer_363,North,2024-06-30,ORD_14686,545.9,2025-07-15 05:00:00
CUST_0363,Customer_363,North,2024-06-30,ORD_14709,110.77,2025-07-16 04:00:00
CUST_0363,Customer_363,North,2024-06-30,ORD_14744,218.9,2025-07-17 15:00:00
CUST_0364,Customer_364,South,2024-06-30,ORD_11121,362.67,2025-02-16 16:00:00
CUST_0364,Customer_364,South,2024-06-30,ORD_11344,134.14,2025-02-25 23:00:00
CUST_0364,Customer_364,South,2024-06-30,ORD_12526,199.83,2025-04-16 05:00:00
CUST_0364,Customer_364,South,2024-06-30,ORD_13512,368.2,2025-05-27 07:00:00
CUST_0364,Customer_364,South,2024-06-30,ORD_14036,70.36,2025-06-18 03:00:00
CUST_0365,Customer_365,East,2024-07-01,ORD_11680,485.23,2025-03-11 23:00:00
CUST_0365,Customer_365,East,2024-07-01,ORD_13057,102.2,2025-05-08 08:00:00
CUST_0365,Customer_365,East,2024-07-01,ORD_14013,591.8,2025-06-17 04:00:00
CUST_0365,Customer_365,East,2024-07-01,ORD_14260,22.72,2025-06-27 11:00:00
CUST_0365,Customer_365,East,2024-07-01,ORD_14881,103.61,2025-07-23 08:00:00
CUST_0366,Customer_366,East,2024-07-01,ORD_10681,142.32,2025-01-29 08:00:00
CUST_0366,Customer_366,East,2024-07-01,ORD_11196,86.67,2025-02-19 19:00:00
CUST_0366,Customer_366,East,2024-07-01,ORD_12749,674.25,2025-04-25 12:00:00
CUST_0366,Customer_366,East,2024-07-01,ORD_13239,257.56,2025-05-15 22:00:00
CUST_0366,Customer_366,East,2024-07-01,ORD_14601,95.8,2025-07-11 16:00:00
CUST_0367,Customer_367,South,2024-07-02,ORD_11497,275.22,2025-03-04 08:00:00
CUST_0367,Customer_367,South,2024-07-02,ORD_11737,746.82,2025-03-14 08:00:00
CUST_0367,Customer_367,South,2024-07-02,ORD_11825,166.67,2025-03-18 00:00:00
CUST_0367,Customer_367,South,2024-07-02,ORD_12186,412.81,2025-04-02 01:00:00
CUST_0367,Customer_367,South,2024-07-02,ORD_13122,373.95,2025-05-11 01:00:00
CUST_0368,Customer_368,South,2024-07-02,ORD_10321,135.88,2025-01-14 08:00:00
CUST_0368,Customer_368,South,2024-07-02,ORD_10364,147.32,2025-01-16 03:00:00
CUST_0368,Customer_368,South,2024-07-02,ORD_10554,202.48,2025-01-24 01:00:00
CUST_0368,Customer_368,South,2024-07-02,ORD_11351,668.97,2025-02-26 06:00:00
CUST_0368,Customer_368,South,2024-07-02,ORD_11674,635.35,2025-03-11 17:00:00
CUST_0369,Customer_369,East,2024-07-03,ORD_10622,535.65,2025-01-26 21:00:00
CUST_0369,Customer_369,East,2024-07-03,ORD_10879,405.14,2025-02-06 14:00:00
CUST_0369,Customer_369,East,2024-07-03,ORD_11632,620.79,2025-03-09 23:00:00
CUST_0369,Customer_369,East,2024-07-03,ORD_14016,327.06,2025-06-17 07:00:00
CUST_0369,Customer_369,East,2024-07-03,ORD_14318,746.79,2025-06-29 21:00:00
CUST_0370,Customer_370,East,2024-07-03,ORD_10808,348.76,2025-02-03 15:00:00
CUST_0370,Customer_370,East,2024-07-03,ORD_12102,545.68,2025-03-29 13:00:00
CUST_0370,Customer_370,East,2024-07-03,ORD_12863,172.01,2025-04-30 06:00:00
CUST_0370,Customer_370,East,2024-07-03,ORD_13201,363.67,2025-05-14 08:00:00
CUST_0370,Customer_370,East,2024-07-03,ORD_14692,691.74,2025-07-15 11:00:00
CUST_0371,Customer_371,West,2024-07-04,ORD_10684,601.4,2025-01-29 11:00:00
CUST_0371,Customer_371,West,2024-07-04,ORD_11438,355.32,2025-03-01 21:00:00
CUST_0371,Customer_371,West,2024-07-04,ORD_12420,528.82,2025-04-11 19:00:00
CUST_0371,Customer_371,West,2024-07-04,ORD_12893,504.45,2025-05-01 12:00:00
CUST_0371,Customer_371,West,2024-07-04,ORD_14075,160.58,2025-06-19 18:00:00
CUST_0372,Customer_372,West,2024-07-04,ORD_10203,480.96,2025-01-09 10:00:00
CUST_0372,Customer_372,West,2024-07-04,ORD_10340,38.4,2025-01-15 03:00:00
CUST_0372,Customer_372,West,2024-07-04,ORD_11256,719.44,2025-02-22 07:00:00
CUST_0372,Customer_372,West,2024-07-04,ORD_11670,107.88,2025-03-11 13:00:00
CUST_0372,Customer_372,West,2024-07-04,ORD_14054,159.64,2025-06-18 21:00:00
CUST_0373,Customer_373,South,2024-07-05,ORD_10212,437.27,2025-01-09 19:00:00
CUST_0373,Customer_373,South,2024-07-05,ORD_12043,126.31,2025-03-27 02:00:00
CUST_0373,Customer_373,South,2024-07-05,ORD_12298,454.55,2025-04-06 17:00:00
CUST_0373,Customer_373,South,2024-07-05,ORD_13319,299.98,2025-05-19 06:00:00
CUST_0373,Customer_373,South,2024-07-05,ORD_13713,163.58,2025-06-04 16:00:00
CUST_0374,Customer_374,West,2024-07-05,ORD_10177,371.33,2025-01-08 08:00:00
CUST_0374,Customer_374,West,2024-07-05,ORD_10528,317.68,2025-01-22 23:00:00
CUST_0374,Customer_374,West,2024-07-05,ORD_10875,337.84,2025-02-06 10:00:00
CUST_0374,Customer_374,West,2024-07-05,ORD_10921,265.52,2025-02-08 08:00:00
CUST_0374,Customer_374,West,2024-07-05,ORD_12574,583.76,2025-04-18 05:00:00
CUST_0375,Customer_375,North,2024-07-06,ORD_10231,632.58,2025-01-10 14:00:00
CUST_0375,Customer_375,North,2024-07-06,ORD_10471,659.11,2025-01-20 14:00:00
CUST_0375,Customer_375,North,2024-07-06,ORD_10490,260.04,2025-01-21 09:00:00
CUST_0375,Customer_375,North,2024-07-06,ORD_14001,692.38,2025-06-16 16:00:00
CUST_0375,Customer_375,North,2024-07-06,ORD_14511,168.58,2025-07-07 22:00:00
CUST_0376,Customer_376,West,2024-07-06,ORD_10708,478.2,2025-01-30 11:00:00
CUST_0376,Customer_376,West,2024-07-06,ORD_11703,389.41,2025-03-12 22:00:00
CUST_0376,Customer_376,West,2024-07-06,ORD_13706,596.89,2025-06-04 09:00:00
CUST_0376,Customer_376,West,2024-07-06,ORD_14769,372.51,2025-07-18 16:00:00
CUST_0376,Customer_376,West,2024-07-06,ORD_14871,613.44,2025-07-22 22:00:00
CUST_0377,Customer_377,West,2024-07-07,ORD_11425,67.65,2025-03-01 08:00:00
CUST_0377,Customer_377,West,2024-07-07,ORD_12300,727.23,2025-04-06 19:00:00
CUST_0377,Customer_377,West,2024-07-07,ORD_12622,663.35,2025-04-20 05:00:00
CUST_0377,Customer_377,West,2024-07-07,ORD_14496,221.08,2025-07-07 07:00:00
CUST_0377,Customer_377,West,2024-07-07,ORD_14525,119.23,2025-07-08 12:00:00
CUST_0378,Customer_378,North,2024-07-07,ORD_11023,581.41,2025-02-12 14:00:00
CUST_0378,Customer_378,North,2024-07-07,ORD_11233,193.95,2025-02-21 08:00:00
CUST_0378,Customer_378,North,2024-07-07,ORD_11993,605.33,2025-03-25 00:00:00
CUST_0378,Customer_378,North,2024-07-07,ORD_12264,54.88,2025-04-05 07:00:00
CUST_0378,Customer_378,North,2024-07-07,ORD_13205,50.81,2025-05-14 12:00:00
CUST_0379,Customer_379,South,2024-07-08,ORD_11431,737.21,2025-03-01 14:00:00
CUST_0379,Customer_379,South,2024-07-08,ORD_12195,491.02,2025-04-02 10:00:00
CUST_0379,Customer_379,South,2024-07-08,ORD_12207,435.54,2025-04-02 22:00:00
CUST_0379,Customer_379,South,2024-07-08,ORD_14211,407.53,2025-06-25 10:00:00
CUST_0379,Customer_379,South,2024-07-08,ORD_14817,28.5,2025-07-20 16:00:00
CUST_0380,Customer_380,North,2024-07-08,ORD_10887,458.43,2025-02-06 22:00:00
CUST_0380,Customer_380,North,2024-07-08,ORD_12239,478.81,2025-04-04 06:00:00
CUST_0380,Customer_380,North,2024-07-08,ORD_12724,387.24,2025-04-24 11:00:00
CUST_0380,Customer_380,North,2024-07-08,ORD_13902,655.24,2025-06-12 13:00:00
CUST_0380,Customer_380,North,2024-07-08,ORD_14609,643.87,2025-07-12 00:00:00
CUST_0381,Customer_381,West,2024-07-09,ORD_10463,294.97,2025-01-20 06:00:00
CUST_0381,Customer_381,West,2024-07-09,ORD_11434,49.16,2025-03-01 17:00:00
CUST_0381,Customer_381,West,2024-07-09,ORD_13993,230.15,2025-06-16 08:00:00
CUST_0381,Customer_381,West,2024-07-09,ORD_14064,147.03,2025-06-19 07:00:00
CUST_0381,Customer_381,West,2024-07-09,ORD_14425,303.07,2025-07-04 08:00:00
CUST_0382,Customer_382,South,2024-07-09,ORD_10227,310.39,2025-01-10 10:00:00
CUST_0382,Customer_382,South,2024-07-09,ORD_11186,83.49,2025-02-19 09:00:00
CUST_0382,Customer_382,South,2024-07-09,ORD_11498,455.33,2025-03-04 09:00:00
CUST_0382,Customer_382,South,2024-07-09,ORD_12216,195.38,2025-04-03 07:00:00
CUST_0382,Customer_382,South,2024-07-09,ORD_14983,713.93,2025-07-27 14:00:00
CUST_0383,Customer_383,West,2024-07-10,ORD_11947,431.53,2025-03-23 02:00:00
CUST_0383,Customer_383,West,2024-07-10,ORD_12347,178.92,2025-04-08 18:00:00
CUST_0383,Customer_383,West,2024-07-10,ORD_12649,228.47,2025-04-21 08:00:00
CUST_0383,Customer_383,West,2024-07-10,ORD_13549,515.03,2025-05-28 20:00:00
CUST_0383,Customer_383,West,2024-07-10,ORD_13570,182.98,2025-05-29 17:00:00
CUST_0384,Customer_384,North,2024-07-10,ORD_10691,321.87,2025-01-29 18:00:00
CUST_0384,Customer_384,North,2024-07-10,ORD_11684,747.24,2025-03-12 03:00:00
CUST_0384,Customer_384,North,2024-07-10,ORD_12791,579.4,2025-04-27 06:00:00
CUST_0384,Customer_384,North,2024-07-10,ORD_12890,213.43,2025-05-01 09:00:00
CUST_0384,Customer_384,North,2024-07-10,ORD_13944,649.75,2025-06-14 07:00:00
CUST_0385,Customer_385,North,2024-07-11,ORD_10494,710.4,2025-01-21 13:00:00
CUST_0385,Customer_385,North,2024-07-11,ORD_13235,147.59,2025-05-15 18:00:00
CUST_0385,Customer_385,North,2024-07-11,ORD_13472,728.99,2025-05-25 15:00:00
CUST_0385,Customer_385,North,2024-07-11,ORD_13665,61.26,2025-06-02 16:00:00
CUST_0385,Customer_385,North,2024-07-11,ORD_14250,450.5,2025-06-27 01:00:00
CUST_0386,Customer_386,West,2024-07-11,ORD_10370,400.61,2025-01-16 09:00:00
CUST_0386,Customer_386,West,2024-07-11,ORD_10436,590.78,2025-01-19 03:00:00
CUST_0386,Customer_386,West,2024-07-11,ORD_13058,701.81,2025-05-08 09:00:00
CUST_0386,Customer_386,West,2024-07-11,ORD_14641,554.53,2025-07-13 08:00:00
CUST_0386,Customer_386,West,2024-07-11,ORD_14674,81.23,2025-07-14 17:00:00
CUST_0387,Customer_387,East,2024-07-12,ORD_11353,481.16,2025-02-26 08:00:00
CUST_0387,Customer_387,East,2024-07-12,ORD_11666,619.22,2025-03-11 09:00:00
CUST_0387,Customer_387,East,2024-07-12,ORD_12442,159.48,2025-04-12 17:00:00
CUST_0387,Customer_387,East,2024-07-12,ORD_12452,692.15,2025-04-13 03:00:00
CUST_0387,Customer_387,East,2024-07-12,ORD_14148,583.07,2025-06-22 19:00:00
CUST_0388,Customer_388,East,2024-07-12,ORD_10665,643.38,2025-01-28 16:00:00
CUST_0388,Customer_388,East,2024-07-12,ORD_10934,74.67,2025-02-08 21:00:00
CUST_0388,Customer_388,East,2024-07-12,ORD_11088,388.39,2025-02-15 07:00:00
CUST_0388,Customer_388,East,2024-07-12,ORD_11870,116.7,2025-03-19 21:00:00
CUST_0388,Customer_388,East,2024-07-12,ORD_12330,397.51,2025-04-08 01:00:00
CUST_0389,Customer_389,North,2024-07-13,ORD_12218,352.49,2025-04-03 09:00:00
CUST_0389,Customer_389,North,2024-07-13,ORD_12469,551.8,2025-04-13 20:00:00
CUST_0389,Customer_389,North,2024-07-13,ORD_13982,653.17,2025-06-15 21:00:00
CUST_0389,Customer_389,North,2024-07-13,ORD_14165,217.59,2025-06-23 12:00:00
CUST_0389,Customer_389,North,2024-07-13,ORD_14970,460.05,2025-07-27 01:00:00
CUST_0390,Customer_390,North,2024-07-13,ORD_12943,82.63,2025-05-03 14:00:00
CUST_0390,Customer_390,North,2024-07-13,ORD_13188,277.19,2025-05-13 19:00:00
CUST_0390,Customer_390,North,2024-07-13,ORD_13400,589.06,2025-05-22 15:00:00
CUST_0390,Customer_390,North,2024-07-13,ORD_13896,49.91,2025-06-12 07:00:00
CUST_0390,Customer_390,North,2024-07-13,ORD_14517,383.52,2025-07-08 04:00:00
CUST_0391,Customer_391,East,2024-07-14,ORD_10928,729.9,2025-02-08 15:00:00
CUST_0391,Customer_391,East,2024-07-14,ORD_11940,574.45,2025-03-22 19:00:00
CUST_0391,Customer_391,East,2024-07-14,ORD_13248,223.1,2025-05-16 07:00:00
CUST_0391,Customer_391,East,2024-07-14,ORD_14429,71.0,2025-07-04 12:00:00
CUST_0391,Customer_391,East,2024-07-14,ORD_14471,91.33,2025-07-06 06:00:00
CUST_0392,Customer_392,East,2024-07-14,ORD_11082,130.77,2025-02-15 01:00:00
CUST_0392,Customer_392,East,2024-07-14,ORD_11332,579.36,2025-02-25 11:00:00
CUST_0392,Customer_392,East,2024-07-14,ORD_11432,685.63,2025-03-01 15:00:00
CUST_0392,Customer_392,East,2024-07-14,ORD_12437,83.23,2025-04-12 12:00:00
CUST_0392,Customer_392,East,2024-07-14,ORD_13592,505.65,2025-05-30 15:00:00
CUST_0393,Customer_393,West,2024-07-15,ORD_10216,577.5,2025-01-09 23:00:00
CUST_0393,Customer_393,West,2024-07-15,ORD_12098,572.56,2025-03-29 09:00:00
CUST_0393,Customer_393,West,2024-07-15,ORD_12232,726.54,2025-04-03 23:00:00
CUST_0393,Customer_393,West,2024-07-15,ORD_13280,93.45,2025-05-17 15:00:00
CUST_0393,Customer_393,West,2024-07-15,ORD_13428,26.1,2025-05-23 19:00:00
CUST_0394,Customer_394,West,2024-07-15,ORD_10088,35.28,2025-01-04 15:00:00
CUST_0394,Customer_394,West,2024-07-15,ORD_10275,718.41,2025-01-12 10:00:00
CUST_0394,Customer_394,West,2024-07-15,ORD_10503,143.27,2025-01-21 22:00:00
CUST_0394,Customer_394,West,2024-07-15,ORD_12511,254.01,2025-04-15 14:00:00
CUST_0394,Customer_394,West,2024-07-15,ORD_13661,643.84,2025-06-02 12:00:00
CUST_0395,Customer_395,East,2024-07-16,ORD_10160,368.09,2025-01-07 15:00:00
CUST_0395,Customer_395,East,2024-07-16,ORD_10179,713.89,2025-01-08 10:00:00
CUST_0395,Customer_395,East,2024-07-16,ORD_11028,345.45,2025-02-12 19:00:00
CUST_0395,Customer_395,East,2024-07-16,ORD_14080,282.47,2025-06-19 23:00:00
CUST_0395,Customer_395,East,2024-07-16,ORD_14166,41.29,2025-06-23 13:00:00
CUST_0396,Customer_396,West,2024-07-16,ORD_10320,117.1,2025-01-14 07:00:00
CUST_0396,Customer_396,West,2024-07-16,ORD_10573,692.1,2025-01-24 20:00:00
CUST_0396,Customer_396,West,2024-07-16,ORD_11109,370.81,2025-02-16 04:00:00
CUST_0396,Customer_396,West,2024-07-16,ORD_12878,460.78,2025-04-30 21:00:00
CUST_0396,Customer_396,West,2024-07-16,ORD_14251,348.44,2025-06-27 02:00:00
CUST_0397,Customer_397,West,2024-07-17,ORD_10972,573.18,2025-02-10 11:00:00
CUST_0397,Customer_397,West,2024-07-17,ORD_12503,647.06,2025-04-15 06:00:00
CUST_0397,Customer_397,West,2024-07-17,ORD_12964,545.84,2025-05-04 11:00:00
CUST_0397,Customer_397,West,2024-07-17,ORD_13887,99.77,2025-06-11 22:00:00
CUST_0397,Customer_397,West,2024-07-17,ORD_14179,622.48,2025-06-24 02:00:00
CUST_0398,Customer_398,South,2024-07-17,ORD_12633,59.96,2025-04-20 16:00:00
CUST_0398,Customer_398,South,2024-07-17,ORD_12982,256.89,2025-05-05 05:00:00
CUST_0398,Customer_398,South,2024-07-17,ORD_14256,445.83,2025-06-27 07:00:00
CUST_0398,Customer_398,South,2024-07-17,ORD_14663,109.73,2025-07-14 06:00:00
CUST_0398,Customer_398,South,2024-07-17,ORD_14923,116.22,2025-07-25 02:00:00
CUST_0399,Customer_399,West,2024-07-18,ORD_10006,539.86,2025-01-01 05:00:00
CUST_0399,Customer_399,West,2024-07-18,ORD_11898,531.25,2025-03-21 01:00:00
CUST_0399,Customer_399,West,2024-07-18,ORD_13450,172.87,2025-05-24 17:00:00
CUST_0399,Customer_399,West,2024-07-18,ORD_14522,204.12,2025-07-08 09:00:00
CUST_0399,Customer_399,West,2024-07-18,ORD_14738,611.62,2025-07-17 09:00:00
CUST_0400,Customer_400,North,2024-07-18,ORD_10133,305.97,2025-01-06 12:00:00
CUST_0400,Customer_400,North,2024-07-18,ORD_11745,447.95,2025-03-14 16:00:00
CUST_0400,Customer_400,North,2024-07-18,ORD_13367,102.39,2025-05-21 06:00:00
CUST_0400,Customer_400,North,2024-07-18,ORD_13422,619.07,2025-05-23 13:00:00
CUST_0400,Customer_400,North,2024-07-18,ORD_13626,201.73,2025-06-01 01:00:00
CUST_0401,Customer_401,West,2024-07-19,ORD_10113,312.51,2025-01-05 16:00:00
CUST_0401,Customer_401,West,2024-07-19,ORD_11564,143.19,2025-03-07 03:00:00
CUST_0401,Customer_401,West,2024-07-19,ORD_13286,161.22,2025-05-17 21:00:00
CUST_0401,Customer_401,West,2024-07-19,ORD_14433,64.93,2025-07-04 16:00:00
CUST_0401,Customer_401,West,2024-07-19,ORD_14486,45.4,2025-07-06 21:00:00
CUST_0402,Customer_402,West,2024-07-19,ORD_10039,481.65,2025-01-02 14:00:00
CUST_0402,Customer_402,West,2024-07-19,ORD_10096,572.07,2025-01-04 23:00:00
CUST_0402,Customer_402,West,2024-07-19,ORD_11822,703.64,2025-03-17 21:00:00
CUST_0402,Customer_402,West,2024-07-19,ORD_12731,159.51,2025-04-24 18:00:00
CUST_0402,Customer_402,West,2024-07-19,ORD_12923,153.53,2025-05-02 18:00:00
CUST_0403,Customer_403,East,2024-07-20,ORD_10553,737.4,2025-01-24 00:00:00
CUST_0403,Customer_403,East,2024-07-20,ORD_10825,675.51,2025-02-04 08:00:00
CUST_0403,Customer_403,East,2024-07-20,ORD_11808,52.75,2025-03-17 07:00:00
CUST_0403,Customer_403,East,2024-07-20,ORD_13530,567.0,2025-05-28 01:00:00
CUST_0403,Customer_403,East,2024-07-20,ORD_14962,182.53,2025-07-26 17:00:00
CUST_0404,Customer_404,North,2024-07-20,ORD_10174,443.87,2025-01-08 05:00:00
CUST_0404,Customer_404,North,2024-07-20,ORD_11237,26.63,2025-02-21 12:00:00
CUST_0404,Customer_404,North,2024-07-20,ORD_11268,55.98,2025-02-22 19:00:00
CUST_0404,Customer_404,North,2024-07-20,ORD_14053,68.1,2025-06-18 20:00:00
CUST_0404,Customer_404,North,2024-07-20,ORD_14506,186.28,2025-07-07 17:00:00
CUST_0405,Customer_405,West,2024-07-21,ORD_10025,740.76,2025-01-02 00:00:00
CUST_0405,Customer_405,West,2024-07-21,ORD_11799,269.35,2025-03-16 22:00:00
CUST_0405,Customer_405,West,2024-07-21,ORD_12029,404.72,2025-03-26 12:00:00
CUST_0405,Customer_405,West,2024-07-21,ORD_14090,533.0,2025-06-20 09:00:00
CUST_0405,Customer_405,West,2024-07-21,ORD_14723,275.67,2025-07-16 18:00:00
CUST_0406,Customer_406,West,2024-07-21,ORD_10443,552.4,2025-01-19 10:00:00
CUST_0406,Customer_406,West,2024-07-21,ORD_11163,672.57,2025-02-18 10:00:00
CUST_0406,Customer_406,West,2024-07-21,ORD_11523,565.69,2025-03-05 10:00:00
CUST_0406,Customer_406,West,2024-07-21,ORD_12826,64.3,2025-04-28 17:00:00
CUST_0406,Customer_406,West,2024-07-21,ORD_13473,339.76,2025-05-25 16:00:00
CUST_0407,Customer_407,South,2024-07-22,ORD_10679,136.71,2025-01-29 06:00:00
CUST_0407,Customer_407,South,2024-07-22,ORD_13161,237.23,2025-05-12 16:00:00
CUST_0407,Customer_407,South,2024-07-22,ORD_13735,353.78,2025-06-05 14:00:00
CUST_0407,Customer_407,South,2024-07-22,ORD_14100,177.78,2025-06-20 19:00:00
CUST_0407,Customer_407,South,2024-07-22,ORD_14541,83.47,2025-07-09 04:00:00
CUST_0408,Customer_408,West,2024-07-22,ORD_11350,442.9,2025-02-26 05:00:00
CUST_0408,Customer_408,West,2024-07-22,ORD_11581,91.26,2025-03-07 20:00:00
CUST_0408,Customer_408,West,2024-07-22,ORD_12383,634.38,2025-04-10 06:00:00
CUST_0408,Customer_408,West,2024-07-22,ORD_12600,515.8,2025-04-19 07:00:00
CUST_0408,Customer_408,West,2024-07-22,ORD_13247,411.7,2025-05-16 06:00:00
CUST_0409,Customer_409,West,2024-07-23,ORD_10085,426.22,2025-01-04 12:00:00
CUST_0409,Customer_409,West,2024-07-23,ORD_11968,216.91,2025-03-23 23:00:00
CUST_0409,Customer_409,West,2024-07-23,ORD_14014,722.83,2025-06-17 05:00:00
CUST_0409,Customer_409,West,2024-07-23,ORD_14363,230.19,2025-07-01 18:00:00
CUST_0409,Customer_409,West,2024-07-23,ORD_14780,453.34,2025-07-19 03:00:00
CUST_0410,Customer_410,South,2024-07-23,ORD_10344,210.65,2025-01-15 07:00:00
CUST_0410,Customer_410,South,2024-07-23,ORD_12132,635.89,2025-03-30 19:00:00
CUST_0410,Customer_410,South,2024-07-23,ORD_13529,441.85,2025-05-28 00:00:00
CUST_0410,Customer_410,South,2024-07-23,ORD_14105,734.31,2025-06-21 00:00:00
CUST_0410,Customer_410,South,2024-07-23,ORD_14333,718.04,2025-06-30 12:00:00
CUST_0411,Customer_411,East,2024-07-24,ORD_10095,309.03,2025-01-04 22:00:00
CUST_0411,Customer_411,East,2024-07-24,ORD_10145,77.87,2025-01-07 00:00:00
CUST_0411,Customer_411,East,2024-07-24,ORD_10596,45.98,2025-01-25 19:00:00
CUST_0411,Customer_411,East,2024-07-24,ORD_11449,368.84,2025-03-02 08:00:00
CUST_0411,Customer_411,East,2024-07-24,ORD_14391,667.92,2025-07-02 22:00:00
CUST_0412,Customer_412,West,2024-07-24,ORD_10778,56.21,2025-02-02 09:00:00
CUST_0412,Customer_412,West,2024-07-24,ORD_11250,87.49,2025-02-22 01:00:00
CUST_0412,Customer_412,West,2024-07-24,ORD_12321,71.5,2025-04-07 16:00:00
CUST_0412,Customer_412,West,2024-07-24,ORD_14034,24.96,2025-06-18 01:00:00
CUST_0412,Customer_412,West,2024-07-24,ORD_14081,111.84,2025-06-20 00:00:00
CUST_0413,Customer_413,South,2024-07-25,ORD_11479,635.92,2025-03-03 14:00:00
CUST_0413,Customer_413,South,2024-07-25,ORD_13036,589.46,2025-05-07 11:00:00
CUST_0413,Customer_413,South,2024-07-25,ORD_13322,468.34,2025-05-19 09:00:00
CUST_0413,Customer_413,South,2024-07-25,ORD_14383,483.66,2025-07-02 14:00:00
CUST_0413,Customer_413,South,2024-07-25,ORD_14844,204.09,2025-07-21 19:00:00
CUST_0414,Customer_414,North,2024-07-25,ORD_11606,98.13,2025-03-08 21:00:00
CUST_0414,Customer_414,North,2024-07-25,ORD_12062,313.65,2025-03-27 21:00:00
CUST_0414,Customer_414,North,2024-07-25,ORD_12240,426.79,2025-04-04 07:00:00
CUST_0414,Customer_414,North,2024-07-25,ORD_12529,646.88,2025-04-16 08:00:00
CUST_0414,Customer_414,North,2024-07-25,ORD_13978,226.81,2025-06-15 17:00:00
CUST_0415,Customer_415,East,2024-07-26,ORD_10451,189.52,2025-01-19 18:00:00
CUST_0415,Customer_415,East,2024-07-26,ORD_11700,174.4,2025-03-12 19:00:00
CUST_0415,Customer_415,East,2024-07-26,ORD_12184,47.42,2025-04-01 23:00:00
CUST_0415,Customer_415,East,2024-07-26,ORD_13417,546.05,2025-05-23 08:00:00
CUST_0415,Customer_415,East,2024-07-26,ORD_13985,464.26,2025-06-16 00:00:00
CUST_0416,Customer_416,North,2024-07-26,ORD_11267,57.71,2025-02-22 18:00:00
CUST_0416,Customer_416,North,2024-07-26,ORD_11820,682.67,2025-03-17 19:00:00
CUST_0416,Customer_416,North,2024-07-26,ORD_13698,619.14,2025-06-04 01:00:00
CUST_0416,Customer_416,North,2024-07-26,ORD_14247,542.43,2025-06-26 22:00:00
CUST_0416,Customer_416,North,2024-07-26,ORD_14763,740.08,2025-07-18 10:00:00
CUST_0417,Customer_417,North,2024-07-27,ORD_10666,29.66,2025-01-28 17:00:00
CUST_0417,Customer_417,North,2024-07-27,ORD_12095,89.24,2025-03-29 06:00:00
CUST_0417,Customer_417,North,2024-07-27,ORD_13968,318.01,2025-06-15 07:00:00
CUST_0417,Customer_417,North,2024-07-27,ORD_14098,263.05,2025-06-20 17:00:00
CUST_0417,Customer_417,North,2024-07-27,ORD_14695,643.15,2025-07-15 14:00:00
CUST_0418,Customer_418,South,2024-07-27,ORD_10053,470.49,2025-01-03 04:00:00
CUST_0418,Customer_418,South,2024-07-27,ORD_10769,689.04,2025-02-02 00:00:00
CUST_0418,Customer_418,South,2024-07-27,ORD_10831,170.37,2025-02-04 14:00:00
CUST_0418,Customer_418,South,2024-07-27,ORD_11756,114.45,2025-03-15 03:00:00
CUST_0418,Customer_418,South,2024-07-27,ORD_14638,433.5,2025-07-13 05:00:00
CUST_0419,Customer_419,West,2024-07-28,ORD_10395,398.2,2025-01-17 10:00:00
CUST_0419,Customer_419,West,2024-07-28,ORD_10858,654.84,2025-02-05 17:00:00
CUST_0419,Customer_419,West,2024-07-28,ORD_10861,638.71,2025-02-05 20:00:00
CUST_0419,Customer_419,West,2024-07-28,ORD_11868,352.12,2025-03-19 19:00:00
CUST_0419,Customer_419,West,2024-07-28,ORD_14932,547.51,2025-07-25 11:00:00
CUST_0420,Customer_420,South,2024-07-28,ORD_11599,525.0,2025-03-08 14:00:00
CUST_0420,Customer_420,South,2024-07-28,ORD_12096,417.21,2025-03-29 07:00:00
CUST_0420,Customer_420,South,2024-07-28,ORD_14023,162.2,2025-06-17 14:00:00
CUST_0420,Customer_420,South,2024-07-28,ORD_14503,176.03,2025-07-07 14:00:00
CUST_0420,Customer_420,South,2024-07-28,ORD_14721,432.86,2025-07-16 16:00:00
CUST_0421,Customer_421,South,2024-07-29,ORD_11896,332.11,2025-03-20 23:00:00
CUST_0421,Customer_421,South,2024-07-29,ORD_11918,193.99,2025-03-21 21:00:00
CUST_0421,Customer_421,South,2024-07-29,ORD_12905,404.9,2025-05-02 00:00:00
CUST_0421,Customer_421,South,2024-07-29,ORD_13466,678.4,2025-05-25 09:00:00
CUST_0421,Customer_421,South,2024-07-29,ORD_14473,137.6,2025-07-06 08:00:00
CUST_0422,Customer_422,South,2024-07-29,ORD_10415,229.67,2025-01-18 06:00:00
CUST_0422,Customer_422,South,2024-07-29,ORD_11653,139.52,2025-03-10 20:00:00
CUST_0422,Customer_422,South,2024-07-29,ORD_13351,640.73,2025-05-20 14:00:00
CUST_0422,Customer_422,South,2024-07-29,ORD_13513,488.86,2025-05-27 08:00:00
CUST_0422,Customer_422,South,2024-07-29,ORD_14072,235.43,2025-06-19 15:00:00
CUST_0423,Customer_423,South,2024-07-30,ORD_10012,719.07,2025-01-01 11:00:00
CUST_0423,Customer_423,South,2024-07-30,ORD_10165,706.84,2025-01-07 20:00:00
CUST_0423,Customer_423,South,2024-07-30,ORD_10455,591.87,2025-01-19 22:00:00
CUST_0423,Customer_423,South,2024-07-30,ORD_11380,486.44,2025-02-27 11:00:00
CUST_0423,Customer_423,South,2024-07-30,ORD_14959,232.64,2025-07-26 14:00:00
CUST_0424,Customer_424,East,2024-07-30,ORD_12392,355.76,2025-04-10 15:00:00
CUST_0424,Customer_424,East,2024-07-30,ORD_12560,698.84,2025-04-17 15:00:00
CUST_0424,Customer_424,East,2024-07-30,ORD_12650,721.98,2025-04-21 09:00:00
CUST_0424,Customer_424,East,2024-07-30,ORD_14038,230.83,2025-06-18 05:00:00
CUST_0424,Customer_424,East,2024-07-30,ORD_14930,592.46,2025-07-25 09:00:00
CUST_0425,Customer_425,West,2024-07-31,ORD_10376,670.18,2025-01-16 15:00:00
CUST_0425,Customer_425,West,2024-07-31,ORD_12963,323.62,2025-05-04 10:00:00
CUST_0425,Customer_425,West,2024-07-31,ORD_13025,667.39,2025-05-07 00:00:00
CUST_0425,Customer_425,West,2024-07-31,ORD_13279,288.43,2025-05-17 14:00:00
CUST_0425,Customer_425,West,2024-07-31,ORD_13924,337.98,2025-06-13 11:00:00
CUST_0426,Customer_426,North,2024-07-31,ORD_10483,392.72,2025-01-21 02:00:00
CUST_0426,Customer_426,North,2024-07-31,ORD_11457,498.52,2025-03-02 16:00:00
CUST_0426,Customer_426,North,2024-07-31,ORD_11951,642.36,2025-03-23 06:00:00
CUST_0426,Customer_426,North,2024-07-31,ORD_12957,467.78,2025-05-04 04:00:00
CUST_0426,Customer_426,North,2024-07-31,ORD_14883,330.66,2025-07-23 10:00:00
CUST_0427,Customer_427,North,2024-08-01,ORD_10032,258.67,2025-01-02 07:00:00
CUST_0427,Customer_427,North,2024-08-01,ORD_11453,542.19,2025-03-02 12:00:00
CUST_0427,Customer_427,North,2024-08-01,ORD_11573,125.02,2025-03-07 12:00:00
CUST_0427,Customer_427,North,2024-08-01,ORD_12832,583.01,2025-04-28 23:00:00
CUST_0427,Customer_427,North,2024-08-01,ORD_14892,557.07,2025-07-23 19:00:00
CUST_0428,Customer_428,West,2024-08-01,ORD_10190,457.61,2025-01-08 21:00:00
CUST_0428,Customer_428,West,2024-08-01,ORD_11503,443.95,2025-03-04 14:00:00
CUST_0428,Customer_428,West,2024-08-01,ORD_12317,215.67,2025-04-07 12:00:00
CUST_0428,Customer_428,West,2024-08-01,ORD_12821,284.39,2025-04-28 12:00:00
CUST_0428,Customer_428,West,2024-08-01,ORD_14129,561.81,2025-06-22 00:00:00
CUST_0429,Customer_429,North,2024-08-02,ORD_11195,712.31,2025-02-19 18:00:00
CUST_0429,Customer_429,North,2024-08-02,ORD_12609,348.2,2025-04-19 16:00:00
CUST_0429,Customer_429,North,2024-08-02,ORD_13445,633.2,2025-05-24 12:00:00
CUST_0429,Customer_429,North,2024-08-02,ORD_13908,605.0,2025-06-12 19:00:00
CUST_0429,Customer_429,North,2024-08-02,ORD_14943,466.88,2025-07-25 22:00:00
CUST_0430,Customer_430,West,2024-08-02,ORD_10959,97.84,2025-02-09 22:00:00
CUST_0430,Customer_430,West,2024-08-02,ORD_11565,726.88,2025-03-07 04:00:00
CUST_0430,Customer_430,West,2024-08-02,ORD_14030,192.29,2025-06-17 21:00:00
CUST_0430,Customer_430,West,2024-08-02,ORD_14271,436.6,2025-06-27 22:00:00
CUST_0430,Customer_430,West,2024-08-02,ORD_14547,28.81,2025-07-09 10:00:00
CUST_0431,Customer_431,North,2024-08-03,ORD_10671,618.33,2025-01-28 22:00:00
CUST_0431,Customer_431,North,2024-08-03,ORD_12151,80.78,2025-03-31 14:00:00
CUST_0431,Customer_431,North,2024-08-03,ORD_12594,144.89,2025-04-19 01:00:00
CUST_0431,Customer_431,North,2024-08-03,ORD_13376,429.05,2025-05-21 15:00:00
CUST_0431,Customer_431,North,2024-08-03,ORD_13953,446.87,2025-06-14 16:00:00
CUST_0432,Customer_432,South,2024-08-03,ORD_10501,204.19,2025-01-21 20:00:00
CUST_0432,Customer_432,South,2024-08-03,ORD_10536,707.7,2025-01-23 07:00:00
CUST_0432,Customer_432,South,2024-08-03,ORD_10621,91.08,2025-01-26 20:00:00
CUST_0432,Customer_432,South,2024-08-03,ORD_13109,423.21,2025-05-10 12:00:00
CUST_0432,Customer_432,South,2024-08-03,ORD_14370,717.82,2025-07-02 01:00:00
CUST_0433,Customer_433,North,2024-08-04,ORD_10755,373.22,2025-02-01 10:00:00
CUST_0433,Customer_433,North,2024-08-04,ORD_11033,686.66,2025-02-13 00:00:00
CUST_0433,Customer_433,North,2024-08-04,ORD_11763,140.13,2025-03-15 10:00:00
CUST_0433,Customer_433,North,2024-08-04,ORD_12623,259.63,2025-04-20 06:00:00
CUST_0433,Customer_433,North,2024-08-04,ORD_13763,379.32,2025-06-06 18:00:00
CUST_0434,Customer_434,West,2024-08-04,ORD_11405,301.09,2025-02-28 12:00:00
CUST_0434,Customer_434,West,2024-08-04,ORD_12050,197.71,2025-03-27 09:00:00
CUST_0434,Customer_434,West,2024-08-04,ORD_12265,277.13,2025-04-05 08:00:00
CUST_0434,Customer_434,West,2024-08-04,ORD_13000,570.28,2025-05-05 23:00:00
CUST_0434,Customer_434,West,2024-08-04,ORD_14410,68.98,2025-07-03 17:00:00
CUST_0435,Customer_435,West,2024-08-05,ORD_11143,545.93,2025-02-17 14:00:00
CUST_0435,Customer_435,West,2024-08-05,ORD_12859,295.07,2025-04-30 02:00:00
CUST_0435,Customer_435,West,2024-08-05,ORD_13095,681.07,2025-05-09 22:00:00
CUST_0435,Customer_435,West,2024-08-05,ORD_13229,77.45,2025-05-15 12:00:00
CUST_0435,Customer_435,West,2024-08-05,ORD_14102,686.64,2025-06-20 21:00:00
CUST_0436,Customer_436,West,2024-08-05,ORD_10178,611.06,2025-01-08 09:00:00
CUST_0436,Customer_436,West,2024-08-05,ORD_11977,749.61,2025-03-24 08:00:00
CUST_0436,Customer_436,West,2024-08-05,ORD_12436,559.88,2025-04-12 11:00:00
CUST_0436,Customer_436,West,2024-08-05,ORD_13237,429.64,2025-05-15 20:00:00
CUST_0436,Customer_436,West,2024-08-05,ORD_14289,200.13,2025-06-28 16:00:00
CUST_0437,Customer_437,West,2024-08-06,ORD_10397,226.8,2025-01-17 12:00:00
CUST_0437,Customer_437,West,2024-08-06,ORD_10505,543.75,2025-01-22 00:00:00
CUST_0437,Customer_437,West,2024-08-06,ORD_12211,354.49,2025-04-03 02:00:00
CUST_0437,Customer_437,West,2024-08-06,ORD_13692,299.64,2025-06-03 19:00:00
CUST_0437,Customer_437,West,2024-08-06,ORD_14751,442.37,2025-07-17 22:00:00
CUST_0438,Customer_438,West,2024-08-06,ORD_10931,192.73,2025-02-08 18:00:00
CUST_0438,Customer_438,West,2024-08-06,ORD_11136,150.79,2025-02-17 07:00:00
CUST_0438,Customer_438,West,2024-08-06,ORD_11541,685.6,2025-03-06 04:00:00
CUST_0438,Customer_438,West,2024-08-06,ORD_13255,524.15,2025-05-16 14:00:00
CUST_0438,Customer_438,West,2024-08-06,ORD_13696,69.09,2025-06-03 23:00:00
CUST_0439,Customer_439,East,2024-08-07,ORD_10823,331.79,2025-02-04 06:00:00
CUST_0439,Customer_439,East,2024-08-07,ORD_10917,259.36,2025-02-08 04:00:00
CUST_0439,Customer_439,East,2024-08-07,ORD_11131,262.89,2025-02-17 02:00:00
CUST_0439,Customer_439,East,2024-08-07,ORD_11415,748.3,2025-02-28 22:00:00
CUST_0439,Customer_439,East,2024-08-07,ORD_11869,570.04,2025-03-19 20:00:00
CUST_0440,Customer_440,East,2024-08-07,ORD_10126,130.55,2025-01-06 05:00:00
CUST_0440,Customer_440,East,2024-08-07,ORD_10547,400.0,2025-01-23 18:00:00
CUST_0440,Customer_440,East,2024-08-07,ORD_12461,411.91,2025-04-13 12:00:00
CUST_0440,Customer_440,East,2024-08-07,ORD_13765,321.43,2025-06-06 20:00:00
CUST_0440,Customer_440,East,2024-08-07,ORD_14286,66.75,2025-06-28 13:00:00
CUST_0441,Customer_441,North,2024-08-08,ORD_10768,141.35,2025-02-01 23:00:00
CUST_0441,Customer_441,North,2024-08-08,ORD_13160,628.09,2025-05-12 15:00:00
CUST_0441,Customer_441,North,2024-08-08,ORD_13609,566.31,2025-05-31 08:00:00
CUST_0441,Customer_441,North,2024-08-08,ORD_14067,427.2,2025-06-19 10:00:00
CUST_0441,Customer_441,North,2024-08-08,ORD_14322,235.3,2025-06-30 01:00:00
CUST_0442,Customer_442,West,2024-08-08,ORD_10390,331.34,2025-01-17 05:00:00
CUST_0442,Customer_442,West,2024-08-08,ORD_11637,98.44,2025-03-10 04:00:00
CUST_0442,Customer_442,West,2024-08-08,ORD_12281,579.8,2025-04-06 00:00:00
CUST_0442,Customer_442,West,2024-08-08,ORD_14021,520.44,2025-06-17 12:00:00
CUST_0442,Customer_442,West,2024-08-08,ORD_14526,383.28,2025-07-08 13:00:00
CUST_0443,Customer_443,North,2024-08-09,ORD_10446,388.25,2025-01-19 13:00:00
CUST_0443,Customer_443,North,2024-08-09,ORD_10870,50.29,2025-02-06 05:00:00
CUST_0443,Customer_443,North,2024-08-09,ORD_10899,459.8,2025-02-07 10:00:00
CUST_0443,Customer_443,North,2024-08-09,ORD_12389,202.76,2025-04-10 12:00:00
CUST_0443,Customer_443,North,2024-08-09,ORD_13263,455.9,2025-05-16 22:00:00
CUST_0444,Customer_444,West,2024-08-09,ORD_10777,663.05,2025-02-02 08:00:00
CUST_0444,Customer_444,West,2024-08-09,ORD_11625,546.37,2025-03-09 16:00:00
CUST_0444,Customer_444,West,2024-08-09,ORD_12857,579.74,2025-04-30 00:00:00
CUST_0444,Customer_444,West,2024-08-09,ORD_13213,659.02,2025-05-14 20:00:00
CUST_0444,Customer_444,West,2024-08-09,ORD_14575,570.18,2025-07-10 14:00:00
CUST_0445,Customer_445,West,2024-08-10,ORD_11288,455.18,2025-02-23 15:00:00
CUST_0445,Customer_445,West,2024-08-10,ORD_11433,340.57,2025-03-01 16:00:00
CUST_0445,Customer_445,West,2024-08-10,ORD_12834,161.71,2025-04-29 01:00:00
CUST_0445,Customer_445,West,2024-08-10,ORD_14068,297.01,2025-06-19 11:00:00
CUST_0445,Customer_445,West,2024-08-10,ORD_14229,303.34,2025-06-26 04:00:00
CUST_0446,Customer_446,East,2024-08-10,ORD_11200,30.36,2025-02-19 23:00:00
CUST_0446,Customer_446,East,2024-08-10,ORD_11486,156.21,2025-03-03 21:00:00
CUST_0446,Customer_446,East,2024-08-10,ORD_11983,227.81,2025-03-24 14:00:00
CUST_0446,Customer_446,East,2024-08-10,ORD_12914,708.62,2025-05-02 09:00:00
CUST_0446,Customer_446,East,2024-08-10,ORD_14345,118.58,2025-07-01 00:00:00
CUST_0447,Customer_447,East,2024-08-11,ORD_10258,742.34,2025-01-11 17:00:00
CUST_0447,Customer_447,East,2024-08-11,ORD_10526,549.52,2025-01-22 21:00:00
CUST_0447,Customer_447,East,2024-08-11,ORD_12698,683.89,2025-04-23 09:00:00
CUST_0447,Customer_447,East,2024-08-11,ORD_12824,165.22,2025-04-28 15:00:00
CUST_0447,Customer_447,East,2024-08-11,ORD_14867,58.16,2025-07-22 18:00:00
CUST_0448,Customer_448,South,2024-08-11,ORD_10361,37.48,2025-01-16 00:00:00
CUST_0448,Customer_448,South,2024-08-11,ORD_11273,254.14,2025-02-23 00:00:00
CUST_0448,Customer_448,South,2024-08-11,ORD_11964,732.84,2025-03-23 19:00:00
CUST_0448,Customer_448,South,2024-08-11,ORD_13496,339.96,2025-05-26 15:00:00
CUST_0448,Customer_448,South,2024-08-11,ORD_14010,539.77,2025-06-17 01:00:00
CUST_0449,Customer_449,East,2024-08-12,ORD_10998,316.68,2025-02-11 13:00:00
CUST_0449,Customer_449,East,2024-08-12,ORD_12201,735.4,2025-04-02 16:00:00
CUST_0449,Customer_449,East,2024-08-12,ORD_12642,640.92,2025-04-21 01:00:00
CUST_0449,Customer_449,East,2024-08-12,ORD_13108,254.08,2025-05-10 11:00:00
CUST_0449,Customer_449,East,2024-08-12,ORD_13359,710.86,2025-05-20 22:00:00
CUST_0450,Customer_450,South,2024-08-12,ORD_12224,504.73,2025-04-03 15:00:00
CUST_0450,Customer_450,South,2024-08-12,ORD_12593,705.07,2025-04-19 00:00:00
CUST_0450,Customer_450,South,2024-08-12,ORD_12759,58.21,2025-04-25 22:00:00
CUST_0450,Customer_450,South,2024-08-12,ORD_13493,37.44,2025-05-26 12:00:00
CUST_0450,Customer_450,South,2024-08-12,ORD_13774,492.92,2025-06-07 05:00:00
CUST_0451,Customer_451,South,2024-08-13,ORD_11585,278.47,2025-03-08 00:00:00
CUST_0451,Customer_451,South,2024-08-13,ORD_12867,159.81,2025-04-30 10:00:00
CUST_0451,Customer_451,South,2024-08-13,ORD_13663,35.26,2025-06-02 14:00:00
CUST_0451,Customer_451,South,2024-08-13,ORD_14761,478.97,2025-07-18 08:00:00
CUST_0451,Customer_451,South,2024-08-13,ORD_14957,542.8,2025-07-26 12:00:00
CUST_0452,Customer_452,South,2024-08-13,ORD_10060,447.46,2025-01-03 11:00:00
CUST_0452,Customer_452,South,2024-08-13,ORD_11597,743.89,2025-03-08 12:00:00
CUST_0452,Customer_452,South,2024-08-13,ORD_11956,253.03,2025-03-23 11:00:00
CUST_0452,Customer_452,South,2024-08-13,ORD_14529,257.62,2025-07-08 16:00:00
CUST_0452,Customer_452,South,2024-08-13,ORD_14732,292.7,2025-07-17 03:00:00
CUST_0453,Customer_453,South,2024-08-14,ORD_10176,510.74,2025-01-08 07:00:00
CUST_0453,Customer_453,South,2024-08-14,ORD_10877,545.05,2025-02-06 12:00:00
CUST_0453,Customer_453,South,2024-08-14,ORD_11083,456.4,2025-02-15 02:00:00
CUST_0453,Customer_453,South,2024-08-14,ORD_11988,33.16,2025-03-24 19:00:00
CUST_0453,Customer_453,South,2024-08-14,ORD_13738,96.4,2025-06-05 17:00:00
CUST_0454,Customer_454,South,2024-08-14,ORD_10217,402.08,2025-01-10 00:00:00
CUST_0454,Customer_454,South,2024-08-14,ORD_10953,49.14,2025-02-09 16:00:00
CUST_0454,Customer_454,South,2024-08-14,ORD_12337,27.33,2025-04-08 08:00:00
CUST_0454,Customer_454,South,2024-08-14,ORD_13261,728.59,2025-05-16 20:00:00
CUST_0454,Customer_454,South,2024-08-14,ORD_14428,648.58,2025-07-04 11:00:00
CUST_0455,Customer_455,North,2024-08-15,ORD_10398,312.23,2025-01-17 13:00:00
CUST_0455,Customer_455,North,2024-08-15,ORD_12142,725.61,2025-03-31 05:00:00
CUST_0455,Customer_455,North,2024-08-15,ORD_14454,325.41,2025-07-05 13:00:00
CUST_0455,Customer_455,North,2024-08-15,ORD_14507,446.22,2025-07-07 18:00:00
CUST_0455,Customer_455,North,2024-08-15,ORD_14531,538.25,2025-07-08 18:00:00
CUST_0456,Customer_456,East,2024-08-15,ORD_11003,115.84,2025-02-11 18:00:00
CUST_0456,Customer_456,East,2024-08-15,ORD_11030,666.22,2025-02-12 21:00:00
CUST_0456,Customer_456,East,2024-08-15,ORD_13117,20.29,2025-05-10 20:00:00
CUST_0456,Customer_456,East,2024-08-15,ORD_13505,127.64,2025-05-27 00:00:00
CUST_0456,Customer_456,East,2024-08-15,ORD_14682,305.76,2025-07-15 01:00:00
CUST_0457,Customer_457,South,2024-08-16,ORD_11772,228.34,2025-03-15 19:00:00
CUST_0457,Customer_457,South,2024-08-16,ORD_11878,86.23,2025-03-20 05:00:00
CUST_0457,Customer_457,South,2024-08-16,ORD_13378,279.04,2025-05-21 17:00:00
CUST_0457,Customer_457,South,2024-08-16,ORD_13684,166.34,2025-06-03 11:00:00
CUST_0457,Customer_457,South,2024-08-16,ORD_14859,268.62,2025-07-22 10:00:00
CUST_0458,Customer_458,West,2024-08-16,ORD_10309,63.52,2025-01-13 20:00:00
CUST_0458,Customer_458,West,2024-08-16,ORD_11057,543.9,2025-02-14 00:00:00
CUST_0458,Customer_458,West,2024-08-16,ORD_11247,445.67,2025-02-21 22:00:00
CUST_0458,Customer_458,West,2024-08-16,ORD_11804,127.02,2025-03-17 03:00:00
CUST_0458,Customer_458,West,2024-08-16,ORD_13942,57.99,2025-06-14 05:00:00
CUST_0459,Customer_459,East,2024-08-17,ORD_11899,573.97,2025-03-21 02:00:00
CUST_0459,Customer_459,East,2024-08-17,ORD_12196,495.21,2025-04-02 11:00:00
CUST_0459,Customer_459,East,2024-08-17,ORD_14111,736.15,2025-06-21 06:00:00
CUST_0459,Customer_459,East,2024-08-17,ORD_14557,193.2,2025-07-09 20:00:00
CUST_0459,Customer_459,East,2024-08-17,ORD_14857,338.32,2025-07-22 08:00:00
CUST_0460,Customer_460,East,2024-08-17,ORD_10577,325.65,2025-01-25 00:00:00
CUST_0460,Customer_460,East,2024-08-17,ORD_12261,249.65,2025-04-05 04:00:00
CUST_0460,Customer_460,East,2024-08-17,ORD_13094,618.18,2025-05-09 21:00:00
CUST_0460,Customer_460,East,2024-08-17,ORD_13215,351.31,2025-05-14 22:00:00
CUST_0460,Customer_460,East,2024-08-17,ORD_13971,196.79,2025-06-15 10:00:00
CUST_0461,Customer_461,South,2024-08-18,ORD_13009,620.61,2025-05-06 08:00:00
CUST_0461,Customer_461,South,2024-08-18,ORD_13131,89.03,2025-05-11 10:00:00
CUST_0461,Customer_461,South,2024-08-18,ORD_13169,742.23,2025-05-13 00:00:00
CUST_0461,Customer_461,South,2024-08-18,ORD_13835,174.03,2025-06-09 18:00:00
CUST_0461,Customer_461,South,2024-08-18,ORD_14163,391.23,2025-06-23 10:00:00
CUST_0462,Customer_462,North,2024-08-18,ORD_11798,724.9,2025-03-16 21:00:00
CUST_0462,Customer_462,North,2024-08-18,ORD_12238,355.52,2025-04-04 05:00:00
CUST_0462,Customer_462,North,2024-08-18,ORD_12471,291.03,2025-04-13 22:00:00
CUST_0462,Customer_462,North,2024-08-18,ORD_14574,248.67,2025-07-10 13:00:00
CUST_0462,Customer_462,North,2024-08-18,ORD_14597,59.37,2025-07-11 12:00:00
CUST_0463,Customer_463,South,2024-08-19,ORD_11831,129.43,2025-03-18 06:00:00
CUST_0463,Customer_463,South,2024-08-19,ORD_13138,171.71,2025-05-11 17:00:00
CUST_0463,Customer_463,South,2024-08-19,ORD_13344,99.83,2025-05-20 07:00:00
CUST_0463,Customer_463,South,2024-08-19,ORD_14296,497.44,2025-06-28 23:00:00
CUST_0463,Customer_463,South,2024-08-19,ORD_14842,617.13,2025-07-21 17:00:00
CUST_0464,Customer_464,North,2024-08-19,ORD_10435,241.47,2025-01-19 02:00:00
CUST_0464,Customer_464,North,2024-08-19,ORD_11538,125.3,2025-03-06 01:00:00
CUST_0464,Customer_464,North,2024-08-19,ORD_11579,489.7,2025-03-07 18:00:00
CUST_0464,Customer_464,North,2024-08-19,ORD_12233,669.58,2025-04-04 00:00:00
CUST_0464,Customer_464,North,2024-08-19,ORD_12274,741.51,2025-04-05 17:00:00
CUST_0465,Customer_465,West,2024-08-20,ORD_10393,84.09,2025-01-17 08:00:00
CUST_0465,Customer_465,West,2024-08-20,ORD_10712,689.88,2025-01-30 15:00:00
CUST_0465,Customer_465,West,2024-08-20,ORD_12613,229.4,2025-04-19 20:00:00
CUST_0465,Customer_465,West,2024-08-20,ORD_13310,463.67,2025-05-18 21:00:00
CUST_0465,Customer_465,West,2024-08-20,ORD_14758,462.91,2025-07-18 05:00:00
CUST_0466,Customer_466,East,2024-08-20,ORD_10108,138.2,2025-01-05 11:00:00
CUST_0466,Customer_466,East,2024-08-20,ORD_10418,188.69,2025-01-18 09:00:00
CUST_0466,Customer_466,East,2024-08-20,ORD_13733,52.68,2025-06-05 12:00:00
CUST_0466,Customer_466,East,2024-08-20,ORD_13770,516.83,2025-06-07 01:00:00
CUST_0466,Customer_466,East,2024-08-20,ORD_14977,673.4,2025-07-27 08:00:00
CUST_0467,Customer_467,West,2024-08-21,ORD_10676,295.25,2025-01-29 03:00:00
CUST_0467,Customer_467,West,2024-08-21,ORD_11862,477.59,2025-03-19 13:00:00
CUST_0467,Customer_467,West,2024-08-21,ORD_13485,460.35,2025-05-26 04:00:00
CUST_0467,Customer_467,West,2024-08-21,ORD_13912,370.87,2025-06-12 23:00:00
CUST_0467,Customer_467,West,2024-08-21,ORD_13917,143.92,2025-06-13 04:00:00
CUST_0468,Customer_468,North,2024-08-21,ORD_10489,715.24,2025-01-21 08:00:00
CUST_0468,Customer_468,North,2024-08-21,ORD_11437,532.09,2025-03-01 20:00:00
CUST_0468,Customer_468,North,2024-08-21,ORD_11596,627.65,2025-03-08 11:00:00
CUST_0468,Customer_468,North,2024-08-21,ORD_13880,623.14,2025-06-11 15:00:00
CUST_0468,Customer_468,North,2024-08-21,ORD_14822,437.08,2025-07-20 21:00:00
CUST_0469,Customer_469,North,2024-08-22,ORD_10548,341.69,2025-01-23 19:00:00
CUST_0469,Customer_469,North,2024-08-22,ORD_12082,589.9,2025-03-28 17:00:00
CUST_0469,Customer_469,North,2024-08-22,ORD_13813,48.17,2025-06-08 20:00:00
CUST_0469,Customer_469,North,2024-08-22,ORD_13890,218.11,2025-06-12 01:00:00
CUST_0469,Customer_469,North,2024-08-22,ORD_14747,380.51,2025-07-17 18:00:00
CUST_0470,Customer_470,West,2024-08-22,ORD_10211,476.73,2025-01-09 18:00:00
CUST_0470,Customer_470,West,2024-08-22,ORD_10293,195.69,2025-01-13 04:00:00
CUST_0470,Customer_470,West,2024-08-22,ORD_13720,161.41,2025-06-04 23:00:00
CUST_0470,Customer_470,West,2024-08-22,ORD_13948,408.58,2025-06-14 11:00:00
CUST_0470,Customer_470,West,2024-08-22,ORD_14133,39.31,2025-06-22 04:00:00
CUST_0471,Customer_471,North,2024-08-23,ORD_11897,137.43,2025-03-21 00:00:00
CUST_0471,Customer_471,North,2024-08-23,ORD_12162,403.94,2025-04-01 01:00:00
CUST_0471,Customer_471,North,2024-08-23,ORD_12430,691.63,2025-04-12 05:00:00
CUST_0471,Customer_471,North,2024-08-23,ORD_12800,119.65,2025-04-27 15:00:00
CUST_0471,Customer_471,North,2024-08-23,ORD_14303,593.54,2025-06-29 06:00:00
CUST_0472,Customer_472,West,2024-08-23,ORD_10571,746.89,2025-01-24 18:00:00
CUST_0472,Customer_472,West,2024-08-23,ORD_10594,544.66,2025-01-25 17:00:00
CUST_0472,Customer_472,West,2024-08-23,ORD_12522,130.95,2025-04-16 01:00:00
CUST_0472,Customer_472,West,2024-08-23,ORD_13176,372.12,2025-05-13 07:00:00
CUST_0472,Customer_472,West,2024-08-23,ORD_13768,21.71,2025-06-06 23:00:00
CUST_0473,Customer_473,East,2024-08-24,ORD_10658,619.51,2025-01-28 09:00:00
CUST_0473,Customer_473,East,2024-08-24,ORD_10692,49.06,2025-01-29 19:00:00
CUST_0473,Customer_473,East,2024-08-24,ORD_12379,748.95,2025-04-10 02:00:00
CUST_0473,Customer_473,East,2024-08-24,ORD_12645,241.56,2025-04-21 04:00:00
CUST_0473,Customer_473,East,2024-08-24,ORD_13749,639.6,2025-06-06 04:00:00
CUST_0474,Customer_474,West,2024-08-24,ORD_10080,286.32,2025-01-04 07:00:00
CUST_0474,Customer_474,West,2024-08-24,ORD_10601,48.44,2025-01-26 00:00:00
CUST_0474,Customer_474,West,2024-08-24,ORD_10697,51.46,2025-01-30 00:00:00
CUST_0474,Customer_474,West,2024-08-24,ORD_11209,316.12,2025-02-20 08:00:00
CUST_0474,Customer_474,West,2024-08-24,ORD_11464,76.19,2025-03-02 23:00:00
CUST_0475,Customer_475,East,2024-08-25,ORD_11610,480.36,2025-03-09 01:00:00
CUST_0475,Customer_475,East,2024-08-25,ORD_11782,468.58,2025-03-16 05:00:00
CUST_0475,Customer_475,East,2024-08-25,ORD_12498,215.4,2025-04-15 01:00:00
CUST_0475,Customer_475,East,2024-08-25,ORD_14299,523.05,2025-06-29 02:00:00
CUST_0475,Customer_475,East,2024-08-25,ORD_14639,364.38,2025-07-13 06:00:00
CUST_0476,Customer_476,West,2024-08-25,ORD_10722,455.42,2025-01-31 01:00:00
CUST_0476,Customer_476,West,2024-08-25,ORD_12528,116.15,2025-04-16 07:00:00
CUST_0476,Customer_476,West,2024-08-25,ORD_13010,398.38,2025-05-06 09:00:00
CUST_0476,Customer_476,West,2024-08-25,ORD_13506,73.47,2025-05-27 01:00:00
CUST_0476,Customer_476,West,2024-08-25,ORD_14519,427.95,2025-07-08 06:00:00
CUST_0477,Customer_477,North,2024-08-26,ORD_11657,615.65,2025-03-11 00:00:00
CUST_0477,Customer_477,North,2024-08-26,ORD_12530,482.66,2025-04-16 09:00:00
CUST_0477,Customer_477,North,2024-08-26,ORD_13008,217.35,2025-05-06 07:00:00
CUST_0477,Customer_477,North,2024-08-26,ORD_13278,362.5,2025-05-17 13:00:00
CUST_0477,Customer_477,North,2024-08-26,ORD_14673,269.85,2025-07-14 16:00:00
CUST_0478,Customer_478,West,2024-08-26,ORD_10910,339.53,2025-02-07 21:00:00
CUST_0478,Customer_478,West,2024-08-26,ORD_11559,213.95,2025-03-06 22:00:00
CUST_0478,Customer_478,West,2024-08-26,ORD_13524,581.93,2025-05-27 19:00:00
CUST_0478,Customer_478,West,2024-08-26,ORD_13831,572.95,2025-06-09 14:00:00
CUST_0478,Customer_478,West,2024-08-26,ORD_14724,689.48,2025-07-16 19:00:00
CUST_0479,Customer_479,North,2024-08-27,ORD_10537,237.74,2025-01-23 08:00:00
CUST_0479,Customer_479,North,2024-08-27,ORD_10670,683.72,2025-01-28 21:00:00
CUST_0479,Customer_479,North,2024-08-27,ORD_11050,559.14,2025-02-13 17:00:00
CUST_0479,Customer_479,North,2024-08-27,ORD_12751,22.67,2025-04-25 14:00:00
CUST_0479,Customer_479,North,2024-08-27,ORD_14502,544.58,2025-07-07 13:00:00
CUST_0480,Customer_480,West,2024-08-27,ORD_11059,295.36,2025-02-14 02:00:00
CUST_0480,Customer_480,West,2024-08-27,ORD_12855,156.34,2025-04-29 22:00:00
CUST_0480,Customer_480,West,2024-08-27,ORD_13073,685.95,2025-05-09 00:00:00
CUST_0480,Customer_480,West,2024-08-27,ORD_13340,327.25,2025-05-20 03:00:00
CUST_0480,Customer_480,West,2024-08-27,ORD_14955,598.16,2025-07-26 10:00:00
CUST_0481,Customer_481,West,2024-08-28,ORD_10164,222.26,2025-01-07 19:00:00
CUST_0481,Customer_481,West,2024-08-28,ORD_10392,79.55,2025-01-17 07:00:00
CUST_0481,Customer_481,West,2024-08-28,ORD_13495,262.86,2025-05-26 14:00:00
CUST_0481,Customer_481,West,2024-08-28,ORD_14656,370.97,2025-07-13 23:00:00
CUST_0481,Customer_481,West,2024-08-28,ORD_14942,184.89,2025-07-25 21:00:00
CUST_0482,Customer_482,South,2024-08-28,ORD_10181,737.24,2025-01-08 12:00:00
CUST_0482,Customer_482,South,2024-08-28,ORD_10588,334.29,2025-01-25 11:00:00
CUST_0482,Customer_482,South,2024-08-28,ORD_14476,386.86,2025-07-06 11:00:00
CUST_0482,Customer_482,South,2024-08-28,ORD_14936,261.48,2025-07-25 15:00:00
CUST_0482,Customer_482,South,2024-08-28,ORD_14950,230.92,2025-07-26 05:00:00
CUST_0483,Customer_483,North,2024-08-29,ORD_10243,52.17,2025-01-11 02:00:00
CUST_0483,Customer_483,North,2024-08-29,ORD_13175,408.42,2025-05-13 06:00:00
CUST_0483,Customer_483,North,2024-08-29,ORD_13628,263.98,2025-06-01 03:00:00
CUST_0483,Customer_483,North,2024-08-29,ORD_13894,735.21,2025-06-12 05:00:00
CUST_0483,Customer_483,North,2024-08-29,ORD_14649,314.59,2025-07-13 16:00:00
CUST_0484,Customer_484,South,2024-08-29,ORD_12073,130.53,2025-03-28 08:00:00
CUST_0484,Customer_484,South,2024-08-29,ORD_12740,171.02,2025-04-25 03:00:00
CUST_0484,Customer_484,South,2024-08-29,ORD_13114,207.09,2025-05-10 17:00:00
CUST_0484,Customer_484,South,2024-08-29,ORD_14084,168.19,2025-06-20 03:00:00
CUST_0484,Customer_484,South,2024-08-29,ORD_14485,181.69,2025-07-06 20:00:00
CUST_0485,Customer_485,North,2024-08-30,ORD_10250,236.53,2025-01-11 09:00:00
CUST_0485,Customer_485,North,2024-08-30,ORD_12042,119.01,2025-03-27 01:00:00
CUST_0485,Customer_485,North,2024-08-30,ORD_12798,433.42,2025-04-27 13:00:00
CUST_0485,Customer_485,North,2024-08-30,ORD_12839,241.34,2025-04-29 06:00:00
CUST_0485,Customer_485,North,2024-08-30,ORD_12989,559.13,2025-05-05 12:00:00
CUST_0486,Customer_486,South,2024-08-30,ORD_10431,173.07,2025-01-18 22:00:00
CUST_0486,Customer_486,South,2024-08-30,ORD_10821,542.04,2025-02-04 04:00:00
CUST_0486,Customer_486,South,2024-08-30,ORD_12350,291.44,2025-04-08 21:00:00
CUST_0486,Customer_486,South,2024-08-30,ORD_12517,564.91,2025-04-15 20:00:00
CUST_0486,Customer_486,South,2024-08-30,ORD_13223,677.66,2025-05-15 06:00:00
CUST_0487,Customer_487,East,2024-08-31,ORD_10717,264.4,2025-01-30 20:00:00
CUST_0487,Customer_487,East,2024-08-31,ORD_12334,452.52,2025-04-08 05:00:00
CUST_0487,Customer_487,East,2024-08-31,ORD_12901,34.85,2025-05-01 20:00:00
CUST_0487,Customer_487,East,2024-08-31,ORD_13219,292.44,2025-05-15 02:00:00
CUST_0487,Customer_487,East,2024-08-31,ORD_13403,533.87,2025-05-22 18:00:00
CUST_0488,Customer_488,West,2024-08-31,ORD_10572,337.74,2025-01-24 19:00:00
CUST_0488,Customer_488,West,2024-08-31,ORD_12736,254.83,2025-04-24 23:00:00
CUST_0488,Customer_488,West,2024-08-31,ORD_13028,90.68,2025-05-07 03:00:00
CUST_0488,Customer_488,West,2024-08-31,ORD_13179,161.47,2025-05-13 10:00:00
CUST_0488,Customer_488,West,2024-08-31,ORD_14969,367.23,2025-07-27 00:00:00
CUST_0489,Customer_489,North,2024-09-01,ORD_11620,204.57,2025-03-09 11:00:00
CUST_0489,Customer_489,North,2024-09-01,ORD_12894,592.3,2025-05-01 13:00:00
CUST_0489,Customer_489,North,2024-09-01,ORD_14060,112.73,2025-06-19 03:00:00
CUST_0489,Customer_489,North,2024-09-01,ORD_14436,666.06,2025-07-04 19:00:00
CUST_0489,Customer_489,North,2024-09-01,ORD_14683,211.34,2025-07-15 02:00:00
CUST_0490,Customer_490,North,2024-09-01,ORD_11124,160.65,2025-02-16 19:00:00
CUST_0490,Customer_490,North,2024-09-01,ORD_12476,374.1,2025-04-14 03:00:00
CUST_0490,Customer_490,North,2024-09-01,ORD_12902,169.79,2025-05-01 21:00:00
CUST_0490,Customer_490,North,2024-09-01,ORD_13470,253.99,2025-05-25 13:00:00
CUST_0490,Customer_490,North,2024-09-01,ORD_13900,536.49,2025-06-12 11:00:00
CUST_0491,Customer_491,West,2024-09-02,ORD_11740,433.07,2025-03-14 11:00:00
CUST_0491,Customer_491,West,2024-09-02,ORD_12024,58.56,2025-03-26 07:00:00
CUST_0491,Customer_491,West,2024-09-02,ORD_12070,131.99,2025-03-28 05:00:00
CUST_0491,Customer_491,West,2024-09-02,ORD_13634,352.52,2025-06-01 09:00:00
CUST_0491,Customer_491,West,2024-09-02,ORD_14742,247.01,2025-07-17 13:00:00
CUST_0492,Customer_492,North,2024-09-02,ORD_10592,293.62,2025-01-25 15:00:00
CUST_0492,Customer_492,North,2024-09-02,ORD_11576,600.77,2025-03-07 15:00:00
CUST_0492,Customer_492,North,2024-09-02,ORD_13206,382.3,2025-05-14 13:00:00
CUST_0492,Customer_492,North,2024-09-02,ORD_14132,310.6,2025-06-22 03:00:00
CUST_0492,Customer_492,North,2024-09-02,ORD_14449,416.27,2025-07-05 08:00:00
CUST_0493,Customer_493,North,2024-09-03,ORD_12403,342.71,2025-04-11 02:00:00
CUST_0493,Customer_493,North,2024-09-03,ORD_14402,303.33,2025-07-03 09:00:00
CUST_0493,Customer_493,North,2024-09-03,ORD_14418,374.25,2025-07-04 01:00:00
CUST_0493,Customer_493,North,2024-09-03,ORD_14739,523.48,2025-07-17 10:00:00
CUST_0493,Customer_493,North,2024-09-03,ORD_14785,186.02,2025-07-19 08:00:00
CUST_0494,Customer_494,South,2024-09-03,ORD_10532,515.79,2025-01-23 03:00:00
CUST_0494,Customer_494,South,2024-09-03,ORD_12235,406.94,2025-04-04 02:00:00
CUST_0494,Customer_494,South,2024-09-03,ORD_12671,700.73,2025-04-22 06:00:00
CUST_0494,Customer_494,South,2024-09-03,ORD_13605,522.33,2025-05-31 04:00:00
CUST_0494,Customer_494,South,2024-09-03,ORD_13808,672.46,2025-06-08 15:00:00
CUST_0495,Customer_495,North,2024-09-04,ORD_10122,614.02,2025-01-06 01:00:00
CUST_0495,Customer_495,North,2024-09-04,ORD_11006,683.44,2025-02-11 21:00:00
CUST_0495,Customer_495,North,2024-09-04,ORD_11911,377.93,2025-03-21 14:00:00
CUST_0495,Customer_495,North,2024-09-04,ORD_12304,634.0,2025-04-06 23:00:00
CUST_0495,Customer_495,North,2024-09-04,ORD_14451,273.87,2025-07-05 10:00:00
CUST_0496,Customer_496,East,2024-09-04,ORD_10496,646.71,2025-01-21 15:00:00
CUST_0496,Customer_496,East,2024-09-04,ORD_10561,162.87,2025-01-24 08:00:00
CUST_0496,Customer_496,East,2024-09-04,ORD_11325,248.37,2025-02-25 04:00:00
CUST_0496,Customer_496,East,2024-09-04,ORD_11717,328.56,2025-03-13 12:00:00
CUST_0496,Customer_496,East,2024-09-04,ORD_12296,547.67,2025-04-06 15:00:00
CUST_0497,Customer_497,East,2024-09-05,ORD_12276,62.51,2025-04-05 19:00:00
CUST_0497,Customer_497,East,2024-09-05,ORD_13308,656.07,2025-05-18 19:00:00
CUST_0497,Customer_497,East,2024-09-05,ORD_13565,287.73,2025-05-29 12:00:00
CUST_0497,Customer_497,East,2024-09-05,ORD_13574,424.46,2025-05-29 21:00:00
CUST_0497,Customer_497,East,2024-09-05,ORD_13632,675.03,2025-06-01 07:00:00
CUST_0498,Customer_498,West,2024-09-05,ORD_10685,559.81,2025-01-29 12:00:00
CUST_0498,Customer_498,West,2024-09-05,ORD_10748,302.37,2025-02-01 03:00:00
CUST_0498,Customer_498,West,2024-09-05,ORD_11204,555.21,2025-02-20 03:00:00
CUST_0498,Customer_498,West,2024-09-05,ORD_12668,368.32,2025-04-22 03:00:00
CUST_0498,Customer_498,West,2024-09-05,ORD_13812,129.73,2025-06-08 19:00:00
CUST_0499,Customer_499,North,2024-09-06,ORD_10156,571.25,2025-01-07 11:00:00
CUST_0499,Customer_499,North,2024-09-06,ORD_11022,168.58,2025-02-12 13:00:00
CUST_0499,Customer_499,North,2024-09-06,ORD_11265,219.64,2025-02-22 16:00:00
CUST_0499,Customer_499,North,2024-09-06,ORD_12595,102.67,2025-04-19 02:00:00
CUST_0499,Customer_499,North,2024-09-06,ORD_14563,548.21,2025-07-10 02:00:00
CUST_0500,Customer_500,West,2024-09-06,ORD_12686,393.41,2025-04-22 21:00:00
CUST_0500,Customer_500,West,2024-09-06,ORD_12985,356.43,2025-05-05 08:00:00
CUST_0500,Customer_500,West,2024-09-06,ORD_13742,251.12,2025-06-05 21:00:00
CUST_0500,Customer_500,West,2024-09-06,ORD_14045,308.34,2025-06-18 12:00:00
CUST_0500,Customer_500,West,2024-09-06,ORD_14180,111.94,2025-06-24 03:00:00
CUST_0501,Customer_501,East,2024-09-07,ORD_10371,674.5,2025-01-16 10:00:00
CUST_0501,Customer_501,East,2024-09-07,ORD_10925,560.68,2025-02-08 12:00:00
CUST_0501,Customer_501,East,2024-09-07,ORD_11342,465.07,2025-02-25 21:00:00
CUST_0501,Customer_501,East,2024-09-07,ORD_12659,603.78,2025-04-21 18:00:00
CUST_0501,Customer_501,East,2024-09-07,ORD_14909,713.93,2025-07-24 12:00:00
CUST_0502,Customer_502,North,2024-09-07,ORD_10059,369.3,2025-01-03 10:00:00
CUST_0502,Customer_502,North,2024-09-07,ORD_10168,728.79,2025-01-07 23:00:00
CUST_0502,Customer_502,North,2024-09-07,ORD_10913,273.31,2025-02-08 00:00:00
CUST_0502,Customer_502,North,2024-09-07,ORD_11587,412.21,2025-03-08 02:00:00
CUST_0502,Customer_502,North,2024-09-07,ORD_12711,220.89,2025-04-23 22:00:00
CUST_0503,Customer_503,North,2024-09-08,ORD_10793,612.62,2025-02-03 00:00:00
CUST_0503,Customer_503,North,2024-09-08,ORD_13342,457.47,2025-05-20 05:00:00
CUST_0503,Customer_503,North,2024-09-08,ORD_13373,61.16,2025-05-21 12:00:00
CUST_0503,Customer_503,North,2024-09-08,ORD_13998,714.19,2025-06-16 13:00:00
CUST_0503,Customer_503,North,2024-09-08,ORD_14255,700.02,2025-06-27 06:00:00
CUST_0504,Customer_504,West,2024-09-08,ORD_10469,251.37,2025-01-20 12:00:00
CUST_0504,Customer_504,West,2024-09-08,ORD_10862,152.73,2025-02-05 21:00:00
CUST_0504,Customer_504,West,2024-09-08,ORD_12862,196.11,2025-04-30 05:00:00
CUST_0504,Customer_504,West,2024-09-08,ORD_13990,309.26,2025-06-16 05:00:00
CUST_0504,Customer_504,West,2024-09-08,ORD_14628,711.84,2025-07-12 19:00:00
CUST_0505,Customer_505,East,2024-09-09,ORD_12568,645.63,2025-04-17 23:00:00
CUST_0505,Customer_505,East,2024-09-09,ORD_13502,253.3,2025-05-26 21:00:00
CUST_0505,Customer_505,East,2024-09-09,ORD_13796,677.92,2025-06-08 03:00:00
CUST_0505,Customer_505,East,2024-09-09,ORD_14720,325.14,2025-07-16 15:00:00
CUST_0505,Customer_505,East,2024-09-09,ORD_14737,253.35,2025-07-17 08:00:00
CUST_0506,Customer_506,North,2024-09-09,ORD_10643,261.01,2025-01-27 18:00:00
CUST_0506,Customer_506,North,2024-09-09,ORD_11642,749.53,2025-03-10 09:00:00
CUST_0506,Customer_506,North,2024-09-09,ORD_12455,455.37,2025-04-13 06:00:00
CUST_0506,Customer_506,North,2024-09-09,ORD_13714,60.39,2025-06-04 17:00:00
CUST_0506,Customer_506,North,2024-09-09,ORD_14317,606.59,2025-06-29 20:00:00
CUST_0507,Customer_507,West,2024-09-10,ORD_12037,728.19,2025-03-26 20:00:00
CUST_0507,Customer_507,West,2024-09-10,ORD_12066,312.71,2025-03-28 01:00:00
CUST_0507,Customer_507,West,2024-09-10,ORD_12499,319.74,2025-04-15 02:00:00
CUST_0507,Customer_507,West,2024-09-10,ORD_13686,170.53,2025-06-03 13:00:00
CUST_0507,Customer_507,West,2024-09-10,ORD_14670,447.91,2025-07-14 13:00:00
CUST_0508,Customer_508,East,2024-09-10,ORD_11481,269.95,2025-03-03 16:00:00
CUST_0508,Customer_508,East,2024-09-10,ORD_13191,216.01,2025-05-13 22:00:00
CUST_0508,Customer_508,East,2024-09-10,ORD_13490,258.43,2025-05-26 09:00:00
CUST_0508,Customer_508,East,2024-09-10,ORD_13717,477.9,2025-06-04 20:00:00
CUST_0508,Customer_508,East,2024-09-10,ORD_14599,388.46,2025-07-11 14:00:00
CUST_0509,Customer_509,West,2024-09-11,ORD_11664,141.57,2025-03-11 07:00:00
CUST_0509,Customer_509,West,2024-09-11,ORD_12052,172.79,2025-03-27 11:00:00
CUST_0509,Customer_509,West,2024-09-11,ORD_12886,447.62,2025-05-01 05:00:00
CUST_0509,Customer_509,West,2024-09-11,ORD_13390,596.0,2025-05-22 05:00:00
CUST_0509,Customer_509,West,2024-09-11,ORD_14954,440.78,2025-07-26 09:00:00
CUST_0510,Customer_510,South,2024-09-11,ORD_10790,683.97,2025-02-02 21:00:00
CUST_0510,Customer_510,South,2024-09-11,ORD_11245,435.52,2025-02-21 20:00:00
CUST_0510,Customer_510,South,2024-09-11,ORD_13001,179.91,2025-05-06 00:00:00
CUST_0510,Customer_510,South,2024-09-11,ORD_13334,270.37,2025-05-19 21:00:00
CUST_0510,Customer_510,South,2024-09-11,ORD_13875,634.52,2025-06-11 10:00:00
CUST_0511,Customer_511,North,2024-09-12,ORD_10075,467.96,2025-01-04 02:00:00
CUST_0511,Customer_511,North,2024-09-12,ORD_10502,657.32,2025-01-21 21:00:00
CUST_0511,Customer_511,North,2024-09-12,ORD_10978,686.34,2025-02-10 17:00:00
CUST_0511,Customer_511,North,2024-09-12,ORD_11648,387.1,2025-03-10 15:00:00
CUST_0511,Customer_511,North,2024-09-12,ORD_12602,744.77,2025-04-19 09:00:00
CUST_0512,Customer_512,South,2024-09-12,ORD_11359,152.69,2025-02-26 14:00:00
CUST_0512,Customer_512,South,2024-09-12,ORD_11398,477.02,2025-02-28 05:00:00
CUST_0512,Customer_512,South,2024-09-12,ORD_12799,577.21,2025-04-27 14:00:00
CUST_0512,Customer_512,South,2024-09-12,ORD_13559,42.67,2025-05-29 06:00:00
CUST_0512,Customer_512,South,2024-09-12,ORD_14118,616.32,2025-06-21 13:00:00
CUST_0513,Customer_513,East,2024-09-13,ORD_10457,290.27,2025-01-20 00:00:00
CUST_0513,Customer_513,East,2024-09-13,ORD_12035,173.39,2025-03-26 18:00:00
CUST_0513,Customer_513,East,2024-09-13,ORD_12108,312.24,2025-03-29 19:00:00
CUST_0513,Customer_513,East,2024-09-13,ORD_13837,180.4,2025-06-09 20:00:00
CUST_0513,Customer_513,East,2024-09-13,ORD_13935,123.55,2025-06-13 22:00:00
CUST_0514,Customer_514,South,2024-09-13,ORD_11043,221.16,2025-02-13 10:00:00
CUST_0514,Customer_514,South,2024-09-13,ORD_11436,623.26,2025-03-01 19:00:00
CUST_0514,Customer_514,South,2024-09-13,ORD_11652,723.98,2025-03-10 19:00:00
CUST_0514,Customer_514,South,2024-09-13,ORD_12598,368.29,2025-04-19 05:00:00
CUST_0514,Customer_514,South,2024-09-13,ORD_14555,624.72,2025-07-09 18:00:00
CUST_0515,Customer_515,South,2024-09-14,ORD_11010,154.35,2025-02-12 01:00:00
CUST_0515,Customer_515,South,2024-09-14,ORD_11809,474.46,2025-03-17 08:00:00
CUST_0515,Customer_515,South,2024-09-14,ORD_11883,93.85,2025-03-20 10:00:00
CUST_0515,Customer_515,South,2024-09-14,ORD_13868,514.26,2025-06-11 03:00:00
CUST_0515,Customer_515,South,2024-09-14,ORD_14103,602.4,2025-06-20 22:00:00
CUST_0516,Customer_516,East,2024-09-14,ORD_11207,412.9,2025-02-20 06:00:00
CUST_0516,Customer_516,East,2024-09-14,ORD_12745,677.55,2025-04-25 08:00:00
CUST_0516,Customer_516,East,2024-09-14,ORD_12938,493.11,2025-05-03 09:00:00
CUST_0516,Customer_516,East,2024-09-14,ORD_13070,433.0,2025-05-08 21:00:00
CUST_0516,Customer_516,East,2024-09-14,ORD_14223,102.56,2025-06-25 22:00:00
CUST_0517,Customer_517,West,2024-09-15,ORD_10345,527.32,2025-01-15 08:00:00
CUST_0517,Customer_517,West,2024-09-15,ORD_12485,121.03,2025-04-14 12:00:00
CUST_0517,Customer_517,West,2024-09-15,ORD_13207,417.46,2025-05-14 14:00:00
CUST_0517,Customer_517,West,2024-09-15,ORD_13645,180.1,2025-06-01 20:00:00
CUST_0517,Customer_517,West,2024-09-15,ORD_13861,207.88,2025-06-10 20:00:00
CUST_0518,Customer_518,South,2024-09-15,ORD_11529,44.4,2025-03-05 16:00:00
CUST_0518,Customer_518,South,2024-09-15,ORD_12256,168.56,2025-04-04 23:00:00
CUST_0518,Customer_518,South,2024-09-15,ORD_12372,735.96,2025-04-09 19:00:00
CUST_0518,Customer_518,South,2024-09-15,ORD_13794,285.37,2025-06-08 01:00:00
CUST_0518,Customer_518,South,2024-09-15,ORD_14498,411.42,2025-07-07 09:00:00
CUST_0519,Customer_519,West,2024-09-16,ORD_10990,460.35,2025-02-11 05:00:00
CUST_0519,Customer_519,West,2024-09-16,ORD_11588,514.3,2025-03-08 03:00:00
CUST_0519,Customer_519,West,2024-09-16,ORD_13144,547.33,2025-05-11 23:00:00
CUST_0519,Customer_519,West,2024-09-16,ORD_13613,163.4,2025-05-31 12:00:00
CUST_0519,Customer_519,West,2024-09-16,ORD_14717,469.41,2025-07-16 12:00:00
CUST_0520,Customer_520,South,2024-09-16,ORD_10513,545.88,2025-01-22 08:00:00
CUST_0520,Customer_520,South,2024-09-16,ORD_11106,528.93,2025-02-16 01:00:00
CUST_0520,Customer_520,South,2024-09-16,ORD_13158,49.63,2025-05-12 13:00:00
CUST_0520,Customer_520,South,2024-09-16,ORD_14186,606.25,2025-06-24 09:00:00
CUST_0520,Customer_520,South,2024-09-16,ORD_14790,84.24,2025-07-19 13:00:00
CUST_0521,Customer_521,West,2024-09-17,ORD_10142,272.2,2025-01-06 21:00:00
CUST_0521,Customer_521,West,2024-09-17,ORD_10587,698.03,2025-01-25 10:00:00
CUST_0521,Customer_521,West,2024-09-17,ORD_12639,658.57,2025-04-20 22:00:00
CUST_0521,Customer_521,West,2024-09-17,ORD_14171,565.12,2025-06-23 18:00:00
CUST_0521,Customer_521,West,2024-09-17,ORD_14478,34.89,2025-07-06 13:00:00
CUST_0522,Customer_522,East,2024-09-17,ORD_10822,718.71,2025-02-04 05:00:00
CUST_0522,Customer_522,East,2024-09-17,ORD_11239,393.1,2025-02-21 14:00:00
CUST_0522,Customer_522,East,2024-09-17,ORD_12578,455.13,2025-04-18 09:00:00
CUST_0522,Customer_522,East,2024-09-17,ORD_12748,378.97,2025-04-25 11:00:00
CUST_0522,Customer_522,East,2024-09-17,ORD_13185,648.99,2025-05-13 16:00:00
CUST_0523,Customer_523,South,2024-09-18,ORD_11061,337.21,2025-02-14 04:00:00
CUST_0523,Customer_523,South,2024-09-18,ORD_11638,32.35,2025-03-10 05:00:00
CUST_0523,Customer_523,South,2024-09-18,ORD_12967,159.63,2025-05-04 14:00:00
CUST_0523,Customer_523,South,2024-09-18,ORD_13186,707.8,2025-05-13 17:00:00
CUST_0523,Customer_523,South,2024-09-18,ORD_14654,577.44,2025-07-13 21:00:00
CUST_0524,Customer_524,East,2024-09-18,ORD_10245,415.13,2025-01-11 04:00:00
CUST_0524,Customer_524,East,2024-09-18,ORD_11920,375.13,2025-03-21 23:00:00
CUST_0524,Customer_524,East,2024-09-18,ORD_13020,647.62,2025-05-06 19:00:00
CUST_0524,Customer_524,East,2024-09-18,ORD_13895,215.84,2025-06-12 06:00:00
CUST_0524,Customer_524,East,2024-09-18,ORD_14908,440.15,2025-07-24 11:00:00
CUST_0525,Customer_525,South,2024-09-19,ORD_10664,143.23,2025-01-28 15:00:00
CUST_0525,Customer_525,South,2024-09-19,ORD_11607,589.91,2025-03-08 22:00:00
CUST_0525,Customer_525,South,2024-09-19,ORD_12115,641.62,2025-03-30 02:00:00
CUST_0525,Customer_525,South,2024-09-19,ORD_12155,343.14,2025-03-31 18:00:00
CUST_0525,Customer_525,South,2024-09-19,ORD_14518,424.54,2025-07-08 05:00:00
CUST_0526,Customer_526,East,2024-09-19,ORD_10422,120.83,2025-01-18 13:00:00
CUST_0526,Customer_526,East,2024-09-19,ORD_10429,248.2,2025-01-18 20:00:00
CUST_0526,Customer_526,East,2024-09-19,ORD_10941,65.22,2025-02-09 04:00:00
CUST_0526,Customer_526,East,2024-09-19,ORD_11912,638.15,2025-03-21 15:00:00
CUST_0526,Customer_526,East,2024-09-19,ORD_14886,285.65,2025-07-23 13:00:00
CUST_0527,Customer_527,East,2024-09-20,ORD_10472,240.8,2025-01-20 15:00:00
CUST_0527,Customer_527,East,2024-09-20,ORD_11548,571.02,2025-03-06 11:00:00
CUST_0527,Customer_527,East,2024-09-20,ORD_12778,469.35,2025-04-26 17:00:00
CUST_0527,Customer_527,East,2024-09-20,ORD_13578,679.23,2025-05-30 01:00:00
CUST_0527,Customer_527,East,2024-09-20,ORD_14178,67.45,2025-06-24 01:00:00
CUST_0528,Customer_528,South,2024-09-20,ORD_10259,519.55,2025-01-11 18:00:00
CUST_0528,Customer_528,South,2024-09-20,ORD_11122,646.24,2025-02-16 17:00:00
CUST_0528,Customer_528,South,2024-09-20,ORD_11774,99.92,2025-03-15 21:00:00
CUST_0528,Customer_528,South,2024-09-20,ORD_12075,536.28,2025-03-28 10:00:00
CUST_0528,Customer_528,South,2024-09-20,ORD_12664,585.02,2025-04-21 23:00:00
CUST_0529,Customer_529,South,2024-09-21,ORD_10868,163.44,2025-02-06 03:00:00
CUST_0529,Customer_529,South,2024-09-21,ORD_12137,540.93,2025-03-31 00:00:00
CUST_0529,Customer_529,South,2024-09-21,ORD_12871,77.33,2025-04-30 14:00:00
CUST_0529,Customer_529,South,2024-09-21,ORD_13453,225.18,2025-05-24 20:00:00
CUST_0529,Customer_529,South,2024-09-21,ORD_13981,701.54,2025-06-15 20:00:00
CUST_0530,Customer_530,South,2024-09-21,ORD_10409,432.15,2025-01-18 00:00:00
CUST_0530,Customer_530,South,2024-09-21,ORD_10764,665.67,2025-02-01 19:00:00
CUST_0530,Customer_530,South,2024-09-21,ORD_12533,405.13,2025-04-16 12:00:00
CUST_0530,Customer_530,South,2024-09-21,ORD_14018,294.71,2025-06-17 09:00:00
CUST_0530,Customer_530,South,2024-09-21,ORD_14585,562.63,2025-07-11 00:00:00
CUST_0531,Customer_531,North,2024-09-22,ORD_10107,389.33,2025-01-05 10:00:00
CUST_0531,Customer_531,North,2024-09-22,ORD_10155,705.89,2025-01-07 10:00:00
CUST_0531,Customer_531,North,2024-09-22,ORD_13181,558.85,2025-05-13 12:00:00
CUST_0531,Customer_531,North,2024-09-22,ORD_14292,487.72,2025-06-28 19:00:00
CUST_0531,Customer_531,North,2024-09-22,ORD_14324,180.69,2025-06-30 03:00:00
CUST_0532,Customer_532,West,2024-09-22,ORD_11518,471.35,2025-03-05 05:00:00
CUST_0532,Customer_532,West,2024-09-22,ORD_12610,630.91,2025-04-19 17:00:00
CUST_0532,Customer_532,West,2024-09-22,ORD_12843,42.68,2025-04-29 10:00:00
CUST_0532,Customer_532,West,2024-09-22,ORD_13862,526.26,2025-06-10 21:00:00
CUST_0532,Customer_532,West,2024-09-22,ORD_13964,384.72,2025-06-15 03:00:00
CUST_0533,Customer_533,North,2024-09-23,ORD_11191,436.72,2025-02-19 14:00:00
CUST_0533,Customer_533,North,2024-09-23,ORD_12219,444.97,2025-04-03 10:00:00
CUST_0533,Customer_533,North,2024-09-23,ORD_12680,163.99,2025-04-22 15:00:00
CUST_0533,Customer_533,North,2024-09-23,ORD_13358,426.48,2025-05-20 21:00:00
CUST_0533,Customer_533,North,2024-09-23,ORD_13777,78.1,2025-06-07 08:00:00
CUST_0534,Customer_534,North,2024-09-23,ORD_11184,208.92,2025-02-19 07:00:00
CUST_0534,Customer_534,North,2024-09-23,ORD_11683,410.4,2025-03-12 02:00:00
CUST_0534,Customer_534,North,2024-09-23,ORD_12030,429.96,2025-03-26 13:00:00
CUST_0534,Customer_534,North,2024-09-23,ORD_12895,308.21,2025-05-01 14:00:00
CUST_0534,Customer_534,North,2024-09-23,ORD_13528,397.87,2025-05-27 23:00:00
CUST_0535,Customer_535,East,2024-09-24,ORD_10043,531.45,2025-01-02 18:00:00
CUST_0535,Customer_535,East,2024-09-24,ORD_10568,394.4,2025-01-24 15:00:00
CUST_0535,Customer_535,East,2024-09-24,ORD_12553,235.13,2025-04-17 08:00:00
CUST_0535,Customer_535,East,2024-09-24,ORD_13321,495.08,2025-05-19 08:00:00
CUST_0535,Customer_535,East,2024-09-24,ORD_14366,540.2,2025-07-01 21:00:00
CUST_0536,Customer_536,South,2024-09-24,ORD_10237,433.19,2025-01-10 20:00:00
CUST_0536,Customer_536,South,2024-09-24,ORD_11311,305.37,2025-02-24 14:00:00
CUST_0536,Customer_536,South,2024-09-24,ORD_11766,538.61,2025-03-15 13:00:00
CUST_0536,Customer_536,South,2024-09-24,ORD_12247,526.18,2025-04-04 14:00:00
CUST_0536,Customer_536,South,2024-09-24,ORD_13669,396.64,2025-06-02 20:00:00
CUST_0537,Customer_537,West,2024-09-25,ORD_12188,197.48,2025-04-02 03:00:00
CUST_0537,Customer_537,West,2024-09-25,ORD_13314,370.0,2025-05-19 01:00:00
CUST_0537,Customer_537,West,2024-09-25,ORD_14497,213.48,2025-07-07 08:00:00
CUST_0537,Customer_537,West,2024-09-25,ORD_14644,673.94,2025-07-13 11:00:00
CUST_0537,Customer_537,West,2024-09-25,ORD_14873,501.03,2025-07-23 00:00:00
CUST_0538,Customer_538,East,2024-09-25,ORD_10567,569.04,2025-01-24 14:00:00
CUST_0538,Customer_538,East,2024-09-25,ORD_10930,468.36,2025-02-08 17:00:00
CUST_0538,Customer_538,East,2024-09-25,ORD_11208,409.33,2025-02-20 07:00:00
CUST_0538,Customer_538,East,2024-09-25,ORD_13630,268.96,2025-06-01 05:00:00
CUST_0538,Customer_538,East,2024-09-25,ORD_14544,332.45,2025-07-09 07:00:00
CUST_0539,Customer_539,North,2024-09-26,ORD_10341,279.03,2025-01-15 04:00:00
CUST_0539,Customer_539,North,2024-09-26,ORD_12688,680.0,2025-04-22 23:00:00
CUST_0539,Customer_539,North,2024-09-26,ORD_12966,317.87,2025-05-04 13:00:00
CUST_0539,Customer_539,North,2024-09-26,ORD_13245,38.03,2025-05-16 04:00:00
CUST_0539,Customer_539,North,2024-09-26,ORD_13797,139.66,2025-06-08 04:00:00
CUST_0540,Customer_540,South,2024-09-26,ORD_11628,40.53,2025-03-09 19:00:00
CUST_0540,Customer_540,South,2024-09-26,ORD_12072,292.55,2025-03-28 07:00:00
CUST_0540,Customer_540,South,2024-09-26,ORD_12109,421.41,2025-03-29 20:00:00
CUST_0540,Customer_540,South,2024-09-26,ORD_13283,506.02,2025-05-17 18:00:00
CUST_0540,Customer_540,South,2024-09-26,ORD_14353,250.76,2025-07-01 08:00:00
CUST_0541,Customer_541,East,2024-09-27,ORD_11052,302.67,2025-02-13 19:00:00
CUST_0541,Customer_541,East,2024-09-27,ORD_11192,684.0,2025-02-19 15:00:00
CUST_0541,Customer_541,East,2024-09-27,ORD_12090,490.28,2025-03-29 01:00:00
CUST_0541,Customer_541,East,2024-09-27,ORD_13045,375.08,2025-05-07 20:00:00
CUST_0541,Customer_541,East,2024-09-27,ORD_13928,628.29,2025-06-13 15:00:00
CUST_0542,Customer_542,South,2024-09-27,ORD_10749,78.82,2025-02-01 04:00:00
CUST_0542,Customer_542,South,2024-09-27,ORD_11787,741.25,2025-03-16 10:00:00
CUST_0542,Customer_542,South,2024-09-27,ORD_12326,492.69,2025-04-07 21:00:00
CUST_0542,Customer_542,South,2024-09-27,ORD_13029,367.52,2025-05-07 04:00:00
CUST_0542,Customer_542,South,2024-09-27,ORD_14136,657.7,2025-06-22 07:00:00
CUST_0543,Customer_543,East,2024-09-28,ORD_10763,419.07,2025-02-01 18:00:00
CUST_0543,Customer_543,East,2024-09-28,ORD_12275,359.65,2025-04-05 18:00:00
CUST_0543,Customer_543,East,2024-09-28,ORD_12423,326.78,2025-04-11 22:00:00
CUST_0543,Customer_543,East,2024-09-28,ORD_13406,503.24,2025-05-22 21:00:00
CUST_0543,Customer_543,East,2024-09-28,ORD_13514,48.0,2025-05-27 09:00:00
CUST_0544,Customer_544,South,2024-09-28,ORD_10114,104.06,2025-01-05 17:00:00
CUST_0544,Customer_544,South,2024-09-28,ORD_11164,265.15,2025-02-18 11:00:00
CUST_0544,Customer_544,South,2024-09-28,ORD_11315,196.41,2025-02-24 18:00:00
CUST_0544,Customer_544,South,2024-09-28,ORD_14213,135.73,2025-06-25 12:00:00
CUST_0544,Customer_544,South,2024-09-28,ORD_14714,389.19,2025-07-16 09:00:00
CUST_0545,Customer_545,North,2024-09-29,ORD_10118,501.57,2025-01-05 21:00:00
CUST_0545,Customer_545,North,2024-09-29,ORD_10127,368.51,2025-01-06 06:00:00
CUST_0545,Customer_545,North,2024-09-29,ORD_11580,163.94,2025-03-07 19:00:00
CUST_0545,Customer_545,North,2024-09-29,ORD_12400,428.17,2025-04-10 23:00:00
CUST_0545,Customer_545,North,2024-09-29,ORD_14025,605.87,2025-06-17 16:00:00
CUST_0546,Customer_546,West,2024-09-29,ORD_10026,344.2,2025-01-02 01:00:00
CUST_0546,Customer_546,West,2024-09-29,ORD_10782,563.05,2025-02-02 13:00:00
CUST_0546,Customer_546,West,2024-09-29,ORD_11093,288.82,2025-02-15 12:00:00
CUST_0546,Customer_546,West,2024-09-29,ORD_12743,392.29,2025-04-25 06:00:00
CUST_0546,Customer_546,West,2024-09-29,ORD_14396,607.11,2025-07-03 03:00:00
CUST_0547,Customer_547,North,2024-09-30,ORD_10105,65.29,2025-01-05 08:00:00
CUST_0547,Customer_547,North,2024-09-30,ORD_10711,704.79,2025-01-30 14:00:00
CUST_0547,Customer_547,North,2024-09-30,ORD_10904,164.22,2025-02-07 15:00:00
CUST_0547,Customer_547,North,2024-09-30,ORD_12906,698.81,2025-05-02 01:00:00
CUST_0547,Customer_547,North,2024-09-30,ORD_12970,607.19,2025-05-04 17:00:00
CUST_0548,Customer_548,West,2024-09-30,ORD_10408,354.72,2025-01-17 23:00:00
CUST_0548,Customer_548,West,2024-09-30,ORD_10851,259.33,2025-02-05 10:00:00
CUST_0548,Customer_548,West,2024-09-30,ORD_12944,86.38,2025-05-03 15:00:00
CUST_0548,Customer_548,West,2024-09-30,ORD_13264,329.66,2025-05-16 23:00:00
CUST_0548,Customer_548,West,2024-09-30,ORD_13660,545.21,2025-06-02 11:00:00
CUST_0549,Customer_549,South,2024-10-01,ORD_10593,473.57,2025-01-25 16:00:00
CUST_0549,Customer_549,South,2024-10-01,ORD_11681,71.61,2025-03-12 00:00:00
CUST_0549,Customer_549,South,2024-10-01,ORD_12637,250.63,2025-04-20 20:00:00
CUST_0549,Customer_549,South,2024-10-01,ORD_12695,141.87,2025-04-23 06:00:00
CUST_0549,Customer_549,South,2024-10-01,ORD_14078,275.42,2025-06-19 21:00:00
CUST_0550,Customer_550,East,2024-10-01,ORD_10412,700.17,2025-01-18 03:00:00
CUST_0550,Customer_550,East,2024-10-01,ORD_10619,744.26,2025-01-26 18:00:00
CUST_0550,Customer_550,East,2024-10-01,ORD_13059,154.01,2025-05-08 10:00:00
CUST_0550,Customer_550,East,2024-10-01,ORD_13671,706.59,2025-06-02 22:00:00
CUST_0550,Customer_550,East,2024-10-01,ORD_13865,347.16,2025-06-11 00:00:00
CUST_0551,Customer_551,North,2024-10-02,ORD_10445,170.98,2025-01-19 12:00:00
CUST_0551,Customer_551,North,2024-10-02,ORD_11066,258.14,2025-02-14 09:00:00
CUST_0551,Customer_551,North,2024-10-02,ORD_12134,623.61,2025-03-30 21:00:00
CUST_0551,Customer_551,North,2024-10-02,ORD_12674,372.02,2025-04-22 09:00:00
CUST_0551,Customer_551,North,2024-10-02,ORD_13149,734.13,2025-05-12 04:00:00
CUST_0552,Customer_552,West,2024-10-02,ORD_10488,120.23,2025-01-21 07:00:00
CUST_0552,Customer_552,West,2024-10-02,ORD_10492,568.83,2025-01-21 11:00:00
CUST_0552,Customer_552,West,2024-10-02,ORD_11675,345.5,2025-03-11 18:00:00
CUST_0552,Customer_552,West,2024-10-02,ORD_11801,25.18,2025-03-17 00:00:00
CUST_0552,Customer_552,West,2024-10-02,ORD_12087,147.38,2025-03-28 22:00:00
CUST_0553,Customer_553,North,2024-10-03,ORD_10625,314.54,2025-01-27 00:00:00
CUST_0553,Customer_553,North,2024-10-03,ORD_11795,191.06,2025-03-16 18:00:00
CUST_0553,Customer_553,North,2024-10-03,ORD_12251,260.56,2025-04-04 18:00:00
CUST_0553,Customer_553,North,2024-10-03,ORD_12354,166.86,2025-04-09 01:00:00
CUST_0553,Customer_553,North,2024-10-03,ORD_14120,499.7,2025-06-21 15:00:00
CUST_0554,Customer_554,West,2024-10-03,ORD_10396,176.22,2025-01-17 11:00:00
CUST_0554,Customer_554,West,2024-10-03,ORD_12176,418.4,2025-04-01 15:00:00
CUST_0554,Customer_554,West,2024-10-03,ORD_13357,114.74,2025-05-20 20:00:00
CUST_0554,Customer_554,West,2024-10-03,ORD_14176,170.43,2025-06-23 23:00:00
CUST_0554,Customer_554,West,2024-10-03,ORD_14538,265.95,2025-07-09 01:00:00
CUST_0555,Customer_555,North,2024-10-04,ORD_10040,113.68,2025-01-02 15:00:00
CUST_0555,Customer_555,North,2024-10-04,ORD_12106,266.36,2025-03-29 17:00:00
CUST_0555,Customer_555,North,2024-10-04,ORD_12524,272.31,2025-04-16 03:00:00
CUST_0555,Customer_555,North,2024-10-04,ORD_13072,704.52,2025-05-08 23:00:00
CUST_0555,Customer_555,North,2024-10-04,ORD_14231,185.59,2025-06-26 06:00:00
CUST_0556,Customer_556,West,2024-10-04,ORD_10564,325.85,2025-01-24 11:00:00
CUST_0556,Customer_556,West,2024-10-04,ORD_11410,102.13,2025-02-28 17:00:00
CUST_0556,Customer_556,West,2024-10-04,ORD_11605,602.95,2025-03-08 20:00:00
CUST_0556,Customer_556,West,2024-10-04,ORD_11718,544.19,2025-03-13 13:00:00
CUST_0556,Customer_556,West,2024-10-04,ORD_14192,357.71,2025-06-24 15:00:00
CUST_0557,Customer_557,West,2024-10-05,ORD_10527,102.19,2025-01-22 22:00:00
CUST_0557,Customer_557,West,2024-10-05,ORD_11155,27.67,2025-02-18 02:00:00
CUST_0557,Customer_557,West,2024-10-05,ORD_13083,329.05,2025-05-09 10:00:00
CUST_0557,Customer_557,West,2024-10-05,ORD_13200,352.11,2025-05-14 07:00:00
CUST_0557,Customer_557,West,2024-10-05,ORD_14279,245.77,2025-06-28 06:00:00
CUST_0558,Customer_558,South,2024-10-05,ORD_10947,106.12,2025-02-09 10:00:00
CUST_0558,Customer_558,South,2024-10-05,ORD_11240,345.23,2025-02-21 15:00:00
CUST_0558,Customer_558,South,2024-10-05,ORD_12308,681.86,2025-04-07 03:00:00
CUST_0558,Customer_558,South,2024-10-05,ORD_12454,409.44,2025-04-13 05:00:00
CUST_0558,Customer_558,South,2024-10-05,ORD_12670,191.96,2025-04-22 05:00:00
CUST_0559,Customer_559,West,2024-10-06,ORD_11035,625.58,2025-02-13 02:00:00
CUST_0559,Customer_559,West,2024-10-06,ORD_12795,653.02,2025-04-27 10:00:00
CUST_0559,Customer_559,West,2024-10-06,ORD_13034,190.55,2025-05-07 09:00:00
CUST_0559,Customer_559,West,2024-10-06,ORD_13673,433.77,2025-06-03 00:00:00
CUST_0559,Customer_559,West,2024-10-06,ORD_13852,683.16,2025-06-10 11:00:00
CUST_0560,Customer_560,South,2024-10-06,ORD_10329,373.18,2025-01-14 16:00:00
CUST_0560,Customer_560,South,2024-10-06,ORD_11190,264.46,2025-02-19 13:00:00
CUST_0560,Customer_560,South,2024-10-06,ORD_11950,58.16,2025-03-23 05:00:00
CUST_0560,Customer_560,South,2024-10-06,ORD_14407,321.63,2025-07-03 14:00:00
CUST_0560,Customer_560,South,2024-10-06,ORD_14552,363.96,2025-07-09 15:00:00
CUST_0561,Customer_561,West,2024-10-07,ORD_11062,654.76,2025-02-14 05:00:00
CUST_0561,Customer_561,West,2024-10-07,ORD_12933,558.96,2025-05-03 04:00:00
CUST_0561,Customer_561,West,2024-10-07,ORD_13320,630.73,2025-05-19 07:00:00
CUST_0561,Customer_561,West,2024-10-07,ORD_13464,248.62,2025-05-25 07:00:00
CUST_0561,Customer_561,West,2024-10-07,ORD_14730,89.27,2025-07-17 01:00:00
CUST_0562,Customer_562,East,2024-10-07,ORD_11005,167.31,2025-02-11 20:00:00
CUST_0562,Customer_562,East,2024-10-07,ORD_11326,64.46,2025-02-25 05:00:00
CUST_0562,Customer_562,East,2024-10-07,ORD_13516,587.85,2025-05-27 11:00:00
CUST_0562,Customer_562,East,2024-10-07,ORD_14300,432.5,2025-06-29 03:00:00
CUST_0562,Customer_562,East,2024-10-07,ORD_14901,437.06,2025-07-24 04:00:00
CUST_0563,Customer_563,East,2024-10-08,ORD_10709,160.17,2025-01-30 12:00:00
CUST_0563,Customer_563,East,2024-10-08,ORD_12543,73.1,2025-04-16 22:00:00
CUST_0563,Customer_563,East,2024-10-08,ORD_13231,314.03,2025-05-15 14:00:00
CUST_0563,Customer_563,East,2024-10-08,ORD_14614,34.32,2025-07-12 05:00:00
CUST_0563,Customer_563,East,2024-10-08,ORD_14975,361.53,2025-07-27 06:00:00
CUST_0564,Customer_564,East,2024-10-08,ORD_11202,348.46,2025-02-20 01:00:00
CUST_0564,Customer_564,East,2024-10-08,ORD_11520,533.39,2025-03-05 07:00:00
CUST_0564,Customer_564,East,2024-10-08,ORD_11987,76.56,2025-03-24 18:00:00
CUST_0564,Customer_564,East,2024-10-08,ORD_12020,317.41,2025-03-26 03:00:00
CUST_0564,Customer_564,East,2024-10-08,ORD_14202,361.54,2025-06-25 01:00:00
CUST_0565,Customer_565,West,2024-10-09,ORD_10367,476.75,2025-01-16 06:00:00
CUST_0565,Customer_565,West,2024-10-09,ORD_10669,702.4,2025-01-28 20:00:00
CUST_0565,Customer_565,West,2024-10-09,ORD_11384,418.16,2025-02-27 15:00:00
CUST_0565,Customer_565,West,2024-10-09,ORD_12335,372.22,2025-04-08 06:00:00
CUST_0565,Customer_565,West,2024-10-09,ORD_13234,334.62,2025-05-15 17:00:00
CUST_0566,Customer_566,South,2024-10-09,ORD_11748,358.67,2025-03-14 19:00:00
CUST_0566,Customer_566,South,2024-10-09,ORD_12398,381.22,2025-04-10 21:00:00
CUST_0566,Customer_566,South,2024-10-09,ORD_14174,115.58,2025-06-23 21:00:00
CUST_0566,Customer_566,South,2024-10-09,ORD_14456,648.7,2025-07-05 15:00:00
CUST_0566,Customer_566,South,2024-10-09,ORD_14684,270.42,2025-07-15 03:00:00
CUST_0567,Customer_567,South,2024-10-10,ORD_11314,604.1,2025-02-24 17:00:00
CUST_0567,Customer_567,South,2024-10-10,ORD_12104,358.58,2025-03-29 15:00:00
CUST_0567,Customer_567,South,2024-10-10,ORD_12667,600.75,2025-04-22 02:00:00
CUST_0567,Customer_567,South,2024-10-10,ORD_13092,503.19,2025-05-09 19:00:00
CUST_0567,Customer_567,South,2024-10-10,ORD_13538,88.37,2025-05-28 09:00:00
CUST_0568,Customer_568,West,2024-10-10,ORD_10945,58.5,2025-02-09 08:00:00
CUST_0568,Customer_568,West,2024-10-10,ORD_11374,629.06,2025-02-27 05:00:00
CUST_0568,Customer_568,West,2024-10-10,ORD_12038,36.05,2025-03-26 21:00:00
CUST_0568,Customer_568,West,2024-10-10,ORD_12779,48.88,2025-04-26 18:00:00
CUST_0568,Customer_568,West,2024-10-10,ORD_14906,49.77,2025-07-24 09:00:00
CUST_0569,Customer_569,East,2024-10-11,ORD_11027,45.13,2025-02-12 18:00:00
CUST_0569,Customer_569,East,2024-10-11,ORD_11458,49.05,2025-03-02 17:00:00
CUST_0569,Customer_569,East,2024-10-11,ORD_11567,710.37,2025-03-07 06:00:00
CUST_0569,Customer_569,East,2024-10-11,ORD_12427,663.32,2025-04-12 02:00:00
CUST_0569,Customer_569,East,2024-10-11,ORD_14313,260.88,2025-06-29 16:00:00
CUST_0570,Customer_570,East,2024-10-11,ORD_10057,723.34,2025-01-03 08:00:00
CUST_0570,Customer_570,East,2024-10-11,ORD_10873,646.29,2025-02-06 08:00:00
CUST_0570,Customer_570,East,2024-10-11,ORD_11830,56.4,2025-03-18 05:00:00
CUST_0570,Customer_570,East,2024-10-11,ORD_12422,302.12,2025-04-11 21:00:00
CUST_0570,Customer_570,East,2024-10-11,ORD_12618,598.77,2025-04-20 01:00:00
CUST_0571,Customer_571,South,2024-10-12,ORD_10848,69.96,2025-02-05 07:00:00
CUST_0571,Customer_571,South,2024-10-12,ORD_12675,399.84,2025-04-22 10:00:00
CUST_0571,Customer_571,South,2024-10-12,ORD_12853,473.7,2025-04-29 20:00:00
CUST_0571,Customer_571,South,2024-10-12,ORD_14122,466.39,2025-06-21 17:00:00
CUST_0571,Customer_571,South,2024-10-12,ORD_14627,320.33,2025-07-12 18:00:00
CUST_0572,Customer_572,East,2024-10-12,ORD_10183,614.5,2025-01-08 14:00:00
CUST_0572,Customer_572,East,2024-10-12,ORD_10902,264.14,2025-02-07 13:00:00
CUST_0572,Customer_572,East,2024-10-12,ORD_12581,85.48,2025-04-18 12:00:00
CUST_0572,Customer_572,East,2024-10-12,ORD_13023,196.49,2025-05-06 22:00:00
CUST_0572,Customer_572,East,2024-10-12,ORD_14253,718.49,2025-06-27 04:00:00
CUST_0573,Customer_573,North,2024-10-13,ORD_10723,614.5,2025-01-31 02:00:00
CUST_0573,Customer_573,North,2024-10-13,ORD_12877,598.64,2025-04-30 20:00:00
CUST_0573,Customer_573,North,2024-10-13,ORD_12912,676.72,2025-05-02 07:00:00
CUST_0573,Customer_573,North,2024-10-13,ORD_14308,709.84,2025-06-29 11:00:00
CUST_0573,Customer_573,North,2024-10-13,ORD_14912,180.68,2025-07-24 15:00:00
CUST_0574,Customer_574,South,2024-10-13,ORD_10699,306.32,2025-01-30 02:00:00
CUST_0574,Customer_574,South,2024-10-13,ORD_10962,579.62,2025-02-10 01:00:00
CUST_0574,Customer_574,South,2024-10-13,ORD_12441,55.88,2025-04-12 16:00:00
CUST_0574,Customer_574,South,2024-10-13,ORD_12655,100.7,2025-04-21 14:00:00
CUST_0574,Customer_574,South,2024-10-13,ORD_13526,664.47,2025-05-27 21:00:00
CUST_0575,Customer_575,East,2024-10-14,ORD_11295,178.84,2025-02-23 22:00:00
CUST_0575,Customer_575,East,2024-10-14,ORD_11824,597.66,2025-03-17 23:00:00
CUST_0575,Customer_575,East,2024-10-14,ORD_12816,716.2,2025-04-28 07:00:00
CUST_0575,Customer_575,East,2024-10-14,ORD_13832,554.14,2025-06-09 15:00:00
CUST_0575,Customer_575,East,2024-10-14,ORD_14645,62.19,2025-07-13 12:00:00
CUST_0576,Customer_576,South,2024-10-14,ORD_10342,589.56,2025-01-15 05:00:00
CUST_0576,Customer_576,South,2024-10-14,ORD_10450,564.01,2025-01-19 17:00:00
CUST_0576,Customer_576,South,2024-10-14,ORD_10950,636.12,2025-02-09 13:00:00
CUST_0576,Customer_576,South,2024-10-14,ORD_12626,484.36,2025-04-20 09:00:00
CUST_0576,Customer_576,South,2024-10-14,ORD_13945,343.62,2025-06-14 08:00:00
CUST_0577,Customer_577,North,2024-10-15,ORD_10516,356.46,2025-01-22 11:00:00
CUST_0577,Customer_577,North,2024-10-15,ORD_10741,519.23,2025-01-31 20:00:00
CUST_0577,Customer_577,North,2024-10-15,ORD_10960,287.76,2025-02-09 23:00:00
CUST_0577,Customer_577,North,2024-10-15,ORD_11356,189.99,2025-02-26 11:00:00
CUST_0577,Customer_577,North,2024-10-15,ORD_11545,134.44,2025-03-06 08:00:00
CUST_0578,Customer_578,South,2024-10-15,ORD_10563,493.59,2025-01-24 10:00:00
CUST_0578,Customer_578,South,2024-10-15,ORD_11589,518.35,2025-03-08 04:00:00
CUST_0578,Customer_578,South,2024-10-15,ORD_11832,412.43,2025-03-18 07:00:00
CUST_0578,Customer_578,South,2024-10-15,ORD_12273,388.73,2025-04-05 16:00:00
CUST_0578,Customer_578,South,2024-10-15,ORD_12823,363.7,2025-04-28 14:00:00
CUST_0579,Customer_579,South,2024-10-16,ORD_10620,646.0,2025-01-26 19:00:00
CUST_0579,Customer_579,South,2024-10-16,ORD_11889,192.05,2025-03-20 16:00:00
CUST_0579,Customer_579,South,2024-10-16,ORD_12559,617.11,2025-04-17 14:00:00
CUST_0579,Customer_579,South,2024-10-16,ORD_13449,742.86,2025-05-24 16:00:00
CUST_0579,Customer_579,South,2024-10-16,ORD_13989,66.38,2025-06-16 04:00:00
CUST_0580,Customer_580,South,2024-10-16,ORD_10081,487.9,2025-01-04 08:00:00
CUST_0580,Customer_580,South,2024-10-16,ORD_11428,492.56,2025-03-01 11:00:00
CUST_0580,Customer_580,South,2024-10-16,ORD_11953,658.31,2025-03-23 08:00:00
CUST_0580,Customer_580,South,2024-10-16,ORD_12561,417.91,2025-04-17 16:00:00
CUST_0580,Customer_580,South,2024-10-16,ORD_13271,152.72,2025-05-17 06:00:00
CUST_0581,Customer_581,South,2024-10-17,ORD_12033,252.74,2025-03-26 16:00:00
CUST_0581,Customer_581,South,2024-10-17,ORD_12513,236.21,2025-04-15 16:00:00
CUST_0581,Customer_581,South,2024-10-17,ORD_12727,268.36,2025-04-24 14:00:00
CUST_0581,Customer_581,South,2024-10-17,ORD_13134,436.33,2025-05-11 13:00:00
CUST_0581,Customer_581,South,2024-10-17,ORD_13631,606.41,2025-06-01 06:00:00
CUST_0582,Customer_582,North,2024-10-17,ORD_12927,74.33,2025-05-02 22:00:00
CUST_0582,Customer_582,North,2024-10-17,ORD_12942,246.19,2025-05-03 13:00:00
CUST_0582,Customer_582,North,2024-10-17,ORD_13088,267.14,2025-05-09 15:00:00
CUST_0582,Customer_582,North,2024-10-17,ORD_13640,269.61,2025-06-01 15:00:00
CUST_0582,Customer_582,North,2024-10-17,ORD_14961,612.2,2025-07-26 16:00:00
CUST_0583,Customer_583,West,2024-10-18,ORD_11138,356.06,2025-02-17 09:00:00
CUST_0583,Customer_583,West,2024-10-18,ORD_11349,263.66,2025-02-26 04:00:00
CUST_0583,Customer_583,West,2024-10-18,ORD_11435,284.47,2025-03-01 18:00:00
CUST_0583,Customer_583,West,2024-10-18,ORD_12446,300.33,2025-04-12 21:00:00
CUST_0583,Customer_583,West,2024-10-18,ORD_13849,219.41,2025-06-10 08:00:00
CUST_0584,Customer_584,South,2024-10-18,ORD_10086,281.79,2025-01-04 13:00:00
CUST_0584,Customer_584,South,2024-10-18,ORD_10663,647.54,2025-01-28 14:00:00
CUST_0584,Customer_584,South,2024-10-18,ORD_13151,375.85,2025-05-12 06:00:00
CUST_0584,Customer_584,South,2024-10-18,ORD_14167,461.72,2025-06-23 14:00:00
CUST_0584,Customer_584,South,2024-10-18,ORD_14571,524.8,2025-07-10 10:00:00
CUST_0585,Customer_585,South,2024-10-19,ORD_10022,249.89,2025-01-01 21:00:00
CUST_0585,Customer_585,South,2024-10-19,ORD_10423,647.15,2025-01-18 14:00:00
CUST_0585,Customer_585,South,2024-10-19,ORD_11721,190.1,2025-03-13 16:00:00
CUST_0585,Customer_585,South,2024-10-19,ORD_12458,402.0,2025-04-13 09:00:00
CUST_0585,Customer_585,South,2024-10-19,ORD_13349,77.19,2025-05-20 12:00:00
CUST_0586,Customer_586,East,2024-10-19,ORD_11513,478.69,2025-03-05 00:00:00
CUST_0586,Customer_586,East,2024-10-19,ORD_12784,254.01,2025-04-26 23:00:00
CUST_0586,Customer_586,East,2024-10-19,ORD_13154,114.2,2025-05-12 09:00:00
CUST_0586,Customer_586,East,2024-10-19,ORD_13446,549.19,2025-05-24 13:00:00
CUST_0586,Customer_586,East,2024-10-19,ORD_14254,384.3,2025-06-27 05:00:00
CUST_0587,Customer_587,South,2024-10-20,ORD_10401,494.05,2025-01-17 16:00:00
CUST_0587,Customer_587,South,2024-10-20,ORD_10929,398.15,2025-02-08 16:00:00
CUST_0587,Customer_587,South,2024-10-20,ORD_11705,720.61,2025-03-13 00:00:00
CUST_0587,Customer_587,South,2024-10-20,ORD_13788,211.63,2025-06-07 19:00:00
CUST_0587,Customer_587,South,2024-10-20,ORD_14900,309.98,2025-07-24 03:00:00
CUST_0588,Customer_588,East,2024-10-20,ORD_10235,71.94,2025-01-10 18:00:00
CUST_0588,Customer_588,East,2024-10-20,ORD_10277,551.92,2025-01-12 12:00:00
CUST_0588,Customer_588,East,2024-10-20,ORD_11212,642.92,2025-02-20 11:00:00
CUST_0588,Customer_588,East,2024-10-20,ORD_11496,258.52,2025-03-04 07:00:00
CUST_0588,Customer_588,East,2024-10-20,ORD_13844,497.99,2025-06-10 03:00:00
CUST_0589,Customer_589,West,2024-10-21,ORD_11123,242.58,2025-02-16 18:00:00
CUST_0589,Customer_589,West,2024-10-21,ORD_11173,443.28,2025-02-18 20:00:00
CUST_0589,Customer_589,West,2024-10-21,ORD_13098,227.69,2025-05-10 01:00:00
CUST_0589,Customer_589,West,2024-10-21,ORD_13454,507.65,2025-05-24 21:00:00
CUST_0589,Customer_589,West,2024-10-21,ORD_14268,117.47,2025-06-27 19:00:00
CUST_0590,Customer_590,North,2024-10-21,ORD_10240,720.65,2025-01-10 23:00:00
CUST_0590,Customer_590,North,2024-10-21,ORD_11712,34.58,2025-03-13 07:00:00
CUST_0590,Customer_590,North,2024-10-21,ORD_12479,145.33,2025-04-14 06:00:00
CUST_0590,Customer_590,North,2024-10-21,ORD_13897,534.7,2025-06-12 08:00:00
CUST_0590,Customer_590,North,2024-10-21,ORD_14121,286.52,2025-06-21 16:00:00
CUST_0591,Customer_591,North,2024-10-22,ORD_11371,580.47,2025-02-27 02:00:00
CUST_0591,Customer_591,North,2024-10-22,ORD_12850,506.94,2025-04-29 17:00:00
CUST_0591,Customer_591,North,2024-10-22,ORD_13780,642.94,2025-06-07 11:00:00
CUST_0591,Customer_591,North,2024-10-22,ORD_14185,472.19,2025-06-24 08:00:00
CUST_0591,Customer_591,North,2024-10-22,ORD_14432,271.49,2025-07-04 15:00:00
CUST_0592,Customer_592,West,2024-10-22,ORD_10007,280.32,2025-01-01 06:00:00
CUST_0592,Customer_592,West,2024-10-22,ORD_10610,27.23,2025-01-26 09:00:00
CUST_0592,Customer_592,West,2024-10-22,ORD_11074,238.95,2025-02-14 17:00:00
CUST_0592,Customer_592,West,2024-10-22,ORD_14031,553.28,2025-06-17 22:00:00
CUST_0592,Customer_592,West,2024-10-22,ORD_14146,71.77,2025-06-22 17:00:00
CUST_0593,Customer_593,North,2024-10-23,ORD_10512,158.11,2025-01-22 07:00:00
CUST_0593,Customer_593,North,2024-10-23,ORD_10981,202.31,2025-02-10 20:00:00
CUST_0593,Customer_593,North,2024-10-23,ORD_10996,444.66,2025-02-11 11:00:00
CUST_0593,Customer_593,North,2024-10-23,ORD_12879,380.14,2025-04-30 22:00:00
CUST_0593,Customer_593,North,2024-10-23,ORD_13474,648.55,2025-05-25 17:00:00
CUST_0594,Customer_594,West,2024-10-23,ORD_11515,97.12,2025-03-05 02:00:00
CUST_0594,Customer_594,West,2024-10-23,ORD_13329,382.93,2025-05-19 16:00:00
CUST_0594,Customer_594,West,2024-10-23,ORD_13461,476.1,2025-05-25 04:00:00
CUST_0594,Customer_594,West,2024-10-23,ORD_13702,106.48,2025-06-04 05:00:00
CUST_0594,Customer_594,West,2024-10-23,ORD_14437,181.71,2025-07-04 20:00:00
CUST_0595,Customer_595,West,2024-10-24,ORD_10796,639.38,2025-02-03 03:00:00
CUST_0595,Customer_595,West,2024-10-24,ORD_11583,694.32,2025-03-07 22:00:00
CUST_0595,Customer_595,West,2024-10-24,ORD_12081,739.73,2025-03-28 16:00:00
CUST_0595,Customer_595,West,2024-10-24,ORD_12141,335.44,2025-03-31 04:00:00
CUST_0595,Customer_595,West,2024-10-24,ORD_14123,528.1,2025-06-21 18:00:00
CUST_0596,Customer_596,West,2024-10-24,ORD_10660,76.84,2025-01-28 11:00:00
CUST_0596,Customer_596,West,2024-10-24,ORD_11929,45.67,2025-03-22 08:00:00
CUST_0596,Customer_596,West,2024-10-24,ORD_12646,310.89,2025-04-21 05:00:00
CUST_0596,Customer_596,West,2024-10-24,ORD_12653,404.58,2025-04-21 12:00:00
CUST_0596,Customer_596,West,2024-10-24,ORD_12700,323.89,2025-04-23 11:00:00
CUST_0597,Customer_597,North,2024-10-25,ORD_11279,440.88,2025-02-23 06:00:00
CUST_0597,Customer_597,North,2024-10-25,ORD_12508,194.74,2025-04-15 11:00:00
CUST_0597,Customer_597,North,2024-10-25,ORD_12881,738.56,2025-05-01 00:00:00
CUST_0597,Customer_597,North,2024-10-25,ORD_13324,617.07,2025-05-19 11:00:00
CUST_0597,Customer_597,North,2024-10-25,ORD_14902,715.78,2025-07-24 05:00:00
CUST_0598,Customer_598,East,2024-10-25,ORD_10693,220.01,2025-01-29 20:00:00
CUST_0598,Customer_598,East,2024-10-25,ORD_12919,458.7,2025-05-02 14:00:00
CUST_0598,Customer_598,East,2024-10-25,ORD_13147,379.73,2025-05-12 02:00:00
CUST_0598,Customer_598,East,2024-10-25,ORD_13787,266.16,2025-06-07 18:00:00
CUST_0598,Customer_598,East,2024-10-25,ORD_13972,145.35,2025-06-15 11:00:00
CUST_0599,Customer_599,West,2024-10-26,ORD_10234,65.29,2025-01-10 17:00:00
CUST_0599,Customer_599,West,2024-10-26,ORD_10628,266.25,2025-01-27 03:00:00
CUST_0599,Customer_599,West,2024-10-26,ORD_11014,470.13,2025-02-12 05:00:00
CUST_0599,Customer_599,West,2024-10-26,ORD_11491,633.45,2025-03-04 02:00:00
CUST_0599,Customer_599,West,2024-10-26,ORD_14272,575.31,2025-06-27 23:00:00
CUST_0600,Customer_600,South,2024-10-26,ORD_10504,59.15,2025-01-21 23:00:00
CUST_0600,Customer_600,South,2024-10-26,ORD_11654,238.58,2025-03-10 21:00:00
CUST_0600,Customer_600,South,2024-10-26,ORD_12080,108.6,2025-03-28 15:00:00
CUST_0600,Customer_600,South,2024-10-26,ORD_12971,68.06,2025-05-04 18:00:00
CUST_0600,Customer_600,South,2024-10-26,ORD_14230,144.66,2025-06-26 05:00:00
CUST_0601,Customer_601,North,2024-10-27,ORD_12809,282.67,2025-04-28 00:00:00
CUST_0601,Customer_601,North,2024-10-27,ORD_13413,611.74,2025-05-23 04:00:00
CUST_0601,Customer_601,North,2024-10-27,ORD_13437,107.72,2025-05-24 04:00:00
CUST_0601,Customer_601,North,2024-10-27,ORD_13871,470.94,2025-06-11 06:00:00
CUST_0601,Customer_601,North,2024-10-27,ORD_14753,708.65,2025-07-18 00:00:00
CUST_0602,Customer_602,West,2024-10-27,ORD_11970,501.0,2025-03-24 01:00:00
CUST_0602,Customer_602,West,2024-10-27,ORD_12977,662.01,2025-05-05 00:00:00
CUST_0602,Customer_602,West,2024-10-27,ORD_12988,375.1,2025-05-05 11:00:00
CUST_0602,Customer_602,West,2024-10-27,ORD_13368,464.91,2025-05-21 07:00:00
CUST_0602,Customer_602,West,2024-10-27,ORD_13699,468.61,2025-06-04 02:00:00
CUST_0603,Customer_603,West,2024-10-28,ORD_10135,556.09,2025-01-06 14:00:00
CUST_0603,Customer_603,West,2024-10-28,ORD_11387,600.36,2025-02-27 18:00:00
CUST_0603,Customer_603,West,2024-10-28,ORD_13460,157.17,2025-05-25 03:00:00
CUST_0603,Customer_603,West,2024-10-28,ORD_13921,263.36,2025-06-13 08:00:00
CUST_0603,Customer_603,West,2024-10-28,ORD_14443,509.65,2025-07-05 02:00:00
CUST_0604,Customer_604,South,2024-10-28,ORD_12277,211.46,2025-04-05 20:00:00
CUST_0604,Customer_604,South,2024-10-28,ORD_12793,246.32,2025-04-27 08:00:00
CUST_0604,Customer_604,South,2024-10-28,ORD_13049,415.49,2025-05-08 00:00:00
CUST_0604,Customer_604,South,2024-10-28,ORD_14225,339.03,2025-06-26 00:00:00
CUST_0604,Customer_604,South,2024-10-28,ORD_14669,537.8,2025-07-14 12:00:00
CUST_0605,Customer_605,East,2024-10-29,ORD_11221,290.81,2025-02-20 20:00:00
CUST_0605,Customer_605,East,2024-10-29,ORD_11859,722.51,2025-03-19 10:00:00
CUST_0605,Customer_605,East,2024-10-29,ORD_11930,255.9,2025-03-22 09:00:00
CUST_0605,Customer_605,East,2024-10-29,ORD_11979,594.31,2025-03-24 10:00:00
CUST_0605,Customer_605,East,2024-10-29,ORD_12110,472.3,2025-03-29 21:00:00
CUST_0606,Customer_606,East,2024-10-29,ORD_10680,524.61,2025-01-29 07:00:00
CUST_0606,Customer_606,East,2024-10-29,ORD_12305,747.7,2025-04-07 00:00:00
CUST_0606,Customer_606,East,2024-10-29,ORD_12449,218.79,2025-04-13 00:00:00
CUST_0606,Customer_606,East,2024-10-29,ORD_12535,190.23,2025-04-16 14:00:00
CUST_0606,Customer_606,East,2024-10-29,ORD_14214,613.27,2025-06-25 13:00:00
CUST_0607,Customer_607,East,2024-10-30,ORD_10289,224.84,2025-01-13 00:00:00
CUST_0607,Customer_607,East,2024-10-30,ORD_10316,747.46,2025-01-14 03:00:00
CUST_0607,Customer_607,East,2024-10-30,ORD_10377,455.77,2025-01-16 16:00:00
CUST_0607,Customer_607,East,2024-10-30,ORD_10892,551.17,2025-02-07 03:00:00
CUST_0607,Customer_607,East,2024-10-30,ORD_14562,69.49,2025-07-10 01:00:00
CUST_0608,Customer_608,West,2024-10-30,ORD_12742,129.06,2025-04-25 05:00:00
CUST_0608,Customer_608,West,2024-10-30,ORD_12773,320.72,2025-04-26 12:00:00
CUST_0608,Customer_608,West,2024-10-30,ORD_14041,703.37,2025-06-18 08:00:00
CUST_0608,Customer_608,West,2024-10-30,ORD_14431,146.16,2025-07-04 14:00:00
CUST_0608,Customer_608,West,2024-10-30,ORD_14853,700.32,2025-07-22 04:00:00
CUST_0609,Customer_609,West,2024-10-31,ORD_10252,144.02,2025-01-11 11:00:00
CUST_0609,Customer_609,West,2024-10-31,ORD_11711,26.29,2025-03-13 06:00:00
CUST_0609,Customer_609,West,2024-10-31,ORD_12962,663.48,2025-05-04 09:00:00
CUST_0609,Customer_609,West,2024-10-31,ORD_13365,746.7,2025-05-21 04:00:00
CUST_0609,Customer_609,West,2024-10-31,ORD_14461,202.4,2025-07-05 20:00:00
CUST_0610,Customer_610,West,2024-10-31,ORD_11301,472.77,2025-02-24 04:00:00
CUST_0610,Customer_610,West,2024-10-31,ORD_12381,629.73,2025-04-10 04:00:00
CUST_0610,Customer_610,West,2024-10-31,ORD_13291,186.1,2025-05-18 02:00:00
CUST_0610,Customer_610,West,2024-10-31,ORD_14027,237.87,2025-06-17 18:00:00
CUST_0610,Customer_610,West,2024-10-31,ORD_14508,291.17,2025-07-07 19:00:00
CUST_0611,Customer_611,North,2024-11-01,ORD_12726,472.6,2025-04-24 13:00:00
CUST_0611,Customer_611,North,2024-11-01,ORD_12852,272.3,2025-04-29 19:00:00
CUST_0611,Customer_611,North,2024-11-01,ORD_13369,619.02,2025-05-21 08:00:00
CUST_0611,Customer_611,North,2024-11-01,ORD_14327,144.9,2025-06-30 06:00:00
CUST_0611,Customer_611,North,2024-11-01,ORD_14996,722.0,2025-07-28 03:00:00
CUST_0612,Customer_612,South,2024-11-01,ORD_10091,579.56,2025-01-04 18:00:00
CUST_0612,Customer_612,South,2024-11-01,ORD_11696,88.3,2025-03-12 15:00:00
CUST_0612,Customer_612,South,2024-11-01,ORD_12009,43.7,2025-03-25 16:00:00
CUST_0612,Customer_612,South,2024-11-01,ORD_12433,435.31,2025-04-12 08:00:00
CUST_0612,Customer_612,South,2024-11-01,ORD_12548,430.17,2025-04-17 03:00:00
CUST_0613,Customer_613,West,2024-11-02,ORD_10391,469.26,2025-01-17 06:00:00
CUST_0613,Customer_613,West,2024-11-02,ORD_11611,334.0,2025-03-09 02:00:00
CUST_0613,Customer_613,West,2024-11-02,ORD_12777,433.1,2025-04-26 16:00:00
CUST_0613,Customer_613,West,2024-11-02,ORD_13633,398.3,2025-06-01 08:00:00
CUST_0613,Customer_613,West,2024-11-02,ORD_13771,108.52,2025-06-07 02:00:00
CUST_0614,Customer_614,South,2024-11-02,ORD_10479,518.25,2025-01-20 22:00:00
CUST_0614,Customer_614,South,2024-11-02,ORD_10637,232.69,2025-01-27 12:00:00
CUST_0614,Customer_614,South,2024-11-02,ORD_11421,549.49,2025-03-01 04:00:00
CUST_0614,Customer_614,South,2024-11-02,ORD_12091,495.03,2025-03-29 02:00:00
CUST_0614,Customer_614,South,2024-11-02,ORD_14359,555.33,2025-07-01 14:00:00
CUST_0615,Customer_615,South,2024-11-03,ORD_10474,645.78,2025-01-20 17:00:00
CUST_0615,Customer_615,South,2024-11-03,ORD_11269,301.99,2025-02-22 20:00:00
CUST_0615,Customer_615,South,2024-11-03,ORD_12170,548.18,2025-04-01 09:00:00
CUST_0615,Customer_615,South,2024-11-03,ORD_12917,588.32,2025-05-02 12:00:00
CUST_0615,Customer_615,South,2024-11-03,ORD_14415,675.12,2025-07-03 22:00:00
CUST_0616,Customer_616,East,2024-11-03,ORD_11636,455.11,2025-03-10 03:00:00
CUST_0616,Customer_616,East,2024-11-03,ORD_12064,382.46,2025-03-27 23:00:00
CUST_0616,Customer_616,East,2024-11-03,ORD_12804,569.49,2025-04-27 19:00:00
CUST_0616,Customer_616,East,2024-11-03,ORD_13288,36.82,2025-05-17 23:00:00
CUST_0616,Customer_616,East,2024-11-03,ORD_13542,243.55,2025-05-28 13:00:00
CUST_0617,Customer_617,North,2024-11-04,ORD_10073,204.19,2025-01-04 00:00:00
CUST_0617,Customer_617,North,2024-11-04,ORD_10943,107.02,2025-02-09 06:00:00
CUST_0617,Customer_617,North,2024-11-04,ORD_12053,72.94,2025-03-27 12:00:00
CUST_0617,Customer_617,North,2024-11-04,ORD_12375,174.61,2025-04-09 22:00:00
CUST_0617,Customer_617,North,2024-11-04,ORD_14417,663.75,2025-07-04 00:00:00
CUST_0618,Customer_618,West,2024-11-04,ORD_10798,599.57,2025-02-03 05:00:00
CUST_0618,Customer_618,West,2024-11-04,ORD_11232,611.28,2025-02-21 07:00:00
CUST_0618,Customer_618,West,2024-11-04,ORD_12034,453.25,2025-03-26 17:00:00
CUST_0618,Customer_618,West,2024-11-04,ORD_12284,546.66,2025-04-06 03:00:00
CUST_0618,Customer_618,West,2024-11-04,ORD_12940,497.42,2025-05-03 11:00:00
CUST_0619,Customer_619,East,2024-11-05,ORD_10106,267.69,2025-01-05 09:00:00
CUST_0619,Customer_619,East,2024-11-05,ORD_11201,208.07,2025-02-20 00:00:00
CUST_0619,Customer_619,East,2024-11-05,ORD_11924,712.98,2025-03-22 03:00:00
CUST_0619,Customer_619,East,2024-11-05,ORD_13018,539.12,2025-05-06 17:00:00
CUST_0619,Customer_619,East,2024-11-05,ORD_14731,263.1,2025-07-17 02:00:00
CUST_0620,Customer_620,East,2024-11-05,ORD_12205,398.29,2025-04-02 20:00:00
CUST_0620,Customer_620,East,2024-11-05,ORD_12705,699.99,2025-04-23 16:00:00
CUST_0620,Customer_620,East,2024-11-05,ORD_12950,629.97,2025-05-03 21:00:00
CUST_0620,Customer_620,East,2024-11-05,ORD_13415,504.57,2025-05-23 06:00:00
CUST_0620,Customer_620,East,2024-11-05,ORD_13925,322.84,2025-06-13 12:00:00
CUST_0621,Customer_621,West,2024-11-06,ORD_10097,351.55,2025-01-05 00:00:00
CUST_0621,Customer_621,West,2024-11-06,ORD_10727,193.36,2025-01-31 06:00:00
CUST_0621,Customer_621,West,2024-11-06,ORD_11330,260.45,2025-02-25 09:00:00
CUST_0621,Customer_621,West,2024-11-06,ORD_13183,438.65,2025-05-13 14:00:00
CUST_0621,Customer_621,West,2024-11-06,ORD_14340,86.78,2025-06-30 19:00:00
CUST_0622,Customer_622,South,2024-11-06,ORD_10667,393.6,2025-01-28 18:00:00
CUST_0622,Customer_622,South,2024-11-06,ORD_11313,716.91,2025-02-24 16:00:00
CUST_0622,Customer_622,South,2024-11-06,ORD_12285,707.13,2025-04-06 04:00:00
CUST_0622,Customer_622,South,2024-11-06,ORD_12965,690.35,2025-05-04 12:00:00
CUST_0622,Customer_622,South,2024-11-06,ORD_14652,112.38,2025-07-13 19:00:00
CUST_0623,Customer_623,East,2024-11-07,ORD_10447,247.9,2025-01-19 14:00:00
CUST_0623,Customer_623,East,2024-11-07,ORD_10961,92.63,2025-02-10 00:00:00
CUST_0623,Customer_623,East,2024-11-07,ORD_13469,347.34,2025-05-25 12:00:00
CUST_0623,Customer_623,East,2024-11-07,ORD_13973,406.78,2025-06-15 12:00:00
CUST_0623,Customer_623,East,2024-11-07,ORD_14458,349.63,2025-07-05 17:00:00
CUST_0624,Customer_624,South,2024-11-07,ORD_10437,579.08,2025-01-19 04:00:00
CUST_0624,Customer_624,South,2024-11-07,ORD_10600,158.61,2025-01-25 23:00:00
CUST_0624,Customer_624,South,2024-11-07,ORD_13295,74.85,2025-05-18 06:00:00
CUST_0624,Customer_624,South,2024-11-07,ORD_13760,115.16,2025-06-06 15:00:00
CUST_0624,Customer_624,South,2024-11-07,ORD_13809,406.76,2025-06-08 16:00:00
CUST_0625,Customer_625,North,2024-11-08,ORD_10018,463.21,2025-01-01 17:00:00
CUST_0625,Customer_625,North,2024-11-08,ORD_10139,454.52,2025-01-06 18:00:00
CUST_0625,Customer_625,North,2024-11-08,ORD_12424,430.34,2025-04-11 23:00:00
CUST_0625,Customer_625,North,2024-11-08,ORD_14137,260.45,2025-06-22 08:00:00
CUST_0625,Customer_625,North,2024-11-08,ORD_14839,528.45,2025-07-21 14:00:00
CUST_0626,Customer_626,South,2024-11-08,ORD_10529,667.06,2025-01-23 00:00:00
CUST_0626,Customer_626,South,2024-11-08,ORD_10710,126.6,2025-01-30 13:00:00
CUST_0626,Customer_626,South,2024-11-08,ORD_13130,240.06,2025-05-11 09:00:00
CUST_0626,Customer_626,South,2024-11-08,ORD_13517,385.26,2025-05-27 12:00:00
CUST_0626,Customer_626,South,2024-11-08,ORD_13676,320.65,2025-06-03 03:00:00
CUST_0627,Customer_627,North,2024-11-09,ORD_10077,611.24,2025-01-04 04:00:00
CUST_0627,Customer_627,North,2024-11-09,ORD_11566,350.6,2025-03-07 05:00:00
CUST_0627,Customer_627,North,2024-11-09,ORD_11612,339.57,2025-03-09 03:00:00
CUST_0627,Customer_627,North,2024-11-09,ORD_12713,482.74,2025-04-24 00:00:00
CUST_0627,Customer_627,North,2024-11-09,ORD_14205,55.97,2025-06-25 04:00:00
CUST_0628,Customer_628,South,2024-11-09,ORD_10226,57.34,2025-01-10 09:00:00
CUST_0628,Customer_628,South,2024-11-09,ORD_10566,207.35,2025-01-24 13:00:00
CUST_0628,Customer_628,South,2024-11-09,ORD_11791,174.82,2025-03-16 14:00:00
CUST_0628,Customer_628,South,2024-11-09,ORD_14774,404.76,2025-07-18 21:00:00
CUST_0628,Customer_628,South,2024-11-09,ORD_14944,336.07,2025-07-25 23:00:00
CUST_0629,Customer_629,East,2024-11-10,ORD_10954,347.83,2025-02-09 17:00:00
CUST_0629,Customer_629,East,2024-11-10,ORD_11040,513.93,2025-02-13 07:00:00
CUST_0629,Customer_629,East,2024-11-10,ORD_12564,91.94,2025-04-17 19:00:00
CUST_0629,Customer_629,East,2024-11-10,ORD_13940,713.94,2025-06-14 03:00:00
CUST_0629,Customer_629,East,2024-11-10,ORD_14427,216.06,2025-07-04 10:00:00
CUST_0630,Customer_630,East,2024-11-10,ORD_11354,398.69,2025-02-26 09:00:00
CUST_0630,Customer_630,East,2024-11-10,ORD_12204,25.37,2025-04-02 19:00:00
CUST_0630,Customer_630,East,2024-11-10,ORD_13090,467.61,2025-05-09 17:00:00
CUST_0630,Customer_630,East,2024-11-10,ORD_13690,462.16,2025-06-03 17:00:00
CUST_0630,Customer_630,East,2024-11-10,ORD_13962,561.89,2025-06-15 01:00:00
CUST_0631,Customer_631,North,2024-11-11,ORD_10578,180.33,2025-01-25 01:00:00
CUST_0631,Customer_631,North,2024-11-11,ORD_11045,531.59,2025-02-13 12:00:00
CUST_0631,Customer_631,North,2024-11-11,ORD_11660,269.82,2025-03-11 03:00:00
CUST_0631,Customer_631,North,2024-11-11,ORD_13624,387.84,2025-05-31 23:00:00
CUST_0631,Customer_631,North,2024-11-11,ORD_14524,711.43,2025-07-08 11:00:00
CUST_0632,Customer_632,West,2024-11-11,ORD_11258,274.08,2025-02-22 09:00:00
CUST_0632,Customer_632,West,2024-11-11,ORD_12641,607.72,2025-04-21 00:00:00
CUST_0632,Customer_632,West,2024-11-11,ORD_12701,347.66,2025-04-23 12:00:00
CUST_0632,Customer_632,West,2024-11-11,ORD_12932,426.4,2025-05-03 03:00:00
CUST_0632,Customer_632,West,2024-11-11,ORD_14592,85.57,2025-07-11 07:00:00
CUST_0633,Customer_633,North,2024-11-12,ORD_12122,241.24,2025-03-30 09:00:00
CUST_0633,Customer_633,North,2024-11-12,ORD_13052,700.68,2025-05-08 03:00:00
CUST_0633,Customer_633,North,2024-11-12,ORD_13448,105.82,2025-05-24 15:00:00
CUST_0633,Customer_633,North,2024-11-12,ORD_13531,724.22,2025-05-28 02:00:00
CUST_0633,Customer_633,North,2024-11-12,ORD_14607,146.71,2025-07-11 22:00:00
CUST_0634,Customer_634,North,2024-11-12,ORD_10285,419.26,2025-01-12 20:00:00
CUST_0634,Customer_634,North,2024-11-12,ORD_10865,535.82,2025-02-06 00:00:00
CUST_0634,Customer_634,North,2024-11-12,ORD_11048,169.51,2025-02-13 15:00:00
CUST_0634,Customer_634,North,2024-11-12,ORD_11263,404.05,2025-02-22 14:00:00
CUST_0634,Customer_634,North,2024-11-12,ORD_14735,343.33,2025-07-17 06:00:00
CUST_0635,Customer_635,South,2024-11-13,ORD_10030,445.38,2025-01-02 05:00:00
CUST_0635,Customer_635,South,2024-11-13,ORD_10175,703.23,2025-01-08 06:00:00
CUST_0635,Customer_635,South,2024-11-13,ORD_11892,112.57,2025-03-20 19:00:00
CUST_0635,Customer_635,South,2024-11-13,ORD_13966,730.83,2025-06-15 05:00:00
CUST_0635,Customer_635,South,2024-11-13,ORD_14126,70.84,2025-06-21 21:00:00
CUST_0636,Customer_636,South,2024-11-13,ORD_10298,319.06,2025-01-13 09:00:00
CUST_0636,Customer_636,South,2024-11-13,ORD_10635,156.6,2025-01-27 10:00:00
CUST_0636,Customer_636,South,2024-11-13,ORD_12153,247.4,2025-03-31 16:00:00
CUST_0636,Customer_636,South,2024-11-13,ORD_12159,343.48,2025-03-31 22:00:00
CUST_0636,Customer_636,South,2024-11-13,ORD_14086,601.77,2025-06-20 05:00:00
CUST_0637,Customer_637,North,2024-11-14,ORD_13379,467.26,2025-05-21 18:00:00
CUST_0637,Customer_637,North,2024-11-14,ORD_14022,338.44,2025-06-17 13:00:00
CUST_0637,Customer_637,North,2024-11-14,ORD_14301,646.83,2025-06-29 04:00:00
CUST_0637,Customer_637,North,2024-11-14,ORD_14537,462.54,2025-07-09 00:00:00
CUST_0637,Customer_637,North,2024-11-14,ORD_14715,616.48,2025-07-16 10:00:00
CUST_0638,Customer_638,East,2024-11-14,ORD_10232,126.09,2025-01-10 15:00:00
CUST_0638,Customer_638,East,2024-11-14,ORD_10402,508.28,2025-01-17 17:00:00
CUST_0638,Customer_638,East,2024-11-14,ORD_11447,729.97,2025-03-02 06:00:00
CUST_0638,Customer_638,East,2024-11-14,ORD_11945,586.38,2025-03-23 00:00:00
CUST_0638,Customer_638,East,2024-11-14,ORD_12959,68.9,2025-05-04 06:00:00
CUST_0639,Customer_639,South,2024-11-15,ORD_10706,585.92,2025-01-30 09:00:00
CUST_0639,Customer_639,South,2024-11-15,ORD_10863,334.15,2025-02-05 22:00:00
CUST_0639,Customer_639,South,2024-11-15,ORD_13776,150.27,2025-06-07 07:00:00
CUST_0639,Customer_639,South,2024-11-15,ORD_14037,746.94,2025-06-18 04:00:00
CUST_0639,Customer_639,South,2024-11-15,ORD_14889,545.28,2025-07-23 16:00:00
CUST_0640,Customer_640,West,2024-11-15,ORD_11790,519.85,2025-03-16 13:00:00
CUST_0640,Customer_640,West,2024-11-15,ORD_11863,204.84,2025-03-19 14:00:00
CUST_0640,Customer_640,West,2024-11-15,ORD_12193,228.98,2025-04-02 08:00:00
CUST_0640,Customer_640,West,2024-11-15,ORD_12689,134.27,2025-04-23 00:00:00
CUST_0640,Customer_640,West,2024-11-15,ORD_13664,182.86,2025-06-02 15:00:00
CUST_0641,Customer_641,South,2024-11-16,ORD_11076,142.65,2025-02-14 19:00:00
CUST_0641,Customer_641,South,2024-11-16,ORD_12544,596.8,2025-04-16 23:00:00
CUST_0641,Customer_641,South,2024-11-16,ORD_12956,720.09,2025-05-04 03:00:00
CUST_0641,Customer_641,South,2024-11-16,ORD_14000,241.72,2025-06-16 15:00:00
CUST_0641,Customer_641,South,2024-11-16,ORD_14551,450.31,2025-07-09 14:00:00
CUST_0642,Customer_642,South,2024-11-16,ORD_10205,456.95,2025-01-09 12:00:00
CUST_0642,Customer_642,South,2024-11-16,ORD_11522,61.04,2025-03-05 09:00:00
CUST_0642,Customer_642,South,2024-11-16,ORD_12295,35.36,2025-04-06 14:00:00
CUST_0642,Customer_642,South,2024-11-16,ORD_13385,107.07,2025-05-22 00:00:00
CUST_0642,Customer_642,South,2024-11-16,ORD_14573,381.87,2025-07-10 12:00:00
CUST_0643,Customer_643,West,2024-11-17,ORD_10942,441.07,2025-02-09 05:00:00
CUST_0643,Customer_643,West,2024-11-17,ORD_11193,24.51,2025-02-19 16:00:00
CUST_0643,Customer_643,West,2024-11-17,ORD_13064,353.11,2025-05-08 15:00:00
CUST_0643,Customer_643,West,2024-11-17,ORD_13941,552.67,2025-06-14 04:00:00
CUST_0643,Customer_643,West,2024-11-17,ORD_14929,560.77,2025-07-25 08:00:00
CUST_0644,Customer_644,North,2024-11-17,ORD_11891,657.78,2025-03-20 18:00:00
CUST_0644,Customer_644,North,2024-11-17,ORD_12065,110.02,2025-03-28 00:00:00
CUST_0644,Customer_644,North,2024-11-17,ORD_12225,267.01,2025-04-03 16:00:00
CUST_0644,Customer_644,North,2024-11-17,ORD_14749,122.23,2025-07-17 20:00:00
CUST_0644,Customer_644,North,2024-11-17,ORD_14855,403.51,2025-07-22 06:00:00
CUST_0645,Customer_645,West,2024-11-18,ORD_11337,550.72,2025-02-25 16:00:00
CUST_0645,Customer_645,West,2024-11-18,ORD_12210,414.6,2025-04-03 01:00:00
CUST_0645,Customer_645,West,2024-11-18,ORD_13141,226.96,2025-05-11 20:00:00
CUST_0645,Customer_645,West,2024-11-18,ORD_13547,452.88,2025-05-28 18:00:00
CUST_0645,Customer_645,West,2024-11-18,ORD_14140,342.13,2025-06-22 11:00:00
CUST_0646,Customer_646,North,2024-11-18,ORD_11041,285.28,2025-02-13 08:00:00
CUST_0646,Customer_646,North,2024-11-18,ORD_12908,378.03,2025-05-02 03:00:00
CUST_0646,Customer_646,North,2024-11-18,ORD_13569,716.52,2025-05-29 16:00:00
CUST_0646,Customer_646,North,2024-11-18,ORD_13680,709.19,2025-06-03 07:00:00
CUST_0646,Customer_646,North,2024-11-18,ORD_14819,502.91,2025-07-20 18:00:00
CUST_0647,Customer_647,North,2024-11-19,ORD_10268,319.88,2025-01-12 03:00:00
CUST_0647,Customer_647,North,2024-11-19,ORD_10653,483.48,2025-01-28 04:00:00
CUST_0647,Customer_647,North,2024-11-19,ORD_11029,616.16,2025-02-12 20:00:00
CUST_0647,Customer_647,North,2024-11-19,ORD_13153,486.75,2025-05-12 08:00:00
CUST_0647,Customer_647,North,2024-11-19,ORD_13781,650.35,2025-06-07 12:00:00
CUST_0648,Customer_648,North,2024-11-19,ORD_10083,158.65,2025-01-04 10:00:00
CUST_0648,Customer_648,North,2024-11-19,ORD_10487,648.84,2025-01-21 06:00:00
CUST_0648,Customer_648,North,2024-11-19,ORD_11710,125.03,2025-03-13 05:00:00
CUST_0648,Customer_648,North,2024-11-19,ORD_12223,626.05,2025-04-03 14:00:00
CUST_0648,Customer_648,North,2024-11-19,ORD_12248,743.17,2025-04-04 15:00:00
CUST_0649,Customer_649,West,2024-11-20,ORD_10274,91.85,2025-01-12 09:00:00
CUST_0649,Customer_649,West,2024-11-20,ORD_10417,55.93,2025-01-18 08:00:00
CUST_0649,Customer_649,West,2024-11-20,ORD_12124,275.51,2025-03-30 11:00:00
CUST_0649,Customer_649,West,2024-11-20,ORD_12737,359.81,2025-04-25 00:00:00
CUST_0649,Customer_649,West,2024-11-20,ORD_13159,687.02,2025-05-12 14:00:00
CUST_0650,Customer_650,North,2024-11-20,ORD_10495,248.43,2025-01-21 14:00:00
CUST_0650,Customer_650,North,2024-11-20,ORD_11510,513.62,2025-03-04 21:00:00
CUST_0650,Customer_650,North,2024-11-20,ORD_12481,525.8,2025-04-14 08:00:00
CUST_0650,Customer_650,North,2024-11-20,ORD_13614,468.11,2025-05-31 13:00:00
CUST_0650,Customer_650,North,2024-11-20,ORD_14687,393.42,2025-07-15 06:00:00
CUST_0651,Customer_651,East,2024-11-21,ORD_11440,331.63,2025-03-01 23:00:00
CUST_0651,Customer_651,East,2024-11-21,ORD_11815,711.42,2025-03-17 14:00:00
CUST_0651,Customer_651,East,2024-11-21,ORD_11926,143.27,2025-03-22 05:00:00
CUST_0651,Customer_651,East,2024-11-21,ORD_12057,494.69,2025-03-27 16:00:00
CUST_0651,Customer_651,East,2024-11-21,ORD_14604,465.09,2025-07-11 19:00:00
CUST_0652,Customer_652,West,2024-11-21,ORD_10538,586.12,2025-01-23 09:00:00
CUST_0652,Customer_652,West,2024-11-21,ORD_11046,578.68,2025-02-13 13:00:00
CUST_0652,Customer_652,West,2024-11-21,ORD_13198,394.18,2025-05-14 05:00:00
CUST_0652,Customer_652,West,2024-11-21,ORD_13620,226.25,2025-05-31 19:00:00
CUST_0652,Customer_652,West,2024-11-21,ORD_14215,116.8,2025-06-25 14:00:00
CUST_0653,Customer_653,East,2024-11-22,ORD_11284,463.35,2025-02-23 11:00:00
CUST_0653,Customer_653,East,2024-11-22,ORD_12404,263.9,2025-04-11 03:00:00
CUST_0653,Customer_653,East,2024-11-22,ORD_12725,80.53,2025-04-24 12:00:00
CUST_0653,Customer_653,East,2024-11-22,ORD_13934,249.06,2025-06-13 21:00:00
CUST_0653,Customer_653,East,2024-11-22,ORD_14512,133.7,2025-07-07 23:00:00
CUST_0654,Customer_654,North,2024-11-22,ORD_10640,659.41,2025-01-27 15:00:00
CUST_0654,Customer_654,North,2024-11-22,ORD_10958,250.34,2025-02-09 21:00:00
CUST_0654,Customer_654,North,2024-11-22,ORD_11694,324.69,2025-03-12 13:00:00
CUST_0654,Customer_654,North,2024-11-22,ORD_12086,424.49,2025-03-28 21:00:00
CUST_0654,Customer_654,North,2024-11-22,ORD_14240,732.13,2025-06-26 15:00:00
CUST_0655,Customer_655,South,2024-11-23,ORD_10551,390.66,2025-01-23 22:00:00
CUST_0655,Customer_655,South,2024-11-23,ORD_10967,531.63,2025-02-10 06:00:00
CUST_0655,Customer_655,South,2024-11-23,ORD_11067,572.02,2025-02-14 10:00:00
CUST_0655,Customer_655,South,2024-11-23,ORD_12718,408.62,2025-04-24 05:00:00
CUST_0655,Customer_655,South,2024-11-23,ORD_13923,436.59,2025-06-13 10:00:00
CUST_0656,Customer_656,North,2024-11-23,ORD_10089,250.51,2025-01-04 16:00:00
CUST_0656,Customer_656,North,2024-11-23,ORD_10186,341.09,2025-01-08 17:00:00
CUST_0656,Customer_656,North,2024-11-23,ORD_10524,284.98,2025-01-22 19:00:00
CUST_0656,Customer_656,North,2024-11-23,ORD_13303,104.88,2025-05-18 14:00:00
CUST_0656,Customer_656,North,2024-11-23,ORD_14690,387.24,2025-07-15 09:00:00
CUST_0657,Customer_657,East,2024-11-24,ORD_11343,688.02,2025-02-25 22:00:00
CUST_0657,Customer_657,East,2024-11-24,ORD_12013,630.34,2025-03-25 20:00:00
CUST_0657,Customer_657,East,2024-11-24,ORD_13106,213.66,2025-05-10 09:00:00
CUST_0657,Customer_657,East,2024-11-24,ORD_13527,405.3,2025-05-27 22:00:00
CUST_0657,Customer_657,East,2024-11-24,ORD_14088,90.75,2025-06-20 07:00:00
CUST_0658,Customer_658,East,2024-11-24,ORD_10853,456.04,2025-02-05 12:00:00
CUST_0658,Customer_658,East,2024-11-24,ORD_10984,428.23,2025-02-10 23:00:00
CUST_0658,Customer_658,East,2024-11-24,ORD_11189,709.64,2025-02-19 12:00:00
CUST_0658,Customer_658,East,2024-11-24,ORD_11813,611.98,2025-03-17 12:00:00
CUST_0658,Customer_658,East,2024-11-24,ORD_13171,498.08,2025-05-13 02:00:00
CUST_0659,Customer_659,West,2024-11-25,ORD_11283,542.67,2025-02-23 10:00:00
CUST_0659,Customer_659,West,2024-11-25,ORD_11981,239.05,2025-03-24 12:00:00
CUST_0659,Customer_659,West,2024-11-25,ORD_12575,75.13,2025-04-18 06:00:00
CUST_0659,Customer_659,West,2024-11-25,ORD_13348,648.61,2025-05-20 11:00:00
CUST_0659,Customer_659,West,2024-11-25,ORD_13856,89.9,2025-06-10 15:00:00
CUST_0660,Customer_660,South,2024-11-25,ORD_10132,112.58,2025-01-06 11:00:00
CUST_0660,Customer_660,South,2024-11-25,ORD_11676,537.27,2025-03-11 19:00:00
CUST_0660,Customer_660,South,2024-11-25,ORD_11719,343.17,2025-03-13 14:00:00
CUST_0660,Customer_660,South,2024-11-25,ORD_12999,545.57,2025-05-05 22:00:00
CUST_0660,Customer_660,South,2024-11-25,ORD_13683,89.39,2025-06-03 10:00:00
CUST_0661,Customer_661,West,2024-11-26,ORD_11943,35.44,2025-03-22 22:00:00
CUST_0661,Customer_661,West,2024-11-26,ORD_12112,630.49,2025-03-29 23:00:00
CUST_0661,Customer_661,West,2024-11-26,ORD_12314,213.62,2025-04-07 09:00:00
CUST_0661,Customer_661,West,2024-11-26,ORD_12596,436.24,2025-04-19 03:00:00
CUST_0661,Customer_661,West,2024-11-26,ORD_13946,447.68,2025-06-14 09:00:00
CUST_0662,Customer_662,East,2024-11-26,ORD_11639,683.98,2025-03-10 06:00:00
CUST_0662,Customer_662,East,2024-11-26,ORD_12899,299.63,2025-05-01 18:00:00
CUST_0662,Customer_662,East,2024-11-26,ORD_12936,335.92,2025-05-03 07:00:00
CUST_0662,Customer_662,East,2024-11-26,ORD_13196,526.52,2025-05-14 03:00:00
CUST_0662,Customer_662,East,2024-11-26,ORD_14079,422.46,2025-06-19 22:00:00
CUST_0663,Customer_663,North,2024-11-27,ORD_11558,688.16,2025-03-06 21:00:00
CUST_0663,Customer_663,North,2024-11-27,ORD_13152,285.81,2025-05-12 07:00:00
CUST_0663,Customer_663,North,2024-11-27,ORD_14445,26.96,2025-07-05 04:00:00
CUST_0663,Customer_663,North,2024-11-27,ORD_14616,401.91,2025-07-12 07:00:00
CUST_0663,Customer_663,North,2024-11-27,ORD_14846,268.48,2025-07-21 21:00:00
CUST_0664,Customer_664,South,2024-11-27,ORD_10046,384.97,2025-01-02 21:00:00
CUST_0664,Customer_664,South,2024-11-27,ORD_10476,127.09,2025-01-20 19:00:00
CUST_0664,Customer_664,South,2024-11-27,ORD_11161,304.12,2025-02-18 08:00:00
CUST_0664,Customer_664,South,2024-11-27,ORD_11347,220.51,2025-02-26 02:00:00
CUST_0664,Customer_664,South,2024-11-27,ORD_13032,173.69,2025-05-07 07:00:00
CUST_0665,Customer_665,North,2024-11-28,ORD_11068,307.44,2025-02-14 11:00:00
CUST_0665,Customer_665,North,2024-11-28,ORD_11249,291.59,2025-02-22 00:00:00
CUST_0665,Customer_665,North,2024-11-28,ORD_12801,186.93,2025-04-27 16:00:00
CUST_0665,Customer_665,North,2024-11-28,ORD_13754,441.22,2025-06-06 09:00:00
CUST_0665,Customer_665,North,2024-11-28,ORD_14589,736.92,2025-07-11 04:00:00
CUST_0666,Customer_666,North,2024-11-28,ORD_12303,422.73,2025-04-06 22:00:00
CUST_0666,Customer_666,North,2024-11-28,ORD_12558,355.32,2025-04-17 13:00:00
CUST_0666,Customer_666,North,2024-11-28,ORD_12858,275.97,2025-04-30 01:00:00
CUST_0666,Customer_666,North,2024-11-28,ORD_13704,241.35,2025-06-04 07:00:00
CUST_0666,Customer_666,North,2024-11-28,ORD_13996,490.74,2025-06-16 11:00:00
CUST_0667,Customer_667,South,2024-11-29,ORD_10575,59.95,2025-01-24 22:00:00
CUST_0667,Customer_667,South,2024-11-29,ORD_11015,49.44,2025-02-12 06:00:00
CUST_0667,Customer_667,South,2024-11-29,ORD_12541,276.75,2025-04-16 20:00:00
CUST_0667,Customer_667,South,2024-11-29,ORD_13983,190.53,2025-06-15 22:00:00
CUST_0667,Customer_667,South,2024-11-29,ORD_14917,306.7,2025-07-24 20:00:00
CUST_0668,Customer_668,West,2024-11-29,ORD_12174,471.22,2025-04-01 13:00:00
CUST_0668,Customer_668,West,2024-11-29,ORD_12419,280.02,2025-04-11 18:00:00
CUST_0668,Customer_668,West,2024-11-29,ORD_12625,655.12,2025-04-20 08:00:00
CUST_0668,Customer_668,West,2024-11-29,ORD_12868,388.11,2025-04-30 11:00:00
CUST_0668,Customer_668,West,2024-11-29,ORD_13681,265.24,2025-06-03 08:00:00
CUST_0669,Customer_669,North,2024-11-30,ORD_11506,170.29,2025-03-04 17:00:00
CUST_0669,Customer_669,North,2024-11-30,ORD_13511,508.65,2025-05-27 06:00:00
CUST_0669,Customer_669,North,2024-11-30,ORD_13860,572.27,2025-06-10 19:00:00
CUST_0669,Customer_669,North,2024-11-30,ORD_14096,37.83,2025-06-20 15:00:00
CUST_0669,Customer_669,North,2024-11-30,ORD_14362,688.64,2025-07-01 17:00:00
CUST_0670,Customer_670,East,2024-11-30,ORD_10319,309.08,2025-01-14 06:00:00
CUST_0670,Customer_670,East,2024-11-30,ORD_10414,545.71,2025-01-18 05:00:00
CUST_0670,Customer_670,East,2024-11-30,ORD_12136,576.4,2025-03-30 23:00:00
CUST_0670,Customer_670,East,2024-11-30,ORD_12761,605.4,2025-04-26 00:00:00
CUST_0670,Customer_670,East,2024-11-30,ORD_14330,82.2,2025-06-30 09:00:00
CUST_0671,Customer_671,North,2024-12-01,ORD_10241,55.55,2025-01-11 00:00:00
CUST_0671,Customer_671,North,2024-12-01,ORD_11037,702.84,2025-02-13 04:00:00
CUST_0671,Customer_671,North,2024-12-01,ORD_11148,585.37,2025-02-17 19:00:00
CUST_0671,Customer_671,North,2024-12-01,ORD_11297,715.91,2025-02-24 00:00:00
CUST_0671,Customer_671,North,2024-12-01,ORD_11649,600.43,2025-03-10 16:00:00
CUST_0672,Customer_672,South,2024-12-01,ORD_11835,32.39,2025-03-18 10:00:00
CUST_0672,Customer_672,South,2024-12-01,ORD_12570,85.22,2025-04-18 01:00:00
CUST_0672,Customer_672,South,2024-12-01,ORD_14424,307.01,2025-07-04 07:00:00
CUST_0672,Customer_672,South,2024-12-01,ORD_14704,691.68,2025-07-15 23:00:00
CUST_0672,Customer_672,South,2024-12-01,ORD_14915,642.45,2025-07-24 18:00:00
CUST_0673,Customer_673,South,2024-12-02,ORD_12041,236.97,2025-03-27 00:00:00
CUST_0673,Customer_673,South,2024-12-02,ORD_12340,713.87,2025-04-08 11:00:00
CUST_0673,Customer_673,South,2024-12-02,ORD_12399,82.86,2025-04-10 22:00:00
CUST_0673,Customer_673,South,2024-12-02,ORD_13625,537.4,2025-06-01 00:00:00
CUST_0673,Customer_673,South,2024-12-02,ORD_14020,58.16,2025-06-17 11:00:00
CUST_0674,Customer_674,South,2024-12-02,ORD_10317,118.71,2025-01-14 04:00:00
CUST_0674,Customer_674,South,2024-12-02,ORD_13498,140.24,2025-05-26 17:00:00
CUST_0674,Customer_674,South,2024-12-02,ORD_13907,526.01,2025-06-12 18:00:00
CUST_0674,Customer_674,South,2024-12-02,ORD_14413,624.6,2025-07-03 20:00:00
CUST_0674,Customer_674,South,2024-12-02,ORD_14979,722.09,2025-07-27 10:00:00
CUST_0675,Customer_675,West,2024-12-03,ORD_12094,691.45,2025-03-29 05:00:00
CUST_0675,Customer_675,West,2024-12-03,ORD_12172,492.84,2025-04-01 11:00:00
CUST_0675,Customer_675,West,2024-12-03,ORD_12882,299.94,2025-05-01 01:00:00
CUST_0675,Customer_675,West,2024-12-03,ORD_14177,342.1,2025-06-24 00:00:00
CUST_0675,Customer_675,West,2024-12-03,ORD_14474,747.09,2025-07-06 09:00:00
CUST_0676,Customer_676,North,2024-12-03,ORD_10047,553.08,2025-01-02 22:00:00
CUST_0676,Customer_676,North,2024-12-03,ORD_11321,646.58,2025-02-25 00:00:00
CUST_0676,Customer_676,North,2024-12-03,ORD_13647,496.15,2025-06-01 22:00:00
CUST_0676,Customer_676,North,2024-12-03,ORD_13762,308.19,2025-06-06 17:00:00
CUST_0676,Customer_676,North,2024-12-03,ORD_13995,533.58,2025-06-16 10:00:00
CUST_0677,Customer_677,West,2024-12-04,ORD_10462,718.09,2025-01-20 05:00:00
CUST_0677,Customer_677,West,2024-12-04,ORD_11253,652.95,2025-02-22 04:00:00
CUST_0677,Customer_677,West,2024-12-04,ORD_11534,191.83,2025-03-05 21:00:00
CUST_0677,Customer_677,West,2024-12-04,ORD_13863,48.99,2025-06-10 22:00:00
CUST_0677,Customer_677,West,2024-12-04,ORD_14784,307.41,2025-07-19 07:00:00
CUST_0678,Customer_678,West,2024-12-04,ORD_10296,184.0,2025-01-13 07:00:00
CUST_0678,Customer_678,West,2024-12-04,ORD_10459,674.81,2025-01-20 02:00:00
CUST_0678,Customer_678,West,2024-12-04,ORD_10907,82.03,2025-02-07 18:00:00
CUST_0678,Customer_678,West,2024-12-04,ORD_11098,543.6,2025-02-15 17:00:00
CUST_0678,Customer_678,West,2024-12-04,ORD_11376,491.88,2025-02-27 07:00:00
CUST_0679,Customer_679,South,2024-12-05,ORD_12374,184.74,2025-04-09 21:00:00
CUST_0679,Customer_679,South,2024-12-05,ORD_12413,717.28,2025-04-11 12:00:00
CUST_0679,Customer_679,South,2024-12-05,ORD_12986,510.05,2025-05-05 09:00:00
CUST_0679,Customer_679,South,2024-12-05,ORD_13622,95.15,2025-05-31 21:00:00
CUST_0679,Customer_679,South,2024-12-05,ORD_14707,523.57,2025-07-16 02:00:00
CUST_0680,Customer_680,South,2024-12-05,ORD_10209,461.72,2025-01-09 16:00:00
CUST_0680,Customer_680,South,2024-12-05,ORD_11744,544.65,2025-03-14 15:00:00
CUST_0680,Customer_680,South,2024-12-05,ORD_12580,266.27,2025-04-18 11:00:00
CUST_0680,Customer_680,South,2024-12-05,ORD_12756,47.58,2025-04-25 19:00:00
CUST_0680,Customer_680,South,2024-12-05,ORD_13458,253.73,2025-05-25 01:00:00
CUST_0681,Customer_681,West,2024-12-06,ORD_10324,682.14,2025-01-14 11:00:00
CUST_0681,Customer_681,West,2024-12-06,ORD_11752,715.15,2025-03-14 23:00:00
CUST_0681,Customer_681,West,2024-12-06,ORD_12178,79.48,2025-04-01 17:00:00
CUST_0681,Customer_681,West,2024-12-06,ORD_12654,61.68,2025-04-21 13:00:00
CUST_0681,Customer_681,West,2024-12-06,ORD_13815,249.9,2025-06-08 22:00:00
CUST_0682,Customer_682,North,2024-12-06,ORD_10144,414.4,2025-01-06 23:00:00
CUST_0682,Customer_682,North,2024-12-06,ORD_11319,389.33,2025-02-24 22:00:00
CUST_0682,Customer_682,North,2024-12-06,ORD_13616,305.82,2025-05-31 15:00:00
CUST_0682,Customer_682,North,2024-12-06,ORD_14003,204.14,2025-06-16 18:00:00
CUST_0682,Customer_682,North,2024-12-06,ORD_14876,374.04,2025-07-23 03:00:00
CUST_0683,Customer_683,East,2024-12-07,ORD_11750,687.83,2025-03-14 21:00:00
CUST_0683,Customer_683,East,2024-12-07,ORD_12269,330.1,2025-04-05 12:00:00
CUST_0683,Customer_683,East,2024-12-07,ORD_13802,700.3,2025-06-08 09:00:00
CUST_0683,Customer_683,East,2024-12-07,ORD_13822,326.84,2025-06-09 05:00:00
CUST_0683,Customer_683,East,2024-12-07,ORD_14252,646.61,2025-06-27 03:00:00
CUST_0684,Customer_684,West,2024-12-07,ORD_10223,154.66,2025-01-10 06:00:00
CUST_0684,Customer_684,West,2024-12-07,ORD_10889,297.21,2025-02-07 00:00:00
CUST_0684,Customer_684,West,2024-12-07,ORD_13853,96.27,2025-06-10 12:00:00
CUST_0684,Customer_684,West,2024-12-07,ORD_14199,569.68,2025-06-24 22:00:00
CUST_0684,Customer_684,West,2024-12-07,ORD_14288,721.89,2025-06-28 15:00:00
CUST_0685,Customer_685,North,2024-12-08,ORD_10357,24.72,2025-01-15 20:00:00
CUST_0685,Customer_685,North,2024-12-08,ORD_11732,347.1,2025-03-14 03:00:00
CUST_0685,Customer_685,North,2024-12-08,ORD_12807,25.18,2025-04-27 22:00:00
CUST_0685,Customer_685,North,2024-12-08,ORD_13977,498.11,2025-06-15 16:00:00
CUST_0685,Customer_685,North,2024-12-08,ORD_14092,479.26,2025-06-20 11:00:00
CUST_0686,Customer_686,South,2024-12-08,ORD_12995,116.78,2025-05-05 18:00:00
CUST_0686,Customer_686,South,2024-12-08,ORD_13170,48.68,2025-05-13 01:00:00
CUST_0686,Customer_686,South,2024-12-08,ORD_13315,288.11,2025-05-19 02:00:00
CUST_0686,Customer_686,South,2024-12-08,ORD_13589,482.71,2025-05-30 12:00:00
CUST_0686,Customer_686,South,2024-12-08,ORD_14035,131.65,2025-06-18 02:00:00
CUST_0687,Customer_687,South,2024-12-09,ORD_11170,223.45,2025-02-18 17:00:00
CUST_0687,Customer_687,South,2024-12-09,ORD_11336,345.82,2025-02-25 15:00:00
CUST_0687,Customer_687,South,2024-12-09,ORD_11688,601.37,2025-03-12 07:00:00
CUST_0687,Customer_687,South,2024-12-09,ORD_12608,21.04,2025-04-19 15:00:00
CUST_0687,Customer_687,South,2024-12-09,ORD_14239,378.81,2025-06-26 14:00:00
CUST_0688,Customer_688,North,2024-12-09,ORD_10150,124.73,2025-01-07 05:00:00
CUST_0688,Customer_688,North,2024-12-09,ORD_11978,605.66,2025-03-24 09:00:00
CUST_0688,Customer_688,North,2024-12-09,ORD_12709,258.71,2025-04-23 20:00:00
CUST_0688,Customer_688,North,2024-12-09,ORD_12864,202.85,2025-04-30 07:00:00
CUST_0688,Customer_688,North,2024-12-09,ORD_13819,42.61,2025-06-09 02:00:00
CUST_0689,Customer_689,East,2024-12-10,ORD_10806,313.37,2025-02-03 13:00:00
CUST_0689,Customer_689,East,2024-12-10,ORD_11701,557.31,2025-03-12 20:00:00
CUST_0689,Customer_689,East,2024-12-10,ORD_11738,370.53,2025-03-14 09:00:00
CUST_0689,Customer_689,East,2024-12-10,ORD_13639,377.13,2025-06-01 14:00:00
CUST_0689,Customer_689,East,2024-12-10,ORD_14624,205.95,2025-07-12 15:00:00
CUST_0690,Customer_690,South,2024-12-10,ORD_10260,712.76,2025-01-11 19:00:00
CUST_0690,Customer_690,South,2024-12-10,ORD_11593,352.56,2025-03-08 08:00:00
CUST_0690,Customer_690,South,2024-12-10,ORD_12496,381.06,2025-04-14 23:00:00
CUST_0690,Customer_690,South,2024-12-10,ORD_13383,209.4,2025-05-21 22:00:00
CUST_0690,Customer_690,South,2024-12-10,ORD_14287,649.58,2025-06-28 14:00:00
CUST_0691,Customer_691,South,2024-12-11,ORD_10650,139.93,2025-01-28 01:00:00
CUST_0691,Customer_691,South,2024-12-11,ORD_11386,524.9,2025-02-27 17:00:00
CUST_0691,Customer_691,South,2024-12-11,ORD_13515,473.67,2025-05-27 10:00:00
CUST_0691,Customer_691,South,2024-12-11,ORD_13743,312.11,2025-06-05 22:00:00
CUST_0691,Customer_691,South,2024-12-11,ORD_14455,541.33,2025-07-05 14:00:00
CUST_0692,Customer_692,South,2024-12-11,ORD_10197,623.23,2025-01-09 04:00:00
CUST_0692,Customer_692,South,2024-12-11,ORD_10312,323.55,2025-01-13 23:00:00
CUST_0692,Customer_692,South,2024-12-11,ORD_11844,29.7,2025-03-18 19:00:00
CUST_0692,Customer_692,South,2024-12-11,ORD_11973,510.6,2025-03-24 04:00:00
CUST_0692,Customer_692,South,2024-12-11,ORD_14397,501.18,2025-07-03 04:00:00
CUST_0693,Customer_693,North,2024-12-12,ORD_10222,139.26,2025-01-10 05:00:00
CUST_0693,Customer_693,North,2024-12-12,ORD_11501,556.72,2025-03-04 12:00:00
CUST_0693,Customer_693,North,2024-12-12,ORD_13063,600.1,2025-05-08 14:00:00
CUST_0693,Customer_693,North,2024-12-12,ORD_13386,183.95,2025-05-22 01:00:00
CUST_0693,Customer_693,North,2024-12-12,ORD_14181,679.26,2025-06-24 04:00:00
CUST_0694,Customer_694,West,2024-12-12,ORD_10066,417.37,2025-01-03 17:00:00
CUST_0694,Customer_694,West,2024-12-12,ORD_10818,372.3,2025-02-04 01:00:00
CUST_0694,Customer_694,West,2024-12-12,ORD_10989,295.2,2025-02-11 04:00:00
CUST_0694,Customer_694,West,2024-12-12,ORD_11800,267.11,2025-03-16 23:00:00
CUST_0694,Customer_694,West,2024-12-12,ORD_14907,249.96,2025-07-24 10:00:00
CUST_0695,Customer_695,South,2024-12-13,ORD_11335,234.56,2025-02-25 14:00:00
CUST_0695,Customer_695,South,2024-12-13,ORD_12554,436.99,2025-04-17 09:00:00
CUST_0695,Customer_695,South,2024-12-13,ORD_13411,390.77,2025-05-23 02:00:00
CUST_0695,Customer_695,South,2024-12-13,ORD_13599,457.58,2025-05-30 22:00:00
CUST_0695,Customer_695,South,2024-12-13,ORD_14087,451.01,2025-06-20 06:00:00
CUST_0696,Customer_696,West,2024-12-13,ORD_10884,241.03,2025-02-06 19:00:00
CUST_0696,Customer_696,West,2024-12-13,ORD_10908,338.46,2025-02-07 19:00:00
CUST_0696,Customer_696,West,2024-12-13,ORD_12262,393.82,2025-04-05 05:00:00
CUST_0696,Customer_696,West,2024-12-13,ORD_12563,679.39,2025-04-17 18:00:00
CUST_0696,Customer_696,West,2024-12-13,ORD_13836,522.45,2025-06-09 19:00:00
CUST_0697,Customer_697,East,2024-12-14,ORD_10389,449.23,2025-01-17 04:00:00
CUST_0697,Customer_697,East,2024-12-14,ORD_10410,504.01,2025-01-18 01:00:00
CUST_0697,Customer_697,East,2024-12-14,ORD_13167,284.69,2025-05-12 22:00:00
CUST_0697,Customer_697,East,2024-12-14,ORD_13615,84.03,2025-05-31 14:00:00
CUST_0697,Customer_697,East,2024-12-14,ORD_14297,323.84,2025-06-29 00:00:00
CUST_0698,Customer_698,South,2024-12-14,ORD_11213,383.78,2025-02-20 12:00:00
CUST_0698,Customer_698,South,2024-12-14,ORD_12875,616.26,2025-04-30 18:00:00
CUST_0698,Customer_698,South,2024-12-14,ORD_13074,710.64,2025-05-09 01:00:00
CUST_0698,Customer_698,South,2024-12-14,ORD_14266,275.7,2025-06-27 17:00:00
CUST_0698,Customer_698,South,2024-12-14,ORD_14833,262.96,2025-07-21 08:00:00
CUST_0699,Customer_699,South,2024-12-15,ORD_10728,238.93,2025-01-31 07:00:00
CUST_0699,Customer_699,South,2024-12-15,ORD_11294,356.04,2025-02-23 21:00:00
CUST_0699,Customer_699,South,2024-12-15,ORD_12103,82.88,2025-03-29 14:00:00
CUST_0699,Customer_699,South,2024-12-15,ORD_13190,56.34,2025-05-13 21:00:00
CUST_0699,Customer_699,South,2024-12-15,ORD_13440,324.74,2025-05-24 07:00:00
CUST_0700,Customer_700,East,2024-12-15,ORD_10100,203.14,2025-01-05 03:00:00
CUST_0700,Customer_700,East,2024-12-15,ORD_13339,515.42,2025-05-20 02:00:00
CUST_0700,Customer_700,East,2024-12-15,ORD_13595,139.67,2025-05-30 18:00:00
CUST_0700,Customer_700,East,2024-12-15,ORD_13687,659.89,2025-06-03 14:00:00
CUST_0700,Customer_700,East,2024-12-15,ORD_13883,608.45,2025-06-11 18:00:00
CUST_0701,Customer_701,South,2024-12-16,ORD_11271,250.41,2025-02-22 22:00:00
CUST_0701,Customer_701,South,2024-12-16,ORD_12531,204.84,2025-04-16 10:00:00
CUST_0701,Customer_701,South,2024-12-16,ORD_12583,609.3,2025-04-18 14:00:00
CUST_0701,Customer_701,South,2024-12-16,ORD_12693,726.66,2025-04-23 04:00:00
CUST_0701,Customer_701,South,2024-12-16,ORD_12750,608.9,2025-04-25 13:00:00
CUST_0702,Customer_702,West,2024-12-16,ORD_11725,192.81,2025-03-13 20:00:00
CUST_0702,Customer_702,West,2024-12-16,ORD_11910,364.49,2025-03-21 13:00:00
CUST_0702,Customer_702,West,2024-12-16,ORD_12228,172.82,2025-04-03 19:00:00
CUST_0702,Customer_702,West,2024-12-16,ORD_13253,202.43,2025-05-16 12:00:00
CUST_0702,Customer_702,West,2024-12-16,ORD_13548,703.28,2025-05-28 19:00:00
CUST_0703,Customer_703,North,2024-12-17,ORD_10683,387.44,2025-01-29 10:00:00
CUST_0703,Customer_703,North,2024-12-17,ORD_12047,704.36,2025-03-27 06:00:00
CUST_0703,Customer_703,North,2024-12-17,ORD_12267,309.12,2025-04-05 10:00:00
CUST_0703,Customer_703,North,2024-12-17,ORD_13125,723.66,2025-05-11 04:00:00
CUST_0703,Customer_703,North,2024-12-17,ORD_13305,339.12,2025-05-18 16:00:00
CUST_0704,Customer_704,West,2024-12-17,ORD_10662,200.28,2025-01-28 13:00:00
CUST_0704,Customer_704,West,2024-12-17,ORD_10820,726.11,2025-02-04 03:00:00
CUST_0704,Customer_704,West,2024-12-17,ORD_12884,506.7,2025-05-01 03:00:00
CUST_0704,Customer_704,West,2024-12-17,ORD_13825,485.04,2025-06-09 08:00:00
CUST_0704,Customer_704,West,2024-12-17,ORD_14270,586.05,2025-06-27 21:00:00
CUST_0705,Customer_705,North,2024-12-18,ORD_10020,195.42,2025-01-01 19:00:00
CUST_0705,Customer_705,North,2024-12-18,ORD_10519,537.85,2025-01-22 14:00:00
CUST_0705,Customer_705,North,2024-12-18,ORD_11908,639.19,2025-03-21 11:00:00
CUST_0705,Customer_705,North,2024-12-18,ORD_12521,563.44,2025-04-16 00:00:00
CUST_0705,Customer_705,North,2024-12-18,ORD_14369,204.11,2025-07-02 00:00:00
CUST_0706,Customer_706,North,2024-12-18,ORD_10657,158.79,2025-01-28 08:00:00
CUST_0706,Customer_706,North,2024-12-18,ORD_11629,293.98,2025-03-09 20:00:00
CUST_0706,Customer_706,North,2024-12-18,ORD_12271,688.25,2025-04-05 14:00:00
CUST_0706,Customer_706,North,2024-12-18,ORD_13886,199.31,2025-06-11 21:00:00
CUST_0706,Customer_706,North,2024-12-18,ORD_14549,462.2,2025-07-09 12:00:00
CUST_0707,Customer_707,West,2024-12-19,ORD_11426,619.94,2025-03-01 09:00:00
CUST_0707,Customer_707,West,2024-12-19,ORD_11677,554.27,2025-03-11 20:00:00
CUST_0707,Customer_707,West,2024-12-19,ORD_11775,725.06,2025-03-15 22:00:00
CUST_0707,Customer_707,West,2024-12-19,ORD_12345,238.22,2025-04-08 16:00:00
CUST_0707,Customer_707,West,2024-12-19,ORD_14694,438.65,2025-07-15 13:00:00
CUST_0708,Customer_708,West,2024-12-19,ORD_10430,319.8,2025-01-18 21:00:00
CUST_0708,Customer_708,West,2024-12-19,ORD_10499,561.64,2025-01-21 18:00:00
CUST_0708,Customer_708,West,2024-12-19,ORD_10992,518.67,2025-02-11 07:00:00
CUST_0708,Customer_708,West,2024-12-19,ORD_13573,739.43,2025-05-29 20:00:00
CUST_0708,Customer_708,West,2024-12-19,ORD_14450,406.64,2025-07-05 09:00:00
CUST_0709,Customer_709,West,2024-12-20,ORD_10869,174.57,2025-02-06 04:00:00
CUST_0709,Customer_709,West,2024-12-20,ORD_11004,246.07,2025-02-11 19:00:00
CUST_0709,Customer_709,West,2024-12-20,ORD_11470,660.3,2025-03-03 05:00:00
CUST_0709,Customer_709,West,2024-12-20,ORD_11817,583.44,2025-03-17 16:00:00
CUST_0709,Customer_709,West,2024-12-20,ORD_13829,132.24,2025-06-09 12:00:00
CUST_0710,Customer_710,West,2024-12-20,ORD_11767,325.81,2025-03-15 14:00:00
CUST_0710,Customer_710,West,2024-12-20,ORD_12395,607.63,2025-04-10 18:00:00
CUST_0710,Customer_710,West,2024-12-20,ORD_12507,150.18,2025-04-15 10:00:00
CUST_0710,Customer_710,West,2024-12-20,ORD_13535,406.81,2025-05-28 06:00:00
CUST_0710,Customer_710,West,2024-12-20,ORD_14440,657.71,2025-07-04 23:00:00
CUST_0711,Customer_711,East,2024-12-21,ORD_10263,424.95,2025-01-11 22:00:00
CUST_0711,Customer_711,East,2024-12-21,ORD_12002,476.32,2025-03-25 09:00:00
CUST_0711,Customer_711,East,2024-12-21,ORD_12924,286.48,2025-05-02 19:00:00
CUST_0711,Customer_711,East,2024-12-21,ORD_13786,455.61,2025-06-07 17:00:00
CUST_0711,Customer_711,East,2024-12-21,ORD_14314,722.4,2025-06-29 17:00:00
CUST_0712,Customer_712,South,2024-12-21,ORD_10271,37.52,2025-01-12 06:00:00
CUST_0712,Customer_712,South,2024-12-21,ORD_10737,151.52,2025-01-31 16:00:00
CUST_0712,Customer_712,South,2024-12-21,ORD_11482,418.93,2025-03-03 17:00:00
CUST_0712,Customer_712,South,2024-12-21,ORD_13740,173.33,2025-06-05 19:00:00
CUST_0712,Customer_712,South,2024-12-21,ORD_14403,89.85,2025-07-03 10:00:00
CUST_0713,Customer_713,North,2024-12-22,ORD_10438,524.91,2025-01-19 05:00:00
CUST_0713,Customer_713,North,2024-12-22,ORD_10792,576.39,2025-02-02 23:00:00
CUST_0713,Customer_713,North,2024-12-22,ORD_10987,31.7,2025-02-11 02:00:00
CUST_0713,Customer_713,North,2024-12-22,ORD_11476,618.97,2025-03-03 11:00:00
CUST_0713,Customer_713,North,2024-12-22,ORD_12841,363.62,2025-04-29 08:00:00
CUST_0714,Customer_714,West,2024-12-22,ORD_10630,20.44,2025-01-27 05:00:00
CUST_0714,Customer_714,West,2024-12-22,ORD_11215,185.9,2025-02-20 14:00:00
CUST_0714,Customer_714,West,2024-12-22,ORD_12457,609.19,2025-04-13 08:00:00
CUST_0714,Customer_714,West,2024-12-22,ORD_12772,469.2,2025-04-26 11:00:00
CUST_0714,Customer_714,West,2024-12-22,ORD_14870,95.76,2025-07-22 21:00:00
CUST_0715,Customer_715,West,2024-12-23,ORD_10238,660.96,2025-01-10 21:00:00
CUST_0715,Customer_715,West,2024-12-23,ORD_11331,526.17,2025-02-25 10:00:00
CUST_0715,Customer_715,West,2024-12-23,ORD_13677,551.13,2025-06-03 04:00:00
CUST_0715,Customer_715,West,2024-12-23,ORD_13725,43.36,2025-06-05 04:00:00
CUST_0715,Customer_715,West,2024-12-23,ORD_13857,693.48,2025-06-10 16:00:00
CUST_0716,Customer_716,West,2024-12-23,ORD_11238,493.26,2025-02-21 13:00:00
CUST_0716,Customer_716,West,2024-12-23,ORD_12113,177.29,2025-03-30 00:00:00
CUST_0716,Customer_716,West,2024-12-23,ORD_12656,180.15,2025-04-21 15:00:00
CUST_0716,Customer_716,West,2024-12-23,ORD_13220,380.07,2025-05-15 03:00:00
CUST_0716,Customer_716,West,2024-12-23,ORD_14119,30.18,2025-06-21 14:00:00
CUST_0717,Customer_717,East,2024-12-24,ORD_10771,291.62,2025-02-02 02:00:00
CUST_0717,Customer_717,East,2024-12-24,ORD_11535,380.89,2025-03-05 22:00:00
CUST_0717,Customer_717,East,2024-12-24,ORD_14206,642.28,2025-06-25 05:00:00
CUST_0717,Customer_717,East,2024-12-24,ORD_14920,204.98,2025-07-24 23:00:00
CUST_0717,Customer_717,East,2024-12-24,ORD_14988,586.92,2025-07-27 19:00:00
CUST_0718,Customer_718,West,2024-12-24,ORD_11633,191.57,2025-03-10 00:00:00
CUST_0718,Customer_718,West,2024-12-24,ORD_11847,384.25,2025-03-18 22:00:00
CUST_0718,Customer_718,West,2024-12-24,ORD_11915,263.31,2025-03-21 18:00:00
CUST_0718,Customer_718,West,2024-12-24,ORD_13477,524.15,2025-05-25 20:00:00
CUST_0718,Customer_718,West,2024-12-24,ORD_14157,176.84,2025-06-23 04:00:00
CUST_0719,Customer_719,West,2024-12-25,ORD_10855,365.61,2025-02-05 14:00:00
CUST_0719,Customer_719,West,2024-12-25,ORD_10966,458.58,2025-02-10 05:00:00
CUST_0719,Customer_719,West,2024-12-25,ORD_11146,48.73,2025-02-17 17:00:00
CUST_0719,Customer_719,West,2024-12-25,ORD_11603,521.28,2025-03-08 18:00:00
CUST_0719,Customer_719,West,2024-12-25,ORD_12293,406.56,2025-04-06 12:00:00
CUST_0720,Customer_720,West,2024-12-25,ORD_10076,675.49,2025-01-04 03:00:00
CUST_0720,Customer_720,West,2024-12-25,ORD_11073,62.67,2025-02-14 16:00:00
CUST_0720,Customer_720,West,2024-12-25,ORD_13649,20.52,2025-06-02 00:00:00
CUST_0720,Customer_720,West,2024-12-25,ORD_13997,292.98,2025-06-16 12:00:00
CUST_0720,Customer_720,West,2024-12-25,ORD_14420,690.9,2025-07-04 03:00:00
CUST_0721,Customer_721,South,2024-12-26,ORD_11383,233.64,2025-02-27 14:00:00
CUST_0721,Customer_721,South,2024-12-26,ORD_11827,640.6,2025-03-18 02:00:00
CUST_0721,Customer_721,South,2024-12-26,ORD_12571,339.58,2025-04-18 02:00:00
CUST_0721,Customer_721,South,2024-12-26,ORD_14634,124.45,2025-07-13 01:00:00
CUST_0721,Customer_721,South,2024-12-26,ORD_14766,656.9,2025-07-18 13:00:00
CUST_0722,Customer_722,East,2024-12-26,ORD_10988,723.49,2025-02-11 03:00:00
CUST_0722,Customer_722,East,2024-12-26,ORD_11333,241.99,2025-02-25 12:00:00
CUST_0722,Customer_722,East,2024-12-26,ORD_11511,646.78,2025-03-04 22:00:00
CUST_0722,Customer_722,East,2024-12-26,ORD_11894,453.31,2025-03-20 21:00:00
CUST_0722,Customer_722,East,2024-12-26,ORD_14441,576.84,2025-07-05 00:00:00
CUST_0723,Customer_723,West,2024-12-27,ORD_11494,438.12,2025-03-04 05:00:00
CUST_0723,Customer_723,West,2024-12-27,ORD_12156,374.24,2025-03-31 19:00:00
CUST_0723,Customer_723,West,2024-12-27,ORD_12510,203.37,2025-04-15 13:00:00
CUST_0723,Customer_723,West,2024-12-27,ORD_13101,649.82,2025-05-10 04:00:00
CUST_0723,Customer_723,West,2024-12-27,ORD_14611,259.12,2025-07-12 02:00:00
CUST_0724,Customer_724,North,2024-12-27,ORD_12835,411.72,2025-04-29 02:00:00
CUST_0724,Customer_724,North,2024-12-27,ORD_13638,709.67,2025-06-01 13:00:00
CUST_0724,Customer_724,North,2024-12-27,ORD_14802,199.4,2025-07-20 01:00:00
CUST_0724,Customer_724,North,2024-12-27,ORD_14810,490.78,2025-07-20 09:00:00
CUST_0724,Customer_724,North,2024-12-27,ORD_14884,274.21,2025-07-23 11:00:00
CUST_0725,Customer_725,North,2024-12-28,ORD_10033,243.19,2025-01-02 08:00:00
CUST_0725,Customer_725,North,2024-12-28,ORD_10339,561.86,2025-01-15 02:00:00
CUST_0725,Customer_725,North,2024-12-28,ORD_14382,516.43,2025-07-02 13:00:00
CUST_0725,Customer_725,North,2024-12-28,ORD_14493,461.11,2025-07-07 04:00:00
CUST_0725,Customer_725,North,2024-12-28,ORD_14981,458.79,2025-07-27 12:00:00
CUST_0726,Customer_726,North,2024-12-28,ORD_11166,696.64,2025-02-18 13:00:00
CUST_0726,Customer_726,North,2024-12-28,ORD_11692,461.14,2025-03-12 11:00:00
CUST_0726,Customer_726,North,2024-12-28,ORD_13361,258.67,2025-05-21 00:00:00
CUST_0726,Customer_726,North,2024-12-28,ORD_13655,109.83,2025-06-02 06:00:00
CUST_0726,Customer_726,North,2024-12-28,ORD_13936,176.07,2025-06-13 23:00:00
CUST_0727,Customer_727,East,2024-12-29,ORD_10632,196.05,2025-01-27 07:00:00
CUST_0727,Customer_727,East,2024-12-29,ORD_11147,35.95,2025-02-17 18:00:00
CUST_0727,Customer_727,East,2024-12-29,ORD_12811,514.43,2025-04-28 02:00:00
CUST_0727,Customer_727,East,2024-12-29,ORD_14150,470.92,2025-06-22 21:00:00
CUST_0727,Customer_727,East,2024-12-29,ORD_14342,189.06,2025-06-30 21:00:00
CUST_0728,Customer_728,East,2024-12-29,ORD_11175,223.68,2025-02-18 22:00:00
CUST_0728,Customer_728,East,2024-12-29,ORD_11776,147.59,2025-03-15 23:00:00
CUST_0728,Customer_728,East,2024-12-29,ORD_12585,183.23,2025-04-18 16:00:00
CUST_0728,Customer_728,East,2024-12-29,ORD_13444,160.17,2025-05-24 11:00:00
CUST_0728,Customer_728,East,2024-12-29,ORD_13602,240.93,2025-05-31 01:00:00
CUST_0729,Customer_729,North,2024-12-30,ORD_11601,735.37,2025-03-08 16:00:00
CUST_0729,Customer_729,North,2024-12-30,ORD_12168,222.59,2025-04-01 07:00:00
CUST_0729,Customer_729,North,2024-12-30,ORD_14156,537.33,2025-06-23 03:00:00
CUST_0729,Customer_729,North,2024-12-30,ORD_14235,144.59,2025-06-26 10:00:00
CUST_0729,Customer_729,North,2024-12-30,ORD_14963,543.7,2025-07-26 18:00:00
CUST_0730,Customer_730,West,2024-12-30,ORD_11087,319.83,2025-02-15 06:00:00
CUST_0730,Customer_730,West,2024-12-30,ORD_12546,514.24,2025-04-17 01:00:00
CUST_0730,Customer_730,West,2024-12-30,ORD_12673,538.14,2025-04-22 08:00:00
CUST_0730,Customer_730,West,2024-12-30,ORD_13384,81.79,2025-05-21 23:00:00
CUST_0730,Customer_730,West,2024-12-30,ORD_13931,447.19,2025-06-13 18:00:00
CUST_0731,Customer_731,East,2024-12-31,ORD_10785,269.76,2025-02-02 16:00:00
CUST_0731,Customer_731,East,2024-12-31,ORD_11100,602.4,2025-02-15 19:00:00
CUST_0731,Customer_731,East,2024-12-31,ORD_13703,29.96,2025-06-04 06:00:00
CUST_0731,Customer_731,East,2024-12-31,ORD_14113,599.28,2025-06-21 08:00:00
CUST_0731,Customer_731,East,2024-12-31,ORD_14536,148.62,2025-07-08 23:00:00
CUST_0732,Customer_732,North,2024-12-31,ORD_11178,60.13,2025-02-19 01:00:00
CUST_0732,Customer_732,North,2024-12-31,ORD_11989,94.7,2025-03-24 20:00:00
CUST_0732,Customer_732,North,2024-12-31,ORD_13416,102.77,2025-05-23 07:00:00
CUST_0732,Customer_732,North,2024-12-31,ORD_13878,187.96,2025-06-11 13:00:00
CUST_0732,Customer_732,North,2024-12-31,ORD_14681,260.17,2025-07-15 00:00:00
CUST_0733,Customer_733,North,2025-01-01,ORD_11462,347.8,2025-03-02 21:00:00
CUST_0733,Customer_733,North,2025-01-01,ORD_11819,675.2,2025-03-17 18:00:00
CUST_0733,Customer_733,North,2025-01-01,ORD_12107,33.2,2025-03-29 18:00:00
CUST_0733,Customer_733,North,2025-01-01,ORD_12993,112.19,2025-05-05 16:00:00
CUST_0733,Customer_733,North,2025-01-01,ORD_14097,320.58,2025-06-20 16:00:00
CUST_0734,Customer_734,West,2025-01-01,ORD_11116,427.11,2025-02-16 11:00:00
CUST_0734,Customer_734,West,2025-01-01,ORD_11689,454.65,2025-03-12 08:00:00
CUST_0734,Customer_734,West,2025-01-01,ORD_14168,308.89,2025-06-23 15:00:00
CUST_0734,Customer_734,West,2025-01-01,ORD_14309,123.38,2025-06-29 12:00:00
CUST_0734,Customer_734,West,2025-01-01,ORD_14863,443.06,2025-07-22 14:00:00
CUST_0735,Customer_735,South,2025-01-02,ORD_10809,566.74,2025-02-03 16:00:00
CUST_0735,Customer_735,South,2025-01-02,ORD_10939,388.59,2025-02-09 02:00:00
CUST_0735,Customer_735,South,2025-01-02,ORD_12786,331.79,2025-04-27 01:00:00
CUST_0735,Customer_735,South,2025-01-02,ORD_13316,687.08,2025-05-19 03:00:00
CUST_0735,Customer_735,South,2025-01-02,ORD_13629,38.79,2025-06-01 04:00:00
CUST_0736,Customer_736,East,2025-01-02,ORD_11780,587.08,2025-03-16 03:00:00
CUST_0736,Customer_736,East,2025-01-02,ORD_12023,123.79,2025-03-26 06:00:00
CUST_0736,Customer_736,East,2025-01-02,ORD_13561,576.28,2025-05-29 08:00:00
CUST_0736,Customer_736,East,2025-01-02,ORD_13778,706.49,2025-06-07 09:00:00
CUST_0736,Customer_736,East,2025-01-02,ORD_14315,678.08,2025-06-29 18:00:00
CUST_0737,Customer_737,West,2025-01-03,ORD_10668,581.69,2025-01-28 19:00:00
CUST_0737,Customer_737,West,2025-01-03,ORD_11158,335.97,2025-02-18 05:00:00
CUST_0737,Customer_737,West,2025-01-03,ORD_11414,268.9,2025-02-28 21:00:00
CUST_0737,Customer_737,West,2025-01-03,ORD_12572,188.44,2025-04-18 03:00:00
CUST_0737,Customer_737,West,2025-01-03,ORD_12790,251.6,2025-04-27 05:00:00
CUST_0738,Customer_738,North,2025-01-03,ORD_10742,38.5,2025-01-31 21:00:00
CUST_0738,Customer_738,North,2025-01-03,ORD_10897,506.68,2025-02-07 08:00:00
CUST_0738,Customer_738,North,2025-01-03,ORD_11493,55.77,2025-03-04 04:00:00
CUST_0738,Customer_738,North,2025-01-03,ORD_13296,117.97,2025-05-18 07:00:00
CUST_0738,Customer_738,North,2025-01-03,ORD_14882,747.8,2025-07-23 09:00:00
CUST_0739,Customer_739,North,2025-01-04,ORD_12213,511.74,2025-04-03 04:00:00
CUST_0739,Customer_739,North,2025-01-04,ORD_12845,195.72,2025-04-29 12:00:00
CUST_0739,Customer_739,North,2025-01-04,ORD_13287,173.57,2025-05-17 22:00:00
CUST_0739,Customer_739,North,2025-01-04,ORD_14398,310.58,2025-07-03 05:00:00
CUST_0739,Customer_739,North,2025-01-04,ORD_14931,577.2,2025-07-25 10:00:00
CUST_0740,Customer_740,West,2025-01-04,ORD_10846,269.4,2025-02-05 05:00:00
CUST_0740,Customer_740,West,2025-01-04,ORD_12203,538.11,2025-04-02 18:00:00
CUST_0740,Customer_740,West,2025-01-04,ORD_13021,354.52,2025-05-06 20:00:00
CUST_0740,Customer_740,West,2025-01-04,ORD_13650,703.9,2025-06-02 01:00:00
CUST_0740,Customer_740,West,2025-01-04,ORD_13854,545.8,2025-06-10 13:00:00
CUST_0741,Customer_741,East,2025-01-05,ORD_10299,734.1,2025-01-13 10:00:00
CUST_0741,Customer_741,East,2025-01-05,ORD_10386,200.21,2025-01-17 01:00:00
CUST_0741,Customer_741,East,2025-01-05,ORD_11159,410.95,2025-02-18 06:00:00
CUST_0741,Customer_741,East,2025-01-05,ORD_12215,359.98,2025-04-03 06:00:00
CUST_0741,Customer_741,East,2025-01-05,ORD_13838,340.23,2025-06-09 21:00:00
CUST_0742,Customer_742,South,2025-01-05,ORD_11306,175.89,2025-02-24 09:00:00
CUST_0742,Customer_742,South,2025-01-05,ORD_13328,310.72,2025-05-19 15:00:00
CUST_0742,Customer_742,South,2025-01-05,ORD_13827,681.27,2025-06-09 10:00:00
CUST_0742,Customer_742,South,2025-01-05,ORD_14002,254.28,2025-06-16 17:00:00
CUST_0742,Customer_742,South,2025-01-05,ORD_14294,217.14,2025-06-28 21:00:00
CUST_0743,Customer_743,South,2025-01-06,ORD_10886,432.02,2025-02-06 21:00:00
CUST_0743,Customer_743,South,2025-01-06,ORD_12015,239.86,2025-03-25 22:00:00
CUST_0743,Customer_743,South,2025-01-06,ORD_13182,158.07,2025-05-13 13:00:00
CUST_0743,Customer_743,South,2025-01-06,ORD_13306,215.55,2025-05-18 17:00:00
CUST_0743,Customer_743,South,2025-01-06,ORD_13756,216.46,2025-06-06 11:00:00
CUST_0744,Customer_744,North,2025-01-06,ORD_10801,561.39,2025-02-03 08:00:00
CUST_0744,Customer_744,North,2025-01-06,ORD_13584,405.04,2025-05-30 07:00:00
CUST_0744,Customer_744,North,2025-01-06,ORD_14596,335.25,2025-07-11 11:00:00
CUST_0744,Customer_744,North,2025-01-06,ORD_14685,319.81,2025-07-15 04:00:00
CUST_0744,Customer_744,North,2025-01-06,ORD_14897,207.49,2025-07-24 00:00:00
CUST_0745,Customer_745,East,2025-01-07,ORD_11229,599.63,2025-02-21 04:00:00
CUST_0745,Customer_745,East,2025-01-07,ORD_11485,445.18,2025-03-03 20:00:00
CUST_0745,Customer_745,East,2025-01-07,ORD_12754,187.69,2025-04-25 17:00:00
CUST_0745,Customer_745,East,2025-01-07,ORD_13801,552.08,2025-06-08 08:00:00
CUST_0745,Customer_745,East,2025-01-07,ORD_14421,676.93,2025-07-04 04:00:00
CUST_0746,Customer_746,South,2025-01-07,ORD_10247,53.28,2025-01-11 06:00:00
CUST_0746,Customer_746,South,2025-01-07,ORD_10780,359.48,2025-02-02 11:00:00
CUST_0746,Customer_746,South,2025-01-07,ORD_11056,489.23,2025-02-13 23:00:00
CUST_0746,Customer_746,South,2025-01-07,ORD_11320,587.74,2025-02-24 23:00:00
CUST_0746,Customer_746,South,2025-01-07,ORD_12202,455.27,2025-04-02 17:00:00
CUST_0747,Customer_747,East,2025-01-08,ORD_10914,700.99,2025-02-08 01:00:00
CUST_0747,Customer_747,East,2025-01-08,ORD_11864,606.7,2025-03-19 15:00:00
CUST_0747,Customer_747,East,2025-01-08,ORD_13728,410.93,2025-06-05 07:00:00
CUST_0747,Customer_747,East,2025-01-08,ORD_14338,546.03,2025-06-30 17:00:00
CUST_0747,Customer_747,East,2025-01-08,ORD_14990,502.51,2025-07-27 21:00:00
CUST_0748,Customer_748,East,2025-01-08,ORD_10021,89.32,2025-01-01 20:00:00
CUST_0748,Customer_748,East,2025-01-08,ORD_11099,444.91,2025-02-15 18:00:00
CUST_0748,Customer_748,East,2025-01-08,ORD_11678,146.99,2025-03-11 21:00:00
CUST_0748,Customer_748,East,2025-01-08,ORD_12616,139.77,2025-04-19 23:00:00
CUST_0748,Customer_748,East,2025-01-08,ORD_13347,435.72,2025-05-20 10:00:00
CUST_0749,Customer_749,North,2025-01-09,ORD_10510,630.6,2025-01-22 05:00:00
CUST_0749,Customer_749,North,2025-01-09,ORD_11647,688.54,2025-03-10 14:00:00
CUST_0749,Customer_749,North,2025-01-09,ORD_12044,529.13,2025-03-27 03:00:00
CUST_0749,Customer_749,North,2025-01-09,ORD_13002,343.42,2025-05-06 01:00:00
CUST_0749,Customer_749,North,2025-01-09,ORD_14149,634.25,2025-06-22 20:00:00
CUST_0750,Customer_750,South,2025-01-09,ORD_11120,232.34,2025-02-16 15:00:00
CUST_0750,Customer_750,South,2025-01-09,ORD_12138,171.48,2025-03-31 01:00:00
CUST_0750,Customer_750,South,2025-01-09,ORD_12885,227.53,2025-05-01 04:00:00
CUST_0750,Customer_750,South,2025-01-09,ORD_14094,538.43,2025-06-20 13:00:00
CUST_0750,Customer_750,South,2025-01-09,ORD_14750,255.12,2025-07-17 21:00:00
CUST_0751,Customer_751,West,2025-01-10,ORD_10570,455.12,2025-01-24 17:00:00
CUST_0751,Customer_751,West,2025-01-10,ORD_11390,126.23,2025-02-27 21:00:00
CUST_0751,Customer_751,West,2025-01-10,ORD_14480,222.23,2025-07-06 15:00:00
CUST_0751,Customer_751,West,2025-01-10,ORD_14578,651.98,2025-07-10 17:00:00
CUST_0751,Customer_751,West,2025-01-10,ORD_14593,451.25,2025-07-11 08:00:00
CUST_0752,Customer_752,North,2025-01-10,ORD_10334,137.86,2025-01-14 21:00:00
CUST_0752,Customer_752,North,2025-01-10,ORD_10485,247.81,2025-01-21 04:00:00
CUST_0752,Customer_752,North,2025-01-10,ORD_12093,672.6,2025-03-29 04:00:00
CUST_0752,Customer_752,North,2025-01-10,ORD_13491,475.02,2025-05-26 10:00:00
CUST_0752,Customer_752,North,2025-01-10,ORD_13563,633.77,2025-05-29 10:00:00
CUST_0753,Customer_753,South,2025-01-11,ORD_11707,650.57,2025-03-13 02:00:00
CUST_0753,Customer_753,South,2025-01-11,ORD_12687,690.52,2025-04-22 22:00:00
CUST_0753,Customer_753,South,2025-01-11,ORD_12806,346.14,2025-04-27 21:00:00
CUST_0753,Customer_753,South,2025-01-11,ORD_13330,507.21,2025-05-19 17:00:00
CUST_0753,Customer_753,South,2025-01-11,ORD_13350,72.98,2025-05-20 13:00:00
CUST_0754,Customer_754,South,2025-01-11,ORD_10248,710.56,2025-01-11 07:00:00
CUST_0754,Customer_754,South,2025-01-11,ORD_11248,544.15,2025-02-21 23:00:00
CUST_0754,Customer_754,South,2025-01-11,ORD_11902,614.68,2025-03-21 05:00:00
CUST_0754,Customer_754,South,2025-01-11,ORD_13507,612.99,2025-05-27 02:00:00
CUST_0754,Customer_754,South,2025-01-11,ORD_14862,383.63,2025-07-22 13:00:00
CUST_0755,Customer_755,South,2025-01-12,ORD_12368,391.19,2025-04-09 15:00:00
CUST_0755,Customer_755,South,2025-01-12,ORD_12666,29.36,2025-04-22 01:00:00
CUST_0755,Customer_755,South,2025-01-12,ORD_13124,254.12,2025-05-11 03:00:00
CUST_0755,Customer_755,South,2025-01-12,ORD_14070,430.87,2025-06-19 13:00:00
CUST_0755,Customer_755,South,2025-01-12,ORD_14775,47.89,2025-07-18 22:00:00
CUST_0756,Customer_756,South,2025-01-12,ORD_10336,424.03,2025-01-14 23:00:00
CUST_0756,Customer_756,South,2025-01-12,ORD_10493,612.72,2025-01-21 12:00:00
CUST_0756,Customer_756,South,2025-01-12,ORD_10735,362.4,2025-01-31 14:00:00
CUST_0756,Customer_756,South,2025-01-12,ORD_11746,379.43,2025-03-14 17:00:00
CUST_0756,Customer_756,South,2025-01-12,ORD_14837,424.0,2025-07-21 12:00:00
CUST_0757,Customer_757,South,2025-01-13,ORD_10791,435.34,2025-02-02 22:00:00
CUST_0757,Customer_757,South,2025-01-13,ORD_11251,354.27,2025-02-22 02:00:00
CUST_0757,Customer_757,South,2025-01-13,ORD_11419,37.99,2025-03-01 02:00:00
CUST_0757,Customer_757,South,2025-01-13,ORD_11806,596.76,2025-03-17 05:00:00
CUST_0757,Customer_757,South,2025-01-13,ORD_14913,166.86,2025-07-24 16:00:00
CUST_0758,Customer_758,East,2025-01-13,ORD_10694,717.62,2025-01-29 21:00:00
CUST_0758,Customer_758,East,2025-01-13,ORD_11272,378.44,2025-02-22 23:00:00
CUST_0758,Customer_758,East,2025-01-13,ORD_11512,722.79,2025-03-04 23:00:00
CUST_0758,Customer_758,East,2025-01-13,ORD_11679,283.69,2025-03-11 22:00:00
CUST_0758,Customer_758,East,2025-01-13,ORD_14190,706.91,2025-06-24 13:00:00
CUST_0759,Customer_759,North,2025-01-14,ORD_11982,130.42,2025-03-24 13:00:00
CUST_0759,Customer_759,North,2025-01-14,ORD_13268,374.24,2025-05-17 03:00:00
CUST_0759,Customer_759,North,2025-01-14,ORD_13823,673.42,2025-06-09 06:00:00
CUST_0759,Customer_759,North,2025-01-14,ORD_14019,285.13,2025-06-17 10:00:00
CUST_0759,Customer_759,North,2025-01-14,ORD_14630,730.8,2025-07-12 21:00:00
CUST_0760,Customer_760,East,2025-01-14,ORD_10626,191.37,2025-01-27 01:00:00
CUST_0760,Customer_760,East,2025-01-14,ORD_11293,635.98,2025-02-23 20:00:00
CUST_0760,Customer_760,East,2025-01-14,ORD_11413,486.55,2025-02-28 20:00:00
CUST_0760,Customer_760,East,2025-01-14,ORD_11542,127.03,2025-03-06 05:00:00
CUST_0760,Customer_760,East,2025-01-14,ORD_12474,102.66,2025-04-14 01:00:00
CUST_0761,Customer_761,West,2025-01-15,ORD_11553,233.34,2025-03-06 16:00:00
CUST_0761,Customer_761,West,2025-01-15,ORD_12297,43.72,2025-04-06 16:00:00
CUST_0761,Customer_761,West,2025-01-15,ORD_13120,159.79,2025-05-10 23:00:00
CUST_0761,Customer_761,West,2025-01-15,ORD_14579,548.83,2025-07-10 18:00:00
CUST_0761,Customer_761,West,2025-01-15,ORD_14927,397.52,2025-07-25 06:00:00
CUST_0762,Customer_762,South,2025-01-15,ORD_10270,323.27,2025-01-12 05:00:00
CUST_0762,Customer_762,South,2025-01-15,ORD_11939,354.17,2025-03-22 18:00:00
CUST_0762,Customer_762,South,2025-01-15,ORD_12349,115.36,2025-04-08 20:00:00
CUST_0762,Customer_762,South,2025-01-15,ORD_12910,605.94,2025-05-02 05:00:00
CUST_0762,Customer_762,South,2025-01-15,ORD_14395,512.16,2025-07-03 02:00:00
CUST_0763,Customer_763,North,2025-01-16,ORD_10647,237.28,2025-01-27 22:00:00
CUST_0763,Customer_763,North,2025-01-16,ORD_11218,396.07,2025-02-20 17:00:00
CUST_0763,Customer_763,North,2025-01-16,ORD_11568,514.08,2025-03-07 07:00:00
CUST_0763,Customer_763,North,2025-01-16,ORD_13682,429.31,2025-06-03 09:00:00
CUST_0763,Customer_763,North,2025-01-16,ORD_14236,503.92,2025-06-26 11:00:00
CUST_0764,Customer_764,South,2025-01-16,ORD_10639,295.11,2025-01-27 14:00:00
CUST_0764,Customer_764,South,2025-01-16,ORD_11177,749.12,2025-02-19 00:00:00
CUST_0764,Customer_764,South,2025-01-16,ORD_11592,48.47,2025-03-08 07:00:00
CUST_0764,Customer_764,South,2025-01-16,ORD_11933,280.29,2025-03-22 12:00:00
CUST_0764,Customer_764,South,2025-01-16,ORD_13209,575.14,2025-05-14 16:00:00
CUST_0765,Customer_765,North,2025-01-17,ORD_10695,716.15,2025-01-29 22:00:00
CUST_0765,Customer_765,North,2025-01-17,ORD_10744,250.75,2025-01-31 23:00:00
CUST_0765,Customer_765,North,2025-01-17,ORD_11532,539.92,2025-03-05 19:00:00
CUST_0765,Customer_765,North,2025-01-17,ORD_11877,92.44,2025-03-20 04:00:00
CUST_0765,Customer_765,North,2025-01-17,ORD_14935,362.99,2025-07-25 14:00:00
CUST_0766,Customer_766,East,2025-01-17,ORD_10182,82.88,2025-01-08 13:00:00
CUST_0766,Customer_766,East,2025-01-17,ORD_10253,112.67,2025-01-11 12:00:00
CUST_0766,Customer_766,East,2025-01-17,ORD_11112,324.53,2025-02-16 07:00:00
CUST_0766,Customer_766,East,2025-01-17,ORD_11826,607.74,2025-03-18 01:00:00
CUST_0766,Customer_766,East,2025-01-17,ORD_12054,533.39,2025-03-27 13:00:00
CUST_0767,Customer_767,North,2025-01-18,ORD_10265,23.06,2025-01-12 00:00:00
CUST_0767,Customer_767,North,2025-01-18,ORD_11661,736.41,2025-03-11 04:00:00
CUST_0767,Customer_767,North,2025-01-18,ORD_11699,192.63,2025-03-12 18:00:00
CUST_0767,Customer_767,North,2025-01-18,ORD_12495,599.72,2025-04-14 22:00:00
CUST_0767,Customer_767,North,2025-01-18,ORD_14336,697.29,2025-06-30 15:00:00
CUST_0768,Customer_768,West,2025-01-18,ORD_11570,157.46,2025-03-07 09:00:00
CUST_0768,Customer_768,West,2025-01-18,ORD_12788,711.77,2025-04-27 03:00:00
CUST_0768,Customer_768,West,2025-01-18,ORD_13272,82.71,2025-05-17 07:00:00
CUST_0768,Customer_768,West,2025-01-18,ORD_13346,265.9,2025-05-20 09:00:00
CUST_0768,Customer_768,West,2025-01-18,ORD_14039,128.97,2025-06-18 06:00:00
CUST_0769,Customer_769,West,2025-01-19,ORD_10002,552.13,2025-01-01 01:00:00
CUST_0769,Customer_769,West,2025-01-19,ORD_11126,237.44,2025-02-16 21:00:00
CUST_0769,Customer_769,West,2025-01-19,ORD_11338,525.83,2025-02-25 17:00:00
CUST_0769,Customer_769,West,2025-01-19,ORD_13129,658.76,2025-05-11 08:00:00
CUST_0769,Customer_769,West,2025-01-19,ORD_14600,129.17,2025-07-11 15:00:00
CUST_0770,Customer_770,North,2025-01-19,ORD_12833,48.33,2025-04-29 00:00:00
CUST_0770,Customer_770,North,2025-01-19,ORD_13537,372.17,2025-05-28 08:00:00
CUST_0770,Customer_770,North,2025-01-19,ORD_13606,113.58,2025-05-31 05:00:00
CUST_0770,Customer_770,North,2025-01-19,ORD_14280,105.32,2025-06-28 07:00:00
CUST_0770,Customer_770,North,2025-01-19,ORD_14787,507.35,2025-07-19 10:00:00
CUST_0771,Customer_771,North,2025-01-20,ORD_10867,483.79,2025-02-06 02:00:00
CUST_0771,Customer_771,North,2025-01-20,ORD_12489,266.74,2025-04-14 16:00:00
CUST_0771,Customer_771,North,2025-01-20,ORD_12873,565.79,2025-04-30 16:00:00
CUST_0771,Customer_771,North,2025-01-20,ORD_14821,557.48,2025-07-20 20:00:00
CUST_0771,Customer_771,North,2025-01-20,ORD_14976,499.93,2025-07-27 07:00:00
CUST_0772,Customer_772,North,2025-01-20,ORD_10406,132.26,2025-01-17 21:00:00
CUST_0772,Customer_772,North,2025-01-20,ORD_11549,245.91,2025-03-06 12:00:00
CUST_0772,Customer_772,North,2025-01-20,ORD_12562,502.87,2025-04-17 17:00:00
CUST_0772,Customer_772,North,2025-01-20,ORD_12611,437.79,2025-04-19 18:00:00
CUST_0772,Customer_772,North,2025-01-20,ORD_13747,342.32,2025-06-06 02:00:00
CUST_0773,Customer_773,North,2025-01-21,ORD_11009,239.71,2025-02-12 00:00:00
CUST_0773,Customer_773,North,2025-01-21,ORD_12534,498.47,2025-04-16 13:00:00
CUST_0773,Customer_773,North,2025-01-21,ORD_13228,108.3,2025-05-15 11:00:00
CUST_0773,Customer_773,North,2025-01-21,ORD_14514,336.62,2025-07-08 01:00:00
CUST_0773,Customer_773,North,2025-01-21,ORD_14852,98.78,2025-07-22 03:00:00
CUST_0774,Customer_774,West,2025-01-21,ORD_11671,443.96,2025-03-11 14:00:00
CUST_0774,Customer_774,West,2025-01-21,ORD_11903,703.4,2025-03-21 06:00:00
CUST_0774,Customer_774,West,2025-01-21,ORD_12236,40.32,2025-04-04 03:00:00
CUST_0774,Customer_774,West,2025-01-21,ORD_12815,311.8,2025-04-28 06:00:00
CUST_0774,Customer_774,West,2025-01-21,ORD_13539,580.71,2025-05-28 10:00:00
CUST_0775,Customer_775,South,2025-01-22,ORD_11488,154.5,2025-03-03 23:00:00
CUST_0775,Customer_775,South,2025-01-22,ORD_13336,340.81,2025-05-19 23:00:00
CUST_0775,Customer_775,South,2025-01-22,ORD_13791,447.24,2025-06-07 22:00:00
CUST_0775,Customer_775,South,2025-01-22,ORD_13884,278.04,2025-06-11 19:00:00
CUST_0775,Customer_775,South,2025-01-22,ORD_14564,608.36,2025-07-10 03:00:00
CUST_0776,Customer_776,North,2025-01-22,ORD_11461,670.31,2025-03-02 20:00:00
CUST_0776,Customer_776,North,2025-01-22,ORD_13266,205.53,2025-05-17 01:00:00
CUST_0776,Customer_776,North,2025-01-22,ORD_13567,346.51,2025-05-29 14:00:00
CUST_0776,Customer_776,North,2025-01-22,ORD_14643,507.77,2025-07-13 10:00:00
CUST_0776,Customer_776,North,2025-01-22,ORD_14693,55.89,2025-07-15 12:00:00
CUST_0777,Customer_777,North,2025-01-23,ORD_10802,607.72,2025-02-03 09:00:00
CUST_0777,Customer_777,North,2025-01-23,ORD_11691,319.99,2025-03-12 10:00:00
CUST_0777,Customer_777,North,2025-01-23,ORD_11731,508.57,2025-03-14 02:00:00
CUST_0777,Customer_777,North,2025-01-23,ORD_11880,658.58,2025-03-20 07:00:00
CUST_0777,Customer_777,North,2025-01-23,ORD_13157,668.06,2025-05-12 12:00:00
CUST_0778,Customer_778,West,2025-01-23,ORD_11366,653.42,2025-02-26 21:00:00
CUST_0778,Customer_778,West,2025-01-23,ORD_11517,442.49,2025-03-05 04:00:00
CUST_0778,Customer_778,West,2025-01-23,ORD_11974,57.98,2025-03-24 05:00:00
CUST_0778,Customer_778,West,2025-01-23,ORD_12339,378.67,2025-04-08 10:00:00
CUST_0778,Customer_778,West,2025-01-23,ORD_14556,255.77,2025-07-09 19:00:00
CUST_0779,Customer_779,West,2025-01-24,ORD_12315,520.85,2025-04-07 10:00:00
CUST_0779,Customer_779,West,2025-01-24,ORD_12484,320.77,2025-04-14 11:00:00
CUST_0779,Customer_779,West,2025-01-24,ORD_13958,604.86,2025-06-14 21:00:00
CUST_0779,Customer_779,West,2025-01-24,ORD_14153,624.83,2025-06-23 00:00:00
CUST_0779,Customer_779,West,2025-01-24,ORD_14992,371.33,2025-07-27 23:00:00
CUST_0780,Customer_780,East,2025-01-24,ORD_12149,663.31,2025-03-31 12:00:00
CUST_0780,Customer_780,East,2025-01-24,ORD_12605,427.25,2025-04-19 12:00:00
CUST_0780,Customer_780,East,2025-01-24,ORD_13162,596.18,2025-05-12 17:00:00
CUST_0780,Customer_780,East,2025-01-24,ORD_14204,625.92,2025-06-25 03:00:00
CUST_0780,Customer_780,East,2025-01-24,ORD_14269,55.01,2025-06-27 20:00:00
CUST_0781,Customer_781,North,2025-01-25,ORD_10973,225.8,2025-02-10 12:00:00
CUST_0781,Customer_781,North,2025-01-25,ORD_11617,147.59,2025-03-09 08:00:00
CUST_0781,Customer_781,North,2025-01-25,ORD_11841,700.55,2025-03-18 16:00:00
CUST_0781,Customer_781,North,2025-01-25,ORD_13193,409.54,2025-05-14 00:00:00
CUST_0781,Customer_781,North,2025-01-25,ORD_13556,490.65,2025-05-29 03:00:00
CUST_0782,Customer_782,East,2025-01-25,ORD_11420,528.58,2025-03-01 03:00:00
CUST_0782,Customer_782,East,2025-01-25,ORD_12286,663.59,2025-04-06 05:00:00
CUST_0782,Customer_782,East,2025-01-25,ORD_12828,419.03,2025-04-28 19:00:00
CUST_0782,Customer_782,East,2025-01-25,ORD_12847,80.87,2025-04-29 14:00:00
CUST_0782,Customer_782,East,2025-01-25,ORD_13364,630.96,2025-05-21 03:00:00
CUST_0783,Customer_783,West,2025-01-26,ORD_11478,55.6,2025-03-03 13:00:00
CUST_0783,Customer_783,West,2025-01-26,ORD_13017,530.5,2025-05-06 16:00:00
CUST_0783,Customer_783,West,2025-01-26,ORD_13184,177.13,2025-05-13 15:00:00
CUST_0783,Customer_783,West,2025-01-26,ORD_14044,657.58,2025-06-18 11:00:00
CUST_0783,Customer_783,West,2025-01-26,ORD_14953,296.08,2025-07-26 08:00:00
CUST_0784,Customer_784,West,2025-01-26,ORD_10184,224.64,2025-01-08 15:00:00
CUST_0784,Customer_784,West,2025-01-26,ORD_10580,687.95,2025-01-25 03:00:00
CUST_0784,Customer_784,West,2025-01-26,ORD_12214,67.38,2025-04-03 05:00:00
CUST_0784,Customer_784,West,2025-01-26,ORD_12870,196.19,2025-04-30 13:00:00
CUST_0784,Customer_784,West,2025-01-26,ORD_13137,474.46,2025-05-11 16:00:00
CUST_0785,Customer_785,South,2025-01-27,ORD_10171,49.41,2025-01-08 02:00:00
CUST_0785,Customer_785,South,2025-01-27,ORD_11690,667.21,2025-03-12 09:00:00
CUST_0785,Customer_785,South,2025-01-27,ORD_11728,323.41,2025-03-13 23:00:00
CUST_0785,Customer_785,South,2025-01-27,ORD_11851,578.56,2025-03-19 02:00:00
CUST_0785,Customer_785,South,2025-01-27,ORD_13089,365.61,2025-05-09 16:00:00
CUST_0786,Customer_786,North,2025-01-27,ORD_12369,190.02,2025-04-09 16:00:00
CUST_0786,Customer_786,North,2025-01-27,ORD_12416,154.18,2025-04-11 15:00:00
CUST_0786,Customer_786,North,2025-01-27,ORD_12488,486.74,2025-04-14 15:00:00
CUST_0786,Customer_786,North,2025-01-27,ORD_12579,85.45,2025-04-18 10:00:00
CUST_0786,Customer_786,North,2025-01-27,ORD_14594,457.54,2025-07-11 09:00:00
CUST_0787,Customer_787,East,2025-01-28,ORD_10421,181.08,2025-01-18 12:00:00
CUST_0787,Customer_787,East,2025-01-28,ORD_11055,737.55,2025-02-13 22:00:00
CUST_0787,Customer_787,East,2025-01-28,ORD_13240,89.16,2025-05-15 23:00:00
CUST_0787,Customer_787,East,2025-01-28,ORD_13719,730.4,2025-06-04 22:00:00
CUST_0787,Customer_787,East,2025-01-28,ORD_14457,132.92,2025-07-05 16:00:00
CUST_0788,Customer_788,West,2025-01-28,ORD_10491,503.49,2025-01-21 10:00:00
CUST_0788,Customer_788,West,2025-01-28,ORD_11971,742.06,2025-03-24 02:00:00
CUST_0788,Customer_788,West,2025-01-28,ORD_12127,421.07,2025-03-30 14:00:00
CUST_0788,Customer_788,West,2025-01-28,ORD_13508,569.26,2025-05-27 03:00:00
CUST_0788,Customer_788,West,2025-01-28,ORD_13806,460.2,2025-06-08 13:00:00
CUST_0789,Customer_789,West,2025-01-29,ORD_11348,366.34,2025-02-26 03:00:00
CUST_0789,Customer_789,West,2025-01-29,ORD_13362,462.88,2025-05-21 01:00:00
CUST_0789,Customer_789,West,2025-01-29,ORD_13722,281.22,2025-06-05 01:00:00
CUST_0789,Customer_789,West,2025-01-29,ORD_13772,103.05,2025-06-07 03:00:00
CUST_0789,Customer_789,West,2025-01-29,ORD_14916,585.66,2025-07-24 19:00:00
CUST_0790,Customer_790,East,2025-01-29,ORD_10407,666.91,2025-01-17 22:00:00
CUST_0790,Customer_790,East,2025-01-29,ORD_11645,503.89,2025-03-10 12:00:00
CUST_0790,Customer_790,East,2025-01-29,ORD_11879,211.77,2025-03-20 06:00:00
CUST_0790,Customer_790,East,2025-01-29,ORD_13230,404.94,2025-05-15 13:00:00
CUST_0790,Customer_790,East,2025-01-29,ORD_14679,240.34,2025-07-14 22:00:00
CUST_0791,Customer_791,South,2025-01-30,ORD_11399,74.95,2025-02-28 06:00:00
CUST_0791,Customer_791,South,2025-01-30,ORD_11796,34.35,2025-03-16 19:00:00
CUST_0791,Customer_791,South,2025-01-30,ORD_13710,319.68,2025-06-04 13:00:00
CUST_0791,Customer_791,South,2025-01-30,ORD_14321,399.73,2025-06-30 00:00:00
CUST_0791,Customer_791,South,2025-01-30,ORD_14581,176.76,2025-07-10 20:00:00
CUST_0792,Customer_792,West,2025-01-30,ORD_10582,561.87,2025-01-25 05:00:00
CUST_0792,Customer_792,West,2025-01-30,ORD_11807,469.89,2025-03-17 06:00:00
CUST_0792,Customer_792,West,2025-01-30,ORD_12000,393.95,2025-03-25 07:00:00
CUST_0792,Customer_792,West,2025-01-30,ORD_12929,153.32,2025-05-03 00:00:00
CUST_0792,Customer_792,West,2025-01-30,ORD_14194,619.75,2025-06-24 17:00:00
CUST_0793,Customer_793,North,2025-01-31,ORD_12182,360.68,2025-04-01 21:00:00
CUST_0793,Customer_793,North,2025-01-31,ORD_12888,345.38,2025-05-01 07:00:00
CUST_0793,Customer_793,North,2025-01-31,ORD_12979,371.86,2025-05-05 02:00:00
CUST_0793,Customer_793,North,2025-01-31,ORD_14195,424.78,2025-06-24 18:00:00
CUST_0793,Customer_793,North,2025-01-31,ORD_14221,596.6,2025-06-25 20:00:00
CUST_0794,Customer_794,West,2025-01-31,ORD_11242,436.98,2025-02-21 17:00:00
CUST_0794,Customer_794,West,2025-01-31,ORD_11623,685.91,2025-03-09 14:00:00
CUST_0794,Customer_794,West,2025-01-31,ORD_13533,59.01,2025-05-28 04:00:00
CUST_0794,Customer_794,West,2025-01-31,ORD_14484,512.18,2025-07-06 19:00:00
CUST_0794,Customer_794,West,2025-01-31,ORD_14697,659.69,2025-07-15 16:00:00
CUST_0795,Customer_795,North,2025-02-01,ORD_10349,465.38,2025-01-15 12:00:00
CUST_0795,Customer_795,North,2025-02-01,ORD_12540,292.04,2025-04-16 19:00:00
CUST_0795,Customer_795,North,2025-02-01,ORD_13401,204.39,2025-05-22 16:00:00
CUST_0795,Customer_795,North,2025-02-01,ORD_13438,410.22,2025-05-24 05:00:00
CUST_0795,Customer_795,North,2025-02-01,ORD_14175,528.24,2025-06-23 22:00:00
CUST_0796,Customer_796,East,2025-02-01,ORD_10985,395.76,2025-02-11 00:00:00
CUST_0796,Customer_796,East,2025-02-01,ORD_12259,668.68,2025-04-05 02:00:00
CUST_0796,Customer_796,East,2025-02-01,ORD_14302,105.76,2025-06-29 05:00:00
CUST_0796,Customer_796,East,2025-02-01,ORD_14658,521.25,2025-07-14 01:00:00
CUST_0796,Customer_796,East,2025-02-01,ORD_14875,656.23,2025-07-23 02:00:00
CUST_0797,Customer_797,North,2025-02-02,ORD_12366,637.22,2025-04-09 13:00:00
CUST_0797,Customer_797,North,2025-02-02,ORD_13104,642.98,2025-05-10 07:00:00
CUST_0797,Customer_797,North,2025-02-02,ORD_13331,29.32,2025-05-19 18:00:00
CUST_0797,Customer_797,North,2025-02-02,ORD_13484,376.68,2025-05-26 03:00:00
CUST_0797,Customer_797,North,2025-02-02,ORD_14879,298.83,2025-07-23 06:00:00
CUST_0798,Customer_798,East,2025-02-02,ORD_10136,172.45,2025-01-06 15:00:00
CUST_0798,Customer_798,East,2025-02-02,ORD_10534,217.51,2025-01-23 05:00:00
CUST_0798,Customer_798,East,2025-02-02,ORD_10898,475.07,2025-02-07 09:00:00
CUST_0798,Customer_798,East,2025-02-02,ORD_13951,159.47,2025-06-14 14:00:00
CUST_0798,Customer_798,East,2025-02-02,ORD_14459,317.85,2025-07-05 18:00:00
CUST_0799,Customer_799,North,2025-02-03,ORD_10470,610.44,2025-01-20 13:00:00
CUST_0799,Customer_799,North,2025-02-03,ORD_10558,323.06,2025-01-24 05:00:00
CUST_0799,Customer_799,North,2025-02-03,ORD_11060,605.34,2025-02-14 03:00:00
CUST_0799,Customer_799,North,2025-02-03,ORD_11468,327.55,2025-03-03 03:00:00
CUST_0799,Customer_799,North,2025-02-03,ORD_12393,463.09,2025-04-10 16:00:00
CUST_0800,Customer_800,East,2025-02-03,ORD_10994,440.24,2025-02-11 09:00:00
CUST_0800,Customer_800,East,2025-02-03,ORD_11071,561.93,2025-02-14 14:00:00
CUST_0800,Customer_800,East,2025-02-03,ORD_12283,451.29,2025-04-06 02:00:00
CUST_0800,Customer_800,East,2025-02-03,ORD_12783,485.84,2025-04-26 22:00:00
CUST_0800,Customer_800,East,2025-02-03,ORD_13503,452.02,2025-05-26 22:00:00
CUST_0801,Customer_801,North,2025-02-04,ORD_10187,490.09,2025-01-08 18:00:00
CUST_0801,Customer_801,North,2025-02-04,ORD_11070,344.54,2025-02-14 13:00:00
CUST_0801,Customer_801,North,2025-02-04,ORD_12631,350.99,2025-04-20 14:00:00
CUST_0801,Customer_801,North,2025-02-04,ORD_13541,247.54,2025-05-28 12:00:00
CUST_0801,Customer_801,North,2025-02-04,ORD_13799,122.83,2025-06-08 06:00:00
CUST_0802,Customer_802,South,2025-02-04,ORD_12242,224.23,2025-04-04 09:00:00
CUST_0802,Customer_802,South,2025-02-04,ORD_13013,444.11,2025-05-06 12:00:00
CUST_0802,Customer_802,South,2025-02-04,ORD_13273,541.31,2025-05-17 08:00:00
CUST_0802,Customer_802,South,2025-02-04,ORD_13596,557.25,2025-05-30 19:00:00
CUST_0802,Customer_802,South,2025-02-04,ORD_13759,744.23,2025-06-06 14:00:00
CUST_0803,Customer_803,North,2025-02-05,ORD_11328,27.17,2025-02-25 07:00:00
CUST_0803,Customer_803,North,2025-02-05,ORD_11445,403.48,2025-03-02 04:00:00
CUST_0803,Customer_803,North,2025-02-05,ORD_12477,414.8,2025-04-14 04:00:00
CUST_0803,Customer_803,North,2025-02-05,ORD_13338,314.66,2025-05-20 01:00:00
CUST_0803,Customer_803,North,2025-02-05,ORD_14899,41.91,2025-07-24 02:00:00
CUST_0804,Customer_804,North,2025-02-05,ORD_11128,364.29,2025-02-16 23:00:00
CUST_0804,Customer_804,North,2025-02-05,ORD_11714,352.44,2025-03-13 09:00:00
CUST_0804,Customer_804,North,2025-02-05,ORD_12573,232.57,2025-04-18 04:00:00
CUST_0804,Customer_804,North,2025-02-05,ORD_13123,279.15,2025-05-11 02:00:00
CUST_0804,Customer_804,North,2025-02-05,ORD_14463,660.57,2025-07-05 22:00:00
CUST_0805,Customer_805,South,2025-02-06,ORD_10369,317.38,2025-01-16 08:00:00
CUST_0805,Customer_805,South,2025-02-06,ORD_11187,241.35,2025-02-19 10:00:00
CUST_0805,Customer_805,South,2025-02-06,ORD_11550,347.02,2025-03-06 13:00:00
CUST_0805,Customer_805,South,2025-02-06,ORD_12735,170.3,2025-04-24 22:00:00
CUST_0805,Customer_805,South,2025-02-06,ORD_14548,398.82,2025-07-09 11:00:00
CUST_0806,Customer_806,West,2025-02-06,ORD_10689,83.84,2025-01-29 16:00:00
CUST_0806,Customer_806,West,2025-02-06,ORD_10795,336.6,2025-02-03 02:00:00
CUST_0806,Customer_806,West,2025-02-06,ORD_11469,632.35,2025-03-03 04:00:00
CUST_0806,Customer_806,West,2025-02-06,ORD_13354,416.3,2025-05-20 17:00:00
CUST_0806,Customer_806,West,2025-02-06,ORD_13932,289.91,2025-06-13 19:00:00
CUST_0807,Customer_807,West,2025-02-07,ORD_13654,47.61,2025-06-02 05:00:00
CUST_0807,Customer_807,West,2025-02-07,ORD_14224,134.12,2025-06-25 23:00:00
CUST_0807,Customer_807,West,2025-02-07,ORD_14228,443.94,2025-06-26 03:00:00
CUST_0807,Customer_807,West,2025-02-07,ORD_14360,20.3,2025-07-01 15:00:00
CUST_0807,Customer_807,West,2025-02-07,ORD_14856,549.18,2025-07-22 07:00:00
CUST_0808,Customer_808,North,2025-02-07,ORD_10860,587.06,2025-02-05 19:00:00
CUST_0808,Customer_808,North,2025-02-07,ORD_10874,506.86,2025-02-06 09:00:00
CUST_0808,Customer_808,North,2025-02-07,ORD_11525,228.88,2025-03-05 12:00:00
CUST_0808,Customer_808,North,2025-02-07,ORD_11849,519.64,2025-03-19 00:00:00
CUST_0808,Customer_808,North,2025-02-07,ORD_14234,395.9,2025-06-26 09:00:00
CUST_0809,Customer_809,South,2025-02-08,ORD_10655,71.49,2025-01-28 06:00:00
CUST_0809,Customer_809,South,2025-02-08,ORD_11685,366.41,2025-03-12 04:00:00
CUST_0809,Customer_809,South,2025-02-08,ORD_12402,125.44,2025-04-11 01:00:00
CUST_0809,Customer_809,South,2025-02-08,ORD_13252,520.8,2025-05-16 11:00:00
CUST_0809,Customer_809,South,2025-02-08,ORD_14807,432.32,2025-07-20 06:00:00
CUST_0810,Customer_810,North,2025-02-08,ORD_10880,209.0,2025-02-06 15:00:00
CUST_0810,Customer_810,North,2025-02-08,ORD_11839,30.23,2025-03-18 14:00:00
CUST_0810,Customer_810,North,2025-02-08,ORD_12373,133.66,2025-04-09 20:00:00
CUST_0810,Customer_810,North,2025-02-08,ORD_12638,552.35,2025-04-20 21:00:00
CUST_0810,Customer_810,North,2025-02-08,ORD_14434,217.08,2025-07-04 17:00:00
CUST_0811,Customer_811,East,2025-02-09,ORD_10927,82.34,2025-02-08 14:00:00
CUST_0811,Customer_811,East,2025-02-09,ORD_10949,339.67,2025-02-09 12:00:00
CUST_0811,Customer_811,East,2025-02-09,ORD_13214,534.28,2025-05-14 21:00:00
CUST_0811,Customer_811,East,2025-02-09,ORD_13653,212.34,2025-06-02 04:00:00
CUST_0811,Customer_811,East,2025-02-09,ORD_13963,582.4,2025-06-15 02:00:00
CUST_0812,Customer_812,East,2025-02-09,ORD_10380,567.4,2025-01-16 19:00:00
CUST_0812,Customer_812,East,2025-02-09,ORD_10468,201.43,2025-01-20 11:00:00
CUST_0812,Customer_812,East,2025-02-09,ORD_11742,604.6,2025-03-14 13:00:00
CUST_0812,Customer_812,East,2025-02-09,ORD_13693,654.44,2025-06-03 20:00:00
CUST_0812,Customer_812,East,2025-02-09,ORD_13877,319.67,2025-06-11 12:00:00
CUST_0813,Customer_813,North,2025-02-10,ORD_10051,227.72,2025-01-03 02:00:00
CUST_0813,Customer_813,North,2025-02-10,ORD_11590,478.98,2025-03-08 05:00:00
CUST_0813,Customer_813,North,2025-02-10,ORD_12628,333.78,2025-04-20 11:00:00
CUST_0813,Customer_813,North,2025-02-10,ORD_13056,398.43,2025-05-08 07:00:00
CUST_0813,Customer_813,North,2025-02-10,ORD_14646,122.68,2025-07-13 13:00:00
CUST_0814,Customer_814,West,2025-02-10,ORD_11381,79.46,2025-02-27 12:00:00
CUST_0814,Customer_814,West,2025-02-10,ORD_11586,498.75,2025-03-08 01:00:00
CUST_0814,Customer_814,West,2025-02-10,ORD_13987,292.73,2025-06-16 02:00:00
CUST_0814,Customer_814,West,2025-02-10,ORD_14390,119.46,2025-07-02 21:00:00
CUST_0814,Customer_814,West,2025-02-10,ORD_14494,623.83,2025-07-07 05:00:00
CUST_0815,Customer_815,West,2025-02-11,ORD_10054,640.47,2025-01-03 05:00:00
CUST_0815,Customer_815,West,2025-02-11,ORD_13395,64.69,2025-05-22 10:00:00
CUST_0815,Customer_815,West,2025-02-11,ORD_13750,535.42,2025-06-06 05:00:00
CUST_0815,Customer_815,West,2025-02-11,ORD_14258,351.77,2025-06-27 09:00:00
CUST_0815,Customer_815,West,2025-02-11,ORD_14689,50.57,2025-07-15 08:00:00
CUST_0816,Customer_816,North,2025-02-11,ORD_10079,553.06,2025-01-04 06:00:00
CUST_0816,Customer_816,North,2025-02-11,ORD_10383,151.97,2025-01-16 22:00:00
CUST_0816,Customer_816,North,2025-02-11,ORD_10598,189.89,2025-01-25 21:00:00
CUST_0816,Customer_816,North,2025-02-11,ORD_10761,170.23,2025-02-01 16:00:00
CUST_0816,Customer_816,North,2025-02-11,ORD_12425,24.28,2025-04-12 00:00:00
CUST_0817,Customer_817,North,2025-02-12,ORD_10218,185.54,2025-01-10 01:00:00
CUST_0817,Customer_817,North,2025-02-12,ORD_10641,680.87,2025-01-27 16:00:00
CUST_0817,Customer_817,North,2025-02-12,ORD_12292,112.08,2025-04-06 11:00:00
CUST_0817,Customer_817,North,2025-02-12,ORD_12509,325.12,2025-04-15 12:00:00
CUST_0817,Customer_817,North,2025-02-12,ORD_12714,72.49,2025-04-24 01:00:00
CUST_0818,Customer_818,East,2025-02-12,ORD_10636,425.55,2025-01-27 11:00:00
CUST_0818,Customer_818,East,2025-02-12,ORD_11298,73.05,2025-02-24 01:00:00
CUST_0818,Customer_818,East,2025-02-12,ORD_12180,714.04,2025-04-01 19:00:00
CUST_0818,Customer_818,East,2025-02-12,ORD_13807,61.71,2025-06-08 14:00:00
CUST_0818,Customer_818,East,2025-02-12,ORD_14665,313.42,2025-07-14 08:00:00
CUST_0819,Customer_819,West,2025-02-13,ORD_12166,509.63,2025-04-01 05:00:00
CUST_0819,Customer_819,West,2025-02-13,ORD_12348,725.2,2025-04-08 19:00:00
CUST_0819,Customer_819,West,2025-02-13,ORD_13914,481.2,2025-06-13 01:00:00
CUST_0819,Customer_819,West,2025-02-13,ORD_14664,168.24,2025-07-14 07:00:00
CUST_0819,Customer_819,West,2025-02-13,ORD_14997,393.37,2025-07-28 04:00:00
CUST_0820,Customer_820,North,2025-02-13,ORD_10584,107.87,2025-01-25 07:00:00
CUST_0820,Customer_820,North,2025-02-13,ORD_10845,438.7,2025-02-05 04:00:00
CUST_0820,Customer_820,North,2025-02-13,ORD_13356,111.31,2025-05-20 19:00:00
CUST_0820,Customer_820,North,2025-02-13,ORD_14006,95.3,2025-06-16 21:00:00
CUST_0820,Customer_820,North,2025-02-13,ORD_14130,392.11,2025-06-22 01:00:00
CUST_0821,Customer_821,East,2025-02-14,ORD_10143,606.2,2025-01-06 22:00:00
CUST_0821,Customer_821,East,2025-02-14,ORD_10903,399.1,2025-02-07 14:00:00
CUST_0821,Customer_821,East,2025-02-14,ORD_12621,189.57,2025-04-20 04:00:00
CUST_0821,Customer_821,East,2025-02-14,ORD_13102,138.92,2025-05-10 05:00:00
CUST_0821,Customer_821,East,2025-02-14,ORD_13203,706.67,2025-05-14 10:00:00
CUST_0822,Customer_822,West,2025-02-14,ORD_12130,206.64,2025-03-30 17:00:00
CUST_0822,Customer_822,West,2025-02-14,ORD_13164,725.81,2025-05-12 19:00:00
CUST_0822,Customer_822,West,2025-02-14,ORD_13705,529.53,2025-06-04 08:00:00
CUST_0822,Customer_822,West,2025-02-14,ORD_13748,378.15,2025-06-06 03:00:00
CUST_0822,Customer_822,West,2025-02-14,ORD_13793,367.01,2025-06-08 00:00:00
CUST_0823,Customer_823,South,2025-02-15,ORD_10906,155.62,2025-02-07 17:00:00
CUST_0823,Customer_823,South,2025-02-15,ORD_11069,463.99,2025-02-14 12:00:00
CUST_0823,Customer_823,South,2025-02-15,ORD_11855,145.84,2025-03-19 06:00:00
CUST_0823,Customer_823,South,2025-02-15,ORD_14051,231.4,2025-06-18 18:00:00
CUST_0823,Customer_823,South,2025-02-15,ORD_14567,331.41,2025-07-10 06:00:00
CUST_0824,Customer_824,East,2025-02-15,ORD_10023,90.55,2025-01-01 22:00:00
CUST_0824,Customer_824,East,2025-02-15,ORD_10629,624.09,2025-01-27 04:00:00
CUST_0824,Customer_824,East,2025-02-15,ORD_11814,312.26,2025-03-17 13:00:00
CUST_0824,Customer_824,East,2025-02-15,ORD_14540,250.43,2025-07-09 03:00:00
CUST_0824,Customer_824,East,2025-02-15,ORD_14791,672.28,2025-07-19 14:00:00
CUST_0825,Customer_825,West,2025-02-16,ORD_10951,211.56,2025-02-09 14:00:00
CUST_0825,Customer_825,West,2025-02-16,ORD_12607,83.11,2025-04-19 14:00:00
CUST_0825,Customer_825,West,2025-02-16,ORD_13238,521.83,2025-05-15 21:00:00
CUST_0825,Customer_825,West,2025-02-16,ORD_14350,745.83,2025-07-01 05:00:00
CUST_0825,Customer_825,West,2025-02-16,ORD_14964,708.61,2025-07-26 19:00:00
CUST_0826,Customer_826,West,2025-02-16,ORD_10303,553.54,2025-01-13 14:00:00
CUST_0826,Customer_826,West,2025-02-16,ORD_12145,304.29,2025-03-31 08:00:00
CUST_0826,Customer_826,West,2025-02-16,ORD_12231,624.16,2025-04-03 22:00:00
CUST_0826,Customer_826,West,2025-02-16,ORD_14278,115.15,2025-06-28 05:00:00
CUST_0826,Customer_826,West,2025-02-16,ORD_14701,499.75,2025-07-15 20:00:00
CUST_0827,Customer_827,East,2025-02-17,ORD_12279,134.54,2025-04-05 22:00:00
CUST_0827,Customer_827,East,2025-02-17,ORD_13420,691.51,2025-05-23 11:00:00
CUST_0827,Customer_827,East,2025-02-17,ORD_14423,220.32,2025-07-04 06:00:00
CUST_0827,Customer_827,East,2025-02-17,ORD_14466,745.01,2025-07-06 01:00:00
CUST_0827,Customer_827,East,2025-02-17,ORD_14606,203.54,2025-07-11 21:00:00
CUST_0828,Customer_828,South,2025-02-17,ORD_12584,355.53,2025-04-18 15:00:00
CUST_0828,Customer_828,South,2025-02-17,ORD_13833,537.7,2025-06-09 16:00:00
CUST_0828,Customer_828,South,2025-02-17,ORD_13891,644.23,2025-06-12 02:00:00
CUST_0828,Customer_828,South,2025-02-17,ORD_14678,661.33,2025-07-14 21:00:00
CUST_0828,Customer_828,South,2025-02-17,ORD_14754,286.51,2025-07-18 01:00:00
CUST_0829,Customer_829,East,2025-02-18,ORD_11305,194.29,2025-02-24 08:00:00
CUST_0829,Customer_829,East,2025-02-18,ORD_12836,702.42,2025-04-29 03:00:00
CUST_0829,Customer_829,East,2025-02-18,ORD_13016,479.33,2025-05-06 15:00:00
CUST_0829,Customer_829,East,2025-02-18,ORD_13135,59.11,2025-05-11 14:00:00
CUST_0829,Customer_829,East,2025-02-18,ORD_14042,399.72,2025-06-18 09:00:00
CUST_0830,Customer_830,West,2025-02-18,ORD_10202,622.93,2025-01-09 09:00:00
CUST_0830,Customer_830,West,2025-02-18,ORD_10915,693.53,2025-02-08 02:00:00
CUST_0830,Customer_830,West,2025-02-18,ORD_11778,199.18,2025-03-16 01:00:00
CUST_0830,Customer_830,West,2025-02-18,ORD_13418,385.22,2025-05-23 09:00:00
CUST_0830,Customer_830,West,2025-02-18,ORD_13522,655.81,2025-05-27 17:00:00
CUST_0831,Customer_831,North,2025-02-19,ORD_10591,274.65,2025-01-25 14:00:00
CUST_0831,Customer_831,North,2025-02-19,ORD_12226,702.93,2025-04-03 17:00:00
CUST_0831,Customer_831,North,2025-02-19,ORD_13014,552.82,2025-05-06 13:00:00
CUST_0831,Customer_831,North,2025-02-19,ORD_13424,288.03,2025-05-23 15:00:00
CUST_0831,Customer_831,North,2025-02-19,ORD_14187,335.22,2025-06-24 10:00:00
CUST_0832,Customer_832,North,2025-02-19,ORD_10282,150.69,2025-01-12 17:00:00
CUST_0832,Customer_832,North,2025-02-19,ORD_11141,56.63,2025-02-17 12:00:00
CUST_0832,Customer_832,North,2025-02-19,ORD_11230,440.84,2025-02-21 05:00:00
CUST_0832,Customer_832,North,2025-02-19,ORD_12500,675.98,2025-04-15 03:00:00
CUST_0832,Customer_832,North,2025-02-19,ORD_13700,627.48,2025-06-04 03:00:00
CUST_0833,Customer_833,East,2025-02-20,ORD_12915,399.77,2025-05-02 10:00:00
CUST_0833,Customer_833,East,2025-02-20,ORD_13909,310.27,2025-06-12 20:00:00
CUST_0833,Customer_833,East,2025-02-20,ORD_14203,492.03,2025-06-25 02:00:00
CUST_0833,Customer_833,East,2025-02-20,ORD_14426,229.41,2025-07-04 09:00:00
CUST_0833,Customer_833,East,2025-02-20,ORD_14584,148.55,2025-07-10 23:00:00
CUST_0834,Customer_834,West,2025-02-20,ORD_11172,124.25,2025-02-18 19:00:00
CUST_0834,Customer_834,West,2025-02-20,ORD_12514,437.77,2025-04-15 17:00:00
CUST_0834,Customer_834,West,2025-02-20,ORD_12694,687.77,2025-04-23 05:00:00
CUST_0834,Customer_834,West,2025-02-20,ORD_12780,314.22,2025-04-26 19:00:00
CUST_0834,Customer_834,West,2025-02-20,ORD_13499,523.07,2025-05-26 18:00:00
CUST_0835,Customer_835,North,2025-02-21,ORD_10830,110.12,2025-02-04 13:00:00
CUST_0835,Customer_835,North,2025-02-21,ORD_10871,255.11,2025-02-06 06:00:00
CUST_0835,Customer_835,North,2025-02-21,ORD_11222,583.67,2025-02-20 21:00:00
CUST_0835,Customer_835,North,2025-02-21,ORD_13482,677.86,2025-05-26 01:00:00
CUST_0835,Customer_835,North,2025-02-21,ORD_14799,650.67,2025-07-19 22:00:00
CUST_0836,Customer_836,West,2025-02-21,ORD_10731,528.14,2025-01-31 10:00:00
CUST_0836,Customer_836,West,2025-02-21,ORD_11316,69.67,2025-02-24 19:00:00
CUST_0836,Customer_836,West,2025-02-21,ORD_11659,84.53,2025-03-11 02:00:00
CUST_0836,Customer_836,West,2025-02-21,ORD_12341,300.03,2025-04-08 12:00:00
CUST_0836,Customer_836,West,2025-02-21,ORD_14107,474.6,2025-06-21 02:00:00
CUST_0837,Customer_837,East,2025-02-22,ORD_10045,657.19,2025-01-02 20:00:00
CUST_0837,Customer_837,East,2025-02-22,ORD_11477,574.83,2025-03-03 12:00:00
CUST_0837,Customer_837,East,2025-02-22,ORD_12987,138.39,2025-05-05 10:00:00
CUST_0837,Customer_837,East,2025-02-22,ORD_13494,348.52,2025-05-26 13:00:00
CUST_0837,Customer_837,East,2025-02-22,ORD_13970,553.71,2025-06-15 09:00:00
CUST_0838,Customer_838,North,2025-02-22,ORD_10056,111.65,2025-01-03 07:00:00
CUST_0838,Customer_838,North,2025-02-22,ORD_12883,131.13,2025-05-01 02:00:00
CUST_0838,Customer_838,North,2025-02-22,ORD_12946,523.17,2025-05-03 17:00:00
CUST_0838,Customer_838,North,2025-02-22,ORD_13984,588.21,2025-06-15 23:00:00
CUST_0838,Customer_838,North,2025-02-22,ORD_14305,103.96,2025-06-29 08:00:00
CUST_0839,Customer_839,West,2025-02-23,ORD_10427,573.37,2025-01-18 18:00:00
CUST_0839,Customer_839,West,2025-02-23,ORD_10956,436.76,2025-02-09 19:00:00
CUST_0839,Customer_839,West,2025-02-23,ORD_10970,352.62,2025-02-10 09:00:00
CUST_0839,Customer_839,West,2025-02-23,ORD_13180,176.63,2025-05-13 11:00:00
CUST_0839,Customer_839,West,2025-02-23,ORD_14572,664.85,2025-07-10 11:00:00
CUST_0840,Customer_840,North,2025-02-23,ORD_11716,25.45,2025-03-13 11:00:00
CUST_0840,Customer_840,North,2025-02-23,ORD_12658,336.27,2025-04-21 17:00:00
CUST_0840,Customer_840,North,2025-02-23,ORD_12904,661.12,2025-05-01 23:00:00
CUST_0840,Customer_840,North,2025-02-23,ORD_13478,394.81,2025-05-25 21:00:00
CUST_0840,Customer_840,North,2025-02-23,ORD_14610,188.26,2025-07-12 01:00:00
CUST_0841,Customer_841,East,2025-02-24,ORD_11687,335.41,2025-03-12 06:00:00
CUST_0841,Customer_841,East,2025-02-24,ORD_12925,335.68,2025-05-02 20:00:00
CUST_0841,Customer_841,East,2025-02-24,ORD_13281,246.03,2025-05-17 16:00:00
CUST_0841,Customer_841,East,2025-02-24,ORD_13317,288.86,2025-05-19 04:00:00
CUST_0841,Customer_841,East,2025-02-24,ORD_14262,392.1,2025-06-27 13:00:00
CUST_0842,Customer_842,West,2025-02-24,ORD_11441,362.39,2025-03-02 00:00:00
CUST_0842,Customer_842,West,2025-02-24,ORD_11958,112.45,2025-03-23 13:00:00
CUST_0842,Customer_842,West,2025-02-24,ORD_14106,27.79,2025-06-21 01:00:00
CUST_0842,Customer_842,West,2025-02-24,ORD_14528,63.85,2025-07-08 15:00:00
CUST_0842,Customer_842,West,2025-02-24,ORD_14764,554.57,2025-07-18 11:00:00
CUST_0843,Customer_843,North,2025-02-25,ORD_11157,672.11,2025-02-18 04:00:00
CUST_0843,Customer_843,North,2025-02-25,ORD_12332,405.57,2025-04-08 03:00:00
CUST_0843,Customer_843,North,2025-02-25,ORD_13709,327.42,2025-06-04 12:00:00
CUST_0843,Customer_843,North,2025-02-25,ORD_13885,488.81,2025-06-11 20:00:00
CUST_0843,Customer_843,North,2025-02-25,ORD_14561,387.35,2025-07-10 00:00:00
CUST_0844,Customer_844,East,2025-02-25,ORD_10005,20.02,2025-01-01 04:00:00
CUST_0844,Customer_844,East,2025-02-25,ORD_10287,693.38,2025-01-12 22:00:00
CUST_0844,Customer_844,East,2025-02-25,ORD_11734,169.11,2025-03-14 05:00:00
CUST_0844,Customer_844,East,2025-02-25,ORD_13456,443.57,2025-05-24 23:00:00
CUST_0844,Customer_844,East,2025-02-25,ORD_14623,144.21,2025-07-12 14:00:00
CUST_0845,Customer_845,North,2025-02-26,ORD_10276,457.53,2025-01-12 11:00:00
CUST_0845,Customer_845,North,2025-02-26,ORD_13163,42.79,2025-05-12 18:00:00
CUST_0845,Customer_845,North,2025-02-26,ORD_13250,138.62,2025-05-16 09:00:00
CUST_0845,Customer_845,North,2025-02-26,ORD_13277,323.52,2025-05-17 12:00:00
CUST_0845,Customer_845,North,2025-02-26,ORD_14138,449.09,2025-06-22 09:00:00
CUST_0846,Customer_846,North,2025-02-26,ORD_11754,481.03,2025-03-15 01:00:00
CUST_0846,Customer_846,North,2025-02-26,ORD_11846,355.48,2025-03-18 21:00:00
CUST_0846,Customer_846,North,2025-02-26,ORD_11861,73.22,2025-03-19 12:00:00
CUST_0846,Customer_846,North,2025-02-26,ORD_13405,318.52,2025-05-22 20:00:00
CUST_0846,Customer_846,North,2025-02-26,ORD_13741,307.68,2025-06-05 20:00:00
CUST_0847,Customer_847,South,2025-02-27,ORD_11630,477.53,2025-03-09 21:00:00
CUST_0847,Customer_847,South,2025-02-27,ORD_11999,142.73,2025-03-25 06:00:00
CUST_0847,Customer_847,South,2025-02-27,ORD_12010,562.65,2025-03-25 17:00:00
CUST_0847,Customer_847,South,2025-02-27,ORD_13233,85.13,2025-05-15 16:00:00
CUST_0847,Customer_847,South,2025-02-27,ORD_14814,213.16,2025-07-20 13:00:00
CUST_0848,Customer_848,South,2025-02-27,ORD_11658,296.17,2025-03-11 01:00:00
CUST_0848,Customer_848,South,2025-02-27,ORD_12169,701.39,2025-04-01 08:00:00
CUST_0848,Customer_848,South,2025-02-27,ORD_12183,58.48,2025-04-01 22:00:00
CUST_0848,Customer_848,South,2025-02-27,ORD_12787,113.99,2025-04-27 02:00:00
CUST_0848,Customer_848,South,2025-02-27,ORD_13091,654.22,2025-05-09 18:00:00
CUST_0849,Customer_849,East,2025-02-28,ORD_10200,603.84,2025-01-09 07:00:00
CUST_0849,Customer_849,East,2025-02-28,ORD_12049,133.77,2025-03-27 08:00:00
CUST_0849,Customer_849,East,2025-02-28,ORD_12140,653.44,2025-03-31 03:00:00
CUST_0849,Customer_849,East,2025-02-28,ORD_12362,643.8,2025-04-09 09:00:00
CUST_0849,Customer_849,East,2025-02-28,ORD_12722,441.99,2025-04-24 09:00:00
CUST_0850,Customer_850,South,2025-02-28,ORD_10562,618.78,2025-01-24 09:00:00
CUST_0850,Customer_850,South,2025-02-28,ORD_11031,83.3,2025-02-12 22:00:00
CUST_0850,Customer_850,South,2025-02-28,ORD_11609,299.47,2025-03-09 00:00:00
CUST_0850,Customer_850,South,2025-02-28,ORD_11949,561.66,2025-03-23 04:00:00
CUST_0850,Customer_850,South,2025-02-28,ORD_14334,22.21,2025-06-30 13:00:00
CUST_0851,Customer_851,East,2025-03-01,,,
CUST_0852,Customer_852,South,2025-03-01,,,
CUST_0853,Customer_853,North,2025-03-02,,,
CUST_0854,Customer_854,East,2025-03-02,,,
CUST_0855,Customer_855,East,2025-03-03,,,
CUST_0856,Customer_856,North,2025-03-03,,,
CUST_0857,Customer_857,East,2025-03-04,,,
CUST_0858,Customer_858,East,2025-03-04,,,
CUST_0859,Customer_859,South,2025-03-05,,,
CUST_0860,Customer_860,East,2025-03-05,,,
CUST_0861,Customer_861,West,2025-03-06,,,
CUST_0862,Customer_862,North,2025-03-06,,,
CUST_0863,Customer_863,South,2025-03-07,,,
CUST_0864,Customer_864,South,2025-03-07,,,
CUST_0865,Customer_865,West,2025-03-08,,,
CUST_0866,Customer_866,North,2025-03-08,,,
CUST_0867,Customer_867,North,2025-03-09,,,
CUST_0868,Customer_868,South,2025-03-09,,,
CUST_0869,Customer_869,East,2025-03-10,,,
CUST_0870,Customer_870,South,2025-03-10,,,
CUST_0871,Customer_871,North,2025-03-11,,,
CUST_0872,Customer_872,West,2025-03-11,,,
CUST_0873,Customer_873,South,2025-03-12,,,
CUST_0874,Customer_874,North,2025-03-12,,,
CUST_0875,Customer_875,South,2025-03-13,,,
CUST_0876,Customer_876,East,2025-03-13,,,
CUST_0877,Customer_877,South,2025-03-14,,,
CUST_0878,Customer_878,South,2025-03-14,,,
CUST_0879,Customer_879,North,2025-03-15,,,
CUST_0880,Customer_880,North,2025-03-15,,,
CUST_0881,Customer_881,North,2025-03-16,,,
CUST_0882,Customer_882,South,2025-03-16,,,
CUST_0883,Customer_883,East,2025-03-17,,,
CUST_0884,Customer_884,West,2025-03-17,,,
CUST_0885,Customer_885,West,2025-03-18,,,
CUST_0886,Customer_886,North,2025-03-18,,,
CUST_0887,Customer_887,North,2025-03-19,,,
CUST_0888,Customer_888,South,2025-03-19,,,
CUST_0889,Customer_889,West,2025-03-20,,,
CUST_0890,Customer_890,North,2025-03-20,,,
CUST_0891,Customer_891,East,2025-03-21,,,
CUST_0892,Customer_892,East,2025-03-21,,,
CUST_0893,Customer_893,North,2025-03-22,,,
CUST_0894,Customer_894,North,2025-03-22,,,
CUST_0895,Customer_895,West,2025-03-23,,,
CUST_0896,Customer_896,West,2025-03-23,,,
CUST_0897,Customer_897,South,2025-03-24,,,
CUST_0898,Customer_898,West,2025-03-24,,,
CUST_0899,Customer_899,East,2025-03-25,,,
CUST_0900,Customer_900,East,2025-03-25,,,
CUST_0901,Customer_901,North,2025-03-26,,,
CUST_0902,Customer_902,West,2025-03-26,,,
CUST_0903,Customer_903,South,2025-03-27,,,
CUST_0904,Customer_904,East,2025-03-27,,,
CUST_0905,Customer_905,East,2025-03-28,,,
CUST_0906,Customer_906,South,2025-03-28,,,
CUST_0907,Customer_907,South,2025-03-29,,,
CUST_0908,Customer_908,East,2025-03-29,,,
CUST_0909,Customer_909,East,2025-03-30,,,
CUST_0910,Customer_910,South,2025-03-30,,,
CUST_0911,Customer_911,East,2025-03-31,,,
CUST_0912,Customer_912,North,2025-03-31,,,
CUST_0913,Customer_913,North,2025-04-01,,,
CUST_0914,Customer_914,South,2025-04-01,,,
CUST_0915,Customer_915,West,2025-04-02,,,
CUST_0916,Customer_916,South,2025-04-02,,,
CUST_0917,Customer_917,South,2025-04-03,,,
CUST_0918,Customer_918,West,2025-04-03,,,
CUST_0919,Customer_919,West,2025-04-04,,,
CUST_0920,Customer_920,West,2025-04-04,,,
CUST_0921,Customer_921,North,2025-04-05,,,
CUST_0922,Customer_922,East,2025-04-05,,,
CUST_0923,Customer_923,North,2025-04-06,,,
CUST_0924,Customer_924,East,2025-04-06,,,
CUST_0925,Customer_925,North,2025-04-07,,,
CUST_0926,Customer_926,East,2025-04-07,,,
CUST_0927,Customer_927,North,2025-04-08,,,
CUST_0928,Customer_928,West,2025-04-08,,,
CUST_0929,Customer_929,South,2025-04-09,,,
CUST_0930,Customer_930,North,2025-04-09,,,
CUST_0931,Customer_931,East,2025-04-10,,,
CUST_0932,Customer_932,West,2025-04-10,,,
CUST_0933,Customer_933,North,2025-04-11,,,
CUST_0934,Customer_934,North,2025-04-11,,,
CUST_0935,Customer_935,West,2025-04-12,,,
CUST_0936,Customer_936,North,2025-04-12,,,
CUST_0937,Customer_937,South,2025-04-13,,,
CUST_0938,Customer_938,North,2025-04-13,,,
CUST_0939,Customer_939,South,2025-04-14,,,
CUST_0940,Customer_940,South,2025-04-14,,,
CUST_0941,Customer_941,West,2025-04-15,,,
CUST_0942,Customer_942,North,2025-04-15,,,
CUST_0943,Customer_943,West,2025-04-16,,,
CUST_0944,Customer_944,North,2025-04-16,,,
CUST_0945,Customer_945,North,2025-04-17,,,
CUST_0946,Customer_946,East,2025-04-17,,,
CUST_0947,Customer_947,North,2025-04-18,,,
CUST_0948,Customer_948,West,2025-04-18,,,
CUST_0949,Customer_949,South,2025-04-19,,,
CUST_0950,Customer_950,North,2025-04-19,,,
CUST_0951,Customer_951,East,2025-04-20,,,
CUST_0952,Customer_952,West,2025-04-20,,,
CUST_0953,Customer_953,North,2025-04-21,,,
CUST_0954,Customer_954,West,2025-04-21,,,
CUST_0955,Customer_955,East,2025-04-22,,,
CUST_0956,Customer_956,East,2025-04-22,,,
CUST_0957,Customer_957,West,2025-04-23,,,
CUST_0958,Customer_958,North,2025-04-23,,,
CUST_0959,Customer_959,South,2025-04-24,,,
CUST_0960,Customer_960,East,2025-04-24,,,
CUST_0961,Customer_961,North,2025-04-25,,,
CUST_0962,Customer_962,North,2025-04-25,,,
CUST_0963,Customer_963,South,2025-04-26,,,
CUST_0964,Customer_964,East,2025-04-26,,,
CUST_0965,Customer_965,East,2025-04-27,,,
CUST_0966,Customer_966,North,2025-04-27,,,
CUST_0967,Customer_967,North,2025-04-28,,,
CUST_0968,Customer_968,South,2025-04-28,,,
CUST_0969,Customer_969,South,2025-04-29,,,
CUST_0970,Customer_970,East,2025-04-29,,,
CUST_0971,Customer_971,West,2025-04-30,,,
CUST_0972,Customer_972,East,2025-04-30,,,
CUST_0973,Customer_973,North,2025-05-01,,,
CUST_0974,Customer_974,East,2025-05-01,,,
CUST_0975,Customer_975,West,2025-05-02,,,
CUST_0976,Customer_976,South,2025-05-02,,,
CUST_0977,Customer_977,West,2025-05-03,,,
CUST_0978,Customer_978,West,2025-05-03,,,
CUST_0979,Customer_979,West,2025-05-04,,,
CUST_0980,Customer_980,South,2025-05-04,,,
CUST_0981,Customer_981,West,2025-05-05,,,
CUST_0982,Customer_982,West,2025-05-05,,,
CUST_0983,Customer_983,West,2025-05-06,,,
CUST_0984,Customer_984,North,2025-05-06,,,
CUST_0985,Customer_985,West,2025-05-07,,,
CUST_0986,Customer_986,South,2025-05-07,,,
CUST_0987,Customer_987,West,2025-05-08,,,
CUST_0988,Customer_988,West,2025-05-08,,,
CUST_0989,Customer_989,South,2025-05-09,,,
CUST_0990,Customer_990,West,2025-05-09,,,
CUST_0991,Customer_991,South,2025-05-10,,,
CUST_0992,Customer_992,West,2025-05-10,,,
CUST_0993,Customer_993,South,2025-05-11,,,
CUST_0994,Customer_994,West,2025-05-11,,,
CUST_0995,Customer_995,West,2025-05-12,,,
CUST_0996,Customer_996,North,2025-05-12,,,
CUST_0997,Customer_997,North,2025-05-13,,,
CUST_0998,Customer_998,West,2025-05-13,,,
CUST_0999,Customer_999,West,2025-05-14,,,
CUST_1000,Customer_1000,East,2025-05-14,,,
