customer_id,customer_type,order_id,order_amount
1001,SMB,5705,2844.72
1001,SMB,5777,2527.87
1001,SMB,7014,3604.44
1001,SMB,7265,3526.87
1001,SMB,7641,1529.68
1001,SMB,8383,2742.2
1001,SMB,9630,64.95
1002,Startup,5486,3017.33
1002,Startup,5629,2899.19
1002,Startup,5902,3394.15
1002,Startup,9592,3287.41
1003,Startup,5114,105.95
1003,Startup,5189,2910.14
1003,Startup,5841,1818.1
1003,Startup,7867,2217.02
1003,Startup,8066,1927.86
1003,Startup,8767,3734.88
1003,Startup,9006,2082.09
1004,Startup,8275,2435.87
1005,SMB,8038,789.53
1005,SMB,9757,1286.84
1005,SMB,9832,922.16
1005,SMB,9935,2385.19
1006,SMB,8821,2828.71
1006,SMB,9534,1326.8
1006,SMB,9689,4396.67
1006,SMB,9927,1191.66
1007,Enterprise,5267,2062.62
1007,Enterprise,5345,973.87
1007,Enterprise,5527,4203.78
1007,Enterprise,6153,1733.02
1007,Enterprise,7391,519.5
1007,Enterprise,8623,2588.11
1007,Enterprise,8924,1704.37
1008,Startup,5747,1199.51
1008,Startup,6359,944.25
1008,Startup,6880,4116.28
1008,Startup,7151,903.31
1008,Startup,8124,2755.74
1008,Startup,9324,3208.56
1008,Startup,9897,564.0
1009,Startup,5508,2879.46
1010,Startup,5662,502.54
1010,Startup,5942,348.12
1010,Startup,6337,1848.85
1010,Startup,6540,740.28
1010,Startup,7724,435.5
1010,Startup,8167,438.75
1010,Startup,8354,4673.24
1010,Startup,9753,815.69
1011,Enterprise,5141,1095.07
1011,Enterprise,5459,3928.17
1011,Enterprise,8876,525.82
1011,Enterprise,9425,3723.89
1012,Startup,5002,3083.34
1012,Startup,5543,275.65
1012,Startup,5716,1318.15
1012,Startup,5852,3332.57
1012,Startup,6075,1322.46
1012,Startup,6138,3669.69
1012,Startup,6193,3350.09
1012,Startup,6556,4834.78
1012,Startup,7748,4607.74
1012,Startup,7950,332.64
1012,Startup,8482,4713.82
1013,Startup,6287,444.59
1013,Startup,6548,2002.67
1013,Startup,7599,2780.86
1013,Startup,7688,2326.71
1013,Startup,7810,2882.8
1013,Startup,7843,4025.9
1013,Startup,9311,676.95
1013,Startup,9407,4906.1
1013,Startup,9598,631.51
1013,Startup,9948,676.4
1014,SMB,5542,3245.58
1014,SMB,5639,2841.27
1014,SMB,6558,1638.94
1014,SMB,7732,3710.84
1014,SMB,9257,2499.4
1015,SMB,8048,1634.29
1016,SMB,5027,4402.68
1016,SMB,5075,177.56
1016,SMB,6926,3152.43
1016,SMB,7123,4258.16
1017,SMB,5295,3266.45
1017,SMB,5325,4978.07
1017,SMB,6327,479.2
1017,SMB,6371,2397.83
1017,SMB,7906,4192.47
1017,SMB,8193,795.52
1017,SMB,8537,4880.56
1017,SMB,8917,1921.22
1018,Startup,8858,2710.03
1018,Startup,9486,4707.78
1019,SMB,5807,2767.1
1019,SMB,6510,3036.06
1019,SMB,6628,3842.92
1019,SMB,7268,1361.98
1019,SMB,7627,629.47
1019,SMB,8101,2395.18
1019,SMB,8502,2506.66
1019,SMB,8895,3017.18
1019,SMB,9230,1603.22
1020,SMB,5177,823.77
1020,SMB,5702,811.23
1020,SMB,6563,305.7
1020,SMB,6576,4917.54
1020,SMB,6591,1127.06
1020,SMB,7544,4953.68
1020,SMB,8572,1982.36
1021,Startup,5382,1825.18
1021,Startup,5617,835.75
1021,Startup,5867,4978.89
1021,Startup,6321,2848.81
1021,Startup,6767,1253.74
1021,Startup,8777,2230.15
1022,SMB,5330,2043.38
1022,SMB,5373,4059.13
1022,SMB,5534,4396.27
1022,SMB,6810,961.3
1022,SMB,7606,3096.37
1022,SMB,7739,3963.04
1022,SMB,8337,1930.63
1022,SMB,8464,378.71
1022,SMB,8564,2452.02
1022,SMB,9893,316.97
1023,SMB,6511,1174.94
1023,SMB,7378,3914.38
1023,SMB,7720,2832.45
1023,SMB,7807,1636.81
1024,SMB,5583,4616.05
1025,SMB,6184,872.96
1025,SMB,7639,3587.75
1025,SMB,8007,1412.19
1025,SMB,8617,3271.4
1025,SMB,8945,53.55
1025,SMB,9803,2940.1
1026,Startup,5939,1684.27
1026,Startup,6855,1365.14
1026,Startup,7164,2302.04
1026,Startup,8006,3158.4
1026,Startup,9933,3311.33
1027,SMB,5414,3315.47
1027,SMB,7699,2238.23
1027,SMB,9178,2645.96
1028,Startup,5649,2124.54
1028,Startup,6794,3001.92
1028,Startup,7868,1192.14
1028,Startup,9692,4031.09
1029,Startup,5097,3032.12
1029,Startup,5346,177.16
1029,Startup,6335,4709.61
1029,Startup,8525,439.55
1029,Startup,9325,1476.35
1030,Enterprise,6513,3490.1
1030,Enterprise,7366,809.39
1030,Enterprise,7740,2297.1
1030,Enterprise,9852,1648.74
1031,Startup,5273,4506.31
1031,Startup,7421,4645.44
1031,Startup,7717,2822.57
1031,Startup,7848,4053.85
1031,Startup,9423,2965.23
1032,SMB,6832,4578.43
1032,SMB,8346,698.85
1032,SMB,9466,4341.36
1033,Enterprise,5347,1458.48
1033,Enterprise,7944,2363.57
1033,Enterprise,8497,2380.39
1035,Startup,5573,3656.85
1035,Startup,5707,3411.38
1035,Startup,7130,3243.49
1035,Startup,7146,2540.94
1035,Startup,7454,1942.7
1036,Startup,5920,84.56
1036,Startup,6014,1602.83
1036,Startup,9408,3087.85
1037,SMB,5224,3428.54
1037,SMB,5316,1239.48
1038,SMB,5218,3385.5
1038,SMB,6587,4216.03
1038,SMB,8312,3164.64
1038,SMB,8772,828.32
1038,SMB,9479,2349.68
1039,Startup,5066,3655.44
1039,Startup,5095,132.13
1039,Startup,5362,2744.51
1039,Startup,5729,3245.73
1039,Startup,5913,1280.59
1039,Startup,6461,3094.6
1039,Startup,8131,2706.21
1039,Startup,8667,1234.09
1039,Startup,8824,2612.27
1039,Startup,9402,102.82
1040,SMB,5212,3838.55
1040,SMB,5230,3477.15
1040,SMB,5239,272.73
1040,SMB,5241,1739.53
1040,SMB,6907,2179.21
1040,SMB,8270,4541.94
1040,SMB,9010,323.9
1040,SMB,9088,1828.73
1040,SMB,9468,4295.94
1041,SMB,6985,2997.3
1041,SMB,7110,2031.77
1041,SMB,7254,676.85
1041,SMB,7310,816.19
1041,SMB,7376,650.79
1041,SMB,8213,3903.65
1041,SMB,8662,161.71
1042,SMB,6141,2889.14
1042,SMB,9649,1614.72
1043,Enterprise,5859,3261.3
1043,Enterprise,6208,2812.95
1043,Enterprise,6364,1999.09
1043,Enterprise,6795,1407.35
1043,Enterprise,8423,165.99
1043,Enterprise,8660,4192.79
1043,Enterprise,9298,1638.63
1044,Startup,6499,3479.9
1044,Startup,6862,2291.77
1044,Startup,7888,1228.72
1044,Startup,8140,4737.17
1044,Startup,9055,4960.86
1044,Startup,9631,1277.27
1045,SMB,7670,1167.04
1045,SMB,7968,4304.54
1045,SMB,8849,1422.43
1045,SMB,9336,1242.93
1046,Startup,5291,716.15
1046,Startup,5474,4057.89
1046,Startup,8633,2506.8
1047,SMB,5024,257.48
1047,SMB,5172,3378.3
1047,SMB,6654,1585.66
1047,SMB,7009,2953.68
1047,SMB,8331,2077.33
1047,SMB,8674,1806.49
1048,Startup,7582,4414.09
1048,Startup,9036,1089.73
1048,Startup,9237,3661.91
1048,Startup,9485,2339.16
1049,Startup,5950,663.04
1049,Startup,6688,2664.54
1049,Startup,7223,2330.33
1049,Startup,7348,1086.07
1049,Startup,7883,1755.75
1049,Startup,8022,3119.01
1049,Startup,8992,382.84
1049,Startup,9404,2093.56
1050,SMB,5955,2745.92
1050,SMB,6670,4179.91
1050,SMB,8079,3208.79
1050,SMB,8499,4706.17
1050,SMB,9379,2649.45
1051,Startup,5878,3724.35
1052,Startup,8799,2979.45
1053,Startup,5781,1594.72
1053,Startup,7712,959.87
1053,Startup,7736,2379.97
1053,Startup,7890,896.88
1053,Startup,9517,3959.83
1054,Startup,5171,1240.63
1054,Startup,7885,2837.66
1054,Startup,8643,2868.94
1054,Startup,9082,3003.78
1055,Startup,6074,295.55
1055,Startup,6603,2085.16
1055,Startup,7945,1463.62
1056,Startup,6224,4863.68
1056,Startup,9160,4205.07
1056,Startup,9393,2088.15
1056,Startup,9838,1153.6
1057,SMB,6590,2328.63
1057,SMB,6812,4073.61
1057,SMB,7623,4846.27
1057,SMB,8972,2088.67
1058,SMB,6043,1241.98
1058,SMB,6853,1299.0
1058,SMB,8204,2477.72
1058,SMB,9572,1178.91
1058,SMB,9704,2057.82
1059,Enterprise,5569,926.56
1059,Enterprise,5711,1471.74
1059,Enterprise,7463,1383.73
1059,Enterprise,7744,3757.55
1059,Enterprise,7970,2437.01
1059,Enterprise,8496,2302.01
1059,Enterprise,8597,1317.3
1059,Enterprise,9011,1030.75
1059,Enterprise,9086,2573.3
1059,Enterprise,9297,4609.29
1060,SMB,5407,2286.11
1060,SMB,5959,4305.24
1060,SMB,6211,4617.09
1060,SMB,6614,1370.63
1060,SMB,9400,4611.22
1060,SMB,9926,4869.78
1061,SMB,5133,1169.09
1061,SMB,8683,2525.98
1061,SMB,8796,2597.13
1061,SMB,9119,4480.75
1062,SMB,5142,3774.72
1062,SMB,5186,4887.54
1062,SMB,7125,4763.69
1062,SMB,9026,3286.2
1062,SMB,9112,688.45
1063,Startup,6256,1865.65
1063,Startup,7083,4940.67
1063,Startup,7377,4930.37
1063,Startup,8748,4987.24
1063,Startup,9683,3947.38
1064,SMB,5446,760.17
1064,SMB,7527,4146.67
1064,SMB,9279,1206.36
1064,SMB,9367,1601.17
1065,SMB,5823,607.32
1065,SMB,6286,3035.9
1065,SMB,7150,3258.87
1065,SMB,7637,1948.86
1065,SMB,7875,493.78
1065,SMB,8412,3366.27
1065,SMB,8602,1375.97
1065,SMB,9442,401.04
1066,Startup,5650,3016.53
1066,Startup,6546,507.63
1066,Startup,6813,2914.84
1066,Startup,6858,3299.99
1066,Startup,7005,3823.69
1066,Startup,7676,172.85
1067,SMB,6040,1614.7
1067,SMB,6151,2393.51
1068,Startup,6838,775.74
1068,Startup,7112,2061.99
1068,Startup,7470,3109.61
1068,Startup,8017,939.27
1068,Startup,8622,4360.45
1068,Startup,9226,3067.17
1069,Enterprise,5783,4314.02
1069,Enterprise,7471,2572.07
1069,Enterprise,8493,2472.15
1069,Enterprise,8678,3220.39
1069,Enterprise,8785,267.04
1070,Startup,6024,1534.49
1070,Startup,6567,1612.38
1070,Startup,6748,3328.05
1070,Startup,9147,2303.88
1070,Startup,9807,1057.5
1071,Startup,8918,559.58
1071,Startup,9373,4494.09
1072,SMB,5449,2998.62
1072,SMB,6887,1367.2
1072,SMB,9507,2677.75
1072,SMB,9531,894.85
1072,SMB,9642,2369.83
1072,SMB,9915,4030.34
1073,Enterprise,5510,344.96
1073,Enterprise,6020,1941.51
1073,Enterprise,6155,486.27
1073,Enterprise,7084,1977.48
1073,Enterprise,7364,3875.56
1073,Enterprise,8395,282.95
1073,Enterprise,8589,680.67
1073,Enterprise,8631,734.32
1073,Enterprise,8656,2104.24
1073,Enterprise,8715,4475.79
1073,Enterprise,8948,1206.22
1073,Enterprise,9344,1920.09
1073,Enterprise,9750,2120.9
1074,Startup,6689,2362.94
1074,Startup,7723,4412.23
1074,Startup,8143,462.73
1074,Startup,9233,572.29
1075,Startup,5367,2515.74
1075,Startup,6660,709.76
1075,Startup,6989,3168.59
1075,Startup,7380,2913.89
1075,Startup,7431,2835.14
1075,Startup,7663,4005.46
1075,Startup,7755,627.9
1075,Startup,9267,1248.81
1076,Startup,5824,2068.5
1076,Startup,6622,351.48
1076,Startup,7183,1206.77
1076,Startup,8406,300.01
1076,Startup,8832,3093.77
1076,Startup,9541,493.68
1077,Startup,5986,1917.95
1077,Startup,7462,3370.1
1077,Startup,9168,2308.81
1078,Enterprise,6658,1327.63
1078,Enterprise,8427,518.05
1079,SMB,5350,4257.3
1079,SMB,6190,3822.95
1079,SMB,6349,1449.69
1079,SMB,6846,2267.46
1079,SMB,7980,4661.14
1079,SMB,8607,2053.29
1080,SMB,6236,3855.3
1081,Startup,5009,4176.54
1081,Startup,7338,721.35
1081,Startup,8372,701.25
1082,Startup,5282,3326.08
1082,Startup,6768,2775.32
1082,Startup,7575,826.67
1082,Startup,8200,4397.35
1082,Startup,8545,354.96
1082,Startup,8994,4112.64
1082,Startup,9472,1070.07
1083,SMB,6227,1221.22
1083,SMB,7073,3257.75
1083,SMB,7672,3973.07
1083,SMB,7792,2498.26
1083,SMB,8627,113.19
1083,SMB,9714,2452.14
1084,Enterprise,5372,4494.78
1084,Enterprise,5385,1613.08
1084,Enterprise,5522,303.19
1084,Enterprise,5529,2553.2
1084,Enterprise,5642,2858.59
1084,Enterprise,5921,2047.23
1084,Enterprise,6096,3134.89
1084,Enterprise,7303,361.39
1084,Enterprise,7327,895.53
1084,Enterprise,8246,4186.08
1084,Enterprise,8512,2726.02
1084,Enterprise,9385,2762.71
1085,SMB,5842,1753.25
1085,SMB,8303,4456.59
1086,SMB,5031,3670.86
1086,SMB,5479,4081.21
1086,SMB,5756,4238.31
1086,SMB,6821,1466.37
1086,SMB,8139,203.79
1086,SMB,9411,958.12
1087,Startup,5544,4732.56
1087,Startup,6357,2200.93
1087,Startup,6363,3793.15
1087,Startup,7193,846.26
1087,Startup,7455,2243.48
1087,Startup,8830,4690.87
1087,Startup,9777,4318.56
1088,Startup,5469,2605.6
1088,Startup,6498,2277.22
1088,Startup,7770,610.49
1088,Startup,8375,4861.66
1088,Startup,8762,4514.48
1088,Startup,9341,2005.2
1089,Startup,5017,3395.32
1089,Startup,5195,2166.06
1089,Startup,5792,4299.61
1089,Startup,7103,3100.64
1089,Startup,8456,4173.32
1089,Startup,9454,249.63
1090,SMB,5497,2795.7
1090,SMB,5905,4336.88
1090,SMB,8001,4660.88
1090,SMB,8094,2853.3
1090,SMB,9309,3927.29
1091,SMB,7528,4840.93
1091,SMB,8199,2461.06
1091,SMB,9183,590.93
1091,SMB,9814,2793.14
1092,Startup,5250,3175.31
1092,Startup,5480,1437.66
1092,Startup,6197,2666.85
1092,Startup,6265,3172.31
1092,Startup,8745,4951.6
1092,Startup,9059,2486.47
1093,Startup,5575,1996.08
1093,Startup,7209,4168.11
1093,Startup,8068,3095.97
1093,Startup,8138,828.99
1093,Startup,8905,3754.46
1093,Startup,8952,4932.43
1093,Startup,9289,1475.0
1093,Startup,9397,2974.82
1094,Startup,9310,4815.78
1094,Startup,9603,2235.66
1095,Startup,6173,3610.26
1095,Startup,8458,3956.99
1096,SMB,7765,3656.04
1096,SMB,8379,2145.62
1096,SMB,9021,208.37
1096,SMB,9427,2141.11
1097,Startup,6336,3399.26
1097,Startup,6863,4731.29
1097,Startup,8489,2691.4
1097,Startup,8816,3231.87
1098,SMB,5060,244.38
1098,SMB,6815,3918.24
1098,SMB,8555,1123.23
1098,SMB,9372,533.21
1098,SMB,9634,3616.9
1099,Enterprise,5176,2015.11
1099,Enterprise,5359,332.28
1099,Enterprise,6228,2443.32
1099,Enterprise,7508,4727.83
1099,Enterprise,8228,2805.71
1100,SMB,5622,1081.16
1100,SMB,7847,1809.87
1100,SMB,7856,4653.11
1100,SMB,8416,997.87
1100,SMB,8596,2809.25
1101,Enterprise,6135,808.07
1101,Enterprise,6245,2217.6
1101,Enterprise,6358,4354.19
1101,Enterprise,6570,1001.68
1101,Enterprise,7811,2237.18
1101,Enterprise,7827,1303.35
1101,Enterprise,9409,3978.01
1102,Startup,5463,4381.91
1102,Startup,5803,4253.04
1102,Startup,5835,1995.95
1102,Startup,6009,4442.97
1102,Startup,6936,1384.67
1102,Startup,7561,1793.54
1102,Startup,7895,4973.09
1102,Startup,8025,2201.66
1102,Startup,8365,3077.7
1103,SMB,5493,4140.39
1103,SMB,7278,798.76
1103,SMB,8927,4026.36
1104,Startup,6086,4552.26
1104,Startup,6532,1341.2
1104,Startup,6891,2869.01
1104,Startup,7511,2355.34
1104,Startup,7655,4047.75
1104,Startup,7926,3697.13
1104,Startup,7986,1864.86
1104,Startup,8377,594.59
1104,Startup,9167,3107.75
1104,Startup,9684,2729.61
1105,Startup,6325,4092.44
1105,Startup,7313,1892.92
1105,Startup,8214,698.52
1105,Startup,9709,4149.65
1105,Startup,9765,4754.38
1106,SMB,5501,3012.89
1106,SMB,5898,1989.46
1106,SMB,9448,190.27
1106,SMB,9459,2567.27
1107,SMB,5160,221.63
1107,SMB,5683,1566.76
1107,SMB,7358,2041.19
1107,SMB,9647,2800.3
1108,Startup,5078,3455.83
1108,Startup,5911,4935.13
1108,Startup,5971,1480.39
1108,Startup,6515,4951.91
1108,Startup,8575,1870.16
1108,Startup,9854,1350.04
1109,SMB,6621,1598.53
1109,SMB,6929,1213.4
1109,SMB,7272,69.4
1109,SMB,7467,2907.07
1109,SMB,7485,3736.52
1109,SMB,8233,2446.71
1109,SMB,8250,95.37
1109,SMB,8409,2250.18
1109,SMB,8822,4420.04
1109,SMB,9575,1580.88
1110,Enterprise,6176,1331.58
1110,Enterprise,9395,3363.59
1111,SMB,5524,2582.95
1111,SMB,6520,1953.35
1111,SMB,7502,235.77
1111,SMB,7690,983.07
1111,SMB,7904,57.07
1111,SMB,8361,895.3
1111,SMB,8671,2553.76
1111,SMB,9582,367.02
1111,SMB,9882,1297.75
1112,SMB,6547,2316.61
1112,SMB,6811,572.97
1112,SMB,8255,381.61
1112,SMB,8324,529.25
1112,SMB,9295,159.9
1112,SMB,9437,138.89
1112,SMB,9810,2196.93
1113,Startup,5293,4166.02
1113,Startup,6455,2700.94
1113,Startup,6634,3479.96
1113,Startup,6640,823.99
1113,Startup,7304,977.37
1113,Startup,7631,2438.34
1113,Startup,8481,4315.04
1113,Startup,9253,284.71
1113,Startup,9761,4559.53
1114,Startup,5229,1170.05
1114,Startup,5765,1618.87
1114,Startup,6112,1494.96
1114,Startup,7604,4537.93
1114,Startup,8202,4652.86
1114,Startup,9209,2781.55
1115,Startup,5235,346.72
1115,Startup,7041,2951.87
1115,Startup,8871,4657.62
1115,Startup,9681,139.26
1116,Startup,5491,289.4
1116,Startup,6057,1068.68
1116,Startup,7586,2785.88
1116,Startup,8196,3661.13
1116,Startup,8990,2863.18
1117,Startup,5441,442.44
1117,Startup,5598,1704.25
1117,Startup,5872,1061.0
1117,Startup,6186,3105.11
1117,Startup,6625,2075.45
1117,Startup,7529,4454.69
1118,SMB,5935,1915.49
1118,SMB,6646,2917.6
1118,SMB,7321,3147.91
1118,SMB,7384,1924.58
1118,SMB,7884,846.87
1118,SMB,8494,2587.25
1118,SMB,8884,483.49
1118,SMB,9302,560.58
1119,Startup,5706,3331.98
1119,Startup,5761,359.04
1119,Startup,6416,1489.84
1119,Startup,6593,4768.87
1119,Startup,7921,4356.62
1119,Startup,9694,2020.37
1120,Startup,5193,3115.98
1120,Startup,5332,3426.85
1120,Startup,6328,2714.9
1120,Startup,7092,147.27
1120,Startup,9155,1850.44
1120,Startup,9515,3829.87
1121,Startup,5682,1271.94
1121,Startup,8769,2218.27
1122,Startup,5499,3175.72
1122,Startup,5549,678.37
1122,Startup,6457,1976.58
1122,Startup,7448,3636.56
1122,Startup,8051,1037.88
1122,Startup,9018,1821.31
1123,SMB,7673,975.19
1123,SMB,8735,3391.89
1124,SMB,5217,4896.8
1124,SMB,5873,2122.54
1124,SMB,6252,2875.99
1124,SMB,6446,2365.22
1124,SMB,6659,2346.73
1124,SMB,7013,2142.3
1124,SMB,7452,2452.07
1124,SMB,7981,490.6
1124,SMB,8480,1115.46
1124,SMB,9031,2313.29
1125,SMB,7444,4347.09
1125,SMB,7449,1591.99
1125,SMB,8112,4770.83
1125,SMB,9222,3676.98
1126,SMB,5724,3812.03
1126,SMB,7407,3334.28
1126,SMB,7614,4066.76
1126,SMB,8483,2616.54
1127,Startup,5538,535.14
1127,Startup,7120,3966.99
1127,Startup,7262,4620.27
1127,Startup,7349,408.99
1127,Startup,7649,3913.33
1127,Startup,8649,3360.33
1127,Startup,8882,53.91
1127,Startup,9551,4661.1
1128,Startup,6195,3032.22
1128,Startup,6518,3872.15
1128,Startup,7647,177.9
1128,Startup,8419,1807.23
1128,Startup,8520,3387.23
1128,Startup,9434,2959.59
1129,Enterprise,5749,1382.35
1129,Enterprise,6331,4156.35
1129,Enterprise,6526,2903.62
1129,Enterprise,6910,3822.54
1129,Enterprise,6927,773.18
1129,Enterprise,8176,248.34
1129,Enterprise,8765,2269.62
1129,Enterprise,8786,1666.78
1129,Enterprise,9120,4914.13
1129,Enterprise,9781,1146.39
1130,Startup,5370,1573.47
1130,Startup,5643,3991.41
1130,Startup,6047,1524.99
1130,Startup,6161,3547.69
1130,Startup,6210,4667.7
1130,Startup,6332,711.79
1131,SMB,5061,1396.39
1131,SMB,6770,554.3
1131,SMB,6945,3985.8
1131,SMB,6972,3557.49
1132,SMB,6572,4875.78
1132,SMB,6575,2903.9
1132,SMB,7176,4380.09
1132,SMB,8243,679.16
1132,SMB,9505,1620.41
1132,SMB,9776,1421.28
1133,SMB,5268,759.24
1133,SMB,5673,3004.88
1133,SMB,5853,2997.06
1134,SMB,6150,1998.5
1134,SMB,7939,2775.2
1134,SMB,8585,4488.9
1135,Startup,8758,1715.43
1136,SMB,6521,1767.45
1136,SMB,7227,2743.34
1136,SMB,9038,1617.18
1137,Startup,5038,3167.61
1137,Startup,6662,4345.13
1137,Startup,7784,3214.91
1137,Startup,8141,1241.53
1137,Startup,8625,2510.98
1137,Startup,8820,3860.37
1137,Startup,8891,861.46
1137,Startup,9734,2344.56
1138,Startup,6395,2931.25
1138,Startup,6669,3237.34
1138,Startup,7901,2811.5
1138,Startup,9223,3445.09
1138,Startup,9824,347.36
1139,SMB,7493,4131.36
1139,SMB,7504,4607.82
1139,SMB,8097,1181.92
1139,SMB,8751,924.58
1139,SMB,8969,2855.69
1139,SMB,9652,1439.15
1139,SMB,9677,3917.71
1140,Startup,5130,4170.2
1140,Startup,7535,3161.09
1140,Startup,8487,1379.08
1140,Startup,8788,328.85
1140,Startup,9639,947.03
1140,Startup,9774,150.99
1141,Startup,5089,2119.82
1141,Startup,5882,3633.94
1141,Startup,5933,1492.24
1141,Startup,7643,1127.61
1141,Startup,7791,3980.97
1141,Startup,8122,350.38
1141,Startup,8396,3359.31
1141,Startup,8511,2296.54
1141,Startup,8902,684.53
1142,SMB,5116,1566.84
1142,SMB,6763,1261.04
1142,SMB,7053,1910.32
1142,SMB,7214,1229.77
1143,SMB,5500,3932.81
1143,SMB,5826,283.62
1143,SMB,6132,3333.39
1143,SMB,7024,2107.36
1143,SMB,7994,4551.75
1143,SMB,9614,4978.24
1143,SMB,9799,1108.0
1144,SMB,5897,242.84
1144,SMB,6816,3531.22
1144,SMB,8944,3649.3
1144,SMB,9332,391.5
1145,SMB,5187,3979.4
1145,SMB,5646,2466.48
1145,SMB,5766,4053.69
1145,SMB,9441,3481.39
1146,Enterprise,5120,4870.31
1146,Enterprise,5963,2583.31
1146,Enterprise,6637,3328.47
1146,Enterprise,9942,746.23
1147,Startup,5247,453.91
1147,Startup,5550,660.25
1147,Startup,5778,3246.34
1147,Startup,7550,3436.83
1147,Startup,7593,210.81
1147,Startup,8254,1345.27
1147,Startup,8883,4060.19
1147,Startup,9690,2949.97
1148,Startup,6373,1806.25
1148,Startup,6754,247.0
1148,Startup,7398,3614.55
1148,Startup,8574,2372.43
1149,Enterprise,6035,4424.24
1149,Enterprise,6095,4707.91
1149,Enterprise,6229,2174.29
1149,Enterprise,6421,688.9
1149,Enterprise,6466,1429.54
1149,Enterprise,7870,3872.72
1149,Enterprise,9680,4552.3
1149,Enterprise,9788,3052.24
1150,SMB,9322,2457.64
1151,Startup,5738,3374.96
1151,Startup,8461,2656.64
1151,Startup,8670,1878.44
1152,SMB,5056,2594.77
1152,SMB,5591,4161.58
1152,SMB,5948,656.36
1152,SMB,9756,3452.95
1153,SMB,5145,2238.43
1153,SMB,5427,1723.52
1153,SMB,7282,2721.33
1153,SMB,8362,1372.69
1153,SMB,8801,779.89
1154,SMB,5850,1287.37
1154,SMB,5951,399.15
1154,SMB,6579,3594.12
1154,SMB,6836,2528.07
1154,SMB,7069,2949.75
1154,SMB,7763,229.89
1154,SMB,8105,1831.13
1154,SMB,8205,642.75
1154,SMB,8238,1583.74
1154,SMB,8565,2739.86
1154,SMB,8604,4363.1
1155,Startup,6264,1461.77
1155,Startup,7435,2865.62
1155,Startup,8160,1289.89
1155,Startup,9261,1560.81
1155,Startup,9338,2624.79
1156,SMB,5692,1109.27
1156,SMB,5894,1202.01
1156,SMB,6231,575.49
1156,SMB,6977,399.95
1156,SMB,7008,148.87
1156,SMB,7373,1865.27
1156,SMB,7922,3198.72
1156,SMB,8147,4562.31
1156,SMB,9122,850.11
1156,SMB,9307,1955.55
1156,SMB,9587,159.57
1157,Startup,5366,255.82
1157,Startup,7777,3479.75
1157,Startup,7975,4064.97
1158,Startup,6146,640.94
1159,SMB,5055,2445.9
1159,SMB,5582,2401.69
1159,SMB,5798,4371.56
1159,SMB,5914,2715.06
1159,SMB,6612,386.78
1159,SMB,8031,1069.14
1160,Startup,5190,4337.2
1160,Startup,5982,3245.4
1160,Startup,6034,593.82
1160,Startup,6430,4941.21
1160,Startup,7730,4414.46
1160,Startup,7961,307.76
1161,SMB,5074,4952.14
1161,SMB,5713,293.64
1161,SMB,5790,4731.46
1161,SMB,6101,303.75
1161,SMB,6648,2868.06
1161,SMB,6780,3795.4
1161,SMB,8074,3096.99
1161,SMB,8686,3955.75
1161,SMB,9140,3291.14
1162,Startup,5395,4676.91
1162,Startup,6609,4775.6
1162,Startup,6934,133.72
1162,Startup,7188,677.67
1162,Startup,7679,4216.0
1162,Startup,7861,1198.79
1162,Startup,8348,4665.6
1162,Startup,9770,4980.26
1163,Startup,5396,1291.85
1163,Startup,5651,2592.85
1163,Startup,6722,4118.1
1163,Startup,7581,4709.33
1163,Startup,7626,2609.8
1163,Startup,9763,575.16
1163,Startup,9911,3373.27
1164,Startup,6172,4767.94
1164,Startup,6296,3260.98
1164,Startup,6884,3401.77
1164,Startup,7524,1086.27
1164,Startup,8272,2693.48
1164,Startup,8626,3353.71
1164,Startup,8698,4156.74
1165,SMB,5686,2161.17
1165,SMB,6765,4202.25
1165,SMB,7472,2751.46
1165,SMB,7517,863.14
1166,Startup,5457,3168.96
1166,Startup,5495,1797.86
1166,Startup,7853,1548.7
1166,Startup,8563,4134.42
1166,Startup,8638,3016.42
1166,Startup,9206,1714.75
1166,Startup,9305,947.19
1166,Startup,9415,119.05
1166,Startup,9905,4280.36
1167,SMB,5960,885.61
1167,SMB,6000,4907.23
1167,SMB,6012,391.73
1167,SMB,8386,3085.19
1168,SMB,5249,187.87
1168,SMB,7266,3311.56
1168,SMB,8439,4220.2
1169,Enterprise,6413,320.32
1169,Enterprise,8316,4305.75
1170,Startup,5083,1152.25
1170,Startup,5209,4960.22
1170,Startup,5261,2526.38
1170,Startup,7451,2241.14
1170,Startup,8151,974.52
1170,Startup,8663,608.65
1170,Startup,9254,4015.8
1171,Startup,5063,4892.86
1171,Startup,7912,862.11
1171,Startup,8149,3126.46
1171,Startup,8933,114.4
1171,Startup,9606,3232.03
1172,Enterprise,5927,1573.7
1172,Enterprise,6049,4558.59
1172,Enterprise,6451,102.04
1172,Enterprise,7374,573.73
1173,Startup,6192,1000.52
1173,Startup,6294,2061.76
1173,Startup,6352,3231.75
1173,Startup,7080,439.2
1173,Startup,7859,4521.2
1173,Startup,8166,1244.68
1174,SMB,7159,1303.33
1174,SMB,7284,139.24
1175,Startup,5757,954.93
1175,Startup,7806,1293.4
1175,Startup,7934,3659.74
1175,Startup,8408,3615.85
1175,Startup,8892,3692.97
1175,Startup,8898,1548.07
1176,SMB,5221,3398.59
1176,SMB,6991,764.34
1176,SMB,8637,4809.02
1177,Startup,6799,2924.74
1177,Startup,7793,4479.0
1177,Startup,8811,3126.25
1177,Startup,9542,4798.22
1177,Startup,9701,500.63
1178,SMB,5734,3473.7
1178,SMB,6781,2933.05
1178,SMB,6872,3988.11
1178,SMB,7733,478.77
1178,SMB,9102,3034.92
1179,Startup,7175,1350.34
1179,Startup,8475,1009.26
1179,Startup,9345,1617.59
1180,SMB,6122,2648.99
1180,SMB,9616,2212.05
1180,SMB,9826,761.25
1181,SMB,8280,1449.2
1181,SMB,8288,3361.81
1181,SMB,9339,1855.85
1181,SMB,9449,4151.22
1182,SMB,6705,3566.24
1182,SMB,6728,4563.5
1182,SMB,7908,4996.08
1182,SMB,9173,2082.0
1182,SMB,9275,51.2
1183,Startup,5064,4830.45
1183,Startup,6272,328.31
1183,Startup,6304,3398.17
1183,Startup,6441,962.29
1183,Startup,6633,3648.74
1183,Startup,6635,4937.47
1183,Startup,7253,4534.26
1183,Startup,7719,2130.24
1183,Startup,8410,1318.65
1183,Startup,9779,3449.44
1184,Startup,5731,1551.76
1184,Startup,7543,3482.33
1184,Startup,7689,3054.52
1184,Startup,9308,2041.36
1184,Startup,9450,3951.96
1184,Startup,9691,3387.25
1184,Startup,9736,4374.2
1185,SMB,5728,4883.98
1185,SMB,8327,3863.67
1185,SMB,8753,4524.97
1185,SMB,8985,2305.52
1185,SMB,9533,4270.07
1186,Startup,5609,2765.51
1186,Startup,6523,3919.81
1186,Startup,9715,2733.07
1187,Startup,5131,4037.96
1187,Startup,8133,4183.04
1187,Startup,8729,3542.21
1187,Startup,9490,4116.81
1187,Startup,9511,706.39
1188,Startup,5058,2886.56
1188,Startup,6589,4226.87
1188,Startup,6613,1618.68
1188,Startup,6709,3213.58
1188,Startup,7367,1864.43
1188,Startup,7646,1890.59
1188,Startup,7667,3649.46
1188,Startup,7684,423.29
1188,Startup,7916,4876.68
1188,Startup,8736,2116.37
1188,Startup,9500,4158.66
1189,Startup,8271,656.28
1189,Startup,9260,2523.11
1190,SMB,6232,4195.49
1190,SMB,6417,2373.56
1190,SMB,6980,4981.31
1190,SMB,7226,1649.57
1190,SMB,9428,2020.53
1190,SMB,9644,969.87
1191,SMB,5263,494.89
1191,SMB,7018,4075.05
1191,SMB,7025,1328.59
1191,SMB,8368,4691.64
1191,SMB,9245,4531.34
1191,SMB,9513,2294.18
1191,SMB,9886,1985.91
1192,Startup,5324,4374.41
1192,Startup,6326,4431.93
1192,Startup,8411,992.55
1192,Startup,9396,1119.87
1192,Startup,9430,1711.01
1192,Startup,9670,2289.0
1192,Startup,9821,722.87
1192,Startup,9831,4050.38
1193,Startup,5759,1914.55
1193,Startup,7396,875.6
1193,Startup,8216,219.77
1193,Startup,8441,436.07
1193,Startup,8929,2615.18
1193,Startup,9282,4855.98
1194,Startup,5494,2960.6
1194,Startup,7187,4374.71
1194,Startup,7617,399.22
1194,Startup,7653,99.35
1194,Startup,8376,4303.66
1194,Startup,8978,2825.44
1195,SMB,5206,4100.98
1195,SMB,7372,992.39
1195,SMB,7973,4830.56
1195,SMB,8896,897.8
1195,SMB,9116,1410.73
1195,SMB,9758,3219.24
1196,SMB,5318,1608.85
1196,SMB,6126,661.08
1196,SMB,6745,2415.44
1196,SMB,6947,4888.32
1196,SMB,7392,2743.42
1196,SMB,8787,3135.41
1197,Startup,8504,883.78
1197,Startup,9843,109.75
1198,Startup,5708,4662.11
1198,Startup,6650,2617.8
1198,Startup,6803,1794.78
1198,Startup,7794,1374.96
1198,Startup,8382,278.04
1199,Startup,5417,354.16
1199,Startup,6757,4459.62
1199,Startup,8003,3917.39
1199,Startup,8235,140.87
1199,Startup,8961,329.75
1200,Startup,5014,574.08
1200,Startup,6348,1966.75
1200,Startup,6361,1132.92
1201,Startup,7011,2614.18
1201,Startup,7143,2519.89
1201,Startup,7459,4053.56
1201,Startup,7648,1147.81
1201,Startup,9039,2030.77
1201,Startup,9475,4135.28
1201,Startup,9615,1300.68
1202,SMB,5961,4277.02
1202,SMB,6586,1094.3
1202,SMB,7314,1310.59
1202,SMB,7401,911.19
1202,SMB,8345,2731.71
1202,SMB,8536,518.96
1203,SMB,6477,814.88
1203,SMB,6753,3294.77
1203,SMB,7105,3131.61
1203,SMB,8682,1161.68
1203,SMB,9829,761.98
1204,Startup,5685,2960.56
1204,Startup,7418,1550.18
1204,Startup,7616,2713.7
1204,Startup,8551,3468.55
1204,Startup,9139,4201.18
1205,Startup,6731,1843.35
1205,Startup,7743,4279.28
1205,Startup,7979,2054.76
1205,Startup,8754,1634.9
1205,Startup,8907,4414.5
1206,Enterprise,5429,1989.13
1206,Enterprise,5715,4492.06
1206,Enterprise,6163,3194.85
1206,Enterprise,8326,4958.85
1206,Enterprise,8469,4747.14
1206,Enterprise,8877,2151.63
1206,Enterprise,9008,725.04
1206,Enterprise,9535,2483.0
1207,SMB,5576,1222.77
1207,SMB,7039,2283.09
1207,SMB,8764,1264.13
1207,SMB,8938,170.74
1207,SMB,9097,3657.91
1207,SMB,9130,1041.68
1207,SMB,9213,890.3
1207,SMB,9299,1298.65
1207,SMB,9355,1312.68
1208,Startup,5404,851.52
1208,Startup,5530,357.11
1208,Startup,6069,1727.18
1208,Startup,8558,919.79
1208,Startup,9219,2874.79
1208,Startup,9896,790.27
1209,Enterprise,6052,660.07
1209,Enterprise,6557,2245.02
1209,Enterprise,7768,2533.41
1209,Enterprise,9892,2187.63
1210,SMB,5333,1610.44
1210,SMB,6892,4170.34
1210,SMB,7040,3607.56
1210,SMB,7319,753.8
1210,SMB,7844,2831.29
1210,SMB,8060,2109.55
1210,SMB,8476,1112.1
1210,SMB,9723,1379.47
1211,Startup,6382,3520.43
1211,Startup,6569,1637.63
1211,Startup,6618,4232.08
1211,Startup,6961,4931.58
1211,Startup,9053,4025.51
1211,Startup,9238,307.63
1211,Startup,9480,3734.62
1211,Startup,9754,2285.16
1212,Startup,8305,4122.66
1212,Startup,8664,3066.87
1212,Startup,9346,3402.65
1213,Startup,6288,3431.42
1213,Startup,6291,674.27
1213,Startup,6490,4062.88
1213,Startup,6845,1581.84
1213,Startup,7346,1255.04
1213,Startup,8338,2534.58
1213,Startup,8818,4361.29
1214,SMB,5467,249.41
1214,SMB,6841,825.96
1214,SMB,7195,3806.4
1214,SMB,7512,1239.21
1214,SMB,7969,3563.44
1214,SMB,8756,980.12
1215,Startup,7695,476.27
1215,Startup,8516,2491.58
1215,Startup,8518,985.93
1215,Startup,9340,4373.29
1216,SMB,5005,430.18
1216,SMB,5188,3314.14
1216,SMB,5246,117.73
1216,SMB,5721,3390.72
1216,SMB,6147,1672.82
1216,SMB,7564,1035.83
1216,SMB,8026,1004.56
1217,SMB,5725,1597.36
1217,SMB,6414,4860.63
1217,SMB,9159,246.57
1217,SMB,9932,1578.86
1218,Startup,5163,1007.5
1218,Startup,5762,2456.56
1218,Startup,6008,4592.35
1218,Startup,6979,2697.26
1218,Startup,7802,1637.07
1218,Startup,7983,4596.68
1218,Startup,8533,2827.69
1218,Startup,9470,698.11
1218,Startup,9700,4577.19
1219,Startup,7045,1266.8
1219,Startup,8568,475.26
1220,Startup,5786,1677.67
1220,Startup,5938,2490.14
1220,Startup,6399,2401.79
1220,Startup,6721,373.12
1220,Startup,6723,3249.23
1220,Startup,6909,1586.34
1220,Startup,9062,2710.59
1220,Startup,9516,2264.3
1221,Startup,5849,4914.56
1221,Startup,6249,247.62
1221,Startup,6596,1771.72
1221,Startup,8251,1046.93
1221,Startup,9000,1550.94
1222,Startup,5315,1974.2
1222,Startup,6459,4474.97
1222,Startup,7109,4064.13
1222,Startup,9118,2130.66
1222,Startup,9304,3985.61
1223,SMB,5047,4173.0
1223,SMB,5297,2040.03
1223,SMB,5512,3830.28
1223,SMB,5730,4675.99
1223,SMB,6401,4835.2
1223,SMB,7350,3531.24
1223,SMB,8064,1494.74
1223,SMB,9351,2066.66
1223,SMB,9413,158.83
1224,SMB,5232,3145.38
1224,SMB,5289,2805.06
1224,SMB,5310,2596.58
1224,SMB,6534,3259.07
1224,SMB,9492,940.0
1225,SMB,5487,4516.9
1225,SMB,7964,2411.87
1226,SMB,5144,2488.05
1226,SMB,5161,1989.96
1226,SMB,5216,673.48
1226,SMB,5972,1916.42
1226,SMB,6435,3562.87
1226,SMB,6971,2257.14
1226,SMB,7977,1107.01
1226,SMB,9451,1332.22
1227,Startup,5342,2524.8
1227,Startup,6315,4924.04
1227,Startup,6578,3422.35
1227,Startup,6865,1542.86
1227,Startup,6952,1395.0
1227,Startup,7027,3362.88
1227,Startup,7838,2740.25
1227,Startup,7880,2325.18
1227,Startup,9484,3939.75
1227,Startup,9675,161.4
1228,SMB,6378,801.13
1228,SMB,6736,2163.13
1228,SMB,7560,286.52
1228,SMB,7957,2160.28
1228,SMB,9710,894.13
1229,Startup,5652,1476.51
1229,Startup,6519,893.79
1229,Startup,9497,212.49
1229,Startup,9585,1271.4
1230,Startup,6037,3435.16
1230,Startup,7918,4412.42
1230,Startup,8571,3465.87
1230,Startup,9169,4475.75
1231,Startup,5641,3490.02
1231,Startup,6254,1611.89
1231,Startup,6544,3604.17
1231,Startup,7702,2948.99
1232,Startup,6340,1694.25
1232,Startup,6375,334.09
1232,Startup,7168,2753.93
1232,Startup,8973,3651.52
1232,Startup,9648,892.21
1233,Startup,5294,4596.07
1233,Startup,5309,2850.44
1233,Startup,6464,2569.35
1233,Startup,7242,1726.73
1233,Startup,7706,1863.12
1233,Startup,7998,3015.1
1233,Startup,9674,2710.21
1234,SMB,6552,4792.78
1234,SMB,7439,2288.46
1234,SMB,8874,4520.1
1234,SMB,9348,2907.14
1235,SMB,6481,1616.46
1235,SMB,7341,3231.89
1235,SMB,7809,1516.07
1235,SMB,7879,4045.95
1235,SMB,8072,1090.87
1235,SMB,8866,1155.11
1235,SMB,9024,2700.83
1235,SMB,9215,123.54
1236,Startup,5433,339.9
1236,Startup,6475,2913.78
1236,Startup,7839,410.04
1236,Startup,9392,170.91
1237,SMB,5614,3393.51
1237,SMB,6082,4809.68
1237,SMB,8632,2225.35
1237,SMB,9089,2403.03
1237,SMB,9522,2014.6
1237,SMB,9641,718.44
1237,SMB,9834,1717.76
1237,SMB,9840,2168.7
1238,Enterprise,6179,650.45
1238,Enterprise,6472,2054.59
1238,Enterprise,6890,4460.32
1238,Enterprise,9435,4244.12
1238,Enterprise,9602,3489.36
1239,Startup,5106,4636.0
1239,Startup,6139,3860.25
1239,Startup,8840,408.17
1239,Startup,8906,1347.07
1239,Startup,9115,203.3
1239,Startup,9337,4683.82
1239,Startup,9914,863.74
1240,SMB,7275,3944.28
1240,SMB,8447,2462.97
1241,Startup,5917,531.97
1241,Startup,7761,3832.27
1242,Startup,5321,4937.31
1242,Startup,5484,1935.71
1242,Startup,5720,2525.29
1242,Startup,5966,4550.55
1242,Startup,6289,4666.21
1242,Startup,6338,4694.0
1242,Startup,8034,4718.82
1242,Startup,8778,4510.83
1242,Startup,9823,1110.17
1243,Startup,5156,1837.32
1243,Startup,5548,890.94
1243,Startup,6829,920.66
1244,SMB,6136,3654.18
1244,SMB,9697,1899.57
1245,Enterprise,5100,167.35
1245,Enterprise,7445,4412.19
1245,Enterprise,8117,1842.8
1245,Enterprise,8401,4575.99
1245,Enterprise,8910,3088.54
1245,Enterprise,9924,4741.28
1246,Startup,5610,2043.56
1246,Startup,6277,1286.23
1246,Startup,7536,2808.4
1246,Startup,9782,222.26
1247,SMB,6940,1362.6
1247,SMB,8120,1034.7
1247,SMB,8172,4799.98
1247,SMB,8851,3766.41
1247,SMB,8879,2734.81
1247,SMB,9443,987.34
1247,SMB,9530,2598.89
1247,SMB,9711,4492.22
1247,SMB,9872,1139.33
1248,Startup,6090,1742.15
1248,Startup,7007,92.66
1248,Startup,8043,1948.66
1248,Startup,8281,2331.3
1248,Startup,8612,4573.38
1248,Startup,8657,1668.36
1249,Startup,9945,2047.57
1250,Startup,5032,4792.68
1250,Startup,5597,4005.83
1250,Startup,6741,2650.33
1250,Startup,7279,1459.14
1250,Startup,9040,794.95
1250,Startup,9747,1771.46
1250,Startup,9800,1024.92
1251,SMB,5086,2115.11
1251,SMB,5220,1655.43
1251,SMB,5525,2442.31
1251,SMB,5696,118.62
1251,SMB,5722,1233.38
1251,SMB,7044,2346.48
1251,SMB,8935,2471.62
1252,SMB,7878,4809.64
1252,SMB,8089,1584.67
1252,SMB,8741,4207.99
1252,SMB,9716,4599.24
1253,Startup,6169,4296.78
1253,Startup,6223,472.74
1253,Startup,9194,2282.38
1254,SMB,5989,1406.24
1254,SMB,6209,1767.66
1254,SMB,6675,220.17
1254,SMB,6860,885.31
1254,SMB,8287,3149.98
1254,SMB,8350,1876.64
1255,SMB,7121,1044.51
1255,SMB,8148,1760.82
1255,SMB,9546,2969.16
1256,Startup,6478,2225.84
1256,Startup,8224,2543.27
1256,Startup,8757,3142.74
1256,Startup,9027,1965.9
1256,Startup,9342,1708.29
1257,Startup,5391,2009.89
1257,Startup,5672,4458.76
1257,Startup,7650,1045.82
1258,Startup,5284,2987.63
1258,Startup,7337,1521.21
1258,Startup,8599,625.55
1258,Startup,9170,2514.45
1259,Startup,5166,4436.13
1259,Startup,6044,1964.7
1259,Startup,6903,3914.46
1260,SMB,6240,230.48
1260,SMB,6651,303.27
1260,SMB,6695,422.63
1260,SMB,6917,383.06
1260,SMB,6935,4552.34
1260,SMB,7660,309.05
1260,SMB,7742,1950.89
1260,SMB,8107,3402.64
1260,SMB,9281,3062.43
1261,Startup,5214,4334.53
1261,Startup,5653,82.0
1261,Startup,6389,1872.84
1261,Startup,6528,4059.39
1261,Startup,6691,3265.3
1261,Startup,8828,414.14
1262,Startup,5245,2353.42
1262,Startup,6129,244.36
1262,Startup,7194,3516.72
1262,Startup,7200,2591.91
1262,Startup,7442,4760.93
1262,Startup,8398,856.37
1262,Startup,8636,2133.44
1263,SMB,5909,4944.76
1263,SMB,5993,263.35
1263,SMB,6235,2549.31
1263,SMB,7864,4292.29
1264,Startup,5517,2237.08
1264,Startup,6058,3720.75
1264,Startup,7629,678.02
1264,Startup,9171,4216.95
1264,Startup,9354,3337.17
1265,Startup,6956,1744.02
1265,Startup,7098,3417.24
1265,Startup,7657,4579.94
1265,Startup,8169,3750.88
1265,Startup,9060,4409.22
1265,Startup,9636,502.84
1266,Startup,5108,300.58
1266,Startup,6166,255.41
1266,Startup,7318,326.84
1266,Startup,8210,4719.39
1266,Startup,8605,4994.58
1266,Startup,9432,4374.1
1267,Startup,5200,4675.44
1267,Startup,5836,739.31
1267,Startup,7531,2673.76
1267,Startup,8012,4790.94
1267,Startup,9081,3857.79
1268,Startup,5018,3307.89
1268,Startup,5612,4982.81
1268,Startup,6878,875.9
1268,Startup,6897,4900.78
1268,Startup,7129,2900.17
1268,Startup,7273,4997.33
1268,Startup,7339,770.86
1268,Startup,9365,2557.42
1268,Startup,9645,4891.07
1269,SMB,6933,581.88
1269,SMB,8919,3609.16
1269,SMB,9080,4117.92
1269,SMB,9705,3413.78
1269,SMB,9921,1353.07
1270,SMB,5335,3180.36
1270,SMB,5665,2066.46
1270,SMB,6724,3254.34
1270,SMB,7068,1462.75
1270,SMB,8430,2873.05
1270,SMB,9502,4269.57
1271,Startup,5363,1207.02
1271,Startup,5402,1729.56
1271,Startup,8263,996.82
1271,Startup,8652,669.19
1271,Startup,9460,2409.93
1271,Startup,9762,4966.16
1272,Startup,5103,720.52
1272,Startup,7004,2063.53
1272,Startup,8086,1620.43
1272,Startup,8342,2549.42
1272,Startup,9590,1386.79
1273,Startup,5053,1293.29
1273,Startup,5431,3685.11
1273,Startup,6439,3616.26
1273,Startup,6592,712.2
1273,Startup,6994,4373.99
1273,Startup,7507,2318.11
1273,Startup,8114,1525.84
1273,Startup,9571,1305.53
1273,Startup,9656,52.03
1273,Startup,9688,2380.27
1274,Startup,5090,3798.55
1274,Startup,5451,4700.86
1274,Startup,7866,492.23
1274,Startup,8100,3776.0
1274,Startup,8194,4666.61
1275,Startup,7077,3383.43
1275,Startup,8697,1300.3
1276,Startup,5674,4060.3
1276,Startup,5718,733.72
1276,Startup,7140,115.74
1276,Startup,9179,4040.18
1276,Startup,9236,4755.5
1276,Startup,9360,911.35
1276,Startup,9378,2967.19
1276,Startup,9565,287.39
1277,Startup,5936,4385.73
1277,Startup,6374,2029.92
1277,Startup,6834,763.99
1277,Startup,6976,3204.65
1277,Startup,7356,1329.86
1277,Startup,7615,324.03
1277,Startup,8052,237.03
1277,Startup,8795,3461.26
1277,Startup,9268,899.96
1278,Startup,5317,520.08
1278,Startup,6501,4977.34
1278,Startup,7469,195.03
1278,Startup,7997,2271.81
1278,Startup,8218,816.47
1278,Startup,9879,1456.32
1279,Startup,5812,2331.45
1279,Startup,6083,2252.02
1279,Startup,6990,2116.05
1279,Startup,7351,2042.51
1279,Startup,8283,852.81
1279,Startup,9576,628.55
1280,Startup,6003,1745.83
1280,Startup,7499,3563.2
1280,Startup,8268,3478.24
1281,Startup,6517,1886.32
1281,Startup,7065,466.85
1281,Startup,7715,1813.16
1282,SMB,5703,4436.55
1282,SMB,8230,1711.27
1282,SMB,8916,1448.58
1282,SMB,9751,3585.06
1282,SMB,9768,124.24
1283,SMB,6493,849.17
1283,SMB,6904,4555.47
1283,SMB,7202,2701.66
1283,SMB,8269,2880.89
1283,SMB,8443,2489.27
1283,SMB,8486,296.42
1283,SMB,8587,1176.29
1283,SMB,8790,2277.62
1283,SMB,9759,4393.57
1284,SMB,5681,1033.29
1284,SMB,6342,3838.32
1284,SMB,7079,4467.72
1284,SMB,7520,3336.86
1284,SMB,8618,3090.14
1285,Startup,5338,3482.44
1285,Startup,5357,2729.8
1285,Startup,8839,4197.31
1286,Enterprise,6094,3979.98
1286,Enterprise,7097,85.1
1286,Enterprise,7622,3255.22
1286,Enterprise,9596,2847.11
1287,SMB,5660,913.33
1287,SMB,5779,2577.32
1287,SMB,6066,1672.8
1287,SMB,6214,3698.81
1287,SMB,7602,2180.2
1287,SMB,9552,2937.5
1287,SMB,9738,2589.73
1288,Startup,5025,2124.96
1288,Startup,5559,2795.92
1288,Startup,6011,4050.93
1288,Startup,6432,936.86
1288,Startup,6433,4461.14
1288,Startup,6452,3821.35
1288,Startup,9259,3863.54
1288,Startup,9708,3871.56
1289,SMB,5244,1693.26
1289,SMB,6171,2205.21
1289,SMB,6788,136.62
1289,SMB,7001,4800.74
1289,SMB,8510,3537.24
1289,SMB,8862,1223.5
1289,SMB,8893,1541.09
1290,Startup,7388,4340.77
1290,Startup,7669,820.68
1290,Startup,7692,4838.27
1290,Startup,7750,2690.73
1290,Startup,8277,1426.81
1291,Enterprise,5834,3888.75
1291,Enterprise,5895,316.46
1291,Enterprise,7215,3980.08
1292,Enterprise,7638,2150.64
1292,Enterprise,8987,3474.73
1293,Startup,5121,2743.78
1293,Startup,5631,2385.11
1293,Startup,5701,149.68
1293,Startup,5855,2139.85
1293,Startup,5953,991.14
1293,Startup,7825,4300.79
1293,Startup,9695,2592.49
1294,SMB,5736,1998.1
1294,SMB,6824,4791.96
1294,SMB,7354,497.57
1294,SMB,7767,1887.79
1294,SMB,8056,1193.35
1294,SMB,9797,501.13
1295,SMB,5288,3342.03
1295,SMB,5606,3475.65
1295,SMB,6698,1324.52
1295,SMB,7693,1379.56
1295,SMB,8567,949.95
1295,SMB,8720,1867.49
1295,SMB,8913,3580.94
1296,Startup,7336,3950.77
1296,Startup,8681,640.39
1296,Startup,9301,4127.82
1296,Startup,9326,1218.24
1296,Startup,9391,3402.84
1297,Startup,6883,2709.51
1298,SMB,5626,2121.03
1298,SMB,5919,1760.62
1299,Startup,8679,1334.27
1299,Startup,9181,3228.94
1299,Startup,9702,3258.64
1300,SMB,5856,3936.07
1300,SMB,7492,3272.31
1300,SMB,9095,747.3
1301,Enterprise,5231,1205.0
1301,Enterprise,5460,1421.49
1301,Enterprise,5547,432.08
1301,Enterprise,5658,2944.9
1301,Enterprise,7152,4368.35
1301,Enterprise,7276,2573.14
1301,Enterprise,8010,405.94
1301,Enterprise,8621,239.9
1302,Startup,5139,4359.91
1302,Startup,6005,1000.48
1302,Startup,6470,1448.62
1302,Startup,6543,2936.37
1302,Startup,6684,858.6
1302,Startup,7030,1061.07
1302,Startup,7224,1570.08
1302,Startup,8063,1116.03
1302,Startup,9426,2573.19
1302,Startup,9802,1177.5
1303,Startup,5383,4561.13
1303,Startup,5659,4710.3
1303,Startup,5769,4300.56
1303,Startup,6067,1891.81
1303,Startup,6644,2398.45
1303,Startup,7625,4627.06
1303,Startup,7834,3485.95
1303,Startup,8236,3287.27
1303,Startup,8781,3035.95
1303,Startup,9812,226.28
1304,Startup,5782,4021.86
1304,Startup,5854,2104.97
1304,Startup,7139,4122.15
1304,Startup,7552,1057.38
1304,Startup,7829,2661.52
1304,Startup,8691,353.02
1304,Startup,9202,4803.32
1305,Startup,5504,2728.51
1305,Startup,5687,3096.33
1305,Startup,5831,1281.52
1305,Startup,6773,3812.17
1305,Startup,7474,453.3
1305,Startup,8922,1282.27
1306,Startup,5334,709.39
1306,Startup,5726,2082.88
1306,Startup,8319,1246.73
1307,Startup,5560,429.95
1307,Startup,6875,3234.97
1307,Startup,6986,4438.65
1307,Startup,7959,1616.52
1308,SMB,5742,2547.06
1308,SMB,6302,4548.69
1308,SMB,8400,4274.31
1308,SMB,9549,4786.34
1308,SMB,9626,471.74
1308,SMB,9706,382.11
1309,Startup,5411,4422.2
1309,Startup,5557,755.65
1309,Startup,8582,1007.56
1309,Startup,9363,2811.16
1310,SMB,5154,788.78
1310,SMB,5478,476.35
1310,SMB,8339,3045.1
1310,SMB,9504,1026.7
1311,SMB,5081,946.86
1311,SMB,5760,1729.24
1311,SMB,6068,3811.13
1311,SMB,6128,54.67
1311,SMB,7343,4690.53
1311,SMB,8102,2261.52
1311,SMB,8803,4070.97
1311,SMB,9836,1612.49
1312,Enterprise,5567,168.82
1312,Enterprise,5916,4294.78
1312,Enterprise,8791,1696.82
1313,Enterprise,5678,2882.01
1313,Enterprise,6701,1956.04
1313,Enterprise,6764,2135.44
1313,Enterprise,7028,2268.02
1313,Enterprise,7714,816.46
1313,Enterprise,7882,4670.6
1313,Enterprise,8389,2198.54
1313,Enterprise,8466,244.5
1314,Startup,5533,2851.79
1314,Startup,6554,1772.86
1314,Startup,6624,98.65
1314,Startup,6766,4391.75
1314,Startup,6988,3041.31
1314,Startup,8685,3521.4
1314,Startup,8813,2526.77
1314,Startup,8925,177.42
1314,Startup,9041,2542.67
1314,Startup,9048,1325.59
1315,Startup,8211,2625.14
1315,Startup,8436,2747.16
1315,Startup,8608,1164.78
1315,Startup,9246,461.04
1315,Startup,9580,1035.46
1316,Startup,5225,2898.03
1316,Startup,6134,2775.77
1317,SMB,5506,1141.41
1317,SMB,8304,1388.23
1317,SMB,8912,1988.11
1317,SMB,9033,4444.7
1318,SMB,5003,4695.49
1318,SMB,5099,1207.37
1318,SMB,5233,3748.04
1318,SMB,5521,1964.2
1318,SMB,5523,2019.08
1318,SMB,5634,1090.03
1318,SMB,7237,1069.64
1318,SMB,8498,3547.88
1318,SMB,8543,2706.06
1318,SMB,9108,794.04
1319,SMB,5138,1720.4
1319,SMB,6616,3899.75
1319,SMB,8700,4731.08
1319,SMB,8797,1040.76
1320,SMB,5452,3787.91
1320,SMB,5991,4770.48
1320,SMB,6394,3600.45
1320,SMB,7099,4135.93
1320,SMB,7613,1376.83
1321,Startup,6092,4249.94
1321,Startup,7705,3579.42
1321,Startup,9646,4971.73
1322,Startup,7685,1289.28
1322,Startup,8154,1785.68
1322,Startup,8538,1466.98
1323,Startup,5202,4125.2
1323,Startup,5237,3049.68
1323,Startup,7596,4845.63
1323,Startup,9004,2503.49
1324,SMB,5119,2018.54
1324,SMB,5322,2248.31
1324,SMB,5800,315.49
1324,SMB,5880,645.8
1324,SMB,7145,3437.96
1324,SMB,7294,3926.64
1324,SMB,8201,2659.91
1325,Startup,7138,3346.44
1325,Startup,7413,4875.06
1325,Startup,7774,4100.89
1325,Startup,8541,172.25
1325,Startup,8920,2544.25
1326,Startup,5304,1309.68
1326,Startup,5861,2317.24
1326,Startup,7869,1491.42
1326,Startup,8296,3781.38
1326,Startup,8593,3241.55
1327,Startup,6786,2959.6
1327,Startup,7081,1688.03
1327,Startup,7633,99.73
1327,Startup,8180,3350.21
1327,Startup,8237,3112.0
1327,Startup,9482,4025.22
1328,Startup,5219,4242.09
1328,Startup,5844,2231.29
1328,Startup,9573,107.05
1328,Startup,9578,1577.73
1329,SMB,5196,1684.91
1329,SMB,6230,420.73
1329,SMB,6405,2428.77
1329,SMB,7584,3884.53
1329,SMB,7852,1925.83
1330,SMB,5159,330.57
1330,SMB,8897,3721.11
1331,SMB,5815,3561.47
1331,SMB,7962,113.47
1331,SMB,7993,472.77
1331,SMB,8077,3263.31
1331,SMB,8485,1208.59
1331,SMB,8687,1787.33
1331,SMB,9172,4016.69
1332,Startup,5208,4455.07
1332,Startup,5578,936.21
1332,Startup,7156,2615.91
1332,Startup,7269,3376.69
1332,Startup,7306,3729.6
1332,Startup,8096,725.69
1333,Enterprise,7261,1912.48
1333,Enterprise,8078,3505.45
1333,Enterprise,8996,4169.2
1334,SMB,5628,2989.21
1334,SMB,5698,3360.94
1334,SMB,5886,2586.34
1334,SMB,7108,3860.17
1335,Enterprise,5035,4674.81
1335,Enterprise,5314,3055.32
1335,Enterprise,5603,4030.62
1335,Enterprise,8744,631.91
1335,Enterprise,8988,1946.19
1335,Enterprise,8998,636.39
1335,Enterprise,9891,2122.86
1336,Enterprise,5248,1330.03
1336,Enterprise,5743,1595.34
1336,Enterprise,5870,1757.83
1336,Enterprise,6177,311.49
1336,Enterprise,6601,1231.82
1336,Enterprise,8444,845.53
1336,Enterprise,8955,579.61
1336,Enterprise,9098,4662.97
1337,Startup,6400,1960.95
1337,Startup,7588,674.38
1337,Startup,7718,1962.99
1337,Startup,8403,4524.57
1337,Startup,9568,3815.49
1338,Startup,5453,2953.79
1338,Startup,6293,3843.42
1338,Startup,6987,2084.17
1338,Startup,8527,2043.79
1338,Startup,8689,1998.73
1338,Startup,8694,875.81
1338,Startup,9414,4093.55
1338,Startup,9604,4727.67
1339,SMB,5006,1805.6
1339,SMB,8011,4549.58
1339,SMB,8440,3625.75
1339,SMB,8964,1188.1
1339,SMB,9224,4174.69
1340,SMB,5110,2891.05
1340,SMB,8399,4071.45
1340,SMB,9136,3930.56
1340,SMB,9138,3971.34
1340,SMB,9329,519.1
1341,SMB,5748,2056.36
1341,SMB,6116,4837.99
1341,SMB,7234,1255.16
1341,SMB,7489,1467.09
1341,SMB,8648,1103.61
1341,SMB,8773,3468.58
1342,SMB,6045,448.88
1342,SMB,6133,4203.54
1342,SMB,6720,4879.23
1342,SMB,8309,2925.79
1342,SMB,9667,4620.33
1343,SMB,5860,2123.9
1343,SMB,7153,3084.93
1343,SMB,7285,556.54
1343,SMB,7480,235.95
1343,SMB,7769,3641.07
1343,SMB,8317,2318.35
1343,SMB,9270,1485.44
1343,SMB,9440,4848.72
1344,SMB,5129,2159.3
1344,SMB,5140,463.45
1344,SMB,5443,4544.69
1344,SMB,5817,4202.33
1344,SMB,6823,1605.1
1344,SMB,7244,1064.65
1344,SMB,7428,4226.22
1345,SMB,5259,2905.56
1345,SMB,5774,4727.87
1345,SMB,5906,99.06
1345,SMB,6218,4606.65
1345,SMB,6482,480.49
1345,SMB,8556,3364.58
1345,SMB,9491,2794.72
1345,SMB,9550,2520.23
1345,SMB,9825,1661.24
1347,Startup,7189,4339.65
1348,Enterprise,6084,2470.79
1348,Enterprise,7179,550.77
1348,Enterprise,9029,271.6
1349,SMB,5071,2031.05
1349,SMB,5234,1132.63
1349,SMB,5419,4705.49
1349,SMB,6686,770.3
1349,SMB,7607,2058.29
1349,SMB,8162,1434.39
1349,SMB,9545,3535.32
1350,Startup,5907,3901.33
1350,Startup,6391,2132.65
1350,Startup,6632,2259.32
1350,Startup,7335,4023.35
1350,Startup,9369,3680.34
1351,Startup,5910,2442.0
1351,Startup,6431,2451.89
1351,Startup,9191,1377.97
1351,Startup,9771,941.0
1352,Startup,5566,2106.44
1352,Startup,5752,4550.8
1352,Startup,6392,2534.63
1352,Startup,8126,3755.93
1352,Startup,8591,421.96
1353,Startup,5251,2160.67
1353,Startup,5577,529.98
1353,Startup,6017,785.11
1353,Startup,6022,1023.61
1353,Startup,6505,2057.94
1353,Startup,6946,721.94
1354,SMB,6054,4633.99
1354,SMB,6793,1780.59
1354,SMB,7049,2688.62
1354,SMB,7483,2568.09
1354,SMB,7753,4045.18
1354,SMB,8113,3228.45
1354,SMB,8219,955.47
1354,SMB,8900,833.5
1355,Enterprise,7664,2566.97
1355,Enterprise,7833,1581.37
1355,Enterprise,9051,1144.68
1355,Enterprise,9217,1700.17
1355,Enterprise,9436,2234.31
1355,Enterprise,9717,4504.55
1356,Startup,5262,393.5
1356,Startup,5283,3186.87
1356,Startup,5553,1822.79
1356,Startup,6692,4346.6
1356,Startup,7876,1719.93
1356,Startup,9211,1322.74
1357,Enterprise,5198,4260.34
1357,Enterprise,7345,821.47
1357,Enterprise,8098,4418.35
1357,Enterprise,8297,1134.34
1358,Startup,5753,1882.65
1358,Startup,7662,4235.28
1358,Startup,7674,379.97
1358,Startup,7683,95.04
1358,Startup,9380,1054.82
1359,Startup,5109,244.99
1359,Startup,5511,3041.58
1359,Startup,6246,4227.77
1359,Startup,7494,2117.66
1359,Startup,8189,3334.94
1360,Startup,5296,562.0
1360,Startup,6404,4321.65
1360,Startup,6471,1431.09
1360,Startup,7379,1981.68
1360,Startup,8016,1994.55
1360,Startup,9394,1698.1
1360,Startup,9752,4313.1
1360,Startup,9849,2888.34
1361,SMB,5671,2906.73
1361,SMB,5784,729.64
1361,SMB,6115,1119.36
1361,SMB,7190,2988.2
1361,SMB,8041,4508.76
1361,SMB,8530,2183.37
1362,Startup,5930,387.52
1362,Startup,6522,2187.45
1362,Startup,7206,2385.92
1362,Startup,8004,146.04
1362,Startup,8123,2096.05
1362,Startup,8812,3900.49
1363,SMB,5257,299.56
1363,SMB,5278,1514.33
1363,SMB,7239,154.69
1363,SMB,7437,2188.98
1363,SMB,8734,2696.04
1363,SMB,8889,439.56
1364,Startup,5065,2006.02
1364,Startup,5588,4962.95
1364,Startup,5864,2588.73
1364,Startup,6091,2196.79
1364,Startup,6708,1411.74
1364,Startup,6966,645.87
1364,Startup,7368,1898.1
1364,Startup,8958,1321.91
1364,Startup,9374,1781.98
1364,Startup,9618,1509.91
1364,Startup,9811,2089.86
1365,Startup,5302,3575.08
1365,Startup,5814,4156.34
1365,Startup,7476,4756.19
1365,Startup,7580,3621.17
1365,Startup,9188,1765.02
1366,SMB,5158,3414.5
1366,SMB,5454,4150.77
1366,SMB,6377,4427.5
1366,SMB,6918,1376.59
1366,SMB,8677,2760.7
1366,SMB,9161,2268.45
1366,SMB,9359,830.42
1366,SMB,9912,2639.63
1367,Startup,5693,1452.26
1367,Startup,6516,3076.14
1367,Startup,8267,375.86
1367,Startup,8579,3345.63
1367,Startup,8651,4172.82
1367,Startup,9629,4783.29
1367,Startup,9735,2378.1
1368,Startup,6398,2311.6
1368,Startup,8253,3086.34
1368,Startup,9043,2235.59
1368,Startup,9780,3387.39
1369,SMB,7460,1840.75
1369,SMB,8421,4821.38
1369,SMB,8668,3945.53
1369,SMB,8721,2734.38
1369,SMB,9110,4400.46
1370,Enterprise,5515,3349.28
1370,Enterprise,6419,1559.27
1370,Enterprise,7628,2664.48
1370,Enterprise,8641,2016.59
1370,Enterprise,9731,3853.68
1371,SMB,5608,2108.3
1371,SMB,6774,291.39
1371,SMB,9104,4474.18
1371,SMB,9457,1721.85
1371,SMB,9676,2248.36
1371,SMB,9696,4025.08
1372,Enterprise,5048,2724.47
1372,Enterprise,6957,4907.85
1372,Enterprise,8846,2101.43
1373,SMB,5888,1905.38
1373,SMB,7954,2194.59
1374,Startup,5012,1898.62
1374,Startup,5998,3829.4
1374,Startup,6427,1697.01
1375,Enterprise,5630,849.22
1375,Enterprise,5746,3738.81
1375,Enterprise,7087,1099.8
1375,Enterprise,7363,1786.01
1375,Enterprise,7678,1858.57
1375,Enterprise,8470,1267.7
1375,Enterprise,9296,1553.43
1375,Enterprise,9424,2627.24
1375,Enterprise,9740,4244.41
1376,SMB,5117,249.28
1376,SMB,5928,1243.77
1376,SMB,6843,2988.74
1376,SMB,7101,840.35
1376,SMB,7427,1854.6
1376,SMB,8463,1844.79
1376,SMB,9419,3495.36
1377,Startup,5107,2127.16
1377,Startup,6562,3695.54
1377,Startup,6963,1443.31
1377,Startup,7323,4190.38
1377,Startup,8661,4977.64
1378,Enterprise,5423,2413.21
1378,Enterprise,5943,1523.37
1378,Enterprise,6415,2587.45
1378,Enterprise,7307,3630.49
1378,Enterprise,7915,4533.5
1378,Enterprise,8385,2393.5
1378,Enterprise,9123,4533.95
1378,Enterprise,9787,2312.27
1379,Startup,6871,2143.57
1379,Startup,7479,310.91
1379,Startup,8330,1206.44
1379,Startup,8655,4734.57
1380,SMB,5134,4095.66
1380,SMB,6247,1348.92
1380,SMB,7205,2490.26
1380,SMB,7386,3238.85
1380,SMB,7681,4513.07
1380,SMB,8943,3278.71
1380,SMB,9361,3815.76
1381,SMB,5343,3664.73
1381,SMB,5637,1806.42
1381,SMB,5802,2403.6
1381,SMB,6042,3068.57
1381,SMB,6180,1548.74
1381,SMB,6574,2251.33
1381,SMB,6851,1805.01
1382,Startup,5378,2357.6
1382,Startup,5589,1241.32
1382,Startup,6220,2786.43
1382,Startup,6409,4394.86
1382,Startup,6950,1532.14
1382,Startup,7241,3890.53
1382,Startup,8328,1092.12
1382,Startup,8885,3187.56
1383,Startup,5526,1944.78
1383,Startup,6837,4563.34
1383,Startup,7490,1274.94
1383,Startup,9229,2455.98
1383,Startup,9416,3302.74
1383,Startup,9558,2573.13
1384,Startup,5739,3660.08
1384,Startup,6777,1744.86
1384,Startup,7659,3431.72
1384,Startup,8307,2335.94
1384,Startup,8976,4723.27
1384,Startup,9111,1608.92
1384,Startup,9622,2245.82
1384,Startup,9949,2409.27
1385,Startup,5926,52.96
1385,Startup,6365,3060.65
1385,Startup,7497,4901.03
1385,Startup,8770,4312.12
1385,Startup,9883,2298.13
1386,Startup,5442,2850.96
1386,Startup,6273,2453.89
1386,Startup,6898,4928.72
1386,Startup,9090,1849.4
1387,SMB,5389,1690.19
1387,SMB,5418,4077.93
1387,SMB,6901,4002.85
1387,SMB,7334,158.81
1387,SMB,7903,477.96
1387,SMB,8553,2052.37
1387,SMB,8704,3171.41
1387,SMB,8937,4624.88
1387,SMB,9538,2995.48
1388,SMB,7422,374.85
1388,SMB,9131,1094.48
1388,SMB,9560,2270.0
1388,SMB,9943,3597.33
1389,Startup,5111,1994.83
1389,Startup,8808,2411.11
1390,Startup,5532,2890.64
1390,Startup,6205,3308.62
1390,Startup,7773,2727.09
1390,Startup,8055,309.12
1390,Startup,8106,2726.79
1390,Startup,8445,4892.41
1390,Startup,8717,323.03
1390,Startup,9498,2365.9
1390,Startup,9666,4781.8
1390,Startup,9937,3674.58
1391,Startup,5033,1141.21
1391,Startup,6383,2083.12
1391,Startup,6833,1097.99
1391,Startup,7940,4138.15
1391,Startup,8301,564.6
1391,Startup,8514,2426.67
1392,SMB,5465,926.91
1392,SMB,6188,3651.77
1392,SMB,7414,4220.56
1392,SMB,8532,4936.15
1392,SMB,9142,1406.36
1393,SMB,6329,4570.49
1393,SMB,6549,4341.95
1393,SMB,7035,2455.13
1393,SMB,7987,3114.65
1393,SMB,9467,3746.38
1394,Startup,5276,3414.18
1394,Startup,8008,4552.45
1395,SMB,5215,559.07
1395,SMB,5445,1516.81
1395,SMB,5661,2384.66
1395,SMB,6300,1582.97
1395,SMB,6964,396.84
1395,SMB,7408,4189.64
1395,SMB,7539,2846.52
1395,SMB,9096,3143.47
1396,Startup,9103,332.81
1397,Startup,5072,3927.33
1397,Startup,5360,572.14
1397,Startup,5811,3041.35
1397,Startup,6323,220.43
1397,Startup,6467,4796.42
1397,Startup,7256,2490.5
1397,Startup,7846,3326.21
1398,SMB,7091,1209.91
1398,SMB,7900,1472.64
1399,Startup,5126,1904.87
1399,Startup,5874,1137.19
1399,Startup,6156,3895.15
1399,Startup,6381,2125.71
1399,Startup,6655,949.73
1399,Startup,6750,1377.31
1399,Startup,7566,1958.48
1399,Startup,8247,266.12
1399,Startup,9458,2121.33
1400,Startup,6077,1173.54
1400,Startup,6237,356.64
1400,Startup,6664,575.76
1400,Startup,6727,4913.29
1400,Startup,9065,1261.76
1400,Startup,9193,3540.06
1401,SMB,5029,1195.33
1401,SMB,5327,4071.75
1401,SMB,5471,4682.89
1401,SMB,6649,3177.03
1401,SMB,7033,4978.44
1401,SMB,7799,4301.95
1401,SMB,8217,2512.95
1401,SMB,8488,3288.47
1401,SMB,8850,4983.58
1401,SMB,9064,61.62
1402,Startup,5049,4231.1
1402,Startup,6440,1445.03
1403,Startup,7711,1651.45
1403,Startup,8232,2192.2
1403,Startup,8519,4509.49
1403,Startup,8576,548.07
1404,Startup,5584,410.04
1404,Startup,7229,1814.97
1404,Startup,8183,2954.5
1404,Startup,8207,1272.48
1404,Startup,8524,648.76
1404,Startup,9293,1901.0
1405,SMB,6157,4245.36
1405,SMB,6276,2754.72
1405,SMB,6541,2867.57
1405,SMB,6585,3710.93
1405,SMB,8241,4619.96
1405,SMB,9149,567.18
1405,SMB,9890,3016.85
1406,Startup,6097,3721.06
1406,Startup,6131,1249.65
1406,Startup,6619,1830.39
1406,Startup,7167,2757.23
1406,Startup,7182,3955.12
1406,Startup,9285,364.5
1406,Startup,9526,895.26
1406,Startup,9559,1930.8
1407,SMB,5868,2204.55
1407,SMB,6124,1298.26
1407,SMB,6497,1325.28
1407,SMB,7046,4578.47
1407,SMB,7565,2152.73
1407,SMB,8384,1725.84
1407,SMB,9664,1630.62
1407,SMB,9931,4296.55
1408,Enterprise,6368,1180.24
1408,Enterprise,6716,3498.61
1408,Enterprise,7352,4604.2
1408,Enterprise,7737,293.28
1409,Startup,7913,1461.67
1409,Startup,8650,2737.25
1409,Startup,9037,2000.71
1410,SMB,5535,2811.47
1411,SMB,8325,2406.48
1412,Startup,5312,2766.92
1412,Startup,7302,299.1
1412,Startup,7734,3362.31
1412,Startup,7978,3396.66
1412,Startup,8019,4792.0
1412,Startup,8542,4060.78
1412,Startup,8886,4577.35
1412,Startup,9520,823.84
1413,Startup,6512,2741.75
1413,Startup,8600,2705.23
1413,Startup,8963,2185.97
1414,Startup,5085,2754.97
1414,Startup,5306,2724.48
1414,Startup,5764,1280.27
1414,Startup,6449,184.18
1414,Startup,6719,4873.47
1414,Startup,7661,3925.1
1414,Startup,8581,2327.51
1414,Startup,8616,4191.27
1414,Startup,8834,513.6
1414,Startup,8863,2264.0
1414,Startup,9023,4465.77
1415,Startup,9207,1210.7
1415,Startup,9923,2086.48
1416,SMB,5091,4494.93
1416,SMB,5513,2640.84
1416,SMB,6355,1917.15
1416,SMB,7484,1253.47
1416,SMB,8867,4615.42
1416,SMB,8941,1135.64
1416,SMB,9658,4583.92
1417,SMB,5830,1389.27
1417,SMB,6981,2398.94
1417,SMB,7563,2010.47
1417,SMB,9624,4372.61
1418,SMB,5604,4338.79
1418,SMB,6560,3454.46
1418,SMB,8391,4532.63
1419,Startup,5183,4963.28
1419,Startup,5980,3992.38
1419,Startup,6130,4887.55
1419,Startup,7340,3502.29
1419,Startup,7403,139.5
1419,Startup,8425,4381.29
1419,Startup,8645,437.77
1420,Startup,5596,945.41
1420,Startup,5899,4021.89
1420,Startup,6251,2909.18
1420,Startup,7297,2462.51
1420,Startup,7360,2507.75
1420,Startup,8314,3570.05
1420,Startup,8630,1747.68
1420,Startup,8739,417.17
1420,Startup,9405,4306.28
1421,Startup,6503,2714.19
1421,Startup,7393,3715.52
1421,Startup,7798,3444.28
1421,Startup,7938,4260.37
1421,Startup,8142,1237.75
1421,Startup,8264,2609.73
1422,Startup,5265,1737.74
1422,Startup,6253,1695.51
1422,Startup,6319,3856.85
1422,Startup,8046,4043.2
1422,Startup,9514,2609.75
1422,Startup,9528,2898.73
1423,SMB,6285,1916.08
1423,SMB,6797,3689.38
1423,SMB,8380,96.09
1424,SMB,5655,1463.85
1424,SMB,7066,4923.65
1424,SMB,7155,4813.57
1424,SMB,7213,2885.22
1424,SMB,9433,1680.42
1424,SMB,9663,3455.75
1425,Enterprise,5464,4856.15
1425,Enterprise,6025,3231.84
1425,Enterprise,6330,1970.47
1425,Enterprise,6779,502.2
1425,Enterprise,8548,3445.82
1425,Enterprise,8826,3759.11
1425,Enterprise,8956,3611.33
1425,Enterprise,9271,3163.08
1426,Startup,5077,3314.55
1426,Startup,5275,3397.99
1426,Startup,6682,3473.63
1426,Startup,6758,2272.74
1426,Startup,7076,3895.27
1426,Startup,8829,314.5
1426,Startup,9889,2974.23
1427,SMB,5733,3841.0
1427,SMB,5763,589.62
1427,SMB,5866,3000.45
1427,SMB,6873,749.85
1427,SMB,7404,2031.63
1427,SMB,8130,1010.94
1428,Startup,5503,4791.83
1428,Startup,5735,4829.91
1428,Startup,6032,4014.65
1428,Startup,7786,4538.99
1428,Startup,8070,4675.33
1428,Startup,8460,4835.98
1428,Startup,9478,4327.94
1429,SMB,5115,3947.49
1429,SMB,6144,388.78
1429,SMB,7362,2034.8
1429,SMB,8966,1304.79
1429,SMB,9044,2478.54
1429,SMB,9909,2484.79
1430,SMB,5355,2418.53
1430,SMB,5408,1805.91
1430,SMB,7436,4345.23
1430,SMB,9290,645.34
1431,SMB,7154,828.16
1431,SMB,7287,4669.3
1431,SMB,7464,1423.74
1431,SMB,7817,3734.99
1432,Startup,5123,3561.72
1432,Startup,5977,879.45
1432,Startup,6629,1555.27
1432,Startup,7127,792.05
1432,Startup,7216,2458.09
1433,Startup,8278,1656.31
1433,Startup,8909,1022.38
1433,Startup,9210,3177.29
1433,Startup,9790,4144.43
1434,SMB,6959,2110.0
1434,SMB,7425,3281.0
1434,SMB,7992,649.72
1434,SMB,9292,3242.04
1434,SMB,9294,4757.16
1434,SMB,9772,2537.61
1435,SMB,6367,3724.73
1435,SMB,6453,4471.86
1435,SMB,6818,328.26
1435,SMB,7505,4843.67
1435,SMB,8975,4290.81
1436,Startup,6181,2685.73
1436,Startup,6318,1057.5
1436,Startup,6380,3340.46
1436,Startup,6492,502.06
1436,Startup,6868,510.44
1436,Startup,8360,2308.77
1436,Startup,8673,3656.65
1437,Enterprise,5279,55.5
1437,Enterprise,6561,1403.7
1437,Enterprise,7093,4403.0
1437,Enterprise,7708,3786.92
1437,Enterprise,9129,3560.44
1438,Startup,7157,410.85
1438,Startup,7357,1719.2
1438,Startup,7874,3000.52
1438,Startup,8027,995.97
1438,Startup,8170,2775.92
1438,Startup,9317,3443.42
1438,Startup,9861,1483.01
1439,Startup,5965,4677.24
1439,Startup,8566,1558.57
1439,Startup,9331,807.07
1439,Startup,9447,3239.89
1439,Startup,9487,2457.54
1439,Startup,9878,1812.04
1440,SMB,5104,1195.8
1440,SMB,5137,2277.79
1440,SMB,5380,3523.6
1440,SMB,7389,4475.17
1440,SMB,7417,532.01
1441,SMB,5988,247.07
1441,SMB,6743,4864.21
1441,SMB,7208,4241.59
1441,SMB,7760,4354.23
1441,SMB,8005,1668.68
1442,Startup,6061,2792.27
1442,Startup,6388,240.08
1442,Startup,7021,1221.77
1442,Startup,9063,294.03
1442,Startup,9216,2431.57
1443,SMB,5050,2184.94
1443,SMB,7047,1710.26
1443,SMB,7429,1014.97
1443,SMB,7597,2446.86
1443,SMB,8347,3842.48
1443,SMB,8595,3554.34
1443,SMB,8699,3534.49
1443,SMB,9839,980.89
1444,SMB,7402,1720.51
1444,SMB,8789,168.23
1444,SMB,9481,3116.25
1445,Startup,5574,1611.05
1445,Startup,5918,3546.54
1445,Startup,6778,2755.06
1445,Startup,7144,407.46
1445,Startup,7274,4021.25
1445,Startup,8732,56.36
1445,Startup,9079,885.73
1445,Startup,9859,3631.72
1445,Startup,9916,3970.21
1446,Startup,6071,3702.74
1446,Startup,7722,438.62
1446,Startup,8059,2441.18
1446,Startup,8095,3828.31
1446,Startup,9439,2576.44
1446,Startup,9794,2704.15
1447,Startup,6204,2209.42
1447,Startup,6857,562.2
1447,Startup,9476,673.41
1447,Startup,9727,905.46
1448,Startup,5300,635.18
1448,Startup,7438,4834.62
1448,Startup,9940,4484.27
1449,SMB,5654,2506.38
1449,SMB,6119,2164.17
1449,SMB,6356,4019.11
1449,SMB,6530,1160.7
1449,SMB,7207,2477.05
1449,SMB,8619,1704.01
1449,SMB,8899,3328.74
1449,SMB,9848,2382.3
1450,SMB,5080,4695.72
1450,SMB,5846,2552.33
1450,SMB,6965,330.3
1450,SMB,7315,2470.31
1450,SMB,7686,3363.11
1450,SMB,8119,2380.54
1450,SMB,8506,4925.4
1450,SMB,8854,293.35
1450,SMB,9232,1108.32
1450,SMB,9682,2807.39
1451,Startup,7371,3550.78
1451,Startup,7694,2499.39
1451,Startup,8163,998.03
1451,Startup,8471,2683.83
1451,Startup,8923,1655.97
1451,Startup,9187,4282.79
1451,Startup,9519,609.84
1452,Startup,5922,1212.03
1452,Startup,7787,2957.48
1452,Startup,7816,1693.4
1452,Startup,8420,1637.53
1452,Startup,8459,204.51
1452,Startup,8509,4383.05
1452,Startup,8601,2213.88
1453,SMB,5388,3525.43
1453,SMB,6063,1017.52
1453,SMB,7280,1911.06
1453,SMB,8054,1349.43
1453,SMB,8442,575.34
1453,SMB,9429,180.91
1454,Startup,5223,3035.59
1454,Startup,5808,986.52
1454,Startup,5847,2563.4
1454,Startup,6896,3387.75
1454,Startup,7010,2304.2
1454,Startup,7328,1028.57
1455,SMB,5307,4263.2
1455,SMB,5430,855.17
1455,SMB,5819,3500.27
1455,SMB,5981,3710.37
1455,SMB,6267,2435.99
1455,SMB,7178,3613.98
1455,SMB,7842,3401.34
1455,SMB,8779,3765.81
1455,SMB,9166,2392.41
1456,SMB,6098,4035.23
1456,SMB,7271,612.55
1456,SMB,7726,4604.19
1456,SMB,7967,4665.89
1456,SMB,8015,1551.65
1456,SMB,8156,2691.09
1457,Enterprise,6226,3090.22
1457,Enterprise,6968,4647.38
1457,Enterprise,7960,3881.28
1457,Enterprise,8838,1565.88
1457,Enterprise,9865,4233.87
1458,SMB,8455,4572.95
1458,SMB,9186,1393.34
1458,SMB,9276,678.33
1459,Enterprise,5351,1021.42
1459,Enterprise,5374,2936.49
1459,Enterprise,5528,769.37
1459,Enterprise,5908,2330.63
1459,Enterprise,6002,3887.41
1459,Enterprise,7854,2323.76
1459,Enterprise,8042,4653.53
1459,Enterprise,9198,4357.47
1460,SMB,5344,3114.91
1460,SMB,5656,3686.31
1460,SMB,6103,3385.09
1460,SMB,7032,1825.78
1460,SMB,9728,1755.3
1460,SMB,9764,1203.61
1461,SMB,6500,3679.14
1461,SMB,8013,434.68
1462,Startup,6149,3006.7
1462,Startup,8242,3461.93
1462,Startup,9208,2429.21
1462,Startup,9947,2558.51
1463,Startup,5211,1091.08
1463,Startup,5476,159.23
1463,Startup,6225,2614.15
1463,Startup,6406,390.33
1463,Startup,6491,4744.43
1463,Startup,6496,120.27
1464,Startup,8478,986.24
1464,Startup,9760,2119.75
1465,Startup,6297,4501.28
1465,Startup,7096,1725.61
1465,Startup,7572,338.28
1465,Startup,7925,1471.93
1465,Startup,8831,2672.88
1465,Startup,9349,376.17
1466,SMB,5016,2095.2
1466,SMB,6127,1069.6
1466,SMB,6162,2699.97
1466,SMB,6487,2875.73
1466,SMB,7747,1297.39
1467,SMB,5305,113.84
1467,SMB,6213,1673.03
1467,SMB,6216,2400.11
1467,SMB,6353,3602.5
1467,SMB,7204,4248.61
1467,SMB,9612,1388.4
1468,Startup,6895,3474.3
1468,Startup,8547,4480.42
1468,Startup,9255,3041.68
1469,SMB,6582,3400.52
1469,SMB,7135,119.37
1469,SMB,9793,1361.92
1470,Startup,5883,4647.6
1470,Startup,9075,1340.3
1471,Enterprise,6055,850.39
1471,Enterprise,6282,542.92
1471,Enterprise,7745,1397.96
1471,Enterprise,7801,4331.73
1471,Enterprise,7982,2582.05
1471,Enterprise,8279,4728.36
1471,Enterprise,8833,2438.0
1471,Enterprise,9266,3668.96
1471,Enterprise,9420,1745.25
1471,Enterprise,9621,1445.59
1471,Enterprise,9775,3042.22
1471,Enterprise,9813,2514.98
1472,Startup,6755,3008.53
1472,Startup,9729,354.64
1472,Startup,9739,3370.2
1473,Enterprise,5829,3175.31
1473,Enterprise,6539,4323.99
1473,Enterprise,9588,3221.52
1474,Startup,5331,3378.91
1474,Startup,7687,4446.95
1474,Startup,8414,4039.16
1474,Startup,8546,854.37
1474,Startup,9581,2959.13
1475,Startup,7406,3116.93
1475,Startup,8260,3615.65
1476,Startup,6642,2862.93
1476,Startup,6882,3296.31
1476,Startup,6954,1922.66
1476,Startup,6974,911.12
1476,Startup,7541,2097.64
1477,Enterprise,5045,4131.13
1477,Enterprise,5098,856.94
1477,Enterprise,6065,4586.62
1477,Enterprise,6955,487.56
1477,Enterprise,7124,1481.29
1477,Enterprise,8394,1458.33
1477,Enterprise,8522,542.51
1478,Startup,5624,3362.63
1478,Startup,8125,2208.43
1479,Startup,7405,2771.89
1479,Startup,9019,91.83
1479,Startup,9619,125.56
1480,Startup,7149,789.44
1480,Startup,7605,996.65
1480,Startup,8353,607.42
1480,Startup,8672,2823.73
1480,Startup,9047,2477.75
1480,Startup,9132,3457.05
1480,Startup,9184,3982.2
1481,Startup,6110,2751.2
1481,Startup,6636,1164.55
1481,Startup,8590,3214.35
1481,Startup,8894,2343.79
1481,Startup,9569,791.82
1481,Startup,9640,4061.0
1481,Startup,9657,3001.1
1481,Startup,9795,2273.28
1482,Startup,5354,584.82
1482,Startup,5809,3615.9
1482,Startup,6187,4850.6
1482,Startup,7147,3837.49
1482,Startup,9032,2770.63
1483,SMB,5970,1456.71
1483,SMB,6183,3022.89
1483,SMB,6262,3023.92
1483,SMB,6369,339.37
1483,SMB,6533,94.98
1483,SMB,7006,762.19
1483,SMB,7501,2615.12
1483,SMB,8449,3214.96
1483,SMB,8578,3335.49
1484,Startup,5320,925.64
1484,Startup,7725,3548.68
1484,Startup,7955,4008.47
1485,Startup,5011,3078.56
1485,Startup,5709,4984.9
1485,Startup,6257,542.5
1485,Startup,6885,3429.22
1485,Startup,7299,4733.63
1485,Startup,7447,462.13
1485,Startup,8855,203.73
1485,Startup,9052,1382.14
1485,Startup,9073,443.96
1485,Startup,9384,529.74
1486,Startup,6908,2216.94
1486,Startup,6958,3166.93
1486,Startup,7419,3209.21
1486,Startup,9431,4881.3
1486,Startup,9512,1205.31
1487,Enterprise,7540,486.3
1487,Enterprise,9557,1245.46
1488,SMB,6425,1176.03
1488,SMB,6443,158.14
1488,SMB,7632,3131.75
1488,SMB,7872,4146.53
1488,SMB,8426,1542.21
1488,SMB,9494,4841.96
1489,Startup,5021,949.81
1489,Startup,5361,2948.66
1489,Startup,5799,885.85
1489,Startup,7473,1829.15
1489,Startup,7974,1115.58
1489,Startup,8032,1642.35
1489,Startup,8373,1546.27
1489,Startup,8501,258.89
1490,Startup,5051,1926.25
1490,Startup,5182,452.09
1490,Startup,5717,1142.22
1490,Startup,6137,3021.24
1490,Startup,6785,332.16
1490,Startup,8713,3617.05
1490,Startup,9072,933.33
1490,Startup,9445,4215.13
1490,Startup,9887,445.91
1491,SMB,6387,3323.65
1491,SMB,6538,2877.44
1491,SMB,8020,2540.21
1492,Startup,5403,2554.36
1492,Startup,6760,431.0
1492,Startup,7186,3582.62
1492,Startup,8002,4546.63
1492,Startup,8083,687.33
1492,Startup,9733,1146.56
1493,SMB,5076,3037.47
1493,SMB,5157,2071.86
1493,SMB,6290,2899.54
1493,SMB,8071,289.9
1493,SMB,8665,4111.85
1493,SMB,9669,4238.66
1494,SMB,5804,1947.82
1494,SMB,5890,3607.65
1494,SMB,6233,1237.11
1494,SMB,6802,1069.12
1494,SMB,7133,270.71
1494,SMB,7259,4721.64
1494,SMB,7600,4213.43
1494,SMB,8258,4413.35
1494,SMB,8712,611.27
1494,SMB,9370,4362.82
1494,SMB,9713,4415.18
1495,SMB,5455,446.92
1495,SMB,5732,3920.36
1495,SMB,5755,4490.13
1495,SMB,8127,4148.23
1495,SMB,8570,1021.36
1495,SMB,8847,3463.19
1495,SMB,9870,1600.59
1496,SMB,7835,129.82
1496,SMB,8329,2532.14
1496,SMB,9907,1671.45
1497,Startup,5069,4036.88
1497,Startup,5688,453.8
1497,Startup,5833,1526.45
1497,Startup,6298,3136.35
1497,Startup,6462,4638.19
1497,Startup,7488,2330.53
1497,Startup,9586,2277.97
1498,Enterprise,5042,3403.32
1498,Enterprise,5863,3772.97
1498,Enterprise,9600,3383.91
1499,Startup,6384,2547.95
1499,Startup,7496,1404.65
1499,Startup,7570,4942.43
1499,Startup,8175,2492.04
1499,Startup,8868,2158.17
1499,Startup,8901,3456.18
1499,Startup,8957,4280.11
1499,Startup,9200,680.19
1499,Startup,9671,2150.73
1500,Startup,6105,3757.37
1500,Startup,6550,1257.78
1500,Startup,6604,3534.96
1500,Startup,6667,3850.43
1500,Startup,7466,3631.5
1500,Startup,8477,3703.85
1500,Startup,9049,4430.39
1500,Startup,9566,3888.28
1501,Startup,5440,2724.38
1501,Startup,7055,3133.62
1501,Startup,7942,2022.47
1501,Startup,9203,3481.19
1502,Startup,5635,3724.24
1502,Startup,7828,2798.71
1502,Startup,7930,1807.33
1503,SMB,8692,2975.03
1503,SMB,9462,194.39
1503,SMB,9828,2691.94
1504,Startup,5640,1342.75
1504,Startup,6877,533.17
1504,Startup,7966,1216.05
1504,Startup,8336,2983.21
1504,Startup,8702,3326.75
1504,Startup,9034,568.07
1504,Startup,9163,1145.13
1505,Startup,6362,1664.79
1505,Startup,6666,4049.39
1505,Startup,7173,541.23
1505,Startup,7353,3268.76
1505,Startup,8259,2108.77
1505,Startup,8356,1301.19
1505,Startup,8953,1610.32
1505,Startup,9114,3011.62
1506,SMB,5165,1336.15
1506,SMB,6937,4107.4
1506,SMB,9659,1475.27
1507,Startup,5390,3394.53
1507,Startup,7062,3566.59
1507,Startup,8009,3187.75
1507,Startup,8647,4259.07
1507,Startup,9014,1616.06
1508,Startup,6881,1802.62
1508,Startup,7089,1442.36
1508,Startup,7691,4034.59
1508,Startup,8598,3271.6
1508,Startup,9201,919.58
1509,Startup,5987,2096.91
1509,Startup,6107,3191.98
1509,Startup,7506,2725.74
1509,Startup,8292,3884.63
1509,Startup,8387,4350.57
1509,Startup,8716,4603.36
1509,Startup,8890,3038.59
1509,Startup,9919,892.26
1510,Startup,6271,4626.98
1510,Startup,6307,3794.43
1510,Startup,9748,2626.58
1511,Startup,5700,4667.13
1511,Startup,7583,2600.2
1511,Startup,8313,3511.6
1511,Startup,9273,3291.96
1511,Startup,9343,1076.05
1511,Startup,9595,3461.09
1511,Startup,9744,3714.55
1512,SMB,5600,2129.05
1512,SMB,8146,3351.83
1512,SMB,8750,3356.7
1513,Startup,5677,4569.56
1514,Startup,6809,3160.32
1514,Startup,7114,2445.19
1514,Startup,7331,1090.08
1514,Startup,8462,1551.24
1514,Startup,8559,3005.73
1514,Startup,9101,363.15
1514,Startup,9847,2967.88
1515,Enterprise,5537,291.04
1515,Enterprise,6079,4600.08
1515,Enterprise,6507,4888.41
1515,Enterprise,6529,1229.53
1515,Enterprise,6598,2746.77
1515,Enterprise,8306,2615.7
1515,Enterprise,8402,1363.16
1515,Enterprise,9218,2273.16
1516,Enterprise,5070,4736.44
1516,Enterprise,5358,475.86
1516,Enterprise,5586,1782.19
1516,Enterprise,6595,1035.51
1516,Enterprise,7020,1093.28
1516,Enterprise,7984,4525.36
1516,Enterprise,9412,3804.1
1517,SMB,5169,1188.47
1517,SMB,5754,3768.83
1517,SMB,6031,2371.75
1517,SMB,6088,3822.76
1517,SMB,6215,231.73
1517,SMB,6808,4815.53
1517,SMB,7521,1724.92
1517,SMB,7542,3763.3
1517,SMB,8490,4723.0
1517,SMB,9153,4616.73
1518,Startup,8067,4558.63
1518,Startup,8539,2147.85
1518,Startup,8982,1070.7
1519,Startup,5037,3195.3
1519,Startup,6263,3519.29
1519,Startup,6747,3428.43
1519,Startup,7946,4809.98
1519,Startup,8468,2241.54
1519,Startup,9335,788.88
1520,SMB,5412,2103.39
1520,SMB,5621,4958.09
1520,SMB,6393,4554.15
1520,SMB,6911,4684.07
1520,SMB,7281,3793.73
1520,SMB,7519,4159.5
1520,SMB,8069,2089.14
1520,SMB,8121,3028.35
1520,SMB,9084,1349.42
1521,Startup,5175,4130.53
1521,Startup,5210,1505.63
1521,Startup,5436,4365.97
1521,Startup,5940,578.66
1521,Startup,8351,720.81
1522,SMB,6437,298.37
1523,Startup,5983,821.08
1523,Startup,6436,4919.37
1523,Startup,7814,4472.87
1523,Startup,8080,1636.79
1523,Startup,9371,1003.28
1524,Startup,5287,1651.48
1524,Startup,5326,2934.44
1524,Startup,5400,1920.3
1524,Startup,5545,4218.72
1524,Startup,6923,3610.97
1524,Startup,7546,2516.04
1525,Startup,5290,1746.52
1525,Startup,7881,1156.83
1525,Startup,7893,4316.13
1525,Startup,8446,834.68
1525,Startup,9464,2008.94
1525,Startup,9561,4904.21
1526,SMB,5054,4228.85
1526,SMB,5627,1821.17
1526,SMB,6154,4354.77
1526,SMB,6266,2305.47
1526,SMB,6597,3120.16
1526,SMB,8517,2916.69
1526,SMB,9913,4498.26
1526,SMB,9946,727.98
1527,SMB,5067,1761.74
1527,SMB,5394,2090.78
1527,SMB,5426,2037.24
1527,SMB,7161,4098.22
1528,SMB,7675,4992.88
1528,SMB,7850,2877.5
1528,SMB,7951,597.19
1528,SMB,8335,4615.01
1528,SMB,8688,2053.04
1528,SMB,9083,1719.15
1529,Enterprise,6800,3721.34
1529,Enterprise,7248,1031.07
1529,Enterprise,7548,2230.99
1529,Enterprise,7999,405.09
1529,Enterprise,8932,4402.06
1529,Enterprise,9901,1022.59
1530,Startup,5615,2010.2
1530,Startup,6465,2291.48
1530,Startup,8746,1086.56
1530,Startup,9456,934.21
1530,Startup,9815,2816.26
1531,Startup,5957,4779.47
1531,Startup,6006,772.8
1532,Startup,5590,4377.82
1532,Startup,6201,4035.61
1532,Startup,6835,3806.94
1532,Startup,8999,117.52
1532,Startup,9303,4717.95
1532,Startup,9936,2504.31
1533,Startup,6744,1832.3
1533,Startup,6931,2055.73
1533,Startup,7026,4341.71
1533,Startup,7169,492.89
1533,Startup,7491,3243.93
1533,Startup,7710,1238.75
1533,Startup,7821,4048.13
1533,Startup,7877,494.02
1534,Startup,6483,1550.94
1534,Startup,8981,2096.66
1534,Startup,9146,1087.12
1535,Startup,5274,3971.35
1535,Startup,7656,3868.79
1535,Startup,8793,1350.33
1536,Startup,5421,4775.1
1536,Startup,6577,1245.93
1536,Startup,6608,4883.46
1536,Startup,7812,1766.26
1536,Startup,7910,1438.25
1536,Startup,8273,4403.34
1536,Startup,8274,2079.62
1537,Startup,5015,1806.74
1537,Startup,5213,1302.48
1537,Startup,5546,1518.23
1537,Startup,6167,1644.23
1537,Startup,6189,4616.89
1537,Startup,6944,2539.23
1537,Startup,8323,3761.14
1537,Startup,8934,4726.51
1537,Startup,9225,1287.3
1537,Startup,9743,4540.85
1538,SMB,5023,4145.15
1538,SMB,5353,4819.23
1538,SMB,5767,4383.67
1538,SMB,9318,2209.26
1539,SMB,5375,3664.6
1539,SMB,5405,3307.61
1539,SMB,5891,597.49
1539,SMB,6033,941.79
1540,SMB,6385,86.4
1540,SMB,7180,3134.53
1540,SMB,7325,2658.69
1540,SMB,7831,1204.28
1540,SMB,7871,423.86
1540,SMB,7996,2110.61
1540,SMB,8875,741.62
1540,SMB,9141,1180.71
1540,SMB,9243,4881.59
1540,SMB,9403,3132.57
1541,Startup,5204,3908.61
1541,Startup,6489,80.61
1541,Startup,7911,840.76
1541,Startup,8939,2928.05
1541,Startup,9056,695.24
1541,Startup,9228,1880.2
1542,Startup,6081,1743.56
1542,Startup,6623,3522.75
1542,Startup,7060,2061.34
1542,Startup,7446,1783.42
1542,Startup,7634,1014.46
1542,Startup,8320,2440.92
1542,Startup,8971,1936.68
1543,SMB,6199,2620.6
1543,SMB,6711,4988.48
1543,SMB,9873,1973.23
1544,Startup,5458,4151.83
1544,Startup,6458,4442.75
1544,Startup,6921,3619.22
1544,Startup,7721,79.03
1544,Startup,8417,1961.87
1544,Startup,8805,3778.9
1544,Startup,9536,4878.86
1546,SMB,5084,1570.72
1546,SMB,6309,1167.66
1546,SMB,6984,3992.13
1546,SMB,8174,3038.83
1547,SMB,6683,3985.31
1547,SMB,7058,1141.33
1547,SMB,7620,3306.85
1547,SMB,7652,2398.54
1547,SMB,8823,2662.67
1548,Startup,6062,2696.07
1548,Startup,6714,4656.83
1548,Startup,8144,4646.11
1548,Startup,8809,3229.28
1549,Startup,5565,2473.74
1549,Startup,7245,3722.88
1549,Startup,7450,3925.47
1549,Startup,7640,3038.77
1549,Startup,7642,2083.54
1549,Startup,8725,884.57
1549,Startup,8743,4479.07
1549,Startup,9837,480.35
1550,Startup,6104,2279.23
1550,Startup,6396,3999.13
1550,Startup,7052,690.43
1550,Startup,7171,4273.76
1550,Startup,8695,281.09
1550,Startup,9176,4139.78
1550,Startup,9693,3312.82
1551,Startup,5281,1128.56
1551,Startup,7034,2426.91
1551,Startup,7255,933.67
1551,Startup,7324,2584.1
1551,Startup,8334,1179.1
1551,Startup,9506,1445.55
1552,Startup,5616,708.4
1552,Startup,6243,633.96
1552,Startup,8239,474.68
1552,Startup,9822,2513.37
1552,Startup,9880,921.64
1553,Startup,5470,2924.19
1553,Startup,5514,1172.52
1553,Startup,5633,2872.92
1553,Startup,7247,4270.09
1553,Startup,7832,4328.79
1553,Startup,8252,4797.17
1553,Startup,8573,2108.09
1554,Startup,5997,748.94
1554,Startup,6010,3145.9
1554,Startup,6320,2156.25
1554,Startup,6322,154.0
1554,Startup,6864,3400.26
1554,Startup,6893,4958.54
1554,Startup,7482,2713.57
1555,Startup,7228,2780.98
1555,Startup,7953,2348.53
1555,Startup,8454,250.9
1556,SMB,5690,900.56
1556,SMB,6733,3522.42
1556,SMB,9767,533.65
1556,SMB,9950,3829.9
1557,SMB,5258,4457.4
1557,SMB,5270,1502.1
1557,SMB,7264,1385.23
1557,SMB,7432,3822.83
1557,SMB,8997,2495.36
1557,SMB,9562,1783.85
1558,Enterprise,5425,2929.6
1558,Enterprise,7051,2737.56
1558,Enterprise,7263,2746.88
1558,Enterprise,7545,1425.56
1558,Enterprise,7892,2872.43
1558,Enterprise,8053,3234.68
1558,Enterprise,8257,1261.49
1558,Enterprise,8845,3406.71
1559,Startup,5931,976.27
1559,Startup,6657,1647.91
1559,Startup,6889,2305.06
1559,Startup,7160,4028.28
1559,Startup,7397,3997.23
1559,Startup,7534,2325.09
1559,Startup,8030,3847.81
1559,Startup,8507,4731.58
1559,Startup,8880,2660.91
1560,Startup,6334,3769.55
1560,Startup,7381,4561.14
1560,Startup,8090,4069.24
1560,Startup,8359,3983.58
1560,Startup,8592,714.3
1560,Startup,8610,2423.3
1560,Startup,8908,4464.51
1560,Startup,8977,1712.93
1561,Startup,5969,1036.14
1561,Startup,6028,1844.38
1561,Startup,6140,4878.28
1561,Startup,6407,2771.1
1561,Startup,6831,2497.14
1561,Startup,7758,4686.02
1561,Startup,8405,2784.07
1561,Startup,9028,3253.75
1562,SMB,5416,3258.76
1562,SMB,5592,1162.05
1562,SMB,6039,3465.73
1562,SMB,6494,4805.69
1562,SMB,7134,758.16
1562,SMB,9250,4090.33
1563,SMB,6386,3474.01
1563,SMB,6680,2749.87
1563,SMB,7320,311.49
1563,SMB,7440,756.79
1563,SMB,7486,882.77
1563,SMB,8370,4733.07
1563,SMB,9247,995.71
1564,Enterprise,5147,2003.13
1564,Enterprise,5889,3125.59
1564,Enterprise,6310,3102.28
1564,Enterprise,7728,1883.93
1564,Enterprise,8024,4286.83
1564,Enterprise,9382,3994.89
1564,Enterprise,9874,4335.35
1565,SMB,7703,92.05
1565,SMB,7887,68.96
1565,SMB,8484,1793.93
1565,SMB,9620,1139.64
1566,Startup,6555,4483.0
1566,Startup,7611,3446.15
1566,Startup,7727,1389.88
1566,Startup,8044,2484.1
1566,Startup,8295,3613.8
1567,SMB,5551,2616.88
1567,SMB,6888,243.08
1567,SMB,7698,764.96
1567,SMB,8155,1915.21
1567,SMB,8806,3595.81
1567,SMB,9262,4870.03
1567,SMB,9610,4812.82
1568,SMB,5238,4254.76
1568,SMB,7394,3796.79
1568,SMB,7796,4498.05
1568,SMB,8728,4587.38
1568,SMB,9399,3999.12
1568,SMB,9665,1298.4
1569,Startup,6710,1737.76
1569,Startup,8029,1364.66
1569,Startup,8491,2011.57
1569,Startup,8531,915.19
1570,SMB,5352,671.47
1570,SMB,5392,3793.46
1570,SMB,8540,3266.83
1570,SMB,8733,644.79
1570,SMB,9375,2779.02
1570,SMB,9707,2988.84
1570,SMB,9929,1727.9
1571,Startup,5020,2006.53
1571,Startup,5149,848.77
1571,Startup,5252,2763.32
1571,Startup,5253,914.5
1571,Startup,6825,215.45
1571,Startup,6939,1096.58
1571,Startup,7252,1630.17
1571,Startup,8000,1172.46
1571,Startup,8111,2028.61
1571,Startup,8343,923.24
1571,Startup,9057,3990.54
1571,Startup,9272,633.8
1571,Startup,9845,3048.51
1571,Startup,9939,3357.49
1572,Startup,5313,1930.9
1572,Startup,6333,4680.2
1572,Startup,6962,4113.2
1572,Startup,9015,4867.07
1573,SMB,5180,3372.79
1573,SMB,6668,614.13
1573,SMB,6791,4106.5
1573,SMB,6792,1667.36
1573,SMB,7198,4082.39
1573,SMB,7671,1098.4
1573,SMB,8050,1187.1
1573,SMB,8759,1095.48
1573,SMB,9185,539.89
1573,SMB,9227,2946.71
1573,SMB,9234,3431.19
1573,SMB,9830,95.75
1574,Startup,6260,4851.87
1574,Startup,6274,4568.36
1574,Startup,7347,4218.86
1574,Startup,8057,4019.47
1574,Startup,8534,3452.81
1574,Startup,8931,202.58
1574,Startup,9012,95.54
1574,Startup,9076,4274.07
1575,Startup,5153,811.8
1575,Startup,5788,3771.53
1575,Startup,6928,4123.87
1575,Startup,7594,2996.62
1575,Startup,8404,1637.28
1575,Startup,8675,3082.79
1575,Startup,9145,1402.14
1576,Startup,5679,944.89
1576,Startup,7132,4803.82
1576,Startup,7412,825.23
1576,Startup,9069,2084.26
1577,SMB,5112,191.83
1577,SMB,6805,692.79
1577,SMB,7781,735.07
1578,Startup,5602,4171.43
1578,Startup,6114,2438.88
1578,Startup,6159,2180.22
1578,Startup,9784,1481.51
1579,SMB,7019,2962.73
1579,SMB,7184,3214.05
1579,SMB,7430,4143.0
1579,SMB,7636,4754.99
1579,SMB,9746,2671.74
1580,SMB,5197,2842.95
1580,SMB,5954,4115.19
1580,SMB,6007,4693.42
1580,SMB,6191,2979.0
1580,SMB,8087,3843.21
1580,SMB,8222,3134.7
1580,SMB,9698,1971.2
1581,SMB,5967,4107.14
1581,SMB,6354,4884.26
1581,SMB,6685,566.35
1581,SMB,6769,1002.84
1581,SMB,8285,3705.77
1582,Startup,6693,4149.52
1582,Startup,6732,4140.63
1582,Startup,7547,1681.18
1582,Startup,7557,1607.21
1582,Startup,8084,4740.74
1582,Startup,8397,4320.72
1583,SMB,5915,4961.07
1583,SMB,6594,409.69
1583,SMB,8552,2883.42
1583,SMB,9058,2004.14
1584,SMB,5150,2881.38
1584,SMB,5406,4988.86
1584,SMB,5444,2011.75
1584,SMB,5947,3926.65
1584,SMB,6525,3980.37
1584,SMB,7192,2166.33
1584,SMB,7270,307.52
1584,SMB,7665,1202.86
1584,SMB,8888,3343.1
1584,SMB,9390,3565.36
1585,Startup,5125,4526.0
1585,Startup,5789,4069.13
1585,Startup,5795,3722.79
1585,Startup,9844,2618.74
1586,SMB,5308,4790.28
1586,SMB,5912,3785.12
1586,SMB,6879,4622.47
1586,SMB,7891,610.56
1586,SMB,8562,1308.03
1586,SMB,9128,3671.94
1587,Enterprise,6564,294.01
1587,Enterprise,7562,4290.03
1587,Enterprise,9319,1014.23
1588,SMB,5472,3377.64
1588,SMB,5772,776.14
1588,SMB,6822,3220.21
1588,SMB,6973,3672.77
1588,SMB,7158,3152.82
1588,SMB,8229,3704.56
1588,SMB,9737,3825.86
1588,SMB,9876,2048.86
1589,SMB,5286,3657.45
1589,SMB,5490,2240.76
1589,SMB,5797,1298.96
1589,SMB,5903,2569.03
1589,SMB,8701,2074.19
1589,SMB,9499,3250.77
1590,SMB,5985,482.86
1590,SMB,6411,4141.0
1590,SMB,8061,4890.38
1590,SMB,9908,1088.97
1591,SMB,5413,1967.01
1591,SMB,6279,4267.64
1591,SMB,7759,1576.34
1591,SMB,8515,1897.38
1591,SMB,9152,523.98
1592,Startup,5004,3325.8
1592,Startup,5477,4913.48
1592,Startup,5666,2630.82
1592,Startup,8452,1409.79
1593,SMB,5228,3854.48
1593,SMB,6789,292.57
1593,SMB,8132,4677.37
1593,SMB,8390,4106.17
1593,SMB,9099,1430.42
1594,SMB,5046,774.86
1594,SMB,5562,3368.65
1594,SMB,5810,2580.01
1594,SMB,6143,3259.9
1594,SMB,6313,2369.36
1594,SMB,6611,1246.21
1594,SMB,7298,3144.2
1595,Startup,8474,386.65
1595,Startup,8603,3039.82
1595,Startup,8783,4918.81
1596,SMB,6712,1354.58
1596,SMB,6739,3223.38
1596,SMB,7063,2123.67
1596,SMB,8039,2574.43
1596,SMB,8134,4220.55
1596,SMB,8577,1582.68
1596,SMB,8782,1661.63
1596,SMB,9556,68.41
1597,Startup,5994,936.52
1597,Startup,6886,3162.23
1597,Startup,8853,1808.68
1598,SMB,6269,1445.5
1598,SMB,6479,2576.78
1598,SMB,6551,4835.33
1598,SMB,6787,4209.72
1598,SMB,6798,3146.97
1598,SMB,7118,4685.64
1598,SMB,8058,4264.87
1598,SMB,8954,620.74
1598,SMB,9205,2018.29
1599,SMB,5625,2444.82
1599,SMB,6771,4560.05
1599,SMB,8842,1320.48
1600,Enterprise,8135,1550.88
1601,SMB,5820,1846.77
1601,SMB,6870,568.07
1601,SMB,8099,149.6
1601,SMB,8178,1948.23
1601,SMB,9783,2075.79
1602,SMB,5222,2991.5
1602,SMB,5785,4764.31
1602,SMB,6553,1275.78
1602,SMB,6663,3552.72
1602,SMB,6694,3148.97
1602,SMB,7232,1917.87
1602,SMB,7277,1535.33
1602,SMB,7985,824.82
1602,SMB,9856,3733.04
1602,SMB,9902,1294.58
1603,SMB,7048,4763.71
1603,SMB,8157,51.19
1603,SMB,8190,3930.66
1603,SMB,8708,2666.49
1604,SMB,5381,2804.5
1604,SMB,6849,1496.63
1604,SMB,7498,3001.48
1604,SMB,7576,4740.45
1604,SMB,7927,2294.41
1605,SMB,5410,619.97
1605,SMB,5667,4488.04
1605,SMB,5828,3411.85
1605,SMB,7166,705.73
1605,SMB,7332,625.84
1605,SMB,8179,803.53
1605,SMB,8654,2806.25
1606,SMB,7819,695.07
1606,SMB,8128,3867.65
1606,SMB,8185,4188.79
1606,SMB,8690,999.77
1606,SMB,8859,4211.89
1606,SMB,9091,3222.98
1606,SMB,9607,1940.8
1606,SMB,9864,4451.14
1607,SMB,5456,2410.35
1607,SMB,6495,2710.82
1607,SMB,9356,678.82
1607,SMB,9503,2764.58
1608,SMB,5092,466.43
1608,SMB,5594,2077.88
1608,SMB,6196,2474.44
1608,SMB,7991,876.4
1608,SMB,9150,3615.33
1608,SMB,9527,1172.84
1608,SMB,9599,3939.05
1609,Startup,6239,640.09
1609,Startup,9726,3404.18
1610,Startup,5199,1047.57
1610,Startup,5801,3601.45
1610,Startup,6801,3392.39
1610,Startup,6804,674.25
1610,Startup,7976,1026.35
1610,Startup,8615,1948.5
1611,Enterprise,6827,874.19
1611,Enterprise,7361,660.43
1611,Enterprise,8187,2270.73
1611,Enterprise,9537,1699.55
1611,Enterprise,9895,2548.46
1612,Startup,5958,1272.46
1612,Startup,6702,4717.76
1612,Startup,7054,540.77
1612,Startup,7385,4223.57
1612,Startup,7788,472.74
1613,Startup,6912,4706.72
1613,Startup,6916,1301.55
1613,Startup,7523,4565.43
1613,Startup,8145,2919.7
1613,Startup,8159,1080.75
1613,Startup,9881,3729.5
1614,SMB,5806,4190.39
1614,SMB,6051,2445.11
1614,SMB,7070,591.94
1614,SMB,7905,2275.44
1614,SMB,8771,2851.02
1614,SMB,9668,2313.72
1615,Startup,5052,4579.55
1615,Startup,6242,4179.11
1615,Startup,8256,189.55
1615,Startup,8302,4813.71
1615,Startup,9653,4862.54
1615,Startup,9866,2650.89
1616,Startup,7972,4877.46
1616,Startup,8852,3241.36
1616,Startup,9085,653.35
1616,Startup,9284,3423.23
1617,Enterprise,5201,3460.98
1617,Enterprise,5595,4892.19
1617,Enterprise,6412,2810.56
1618,SMB,6070,4762.71
1618,SMB,6718,4190.07
1618,SMB,6729,2223.7
1618,SMB,7238,3561.02
1618,SMB,8634,2048.05
1619,Startup,5869,4607.42
1619,Startup,6672,3249.72
1619,Startup,6738,4646.35
1619,Startup,6915,3700.29
1619,Startup,7782,3345.54
1619,Startup,8115,676.0
1619,Startup,8718,4112.18
1619,Startup,8742,3638.32
1619,Startup,9020,4204.08
1620,Startup,5057,1576.92
1620,Startup,5695,4068.74
1620,Startup,6996,1096.96
1620,Startup,7267,4946.17
1620,Startup,7553,4373.14
1620,Startup,8073,2851.15
1620,Startup,8108,3528.02
1620,Startup,8857,3822.06
1621,SMB,6013,1707.21
1621,SMB,6366,2250.64
1621,SMB,7210,2047.42
1621,SMB,7857,2748.16
1621,SMB,8780,2468.59
1622,SMB,5838,2744.07
1622,SMB,7074,1265.0
1622,SMB,7117,482.71
1622,SMB,8810,239.89
1622,SMB,9124,2605.43
1622,SMB,9241,2244.44
1623,SMB,5638,3912.05
1623,SMB,6397,4328.61
1623,SMB,6573,2085.01
1623,SMB,7958,1701.84
1624,SMB,6311,249.65
1624,SMB,7795,2082.46
1624,SMB,8848,1752.7
1624,SMB,9609,1683.38
1625,Startup,6324,2256.84
1625,Startup,6673,2318.9
1625,Startup,7423,2769.59
1625,Startup,8188,2711.58
1625,Startup,9808,820.97
1626,SMB,6447,3049.19
1626,SMB,6905,1945.03
1626,SMB,8472,2437.66
1626,SMB,8740,1000.48
1626,SMB,9564,710.9
1627,SMB,6085,1790.67
1628,Startup,6258,3844.65
1628,Startup,6639,4579.74
1628,Startup,6848,4921.24
1628,Startup,7416,4908.04
1628,Startup,8208,4503.08
1628,Startup,8249,4454.26
1628,Startup,8282,3372.96
1628,Startup,9330,83.6
1628,Startup,9613,4027.53
1628,Startup,9791,2153.76
1629,Enterprise,5036,4586.28
1629,Enterprise,5848,734.94
1629,Enterprise,6305,1539.78
1629,Enterprise,6782,973.62
1629,Enterprise,7029,2465.11
1629,Enterprise,7330,2987.81
1629,Enterprise,8184,2256.36
1629,Enterprise,8940,2767.22
1630,SMB,5664,2775.13
1630,SMB,6087,2866.33
1630,SMB,6509,2516.75
1630,SMB,6676,3212.87
1630,SMB,7700,1703.82
1630,SMB,8827,4825.22
1630,SMB,8959,153.5
1630,SMB,9749,3294.15
1631,Startup,5556,4747.45
1631,Startup,5974,2745.55
1631,Startup,6460,1712.29
1631,Startup,7749,2928.86
1631,Startup,7988,839.0
1631,Startup,9352,4687.9
1631,Startup,9364,1928.33
1632,Startup,5689,484.55
1632,Startup,6725,685.33
1632,Startup,7119,4136.4
1632,Startup,7696,2817.73
1632,Startup,7805,2118.94
1632,Startup,8949,1354.19
1633,Startup,5944,1525.43
1633,Startup,6073,4410.43
1633,Startup,6093,1848.11
1633,Startup,6559,2654.17
1633,Startup,7088,1233.04
1633,Startup,7780,2089.49
1634,Startup,7365,4025.69
1634,Startup,8869,4928.34
1635,SMB,5203,2803.14
1635,SMB,5507,3146.97
1635,SMB,8363,2570.11
1635,SMB,9001,3505.05
1636,SMB,7086,3439.39
1636,SMB,8560,2149.72
1637,Startup,5611,2622.08
1637,Startup,5945,1635.99
1637,Startup,5999,587.98
1637,Startup,6819,3750.23
1637,Startup,7116,4543.42
1637,Startup,7500,86.42
1637,Startup,9406,1296.48
1638,SMB,5740,2896.55
1638,SMB,6469,2920.16
1638,SMB,6696,606.37
1638,SMB,7465,4670.39
1638,SMB,7949,2657.74
1638,SMB,8388,3326.41
1638,SMB,8865,4772.95
1638,SMB,9388,3164.13
1639,SMB,6749,3590.85
1639,SMB,7296,2585.69
1639,SMB,7754,2640.27
1639,SMB,8696,3908.68
1639,SMB,9563,2288.31
1640,SMB,6941,3331.16
1640,SMB,7017,1203.44
1640,SMB,8914,3314.15
1640,SMB,9328,249.61
1641,Enterprise,5816,571.74
1641,Enterprise,6699,721.52
1642,SMB,5699,4003.35
1642,SMB,6030,1060.23
1642,SMB,6219,109.41
1642,SMB,9422,394.75
1643,SMB,5570,537.2
1643,SMB,5613,719.33
1643,SMB,9306,3574.44
1643,SMB,9521,2213.32
1644,SMB,5805,882.98
1644,SMB,5904,4314.16
1644,SMB,7971,2625.6
1644,SMB,8653,692.43
1644,SMB,9013,3154.93
1645,SMB,6270,1624.3
1645,SMB,6372,881.7
1645,SMB,6951,545.77
1645,SMB,7989,4841.71
1645,SMB,8240,500.13
1645,SMB,8774,2591.5
1645,SMB,9269,2672.68
1646,Startup,5348,2243.02
1646,Startup,6960,874.37
1646,Startup,7043,1001.96
1646,Startup,7456,1912.14
1646,Startup,8856,2793.2
1647,Startup,6473,4994.03
1647,Startup,7635,2482.09
1647,Startup,7956,3710.4
1648,Startup,5768,1547.21
1648,Startup,5896,989.88
1648,Startup,6021,704.73
1648,Startup,6078,3732.33
1648,Startup,6402,3500.97
1648,Startup,7203,2001.24
1648,Startup,7645,696.64
1648,Startup,8980,1042.32
1649,Startup,5205,130.19
1649,Startup,6922,1322.9
1649,Startup,7851,3739.72
1649,Startup,8726,2924.94
1649,Startup,9627,3267.96
1650,SMB,5984,2757.87
1650,SMB,6281,2597.97
1650,SMB,6826,2919.97
1650,SMB,7886,4721.68
1650,SMB,8299,3108.18
1650,SMB,8629,2261.36
1650,SMB,8693,4946.62
1650,SMB,8870,2792.59
1650,SMB,9094,1937.97
1650,SMB,9401,4893.6
1651,SMB,6379,3009.15
1651,SMB,6997,3693.38
1651,SMB,7779,3512.66
1651,SMB,8225,953.99
1651,SMB,8352,2616.08
1651,SMB,9240,4320.24
1652,Startup,6423,3911.24
1652,Startup,7824,701.96
1652,Startup,9180,1799.71
1653,Startup,6185,1929.7
1653,Startup,6198,1705.49
1653,Startup,7221,1560.24
1653,Startup,8165,4334.94
1653,Startup,8843,2985.27
1653,Startup,9903,909.18
1654,Startup,5780,643.77
1654,Startup,6108,972.78
1654,Startup,7031,3152.67
1654,Startup,7104,272.06
1654,Startup,9291,3532.47
1654,Startup,9741,97.22
1655,SMB,5019,397.04
1655,SMB,5822,3640.59
1655,SMB,5979,2541.56
1655,SMB,6756,4354.99
1655,SMB,6842,3432.98
1655,SMB,7309,4188.59
1655,SMB,9192,252.84
1655,SMB,9283,1899.35
1655,SMB,9917,679.55
1656,SMB,6080,2147.66
1656,SMB,6524,2446.66
1656,SMB,7682,4634.66
1657,SMB,5409,2033.49
1657,SMB,6076,2351.93
1657,SMB,7522,4680.84
1657,SMB,7677,4184.46
1657,SMB,8639,4047.02
1657,SMB,9904,4791.28
1658,SMB,5901,2248.71
1658,SMB,5995,1991.48
1658,SMB,6202,969.6
1658,SMB,7293,4385.87
1658,SMB,7359,303.56
1658,SMB,7836,1894.65
1658,SMB,8974,2285.61
1658,SMB,9107,4166.29
1659,Startup,5387,3844.31
1659,Startup,7059,864.6
1659,Startup,7163,2534.25
1659,Startup,7260,4883.62
1659,Startup,7300,2919.87
1659,Startup,7526,3719.48
1659,Startup,7783,2647.13
1659,Startup,8450,688.73
1659,Startup,8965,2603.93
1660,Startup,5151,4036.89
1660,Startup,5481,704.29
1660,Startup,6652,1202.65
1660,Startup,7012,86.94
1660,Startup,7729,2866.16
1660,Startup,8457,1522.98
1660,Startup,9323,1527.33
1660,Startup,9469,2500.16
1661,SMB,5008,2045.88
1661,SMB,5975,841.4
1661,SMB,6280,2818.13
1661,SMB,6468,756.93
1661,SMB,7137,4664.72
1661,SMB,7537,3726.05
1661,SMB,8227,3205.15
1661,SMB,8340,2821.46
1661,SMB,9248,2231.74
1661,SMB,9608,4786.23
1661,SMB,9816,3549.8
1662,Startup,5564,2083.4
1662,Startup,5976,3471.67
1662,Startup,6059,2756.05
1662,Startup,6480,1331.02
1662,Startup,6993,132.52
1662,Startup,7072,915.19
1662,Startup,8609,1322.63
1662,Startup,8749,1441.32
1662,Startup,8825,2910.49
1662,Startup,8860,215.46
1663,Startup,6111,1060.12
1663,Startup,6212,2536.74
1663,Startup,6474,322.08
1663,Startup,9820,4738.49
1664,SMB,5956,435.39
1664,SMB,6370,1534.65
1664,SMB,6620,3451.81
1664,SMB,6713,1431.7
1664,SMB,6790,2885.21
1664,SMB,7514,2304.55
1664,SMB,7619,3843.44
1664,SMB,8887,1082.83
1665,SMB,5122,1412.43
1665,SMB,5851,413.15
1665,SMB,6442,244.84
1665,SMB,7196,573.69
1665,SMB,7943,1618.72
1665,SMB,8794,865.35
1665,SMB,9235,3320.6
1666,SMB,5492,4111.41
1666,SMB,6125,2261.3
1666,SMB,6759,2323.55
1666,SMB,6949,860.46
1666,SMB,7434,1077.18
1666,SMB,7551,4418.08
1667,SMB,5264,3024.51
1667,SMB,5292,517.37
1667,SMB,7329,1628.15
1667,SMB,8173,3973.68
1667,SMB,9643,4695.96
1668,SMB,7390,4602.97
1668,SMB,7778,2801.56
1668,SMB,8082,2164.21
1668,SMB,8947,864.4
1668,SMB,9687,4443.44
1669,SMB,5751,3927.77
1669,SMB,5892,226.17
1669,SMB,7174,499.07
1669,SMB,7400,2345.86
1669,SMB,8535,1660.82
1669,SMB,8569,3584.89
1670,SMB,5118,2962.34
1670,SMB,5280,1396.18
1670,SMB,5900,1739.16
1670,SMB,6072,3007.27
1670,SMB,6148,4087.94
1670,SMB,6610,4010.68
1670,SMB,6932,3000.42
1670,SMB,7128,2711.03
1670,SMB,7286,2081.97
1670,SMB,7707,312.03
1670,SMB,9785,4054.44
1671,SMB,9030,317.54
1672,Startup,5277,4732.33
1672,Startup,5475,4755.14
1672,Startup,6206,2216.7
1672,Startup,6295,4405.2
1672,Startup,6751,1612.56
1672,Startup,7382,2792.79
1672,Startup,8177,4922.39
1672,Startup,8844,4683.17
1672,Startup,9510,4072.83
1673,SMB,5482,2227.29
1673,SMB,5973,1996.94
1673,SMB,7100,775.71
1673,SMB,7295,882.18
1673,SMB,8045,4486.37
1674,Startup,7475,1007.03
1674,Startup,7785,1723.09
1674,Startup,7937,4035.21
1674,Startup,8431,315.2
1674,Startup,8872,76.48
1674,Startup,9871,3780.65
1675,SMB,5303,1815.15
1675,SMB,6158,950.0
1675,SMB,6982,4089.48
1675,SMB,7902,1556.32
1675,SMB,8186,1361.59
1675,SMB,9151,3452.05
1675,SMB,9190,4899.68
1675,SMB,9925,675.53
1676,Startup,5340,3779.69
1676,Startup,5657,168.53
1676,Startup,5964,3858.74
1676,Startup,6018,3002.51
1676,Startup,6422,1524.4
1676,Startup,7095,1740.77
1676,Startup,7651,446.31
1676,Startup,9703,2095.31
1677,SMB,7894,2411.69
1677,SMB,8841,4411.47
1677,SMB,9144,628.18
1678,SMB,5437,2906.06
1678,SMB,6142,1741.12
1678,SMB,7333,4852.08
1678,SMB,9117,212.36
1678,SMB,9256,1032.79
1678,SMB,9894,2606.91
1679,Startup,6820,4261.72
1679,Startup,6867,1553.49
1679,Startup,7387,3271.09
1679,Startup,8508,1025.67
1679,Startup,8878,4671.71
1679,Startup,9463,3045.25
1680,Startup,6852,2844.74
1680,Startup,8300,3861.37
1680,Startup,8666,1461.96
1680,Startup,8738,2633.22
1681,Startup,5255,3335.93
1681,Startup,5791,1598.95
1681,Startup,6796,181.71
1681,Startup,7618,4673.46
1681,Startup,8085,2402.1
1681,Startup,8290,4731.59
1681,Startup,8393,2683.07
1681,Startup,8544,1427.18
1682,SMB,5946,863.22
1682,SMB,7932,2540.51
1682,SMB,9078,3873.99
1683,SMB,5676,3761.81
1683,SMB,6502,1473.18
1683,SMB,7609,1769.08
1683,SMB,9231,752.13
1683,SMB,9654,809.16
1684,Startup,7142,2324.84
1685,Startup,5554,4948.05
1685,Startup,5929,1206.16
1685,Startup,6630,4067.55
1685,Startup,7533,1270.95
1685,Startup,7668,4904.77
1685,Startup,8195,1946.14
1685,Startup,8993,2350.21
1685,Startup,9121,3203.39
1686,Startup,5415,2238.07
1686,Startup,5498,4138.36
1686,Startup,6454,2192.56
1686,Startup,6706,606.89
1686,Startup,8033,2354.16
1686,Startup,8703,2351.03
1686,Startup,9577,4930.0
1687,Startup,5337,2913.54
1687,Startup,5371,3087.51
1687,Startup,5684,2797.91
1687,Startup,5968,4446.55
1687,Startup,7290,2358.55
1687,Startup,7577,3845.9
1687,Startup,7924,2177.66
1687,Startup,8023,1734.1
1687,Startup,9769,847.45
1687,Startup,9899,550.09
1688,SMB,5040,3774.37
1688,SMB,5226,2173.86
1688,SMB,5793,701.85
1688,SMB,6914,4379.98
1688,SMB,7415,2529.34
1688,SMB,9158,3482.87
1688,SMB,9177,1176.78
1688,SMB,9455,1045.63
1688,SMB,9778,1453.13
1689,Startup,5113,2937.1
1689,Startup,5174,3381.81
1689,Startup,5593,2026.7
1689,Startup,7220,4748.94
1689,Startup,7289,4019.04
1689,Startup,8550,374.72
1690,SMB,5184,823.2
1690,SMB,5519,963.07
1690,SMB,6222,2450.84
1690,SMB,6255,577.79
1690,SMB,6746,1808.66
1690,SMB,8644,4312.51
1690,SMB,9157,1323.96
1691,SMB,5468,2056.84
1691,SMB,5714,1193.85
1691,SMB,7573,1348.26
1691,SMB,7797,4486.47
1691,SMB,8308,1606.45
1691,SMB,8711,3335.77
1692,SMB,6983,2188.73
1692,SMB,9623,896.96
1693,Startup,5260,2841.4
1693,Startup,5420,3261.39
1693,Startup,5719,4302.6
1693,Startup,6292,2929.52
1693,Startup,6429,1747.98
1693,Startup,7931,2435.41
1693,Startup,8014,2685.18
1693,Startup,8198,1065.68
1693,Startup,8970,1804.4
1693,Startup,9766,4793.72
1693,Startup,9835,2948.16
1694,SMB,8513,4255.52
1694,SMB,8724,91.36
1694,SMB,9007,1195.18
1694,SMB,9263,3333.64
1694,SMB,9628,3285.6
1694,SMB,9888,494.64
1695,SMB,5558,1941.59
1695,SMB,7122,4035.34
1695,SMB,7558,2584.84
1695,SMB,9212,4745.84
1695,SMB,9242,2950.02
1696,Startup,6506,887.35
1696,Startup,6737,2371.67
1696,Startup,7621,4128.29
1696,Startup,8091,4342.4
1696,Startup,9720,1996.19
1696,Startup,9869,2503.8
1697,SMB,5102,4874.72
1698,Startup,5236,698.32
1698,Startup,6571,1581.87
1698,Startup,6602,1107.04
1698,Startup,7800,489.43
1698,Startup,7928,4946.94
1698,Startup,8752,2922.13
1698,Startup,9868,4422.58
1699,SMB,7933,1613.88
1699,SMB,8093,282.47
1699,SMB,9162,3201.63
1699,SMB,9199,736.33
1699,SMB,9540,3049.77
1699,SMB,9583,4319.05
1700,SMB,5266,4590.48
1700,SMB,5299,3910.11
1700,SMB,5540,967.12
1700,SMB,6004,3156.96
1700,SMB,6299,699.88
1700,SMB,8028,3855.38
1700,SMB,8234,3258.11
1700,SMB,8294,4671.29
1700,SMB,9712,3297.92
1700,SMB,9850,4643.11
1701,Startup,6504,2689.95
1701,Startup,6953,4088.98
1701,Startup,7222,885.85
1701,Startup,7601,4984.4
1701,Startup,8432,745.47
1701,Startup,9589,2098.93
1702,Enterprise,6123,3551.03
1702,Enterprise,7057,3901.03
1702,Enterprise,8321,4439.82
1702,Enterprise,9548,4298.95
1702,Enterprise,9650,2151.24
1702,Enterprise,9898,661.68
1703,SMB,6259,4833.06
1703,SMB,6301,1048.88
1703,SMB,6508,4273.92
1703,SMB,7654,469.59
1703,SMB,7741,1543.23
1704,SMB,5336,685.21
1704,SMB,5787,3328.45
1704,SMB,6627,3482.22
1704,SMB,6690,578.22
1704,SMB,6828,3575.49
1704,SMB,7236,3809.62
1704,SMB,7257,455.6
1704,SMB,7568,3821.58
1704,SMB,9054,268.52
1705,Enterprise,5124,1393.89
1705,Enterprise,5329,1563.43
1707,SMB,5376,1855.87
1707,SMB,5663,3147.13
1707,SMB,8266,4031.65
1708,Startup,6026,3024.68
1708,Startup,6308,2397.08
1708,Startup,6783,981.75
1708,Startup,7111,4738.41
1708,Startup,7457,1868.34
1708,Startup,9489,3936.11
1709,SMB,6874,695.09
1709,SMB,8223,418.42
1709,SMB,9220,2206.17
1709,SMB,9244,2684.91
1709,SMB,9928,3875.73
1710,Startup,5013,1313.92
1710,Startup,5135,4655.47
1710,Startup,6656,2545.46
1710,Startup,6677,453.16
1710,Startup,9938,484.48
1711,Startup,5028,2807.35
1711,Startup,5146,1705.29
1711,Startup,5825,4437.58
1712,Startup,6038,175.48
1712,Startup,9529,2146.02
1712,Startup,9673,2160.71
1712,Startup,9827,3564.17
1713,SMB,7078,3091.77
1713,SMB,7322,319.82
1713,SMB,7820,1760.85
1713,SMB,8873,3753.78
1714,SMB,5483,3237.59
1714,SMB,5571,4785.77
1714,SMB,8062,1042.8
1714,SMB,8529,491.65
1714,SMB,8775,3270.5
1714,SMB,9617,2624.89
1715,SMB,5877,4227.2
1715,SMB,6343,4650.55
1715,SMB,7567,4581.31
1715,SMB,8212,3401.61
1715,SMB,9258,3724.44
1716,Startup,5339,3518.03
1716,Startup,5516,446.52
1716,Startup,7757,2707.45
1716,Startup,8451,2180.07
1716,Startup,8983,4388.97
1716,Startup,9093,861.41
1717,Startup,5447,799.66
1717,Startup,9567,2874.88
1717,Startup,9857,2540.94
1718,Startup,5285,130.41
1718,Startup,7082,1279.02
1718,Startup,8192,3247.93
1718,Startup,8962,561.8
1719,SMB,5694,2031.55
1719,SMB,8586,1093.0
1719,SMB,9035,4122.11
1720,Startup,5949,3192.79
1720,Startup,7603,1635.48
1720,Startup,7952,1135.98
1720,Startup,9474,371.75
1720,Startup,9525,1971.26
1720,Startup,9635,3840.53
1720,Startup,9730,1386.37
1721,Startup,5448,2192.22
1721,Startup,8075,245.81
1721,Startup,8714,2526.51
1721,Startup,8864,408.26
1721,Startup,9050,2906.25
1721,Startup,9288,2717.96
1721,Startup,9327,3666.05
1722,SMB,5073,1366.35
1722,SMB,7197,2555.39
1722,SMB,9264,2070.78
1722,SMB,9594,939.31
1723,Enterprise,5563,3227.01
1723,Enterprise,7823,363.1
1724,Startup,7002,4265.33
1725,Startup,5581,2757.3
1725,Startup,5821,4402.43
1725,Startup,6450,3928.33
1725,Startup,6715,171.99
1725,Startup,6969,2508.88
1725,Startup,7808,718.14
1725,Startup,9554,2299.69
1725,Startup,9661,3275.81
1726,Startup,5439,4024.91
1726,Startup,5937,4531.23
1726,Startup,6347,365.78
1726,Startup,6847,2057.08
1726,Startup,7608,253.36
1726,Startup,7716,3500.21
1726,Startup,7766,1038.37
1726,Startup,8355,958.72
1726,Startup,8503,2745.08
1726,Startup,8837,1592.93
1726,Startup,9286,2011.42
1726,Startup,9699,523.67
1726,Startup,9792,1413.46
1726,Startup,9818,1298.5
1727,SMB,5010,4082.62
1727,SMB,5044,3670.91
1727,SMB,5173,4139.02
1727,SMB,6048,494.31
1727,SMB,7071,4830.89
1727,SMB,7288,3205.14
1727,SMB,9066,3418.89
1728,Startup,6599,671.94
1728,Startup,6970,4222.58
1728,Startup,7148,2452.19
1728,Startup,7862,3559.06
1728,Startup,8150,242.06
1728,Startup,8435,2545.15
1728,Startup,9381,2286.75
1729,SMB,5461,4707.36
1729,SMB,6730,247.74
1729,SMB,7804,1234.88
1729,SMB,7965,697.86
1729,SMB,8369,4565.66
1730,SMB,6772,4111.51
1730,SMB,7201,4753.88
1730,SMB,9100,4753.55
1731,SMB,5323,2682.77
1731,SMB,6275,3071.3
1731,SMB,6545,1891.62
1731,SMB,7574,2208.55
1731,SMB,8549,1287.01
1731,SMB,9471,3496.3
1731,SMB,9574,695.19
1732,Startup,5587,3923.01
1732,Startup,8989,4352.04
1732,Startup,9862,3337.42
1733,Startup,5555,3437.36
1733,Startup,6317,695.25
1733,Startup,7701,2633.06
1733,Startup,8221,2190.56
1733,Startup,9003,1513.98
1733,Startup,9601,619.3
1733,Startup,9660,968.35
1734,Startup,5428,677.78
1734,Startup,7624,3584.09
1734,Startup,7935,4380.0
1734,Startup,8065,905.15
1734,Startup,9092,4511.23
1734,Startup,9358,1561.8
1734,Startup,9518,3110.81
1735,SMB,6566,1799.69
1735,SMB,6938,4996.78
1735,SMB,9444,3868.05
1735,SMB,9867,3472.95
1736,Startup,5832,4713.19
1736,Startup,6476,458.73
1736,Startup,7468,3256.21
1736,Startup,7941,1552.34
1736,Startup,8049,2137.78
1736,Startup,8979,520.53
1736,Startup,9109,241.03
1737,SMB,5618,4748.9
1737,SMB,7042,2487.22
1737,SMB,7305,210.73
1737,SMB,7590,1380.86
1737,SMB,8676,2947.61
1738,Startup,5207,248.69
1738,Startup,5356,2948.54
1738,Startup,6106,1817.06
1738,Startup,8047,68.1
1738,Startup,9524,2924.65
1739,SMB,5082,3132.63
1739,SMB,5093,1995.86
1739,SMB,5191,1482.73
1739,SMB,7107,1875.19
1739,SMB,9632,4642.57
1739,SMB,9817,928.54
1740,SMB,5435,2996.39
1740,SMB,5601,2912.88
1740,SMB,5857,1018.78
1740,SMB,6631,1504.89
1740,SMB,7914,3974.56
1740,SMB,8168,1814.2
1740,SMB,8333,3867.56
1741,SMB,6016,1811.99
1741,SMB,6268,3800.99
1741,SMB,6600,1484.15
1741,SMB,7845,3717.37
1742,SMB,6278,1749.21
1742,SMB,6581,488.46
1742,SMB,8737,3666.86
1742,SMB,9314,1912.74
1743,Startup,5644,3688.37
1743,Startup,6099,4232.95
1743,Startup,6697,294.08
1743,Startup,9362,128.4
1744,Startup,5770,4293.29
1744,Startup,6015,3196.44
1744,Startup,6314,782.39
1744,Startup,6844,3786.4
1744,Startup,7644,4831.81
1744,Startup,9164,3401.51
1745,SMB,5489,1120.85
1745,SMB,6316,1085.03
1745,SMB,7936,4696.66
1745,SMB,8594,1731.32
1745,SMB,8960,1154.3
1746,Startup,5744,2165.96
1746,Startup,7680,2795.37
1746,Startup,8792,2219.58
1746,Startup,9002,3961.79
1747,SMB,5269,3587.86
1747,SMB,9334,1479.61
1748,Startup,5101,4182.99
1748,Startup,5105,4348.63
1748,Startup,5379,990.18
1748,Startup,7554,345.82
1749,Startup,5243,4647.85
1749,Startup,6113,3755.61
1749,Startup,7217,1703.53
1749,Startup,7860,537.81
1749,Startup,8220,1856.99
1749,Startup,8802,412.57
1749,Startup,9742,2044.31
1750,Startup,5552,1266.94
1750,Startup,8709,4062.49
1750,Startup,9718,2268.4
1751,SMB,5893,4971.93
1751,SMB,7301,2724.08
1751,SMB,7578,1378.02
1751,SMB,8315,307.23
1751,SMB,8984,833.52
1751,SMB,9350,996.88
1752,Startup,5623,1809.42
1752,Startup,6653,2485.41
1752,Startup,8076,2045.04
1752,Startup,9846,4816.21
1753,Startup,5164,3225.45
1753,Startup,5179,1834.35
1753,Startup,6001,1939.0
1753,Startup,7211,1699.83
1753,Startup,8036,1074.02
1753,Startup,8181,1457.23
1753,Startup,8341,2457.7
1753,Startup,8366,2850.45
1753,Startup,8930,2304.73
1753,Startup,9922,2803.37
1754,SMB,7571,2353.12
1754,SMB,8136,2175.77
1754,SMB,8248,1221.33
1754,SMB,8768,4857.54
1754,SMB,9287,4820.9
1754,SMB,9941,336.05
1755,SMB,5572,3016.83
1755,SMB,5607,742.94
1755,SMB,6565,1962.12
1755,SMB,7308,723.48
1756,Startup,7947,1598.58
1756,Startup,8646,409.25
1757,Startup,5710,3614.78
1757,Startup,5796,3404.73
1757,Startup,6681,710.41
1757,Startup,7235,2315.93
1757,Startup,8669,329.09
1757,Startup,9074,4704.97
1758,Startup,6919,4565.43
1758,Startup,7538,1434.85
1758,Startup,8861,1865.42
1758,Startup,8881,748.57
1758,Startup,8903,2155.51
1758,Startup,9252,1974.81
1758,Startup,9523,3730.54
1758,Startup,9593,2110.27
1759,Startup,5087,843.12
1759,Startup,6344,1063.77
1759,Startup,7015,2241.33
1759,Startup,8433,3131.62
1760,Startup,6752,669.99
1760,Startup,6859,4539.58
1760,Startup,6978,1839.62
1760,Startup,7752,1861.84
1760,Startup,8171,4093.13
1760,Startup,8523,3040.66
1761,SMB,5272,3504.27
1761,SMB,6118,4787.82
1761,SMB,7513,2375.53
1761,SMB,7569,2550.32
1761,SMB,8293,1360.84
1761,SMB,9483,2187.44
1761,SMB,9885,4911.28
1762,SMB,7487,990.18
1762,SMB,7515,2931.62
1762,SMB,7559,4706.42
1762,SMB,9555,1085.97
1763,SMB,5341,4370.65
1763,SMB,6641,3771.4
1763,SMB,6643,1409.6
1763,SMB,7085,3676.43
1763,SMB,8392,642.81
1763,SMB,9377,672.72
1764,Startup,6238,2905.2
1764,Startup,6312,1664.54
1764,Startup,7037,4587.94
1764,Startup,7509,3384.37
1764,Startup,8152,4164.67
1765,Enterprise,8936,1742.58
1765,Enterprise,9798,3607.09
1766,Startup,6607,1985.04
1766,Startup,9553,2715.0
1767,Startup,6418,4296.4
1767,Startup,7136,2855.95
1767,Startup,8349,4739.17
1767,Startup,9165,3872.59
1768,Startup,6165,1098.14
1768,Startup,6261,4332.1
1768,Startup,6303,3813.98
1768,Startup,6403,461.95
1768,Startup,7837,1790.96
1768,Startup,9175,2060.11
1768,Startup,9214,4829.98
1768,Startup,9539,496.47
1769,SMB,7191,679.2
1769,SMB,8203,2444.79
1769,SMB,9143,1608.46
1770,Startup,5990,4780.46
1770,Startup,6050,79.93
1770,Startup,6117,3589.87
1770,Startup,6426,872.62
1770,Startup,6488,4552.5
1770,Startup,7311,1540.82
1770,Startup,7897,416.67
1770,Startup,8731,2001.99
1771,SMB,6671,2907.9
1771,SMB,7326,2829.89
1771,SMB,7666,4234.38
1772,Startup,5148,2673.21
1772,Startup,6241,311.08
1772,Startup,6588,200.25
1772,Startup,7181,1812.53
1772,Startup,7433,3582.36
1772,Startup,7579,2974.48
1772,Startup,8755,3367.76
1773,SMB,5170,2085.95
1773,SMB,6390,4896.21
1774,SMB,5168,1521.57
1774,SMB,5386,331.56
1774,SMB,5509,964.95
1774,SMB,5605,345.11
1774,SMB,6866,982.1
1774,SMB,9910,147.07
1775,Startup,5924,1719.79
1775,Startup,6899,3449.06
1776,SMB,5007,2775.78
1776,SMB,5675,2176.88
1776,SMB,5750,1033.23
1776,SMB,6036,1747.5
1776,SMB,6346,3705.8
1776,SMB,7113,3870.59
1776,SMB,7746,631.63
1776,SMB,7772,2451.11
1776,SMB,7863,4127.54
1776,SMB,7963,3987.94
1776,SMB,8710,3690.83
1776,SMB,9579,695.1
1777,SMB,5840,1877.22
1777,SMB,7243,2840.5
1777,SMB,9452,3557.95
1778,Startup,5026,882.61
1778,Startup,5668,1021.66
1778,Startup,6217,1714.8
1778,Startup,6420,1003.75
1778,Startup,8554,1849.88
1778,Startup,8588,1434.03
1779,Startup,5466,3624.23
1779,Startup,6221,3716.28
1779,Startup,6876,1026.06
1779,Startup,7131,134.0
1779,Startup,7258,1020.1
1779,Startup,9853,1224.41
1780,Startup,6463,4812.19
1780,Startup,7199,4684.01
1780,Startup,7907,2882.96
1780,Startup,9249,2944.55
1780,Startup,9300,2694.39
1781,Startup,5088,896.14
1781,Startup,5192,2365.02
1781,Startup,5256,4828.25
1781,Startup,5794,3539.95
1781,Startup,6027,3495.6
1781,Startup,6428,4702.63
1781,Startup,6486,1707.65
1781,Startup,7709,4778.12
1781,Startup,9125,811.06
1781,Startup,9195,548.73
1781,Startup,9584,4809.42
1781,Startup,9605,750.98
1782,Startup,5034,4436.6
1782,Startup,6174,4654.32
1782,Startup,6850,1509.35
1783,SMB,5858,4110.25
1783,SMB,5879,880.68
1783,SMB,5941,4769.34
1783,SMB,6438,528.64
1783,SMB,6999,2554.92
1783,SMB,8378,4739.77
1783,SMB,8415,442.29
1783,SMB,8967,4705.66
1783,SMB,9383,2972.61
1783,SMB,9638,1196.34
1784,SMB,6102,2039.29
1784,SMB,7923,865.42
1784,SMB,8473,3529.19
1785,SMB,6244,273.5
1785,SMB,7815,3796.11
1785,SMB,8357,2062.85
1785,SMB,8659,4655.72
1785,SMB,9366,2836.01
1785,SMB,9900,3068.06
1785,SMB,9944,2214.54
1786,Startup,5401,357.08
1786,Startup,7458,2653.44
1786,Startup,7764,554.14
1787,Startup,5884,2181.15
1787,Startup,6920,3184.23
1787,Startup,7090,2085.08
1787,Startup,7399,476.37
1787,Startup,7516,1816.01
1787,Startup,7713,2905.83
1788,SMB,6164,1022.61
1788,SMB,7172,4287.96
1789,SMB,5450,449.05
1789,SMB,5881,384.64
1789,SMB,6341,3519.0
1789,SMB,7250,1795.02
1789,SMB,9068,613.12
1789,SMB,9804,1888.74
1790,Startup,6448,2170.34
1790,Startup,8158,1244.16
1790,Startup,8613,1873.06
1790,Startup,9127,3799.47
1790,Startup,9421,584.41
1790,Startup,9453,1113.53
1791,SMB,6869,762.15
1791,SMB,8244,1815.78
1791,SMB,9106,3363.27
1791,SMB,9133,1137.63
1792,Startup,5399,4848.14
1792,Startup,6700,1337.24
1792,Startup,7896,3411.9
1792,Startup,8526,2660.19
1792,Startup,8561,2261.11
1793,Startup,5398,2943.49
1793,Startup,5875,51.12
1793,Startup,6168,2820.74
1793,Startup,6948,4823.55
1793,Startup,7818,802.3
1793,Startup,9508,305.84
1794,Startup,5030,2537.02
1794,Startup,5620,4539.86
1794,Startup,5843,2626.69
1794,Startup,6306,961.02
1794,Startup,7630,2982.84
1794,Startup,8035,4662.07
1794,Startup,8921,3558.39
1794,Startup,8942,2172.99
1794,Startup,9410,473.72
1795,Enterprise,6942,4828.97
1795,Enterprise,7929,320.99
1795,Enterprise,8642,1717.4
1795,Enterprise,9920,1310.87
1796,Startup,5227,1415.82
1796,Startup,6854,4580.69
1796,Startup,7355,4741.89
1796,Startup,8722,783.1
1796,Startup,9721,1969.43
1797,Startup,5365,4109.33
1797,Startup,5704,2319.67
1797,Startup,5727,1087.97
1797,Startup,6485,4726.3
1797,Startup,7312,1282.44
1797,Startup,7461,2645.06
1797,Startup,8110,2680.13
1798,Startup,6056,4830.87
1798,Startup,6975,1838.02
1799,Startup,8344,4073.03
1799,Startup,9182,1265.88
1799,Startup,9544,3951.39
1800,Startup,5369,1298.94
1800,Startup,6100,2005.51
1800,Startup,6194,3135.73
1800,Startup,7370,4002.34
1800,Startup,7995,1008.44
1800,Startup,8635,3409.37
1800,Startup,9637,2593.69
1801,Startup,5462,665.51
1801,Startup,5488,1946.92
1801,Startup,5776,1691.5
1801,Startup,8429,3049.77
1802,SMB,5758,4783.64
1802,SMB,5885,639.75
1802,SMB,6345,4000.09
1802,SMB,7658,4279.85
1802,SMB,8583,1091.34
1802,SMB,8680,469.01
1802,SMB,9376,1829.74
1802,SMB,9745,2737.06
1803,Startup,5992,1794.02
1803,Startup,6053,1573.01
1803,Startup,6145,4492.12
1803,Startup,8557,4854.81
1803,Startup,8784,3353.39
1803,Startup,9197,204.32
1803,Startup,9204,4016.79
1804,Startup,5876,4579.26
1804,Startup,6109,3759.38
1804,Startup,6408,2114.96
1804,Startup,7865,2104.78
1804,Startup,8371,1261.34
1804,Startup,9071,3574.76
1804,Startup,9316,308.73
1805,SMB,5062,81.58
1805,SMB,5132,1160.38
1805,SMB,5585,1438.97
1805,SMB,5978,1586.03
1805,SMB,6580,3056.26
1805,SMB,9313,2430.66
1805,SMB,9347,1483.43
1805,SMB,9387,3973.88
1806,Startup,7023,4158.2
1806,Startup,7411,4265.11
1806,Startup,7595,2719.01
1806,Startup,9113,2368.88
1807,Startup,5136,522.04
1807,Startup,6514,2600.08
1807,Startup,7233,1328.22
1807,Startup,7704,3816.98
1807,Startup,8814,1819.69
1807,Startup,9046,3544.99
1807,Startup,9488,2339.97
1808,Startup,9389,805.66
1808,Startup,9725,395.82
1809,SMB,5539,268.13
1809,SMB,6704,4183.12
1810,SMB,7612,4746.51
1810,SMB,7826,3187.23
1810,SMB,9368,1510.79
1811,Startup,5723,3802.3
1811,Startup,8116,4220.64
1811,Startup,9321,4022.68
1812,Startup,5561,70.73
1812,Startup,6041,325.92
1812,Startup,6060,4428.17
1813,SMB,5059,1659.8
1813,SMB,5741,1073.75
1813,SMB,6647,4450.55
1813,SMB,6735,322.75
1813,SMB,7344,3475.04
1814,Startup,5096,3325.51
1814,Startup,5775,3428.58
1814,Startup,5862,1320.4
1814,Startup,6924,189.2
1814,Startup,8804,3774.43
1814,Startup,9156,3794.87
1815,Startup,5001,625.97
1815,Startup,5871,320.93
1815,Startup,7022,3158.75
1815,Startup,7889,4695.32
1815,Startup,8310,3662.95
1815,Startup,9934,2853.9
1816,Startup,5254,1514.86
1816,Startup,5845,4405.58
1816,Startup,9724,4312.26
1817,Startup,5127,2771.85
1817,Startup,5579,3997.69
1817,Startup,6615,2554.33
1817,Startup,7246,308.78
1817,Startup,7409,1116.54
1817,Startup,8624,2021.34
1817,Startup,8926,1738.19
1817,Startup,9679,3194.03
1817,Startup,9930,758.25
1818,SMB,7441,1977.7
1818,SMB,7771,2061.51
1819,Enterprise,7170,2119.02
1819,Enterprise,7251,3627.28
1819,Enterprise,7316,2066.67
1819,Enterprise,7790,3793.96
1819,Enterprise,9851,4150.47
1820,SMB,6248,2137.48
1820,SMB,6250,2272.94
1820,SMB,7102,3960.91
1820,SMB,7165,3779.7
1820,SMB,7555,4448.57
1820,SMB,8040,2329.88
1821,Startup,7106,1579.14
1821,Startup,7478,2360.08
1821,Startup,8606,3058.43
1821,Startup,8928,4491.63
1822,Enterprise,5818,3371.51
1822,Enterprise,5925,4146.24
1822,Enterprise,6170,3351.29
1822,Enterprise,6178,3644.12
1822,Enterprise,6583,367.27
1822,Enterprise,7240,2123.72
1822,Enterprise,7532,187.81
1822,Enterprise,7855,4098.92
1822,Enterprise,7873,2166.96
1822,Enterprise,8521,3184.68
1822,Enterprise,8761,935.26
1822,Enterprise,8946,4687.42
1822,Enterprise,9672,825.98
1822,Enterprise,9918,2022.87
1823,SMB,7177,688.07
1823,SMB,8766,1636.65
1824,SMB,5691,2614.48
1824,SMB,6568,2480.55
1824,SMB,7219,1232.28
1824,SMB,7990,4578.01
1824,SMB,8226,2891.18
1824,SMB,8950,237.21
1825,Startup,5162,3500.96
1825,Startup,6645,1702.19
1825,Startup,7383,913.77
1825,Startup,7948,535.32
1825,Startup,8291,706.24
1825,Startup,8298,2243.05
1825,Startup,8835,3852.04
1825,Startup,8991,2225.56
1825,Startup,9087,2947.04
1825,Startup,9353,1917.4
1825,Startup,9446,3107.59
1825,Startup,9625,3539.31
1826,Startup,5271,2651.08
1826,Startup,6283,129.34
1826,Startup,6339,1414.06
1826,Startup,6376,2937.37
1826,Startup,8318,1348.96
1826,Startup,8428,3804.0
1827,SMB,5043,2170.87
1827,SMB,6444,3883.7
1827,SMB,7443,1632.62
1827,SMB,9543,3592.53
1828,SMB,5422,799.59
1828,SMB,5636,174.74
1828,SMB,5827,4809.01
1828,SMB,6029,4128.79
1828,SMB,6203,470.58
1828,SMB,6707,3692.81
1828,SMB,6894,859.9
1828,SMB,7803,932.74
1828,SMB,9154,2863.94
1828,SMB,9438,418.83
1829,Startup,7094,4829.77
1829,Startup,8819,1744.55
1830,SMB,8289,675.1
1830,SMB,8684,4210.19
1830,SMB,9045,4251.4
1830,SMB,9333,4979.22
1830,SMB,9493,2365.4
1830,SMB,9532,3331.39
1831,SMB,5311,471.03
1831,SMB,5438,1760.13
1831,SMB,6638,3067.93
1831,SMB,6830,1215.15
1831,SMB,8528,2964.61
1831,SMB,9461,1389.84
1832,SMB,5397,646.21
1832,SMB,6535,2579.91
1832,SMB,6687,4391.78
1832,SMB,7776,4048.77
1832,SMB,8092,3381.39
1832,SMB,8448,1852.4
1832,SMB,8911,484.2
1832,SMB,9009,1023.61
1833,SMB,6175,2661.56
1833,SMB,7342,3924.59
1833,SMB,7395,3053.25
1833,SMB,7420,1782.53
1833,SMB,7919,1674.86
1833,SMB,8021,460.43
1833,SMB,8129,242.12
1833,SMB,8367,3587.78
1833,SMB,8706,983.73
1833,SMB,8951,659.11
1833,SMB,9278,4343.41
1833,SMB,9884,1960.0
1834,SMB,8580,1466.81
1834,SMB,8995,3091.98
1834,SMB,9312,2132.12
1834,SMB,9315,1847.79
1835,SMB,5996,4741.51
1835,SMB,6121,4494.88
1835,SMB,7610,1362.88
1835,SMB,8182,2949.6
1835,SMB,8276,398.78
1835,SMB,8584,164.08
1835,SMB,9755,2069.7
1836,SMB,6410,1059.77
1836,SMB,7495,411.77
1836,SMB,8261,4595.51
1836,SMB,8358,1946.66
1836,SMB,8763,2016.08
1837,Startup,5632,2789.69
1837,Startup,5712,4404.77
1837,Startup,6665,3890.59
1837,Startup,6943,4583.28
1837,Startup,6995,1220.55
1837,Startup,7426,1315.55
1837,Startup,7598,364.83
1837,Startup,9547,2277.07
1838,SMB,5645,3070.03
1838,SMB,6046,778.46
1838,SMB,6703,3071.36
1838,SMB,9135,3920.91
1839,Startup,9280,3902.94
1840,Startup,5041,2679.91
1840,Startup,5518,858.67
1840,Startup,5773,3467.1
1840,Startup,7056,2262.03
1840,Startup,7585,2832.62
1840,Startup,7592,3628.05
1840,Startup,8467,3291.79
1840,Startup,8479,2888.78
1841,Enterprise,6734,2323.75
1842,Startup,5839,4880.11
1842,Startup,6806,3397.17
1842,Startup,6814,3110.51
1842,Startup,8640,591.31
1843,SMB,6120,2401.75
1843,SMB,7317,4933.52
1843,SMB,9017,1761.85
1843,SMB,9633,4664.06
1844,Startup,5669,161.69
1844,Startup,8311,2084.12
1844,Startup,9077,4324.28
1844,Startup,9477,4520.33
1844,Startup,9855,2546.88
1845,SMB,5143,303.9
1845,SMB,6064,872.84
1845,SMB,6360,4741.05
1845,SMB,7038,4014.05
1845,SMB,9473,2234.09
1845,SMB,9509,834.75
1846,SMB,6200,1027.9
1846,SMB,6445,715.45
1846,SMB,7061,4636.6
1846,SMB,8492,3484.62
1847,SMB,7375,3159.62
1847,SMB,7738,995.76
1848,Startup,6152,4280.01
1848,Startup,6726,3268.43
1848,Startup,6900,1255.89
1848,Startup,8118,3319.33
1848,Startup,8815,1423.26
1849,Startup,5377,3222.78
1849,Startup,6678,2203.32
1849,Startup,7587,617.97
1849,Startup,7898,4964.52
1849,Startup,8413,51.99
1849,Startup,9465,1528.43
1849,Startup,9496,4065.25
1849,Startup,9611,4512.35
1849,Startup,9906,1190.95
1850,Startup,5185,4942.68
1850,Startup,6740,1592.68
1850,Startup,7292,586.58
1850,Startup,7510,371.25
1850,Startup,7751,3002.15
1850,Startup,7789,2276.53
1850,Startup,8727,3586.22
1851,Enterprise,5813,4152.11
1851,Enterprise,8422,3225.82
1851,Enterprise,8437,1453.36
1851,Enterprise,9005,2134.54
1851,Enterprise,9277,4671.4
1851,Enterprise,9685,1653.28
1852,Startup,5434,2784.21
1852,Startup,5737,697.05
1852,Startup,7218,578.76
1852,Startup,7291,1840.25
1852,Startup,7822,1269.42
1852,Startup,7920,608.56
1852,Startup,9773,4249.67
1852,Startup,9789,3041.08
1853,SMB,6776,2218.32
1853,SMB,6807,4300.07
1853,SMB,7518,2543.41
1853,SMB,8730,3375.31
1853,SMB,9221,2103.49
1853,SMB,9662,3577.38
1854,Startup,7185,1216.63
1854,Startup,7477,2073.06
1854,Startup,8137,2379.99
1855,SMB,6350,1557.23
1855,SMB,7016,3674.49
1855,SMB,7858,3324.26
1855,SMB,8209,4558.58
1855,SMB,9239,4427.01
1856,SMB,5301,50.15
1856,SMB,6351,4915.59
1856,SMB,7067,3348.72
1856,SMB,7249,4378.27
1856,SMB,8800,407.54
1856,SMB,8915,3142.27
1856,SMB,9417,1857.21
1856,SMB,9678,3416.23
1857,Enterprise,5648,1343.6
1857,Enterprise,5962,115.48
1857,Enterprise,6775,4226.46
1857,Enterprise,8719,236.6
1857,Enterprise,9274,1452.32
1857,Enterprise,9875,3635.89
1858,SMB,7917,1199.83
1858,SMB,8191,2004.3
1858,SMB,9070,3256.79
1858,SMB,9105,2672.55
1858,SMB,9501,293.9
1859,Startup,5242,2418.72
1859,Startup,5952,4551.68
1859,Startup,6160,869.22
1859,Startup,6424,2384.55
1859,Startup,7000,854.43
1859,Startup,7283,433.54
1859,Startup,9022,4703.89
1859,Startup,9189,4866.57
1860,Enterprise,5520,1051.36
1860,Enterprise,6484,4834.46
1860,Enterprise,8658,3053.11
1860,Enterprise,8776,4453.95
1861,Startup,5152,3812.8
1861,Startup,6207,1419.93
1861,Startup,7762,1276.67
1861,Startup,8197,150.69
1861,Startup,9842,1355.84
1862,SMB,5580,3403.85
1862,SMB,5670,4315.24
1862,SMB,6674,2667.1
1862,SMB,6998,1634.08
1862,SMB,9398,4570.37
1863,Startup,8018,2911.46
1863,Startup,8081,512.92
1863,Startup,8286,4340.93
1863,Startup,9655,3679.97
1864,SMB,5319,528.39
1864,SMB,7556,1678.92
1864,SMB,7591,154.13
1864,SMB,8418,2450.05
1864,SMB,8807,3363.46
1865,SMB,5485,320.1
1865,SMB,7231,4829.31
1865,SMB,8723,3744.25
1866,Startup,5240,3684.05
1866,Startup,5298,3658.25
1866,Startup,5599,3667.81
1866,Startup,6537,4836.49
1866,Startup,7369,799.48
1866,Startup,7503,2867.69
1866,Startup,7530,3022.65
1866,Startup,8747,108.31
1867,SMB,5619,4404.03
1867,SMB,5837,103.04
1867,SMB,7036,2850.97
1867,SMB,7212,2485.04
1867,SMB,8088,2514.85
1868,SMB,6626,1680.43
1868,SMB,7899,2069.08
1868,SMB,8614,1898.55
1868,SMB,9126,4612.55
1869,Startup,5384,153.62
1869,Startup,7141,2732.98
1869,Startup,7453,3900.65
1869,Startup,8322,1922.82
1869,Startup,8364,779.9
1869,Startup,9042,4018.13
1869,Startup,9137,2293.65
1870,Startup,8103,85.13
1870,Startup,8705,2275.51
1870,Startup,9841,3308.5
1871,SMB,5496,4008.93
1871,SMB,6584,3000.91
1871,SMB,6661,4642.34
1871,SMB,7830,3294.41
1871,SMB,9597,4300.43
1871,SMB,9686,724.44
1872,SMB,5505,3045.19
1872,SMB,6089,4068.44
1872,SMB,8153,3845.5
1872,SMB,8986,3048.21
1872,SMB,9719,1408.34
1872,SMB,9819,4063.12
1873,Startup,5568,1710.09
1873,Startup,7115,4492.79
1873,Startup,7162,4895.79
1873,Startup,7756,688.87
1873,Startup,7840,3961.15
1874,SMB,5541,2729.29
1874,SMB,6536,2255.31
1874,SMB,8245,2982.79
1875,Enterprise,6742,376.97
1875,Enterprise,6906,3171.64
1875,Enterprise,8760,1600.25
1875,Enterprise,9809,4408.09
1876,SMB,6527,1743.24
1876,SMB,6717,3640.37
1876,SMB,6967,2924.8
1876,SMB,7813,3744.94
1876,SMB,8164,2546.1
1876,SMB,9320,4089.37
1877,Startup,5022,826.22
1877,Startup,6679,1498.64
1877,Startup,6902,579.79
1877,Startup,7424,2974.79
1877,Startup,8206,4023.15
1877,Startup,8284,2457.89
1877,Startup,9495,3777.28
1878,Startup,6617,4298.7
1878,Startup,6839,3247.34
1878,Startup,7735,2081.0
1878,Startup,9801,2093.15
1879,Enterprise,5349,3104.67
1880,SMB,6817,4180.57
1880,SMB,8407,267.21
1880,SMB,8500,1680.14
1881,SMB,5771,3835.02
1881,SMB,6856,4484.29
1881,SMB,7064,2610.5
1881,SMB,7126,296.81
1881,SMB,7225,224.04
1881,SMB,7410,646.39
1881,SMB,7589,2671.19
1881,SMB,8620,4098.63
1881,SMB,8817,3479.37
1881,SMB,9196,3552.24
1882,Startup,5697,3264.43
1882,Startup,7731,4712.43
1882,Startup,8037,1823.18
1883,Enterprise,5039,2045.89
1883,Enterprise,6234,1015.04
1883,Enterprise,7549,4291.9
1883,Enterprise,8109,4782.1
1883,Enterprise,8231,3837.28
1883,Enterprise,8465,4947.28
1883,Enterprise,9651,1581.15
1884,SMB,5368,3462.09
1884,SMB,6840,1202.75
1884,SMB,7909,1469.89
1884,SMB,8424,2179.37
1884,SMB,9016,1008.9
1884,SMB,9796,2228.6
1885,Startup,5155,1377.46
1885,Startup,9357,339.76
1886,SMB,5328,1668.36
1886,SMB,5680,1380.55
1886,SMB,5923,4103.4
1886,SMB,7525,245.12
1886,SMB,8104,4106.02
1886,SMB,8332,3911.42
1887,Startup,5364,3206.98
1887,Startup,5502,2100.0
1887,Startup,5934,2116.1
1887,Startup,6925,1907.84
1887,Startup,6930,3278.79
1887,Startup,9134,2221.42
1887,Startup,9591,1073.84
1888,SMB,5068,3371.91
1888,SMB,5167,4483.67
1888,SMB,6284,4820.24
1888,SMB,6456,2411.07
1888,SMB,6606,1865.06
1888,SMB,6761,3370.29
1888,SMB,7050,3176.14
1888,SMB,8495,1375.48
1888,SMB,8707,2564.09
1888,SMB,9265,1438.29
1889,SMB,5128,300.34
1889,SMB,5473,2432.33
1889,SMB,7775,899.81
1889,SMB,8161,4039.23
1889,SMB,8438,4744.7
1889,SMB,9805,2272.11
1890,SMB,5178,3702.86
1890,SMB,8215,3024.74
1890,SMB,8262,2069.8
1890,SMB,8798,1631.97
1890,SMB,9806,2708.99
1890,SMB,9833,3050.77
1890,SMB,9863,2161.63
1891,Startup,5094,546.22
1891,Startup,5181,1389.69
1891,Startup,5647,709.25
1891,Startup,5865,1638.23
1891,Startup,5932,2799.97
1891,Startup,6023,1225.54
1891,Startup,8381,2239.85
1891,Startup,8453,4444.37
1891,Startup,8505,3814.3
1891,Startup,8611,1868.02
1891,Startup,9858,385.59
1892,Startup,5393,2298.21
1892,Startup,5745,3243.83
1892,Startup,6434,2328.76
1892,Startup,6913,915.17
1892,Startup,7230,2264.15
1892,Startup,7841,1128.01
1893,Startup,5194,2085.39
1893,Startup,5887,1776.72
1893,Startup,7003,4325.76
1893,Startup,9148,4546.77
1893,Startup,9174,1188.92
1893,Startup,9860,4039.55
1894,SMB,5079,645.92
1894,SMB,5432,1083.71
1894,SMB,7697,2538.78
1895,Startup,5536,4800.97
1895,Startup,6784,962.03
1895,Startup,8374,4480.67
1895,Startup,8836,3748.76
1895,Startup,9061,2093.91
1895,Startup,9418,3076.9
1896,SMB,6542,4346.5
1896,SMB,6762,4115.23
1896,SMB,6992,513.12
1897,SMB,8265,4545.01
1897,SMB,8628,4364.18
1897,SMB,8904,1273.67
1897,SMB,9570,2880.55
1897,SMB,9722,1469.99
1897,SMB,9877,1112.99
1898,Startup,7849,1508.77
1898,Startup,9025,2740.8
1899,Enterprise,5424,3028.94
1899,Enterprise,6019,4081.2
1899,Enterprise,6182,2843.86
1899,Enterprise,6861,4843.22
1899,Enterprise,7075,3601.93
1899,Enterprise,7481,3600.05
1899,Enterprise,8968,4534.42
1899,Enterprise,9067,650.26
1899,Enterprise,9386,3528.55
1899,Enterprise,9786,4011.8
1900,SMB,5531,402.22
1900,SMB,6531,2547.29
1900,SMB,6605,1126.39
1900,SMB,8434,1078.73
1900,SMB,9251,4941.9
1900,SMB,9732,4430.83
