activity_id,deal_id,activity_type,activity_date,notes
A00001,D0357,Follow Up,27/01/2026,"REALLY APPRECIATE THE DETAILED PROPOSAL, EXCITED TO MOVE FORWARD."
A00002,D0163,email,2025-12-05,"Not happy with the delay, please escalate."
A00003,D0779,email,05/29/2026,"Really appreciate the detailed proposal, excited to move forward."
A00004,D0539,note,05/02/2026,"REALLY APPRECIATE THE DETAILED PROPOSAL, EXCITED TO MOVE FORWARD."
A00005,D0039,Call,15-03-2026,"Thanks so much for the quick turnaround, this looks great!"
A00006,D0716,,2026/03/12,we may have to look at other vendors if this isn't resolved.
A00007,D0449,meeting,07/24/2026,"This is taking longer than expected, we need an update ASAP."
A00008,D0197,Call,2026-04-14,FOLLOWING UP ON OUR LAST CONVERSATION REGARDING PRICING.
A00009,D0006,Meeting,2026/04/23,We may have to look at other vendors if this isn't resolved.
A00010,D0699,follow-up,12/08/2025,"Not happy with the delay, please escalate."
A00011,D0573,EMAIL,17/07/2026,"This is taking longer than expected, we need an update ASAP."
A00012,D0583,Call,2026/07/10,please find attached the requested documents.
A00013,D0053,Follow Up,2026-02-13,Following up on our last conversation regarding pricing.
A00014,D0849,meeting,30-03-2026,"Really appreciate the detailed proposal, excited to move forward."
A00015,D0295,Call,03/28/2026,We may have to look at other vendors if this isn't resolved.
A00016,D0409,Follow Up,N/A,"Really appreciate the detailed proposal, excited to move forward."
A00017,D0270,call,,"This is taking longer than expected, we need an update ASAP."
A00018,D0784,call,2026/01/02,Can we schedule a call sometime next week?
A00019,D0900,call,2025-11-23,
A00020,D0427,Follow Up,2026-05-15,We may have to look at other vendors if this isn't resolved.
A00021,D0741,call,24/03/2026,  We may have to look at other vendors if this isn't resolved.   
A00022,D0490,meeting,06/01/2026,
A00023,D0801,email,10/06/2026,
A00024,D0785,note,30/12/2025,"This is taking longer than expected, we need an update ASAP."
A00025,D0121,Follow Up,24-11-2025,can we schedule a call sometime next week?
A00026,D0060,email,2026/02/07,"  Thanks so much for the quick turnaround, this looks great!   "
A00027,D0726,follow-up,2025-12-26,
A00028,D0130,,2026-06-21,Can we schedule a call sometime next week?
A00029,D0251,meeting,07/02/2026,"Not happy with the delay, please escalate."
A00030,D0079,meeting,03/10/2026,"Not happy with the delay, please escalate."
A00031,D0595,email,07-12-2025,Can we schedule a call sometime next week?
A00032,D0670,email,30-11-2025,Can we schedule a call sometime next week?
A00033,D0056,Meeting,2026/07/08,"Not happy with the delay, please escalate."
A00034,D0141,follow-up,2026/02/07,following up on our last conversation regarding pricing.
A00035,D0807,EMAIL,,Following up on our last conversation regarding pricing.
A00036,D0465,Call,,"Thanks so much for the quick turnaround, this looks great!"
A00037,D0308,Call,N/A,"This is taking longer than expected, we need an update ASAP."
A00038,D0394,,,Following up on our last conversation regarding pricing.
A00039,D0546,call,2026-06-17,We may have to look at other vendors if this isn't resolved.
A00040,D0624,Meeting,31-03-2026,Following up on our last conversation regarding pricing.
A00041,D0850,Follow Up,13/07/2026,"Thanks so much for the quick turnaround, this looks great!"
A00042,D0739,meeting,2026/02/23,"Not happy with the delay, please escalate."
A00043,D0788,follow-up,28/12/2025,"Not happy with the delay, please escalate."
A00044,D0136,call,01-01-2026,"Really appreciate the detailed proposal, excited to move forward."
A00045,D0303,Meeting,2026-05-24,Please find attached the requested documents.
A00046,D0802,Follow Up,,Please find attached the requested documents.
A00047,D0271,EMAIL,2026-05-10,
A00048,D0368,,2025/12/09,Following up on our last conversation regarding pricing.
A00049,D0082,meeting,2026/05/20,Can we schedule a call sometime next week?
A00050,D0265,meeting,10/05/2026,"  Great call today, looking forward to next steps.   "
A00051,D0893,Follow Up,02/24/2026,"Really appreciate the detailed proposal, excited to move forward."
A00052,D0519,,2025-11-15,
A00053,D0732,meeting,2025-11-29,
A00054,D0241,Meeting,2026/04/08,
A00055,D0209,Meeting,11/03/2026,"Really appreciate the detailed proposal, excited to move forward."
A00056,D0147,call,12-04-2026,Can we schedule a call sometime next week?
A00057,D0384,,13-12-2025,
A00058,D0154,Follow Up,,Following up on our last conversation regarding pricing.
A00059,D0800,follow-up,09-12-2025,Following up on our last conversation regarding pricing.
A00060,D0673,EMAIL,2026-01-06,"Really appreciate the detailed proposal, excited to move forward."
A00061,D0579,follow-up,2025/11/03,"This is taking longer than expected, we need an update ASAP."
A00062,D0900,follow-up,2026/06/16,"Not happy with the delay, please escalate."
A00063,D0325,meeting,2026/02/22,Please find attached the requested documents.
A00064,D0819,Meeting,29-05-2026,"Really appreciate the detailed proposal, excited to move forward."
A00065,D0661,note,09-03-2026,We may have to look at other vendors if this isn't resolved.
A00066,D0670,,08/12/2025,"  This is taking longer than expected, we need an update ASAP.   "
A00067,D0129,follow-up,24/03/2026,"Great call today, looking forward to next steps."
A00068,D0350,Meeting,18/07/2026,"This is taking longer than expected, we need an update ASAP."
A00069,D0507,email,09/03/2026,"thanks so much for the quick turnaround, this looks great!"
A00070,D0784,follow-up,17/05/2026,
A00071,D0442,call,2026-03-02,"Great call today, looking forward to next steps."
A00072,D0398,note,26/04/2026,  We may have to look at other vendors if this isn't resolved.   
A00073,D0345,Meeting,2025/11/04,
A00074,D0757,Meeting,01/12/2025,"Not happy with the delay, please escalate."
A00075,D0776,,11/16/2025,WE MAY HAVE TO LOOK AT OTHER VENDORS IF THIS ISN'T RESOLVED.
A00076,D0608,Follow Up,25/04/2026,"This is taking longer than expected, we need an update ASAP."
A00077,D0740,Follow Up,2026-04-14,Following up on our last conversation regarding pricing.
A00078,D0578,follow-up,2025/12/18,We may have to look at other vendors if this isn't resolved.
A00079,D0331,note,12/14/2025,"GREAT CALL TODAY, LOOKING FORWARD TO NEXT STEPS."
A00080,D0386,email,17-02-2026,CAN WE SCHEDULE A CALL SOMETIME NEXT WEEK?
A00081,D0122,meeting,24/02/2026,Following up on our last conversation regarding pricing.
A00082,D0266,Follow Up,07/18/2026,please find attached the requested documents.
A00083,D0859,follow-up,2026-03-04,"Thanks so much for the quick turnaround, this looks great!"
A00084,D0819,email,,"Thanks so much for the quick turnaround, this looks great!"
A00085,D0585,note,2026/01/10,"Great call today, looking forward to next steps."
A00086,D0113,Call,06/04/2026,"Not happy with the delay, please escalate."
A00087,D0286,Call,2026-01-23,Following up on our last conversation regarding pricing.
A00088,D0520,Meeting,2026/01/01,"Really appreciate the detailed proposal, excited to move forward."
A00089,D0040,note,2026/07/13,can we schedule a call sometime next week?
A00090,D0858,call,2026-01-13,following up on our last conversation regarding pricing.
A00091,D0226,email,11/25/2025,"Not happy with the delay, please escalate."
A00092,D0290,EMAIL,2026-02-11,We may have to look at other vendors if this isn't resolved.
A00093,D0004,note,N/A,We may have to look at other vendors if this isn't resolved.
A00094,D0040,note,2026/05/23,"This is taking longer than expected, we need an update ASAP."
A00095,D0358,,02/18/2026,Please find attached the requested documents.
A00096,D0685,,15/11/2025,Can we schedule a call sometime next week?
A00097,D0225,Call,15-02-2026,"This is taking longer than expected, we need an update ASAP."
A00098,D0679,note,13/06/2026,Can we schedule a call sometime next week?
A00099,D0408,EMAIL,25/07/2026,"Not happy with the delay, please escalate."
A00100,D0030,meeting,04/15/2026,"THIS IS TAKING LONGER THAN EXPECTED, WE NEED AN UPDATE ASAP."
A00101,D0268,Meeting,21/11/2025,"This is taking longer than expected, we need an update ASAP."
A00102,D0275,,09-05-2026,"Thanks so much for the quick turnaround, this looks great!"
A00103,D0587,EMAIL,2026-03-11,can we schedule a call sometime next week?
A00104,D0740,call,2026-04-28,Can we schedule a call sometime next week?
A00105,D0567,Call,2026/02/19,Following up on our last conversation regarding pricing.
A00106,D0161,follow-up,02/12/2026,Please find attached the requested documents.
A00107,D0340,note,11/15/2025,
A00108,D0540,Call,10/02/2026,"thanks so much for the quick turnaround, this looks great!"
A00109,D0236,email,,"Really appreciate the detailed proposal, excited to move forward."
A00110,D0411,EMAIL,13-01-2026,"REALLY APPRECIATE THE DETAILED PROPOSAL, EXCITED TO MOVE FORWARD."
A00111,D0721,note,,We may have to look at other vendors if this isn't resolved.
A00112,D0754,Follow Up,02/07/2026,Please find attached the requested documents.
A00113,D0762,call,01/06/2026,FOLLOWING UP ON OUR LAST CONVERSATION REGARDING PRICING.
A00114,D0591,,31/01/2026,"  Really appreciate the detailed proposal, excited to move forward.   "
A00115,D0286,,2026/01/05,
A00116,D0509,note,2025/12/15,"Really appreciate the detailed proposal, excited to move forward."
A00117,D0026,note,29/11/2025,Can we schedule a call sometime next week?
A00118,D0319,Meeting,2025-12-28,"Really appreciate the detailed proposal, excited to move forward."
A00119,D0502,Follow Up,11/03/2025,"This is taking longer than expected, we need an update ASAP."
A00120,D0741,Follow Up,2026-07-07,"Not happy with the delay, please escalate."
A00121,D0346,EMAIL,,"This is taking longer than expected, we need an update ASAP."
A00122,D0215,follow-up,2025/12/25,"Not happy with the delay, please escalate."
A00123,D0330,,2026/07/12,We may have to look at other vendors if this isn't resolved.
A00124,D0084,Call,2026-01-05,
A00125,D0533,Call,23/11/2025,"REALLY APPRECIATE THE DETAILED PROPOSAL, EXCITED TO MOVE FORWARD."
A00126,D0175,follow-up,2026/04/05,"This is taking longer than expected, we need an update ASAP."
A00127,D0446,meeting,12-11-2025,We may have to look at other vendors if this isn't resolved.
A00128,D0578,EMAIL,2026/07/28,Following up on our last conversation regarding pricing.
A00129,D0381,follow-up,13/03/2026,"  Not happy with the delay, please escalate.   "
A00130,D0765,EMAIL,13/11/2025,"Thanks so much for the quick turnaround, this looks great!"
A00131,D0482,Call,2025-11-26,Please find attached the requested documents.
A00132,D0097,follow-up,2026-01-24,"Thanks so much for the quick turnaround, this looks great!"
A00133,D0069,Meeting,07/27/2026,Can we schedule a call sometime next week?
A00134,D0282,meeting,25/05/2026,Please find attached the requested documents.
A00135,D0261,follow-up,07/21/2026,"Really appreciate the detailed proposal, excited to move forward."
A00136,D0222,meeting,2026/03/17,"really appreciate the detailed proposal, excited to move forward."
A00137,D0661,note,2026/01/25,Please find attached the requested documents.
A00138,D0631,,2026-02-15,
A00139,D0823,Follow Up,02/05/2026,"Not happy with the delay, please escalate."
A00140,D0332,call,06/12/2025,"This is taking longer than expected, we need an update ASAP."
A00141,D0513,Call,04/05/2026,"This is taking longer than expected, we need an update ASAP."
A00142,D0364,meeting,30-01-2026,WE MAY HAVE TO LOOK AT OTHER VENDORS IF THIS ISN'T RESOLVED.
A00143,D0220,EMAIL,03-07-2026,"Great call today, looking forward to next steps."
A00144,D0502,meeting,2026/03/18,"This is taking longer than expected, we need an update ASAP."
A00145,D0887,Meeting,18-03-2026,"  This is taking longer than expected, we need an update ASAP.   "
A00146,D0196,note,2026-05-31,Following up on our last conversation regarding pricing.
A00147,D0006,Follow Up,2025-11-07,Can we schedule a call sometime next week?
A00148,D0014,Follow Up,06-06-2026,"Not happy with the delay, please escalate."
A00149,D0722,meeting,2026-03-11,"Thanks so much for the quick turnaround, this looks great!"
A00150,D0623,,26/06/2026,
A00151,D0030,Follow Up,11/10/2025,"Great call today, looking forward to next steps."
A00152,D0430,Call,N/A,"Thanks so much for the quick turnaround, this looks great!"
A00153,D0285,email,2026-05-06,Can we schedule a call sometime next week?
A00154,D0325,EMAIL,2025/11/22,Can we schedule a call sometime next week?
A00155,D0413,note,2026-04-20,"really appreciate the detailed proposal, excited to move forward."
A00156,D0152,meeting,19/07/2026,"Thanks so much for the quick turnaround, this looks great!"
A00157,D0518,note,2026-01-02,Please find attached the requested documents.
A00158,D0350,,2025-12-29,"NOT HAPPY WITH THE DELAY, PLEASE ESCALATE."
A00159,D0187,Call,2026/05/06,"Thanks so much for the quick turnaround, this looks great!"
A00160,D0223,Meeting,12/09/2025,Please find attached the requested documents.
A00161,D0886,email,05/16/2026,PLEASE FIND ATTACHED THE REQUESTED DOCUMENTS.
A00162,D0183,meeting,30-07-2026,"  This is taking longer than expected, we need an update ASAP.   "
A00163,D0484,email,17-03-2026,Please find attached the requested documents.
A00164,D0502,Meeting,30-07-2026,We may have to look at other vendors if this isn't resolved.
A00165,D0852,EMAIL,,"this is taking longer than expected, we need an update asap."
A00166,D0720,note,23-03-2026,Following up on our last conversation regarding pricing.
A00167,D0565,meeting,05/29/2026,  Please find attached the requested documents.   
A00168,D0119,follow-up,03/03/2026,"not happy with the delay, please escalate."
A00169,D0382,Follow Up,2025/12/06,"Thanks so much for the quick turnaround, this looks great!"
A00170,D0368,call,19/01/2026,Can we schedule a call sometime next week?
A00171,D0192,Meeting,20/04/2026,
A00172,D0829,Follow Up,2026/07/15,"This is taking longer than expected, we need an update ASAP."
A00173,D0250,meeting,2025/11/11,Can we schedule a call sometime next week?
A00174,D0042,email,2026/05/14,"Really appreciate the detailed proposal, excited to move forward."
A00175,D0592,note,05/06/2026,we may have to look at other vendors if this isn't resolved.
A00176,D0612,follow-up,2026/01/05,"great call today, looking forward to next steps."
A00177,D0056,Call,07/31/2026,Can we schedule a call sometime next week?
A00178,D0001,EMAIL,04/15/2026,Please find attached the requested documents.
A00179,D0879,email,07/20/2026,"Great call today, looking forward to next steps."
A00180,D0384,call,04-04-2026,"Really appreciate the detailed proposal, excited to move forward."
A00181,D0716,email,30/07/2026,"Not happy with the delay, please escalate."
A00182,D0099,note,11/27/2025,"This is taking longer than expected, we need an update ASAP."
A00183,D0840,note,2025/11/04,"Really appreciate the detailed proposal, excited to move forward."
A00184,D0601,call,2026/05/29,"Great call today, looking forward to next steps."
A00185,D0349,follow-up,2026/01/24,"This is taking longer than expected, we need an update ASAP."
A00186,D0142,,06/26/2026,Please find attached the requested documents.
A00187,D0670,EMAIL,06-06-2026,Please find attached the requested documents.
A00188,D0036,meeting,03/07/2026,"great call today, looking forward to next steps."
A00189,D0855,Call,2026-03-17,Can we schedule a call sometime next week?
A00190,D0884,note,2026-03-05,"Great call today, looking forward to next steps."
A00191,D0394,,,
A00192,D0436,meeting,2026-01-20,"Not happy with the delay, please escalate."
A00193,D0730,Meeting,19-11-2025,"Really appreciate the detailed proposal, excited to move forward."
A00194,D0545,note,2026-04-07,"GREAT CALL TODAY, LOOKING FORWARD TO NEXT STEPS."
A00195,D0725,Follow Up,2026/02/05,"Not happy with the delay, please escalate."
A00196,D0041,Call,20/11/2025,CAN WE SCHEDULE A CALL SOMETIME NEXT WEEK?
A00197,D0379,meeting,14-05-2026,"Thanks so much for the quick turnaround, this looks great!"
A00198,D0366,note,,
A00199,D0115,Meeting,2026/07/28,
A00200,D0097,EMAIL,26/07/2026,"This is taking longer than expected, we need an update ASAP."
A00201,D0470,Follow Up,2026/05/28,"NOT HAPPY WITH THE DELAY, PLEASE ESCALATE."
A00202,D0040,EMAIL,2026-03-01,"This is taking longer than expected, we need an update ASAP."
A00203,D0346,meeting,2026-07-11,"Great call today, looking forward to next steps."
A00204,D0669,Call,15/07/2026,"Really appreciate the detailed proposal, excited to move forward."
A00205,D0311,Follow Up,07/24/2026,"Thanks so much for the quick turnaround, this looks great!"
A00206,D0779,note,03/14/2026,
A00207,D0409,EMAIL,08-02-2026,
A00208,D0425,EMAIL,18/01/2026,CAN WE SCHEDULE A CALL SOMETIME NEXT WEEK?
A00209,D0727,Meeting,2026/02/20,Please find attached the requested documents.
A00210,D0472,Follow Up,2026/04/19,Can we schedule a call sometime next week?
A00211,D0572,call,05-05-2026,Can we schedule a call sometime next week?
A00212,D0875,,03/01/2026,
A00213,D0873,Follow Up,20/03/2026,
A00214,D0766,follow-up,20-04-2026,Can we schedule a call sometime next week?
A00215,D0160,Follow Up,2026/01/25,Can we schedule a call sometime next week?
A00216,D0784,call,23-11-2025,We may have to look at other vendors if this isn't resolved.
A00217,D0385,follow-up,2026/02/21,"REALLY APPRECIATE THE DETAILED PROPOSAL, EXCITED TO MOVE FORWARD."
A00218,D0114,Follow Up,03/03/2026,"This is taking longer than expected, we need an update ASAP."
A00219,D0223,note,28-06-2026,Can we schedule a call sometime next week?
A00220,D0681,Meeting,2026/07/29,"  This is taking longer than expected, we need an update ASAP.   "
A00221,D0775,,12/11/2025,"Great call today, looking forward to next steps."
A00222,D0296,call,26-07-2026,"Not happy with the delay, please escalate."
A00223,D0101,note,16/11/2025,"This is taking longer than expected, we need an update ASAP."
A00224,D0634,email,2026/06/04,We may have to look at other vendors if this isn't resolved.
A00225,D0750,note,11-05-2026,following up on our last conversation regarding pricing.
A00226,D0701,Call,2026-04-03,"This is taking longer than expected, we need an update ASAP."
A00227,D0871,EMAIL,12/12/2025,"Great call today, looking forward to next steps."
A00228,D0205,Meeting,2025-11-29,"  Thanks so much for the quick turnaround, this looks great!   "
A00229,D0251,Follow Up,02/11/2026,"Great call today, looking forward to next steps."
A00230,D0114,Follow Up,04/05/2026,Following up on our last conversation regarding pricing.
A00231,D0008,call,22/06/2026,We may have to look at other vendors if this isn't resolved.
A00232,D0073,note,2025/12/31,"Really appreciate the detailed proposal, excited to move forward."
A00233,D0547,call,2026-06-27,Please find attached the requested documents.
A00234,D0743,call,2026/05/02,"Not happy with the delay, please escalate."
A00235,D0150,meeting,2026/02/04,"Really appreciate the detailed proposal, excited to move forward."
A00236,D0673,Meeting,03/08/2026,
A00237,D0658,Call,27/03/2026,Following up on our last conversation regarding pricing.
A00238,D0706,,12/06/2026,Please find attached the requested documents.
A00239,D0780,EMAIL,30-11-2025,"  Thanks so much for the quick turnaround, this looks great!   "
A00240,D0372,meeting,12/19/2025,Please find attached the requested documents.
A00241,D0302,EMAIL,11/30/2025,"Great call today, looking forward to next steps."
A00242,D0264,email,,Following up on our last conversation regarding pricing.
A00243,D0013,meeting,2026/02/17,We may have to look at other vendors if this isn't resolved.
A00244,D0175,Meeting,2026/02/27,We may have to look at other vendors if this isn't resolved.
A00245,D0887,,2026/02/18,"not happy with the delay, please escalate."
A00246,D0015,Call,18-11-2025,  Following up on our last conversation regarding pricing.   
A00247,D0797,Call,02-02-2026,"Not happy with the delay, please escalate."
A00248,D0013,follow-up,04/15/2026,Can we schedule a call sometime next week?
A00249,D0102,Meeting,28-12-2025,We may have to look at other vendors if this isn't resolved.
A00250,D0551,Call,2026-05-22,"Not happy with the delay, please escalate."
A00251,D0263,EMAIL,12/01/2025,Following up on our last conversation regarding pricing.
A00252,D0042,Follow Up,05-03-2026,"Really appreciate the detailed proposal, excited to move forward."
A00253,D0066,EMAIL,2026-03-29,  Following up on our last conversation regarding pricing.   
A00254,D0596,,2026/07/18,"Thanks so much for the quick turnaround, this looks great!"
A00255,D0202,,2025-12-10,"not happy with the delay, please escalate."
A00256,D0221,Follow Up,2025/12/28,"Thanks so much for the quick turnaround, this looks great!"
A00257,D0115,,04/05/2026,"Not happy with the delay, please escalate."
A00258,D0417,Follow Up,07/28/2026,Can we schedule a call sometime next week?
A00259,D0661,meeting,2026/05/31,Following up on our last conversation regarding pricing.
A00260,D0516,meeting,2025-11-17,"Great call today, looking forward to next steps."
A00261,D0522,,06/09/2026,"Really appreciate the detailed proposal, excited to move forward."
A00262,D0097,,2026/06/04,"great call today, looking forward to next steps."
A00263,D0238,email,26-07-2026,Can we schedule a call sometime next week?
A00264,D0702,meeting,12/28/2025,"Great call today, looking forward to next steps."
A00265,D0406,EMAIL,2025/12/28,"Great call today, looking forward to next steps."
A00266,D0486,Follow Up,06-11-2025,Following up on our last conversation regarding pricing.
A00267,D0877,meeting,27-05-2026,Can we schedule a call sometime next week?
A00268,D0323,,2026/02/24,
A00269,D0414,call,08-01-2026,"Great call today, looking forward to next steps."
A00270,D0020,email,18-12-2025,
A00271,D0438,note,2025/12/09,Following up on our last conversation regarding pricing.
A00272,D0451,meeting,01/14/2026,"Great call today, looking forward to next steps."
A00273,D0739,Follow Up,2025-11-22,"This is taking longer than expected, we need an update ASAP."
A00274,D0499,email,2026/06/27,
A00275,D0351,meeting,04/03/2026,please find attached the requested documents.
A00276,D0768,Call,23/02/2026,"Great call today, looking forward to next steps."
A00277,D0588,email,29/12/2025,Following up on our last conversation regarding pricing.
A00278,D0677,meeting,03-07-2026,"thanks so much for the quick turnaround, this looks great!"
A00279,D0892,Meeting,20-12-2025,"Not happy with the delay, please escalate."
A00280,D0329,,15-11-2025,can we schedule a call sometime next week?
A00281,D0266,meeting,2026-07-03,"great call today, looking forward to next steps."
A00282,D0406,,2026/02/25,"Thanks so much for the quick turnaround, this looks great!"
A00283,D0017,Follow Up,2026-07-22,We may have to look at other vendors if this isn't resolved.
A00284,D0552,,20-01-2026,"Really appreciate the detailed proposal, excited to move forward."
A00285,D0572,Call,2025/12/24,"Really appreciate the detailed proposal, excited to move forward."
A00286,D0666,email,16/07/2026,Please find attached the requested documents.
A00287,D0757,EMAIL,2026-03-12,"Great call today, looking forward to next steps."
A00288,D0541,note,27/03/2026,PLEASE FIND ATTACHED THE REQUESTED DOCUMENTS.
A00289,D0020,call,03/06/2026,"Great call today, looking forward to next steps."
A00290,D0691,Meeting,07/22/2026,Can we schedule a call sometime next week?
A00291,D0591,EMAIL,02/28/2026,Following up on our last conversation regarding pricing.
A00292,D0547,Follow Up,2026-07-08,"Great call today, looking forward to next steps."
A00293,D0336,Meeting,04/05/2026,Following up on our last conversation regarding pricing.
A00294,D0278,email,06/13/2026,CAN WE SCHEDULE A CALL SOMETIME NEXT WEEK?
A00295,D0451,Call,03/04/2026,"Thanks so much for the quick turnaround, this looks great!"
A00296,D0758,email,03/07/2026,"Not happy with the delay, please escalate."
A00297,D0390,Follow Up,2025-12-24,"Great call today, looking forward to next steps."
A00298,D0529,Call,05/17/2026,"Really appreciate the detailed proposal, excited to move forward."
A00299,D0367,Meeting,04/07/2026,"Really appreciate the detailed proposal, excited to move forward."
A00300,D0262,follow-up,10/12/2025,"THANKS SO MUCH FOR THE QUICK TURNAROUND, THIS LOOKS GREAT!"
A00301,D0410,Call,01-05-2026,"Really appreciate the detailed proposal, excited to move forward."
A00302,D0308,email,2026-06-14,
A00303,D0282,Meeting,,
A00304,D0532,EMAIL,14/06/2026,"THANKS SO MUCH FOR THE QUICK TURNAROUND, THIS LOOKS GREAT!"
A00305,D0888,meeting,20/05/2026,"Great call today, looking forward to next steps."
A00306,D0532,EMAIL,11/04/2025,Can we schedule a call sometime next week?
A00307,D0167,call,03-07-2026,"This is taking longer than expected, we need an update ASAP."
A00308,D0272,Follow Up,2026-07-14,CAN WE SCHEDULE A CALL SOMETIME NEXT WEEK?
A00309,D0753,EMAIL,2026-03-17,We may have to look at other vendors if this isn't resolved.
A00310,D0538,EMAIL,2026-01-26,
A00311,D0068,Call,05/06/2026,"This is taking longer than expected, we need an update ASAP."
A00312,D0138,Follow Up,2026-05-04,Please find attached the requested documents.
A00313,D0264,EMAIL,2026/01/11,Can we schedule a call sometime next week?
A00314,D0099,,2026/05/17,following up on our last conversation regarding pricing.
A00315,D0825,EMAIL,2026-07-29,"Really appreciate the detailed proposal, excited to move forward."
A00316,D0630,Call,16-07-2026,"Great call today, looking forward to next steps."
A00317,D0728,,2026/06/23,We may have to look at other vendors if this isn't resolved.
A00318,D0779,EMAIL,23-04-2026,"Great call today, looking forward to next steps."
A00319,D0036,note,04/24/2026,"GREAT CALL TODAY, LOOKING FORWARD TO NEXT STEPS."
A00320,D0856,email,07-04-2026,"Thanks so much for the quick turnaround, this looks great!"
A00321,D0353,email,2025/11/10,"This is taking longer than expected, we need an update ASAP."
A00322,D0637,meeting,2026-05-23,Please find attached the requested documents.
A00323,D0346,Meeting,12/21/2025,Please find attached the requested documents.
A00324,D0791,follow-up,2026-05-10,Can we schedule a call sometime next week?
A00325,D0801,Meeting,2026-05-31,we may have to look at other vendors if this isn't resolved.
A00326,D0469,Call,14-04-2026,"Great call today, looking forward to next steps."
A00327,D0447,follow-up,2025-12-29,we may have to look at other vendors if this isn't resolved.
A00328,D0675,follow-up,12/27/2025,"thanks so much for the quick turnaround, this looks great!"
A00329,D0539,Follow Up,2025/12/22,We may have to look at other vendors if this isn't resolved.
A00330,D0372,follow-up,2026/05/05,"Great call today, looking forward to next steps."
A00331,D0170,Follow Up,07/20/2026,We may have to look at other vendors if this isn't resolved.
A00332,D0879,email,09/02/2026,Please find attached the requested documents.
A00333,D0432,,02/08/2026,PLEASE FIND ATTACHED THE REQUESTED DOCUMENTS.
A00334,D0570,meeting,2026/01/22,"REALLY APPRECIATE THE DETAILED PROPOSAL, EXCITED TO MOVE FORWARD."
A00335,D0148,,01/23/2026,"This is taking longer than expected, we need an update ASAP."
A00336,D0401,Follow Up,12-06-2026,"  Really appreciate the detailed proposal, excited to move forward.   "
A00337,D0144,note,2025/12/04,"  Great call today, looking forward to next steps.   "
A00338,D0283,Meeting,,"Really appreciate the detailed proposal, excited to move forward."
A00339,D0791,Follow Up,01/08/2026,Please find attached the requested documents.
A00340,D0625,,21-02-2026,
A00341,D0859,meeting,04/02/2026,"This is taking longer than expected, we need an update ASAP."
A00342,D0709,,06/15/2026,we may have to look at other vendors if this isn't resolved.
A00343,D0618,Follow Up,02/25/2026,"Not happy with the delay, please escalate."
A00344,D0432,call,25-07-2026,Please find attached the requested documents.
A00345,D0337,note,31-01-2026,CAN WE SCHEDULE A CALL SOMETIME NEXT WEEK?
A00346,D0826,,12/07/2026,Following up on our last conversation regarding pricing.
A00347,D0107,,2026/03/06,"This is taking longer than expected, we need an update ASAP."
A00348,D0684,note,,"Really appreciate the detailed proposal, excited to move forward."
A00349,D0101,Follow Up,03/31/2026,Can we schedule a call sometime next week?
A00350,D0619,note,2025-12-15,Can we schedule a call sometime next week?
A00351,D0472,Follow Up,2026-02-27,"This is taking longer than expected, we need an update ASAP."
A00352,D0797,note,2026-01-17,
A00353,D0337,Call,30/04/2026,"Thanks so much for the quick turnaround, this looks great!"
A00354,D0260,Meeting,05-05-2026,Can we schedule a call sometime next week?
A00355,D0457,call,23-04-2026,"  Great call today, looking forward to next steps.   "
A00356,D0561,Meeting,11-05-2026,"Great call today, looking forward to next steps."
A00357,D0342,Meeting,07/15/2026,Can we schedule a call sometime next week?
A00358,D0740,Call,06-07-2026,"Not happy with the delay, please escalate."
A00359,D0208,meeting,27/11/2025,Can we schedule a call sometime next week?
A00360,D0371,EMAIL,24-11-2025,"thanks so much for the quick turnaround, this looks great!"
A00361,D0519,follow-up,2026/06/17,we may have to look at other vendors if this isn't resolved.
A00362,D0078,email,2025/11/25,"This is taking longer than expected, we need an update ASAP."
A00363,D0349,follow-up,11/05/2025,"this is taking longer than expected, we need an update asap."
A00364,D0835,meeting,2026-07-13,Can we schedule a call sometime next week?
A00365,D0042,email,28-11-2025,"Thanks so much for the quick turnaround, this looks great!"
A00366,D0225,email,24/05/2026,following up on our last conversation regarding pricing.
A00367,D0022,Follow Up,20/04/2026,"This is taking longer than expected, we need an update ASAP."
A00368,D0197,note,2026/03/29,"This is taking longer than expected, we need an update ASAP."
A00369,D0397,meeting,22-04-2026,Please find attached the requested documents.
A00370,D0241,Meeting,2026-03-18,"Great call today, looking forward to next steps."
A00371,D0720,email,2026/06/09,"GREAT CALL TODAY, LOOKING FORWARD TO NEXT STEPS."
A00372,D0520,,2026-05-02,Following up on our last conversation regarding pricing.
A00373,D0661,follow-up,06/21/2026,"Not happy with the delay, please escalate."
A00374,D0472,Follow Up,2025/12/28,"THIS IS TAKING LONGER THAN EXPECTED, WE NEED AN UPDATE ASAP."
A00375,D0023,follow-up,2026-06-01,Can we schedule a call sometime next week?
A00376,D0066,Meeting,N/A,Please find attached the requested documents.
A00377,D0746,call,01/12/2025,"This is taking longer than expected, we need an update ASAP."
A00378,D0406,email,23-06-2026,We may have to look at other vendors if this isn't resolved.
A00379,D0239,Follow Up,2026/07/18,"this is taking longer than expected, we need an update asap."
A00380,D0698,Follow Up,2026-02-04,"Thanks so much for the quick turnaround, this looks great!"
A00381,D0123,Call,2026/06/05,"This is taking longer than expected, we need an update ASAP."
A00382,D0255,Follow Up,03/07/2026,"GREAT CALL TODAY, LOOKING FORWARD TO NEXT STEPS."
A00383,D0747,Call,2026-07-07,"This is taking longer than expected, we need an update ASAP."
A00384,D0397,note,26/04/2026,"Great call today, looking forward to next steps."
A00385,D0319,Meeting,03/06/2026,Please find attached the requested documents.
A00386,D0412,email,2026-02-16,
A00387,D0264,call,2026-07-15,WE MAY HAVE TO LOOK AT OTHER VENDORS IF THIS ISN'T RESOLVED.
A00388,D0173,call,2026/06/02,"THANKS SO MUCH FOR THE QUICK TURNAROUND, THIS LOOKS GREAT!"
A00389,D0029,Follow Up,2026-03-19,"great call today, looking forward to next steps."
A00390,D0187,follow-up,12-01-2026,"Really appreciate the detailed proposal, excited to move forward."
A00391,D0615,Meeting,29/04/2026,"Great call today, looking forward to next steps."
A00392,D0456,call,2026/01/23,"Really appreciate the detailed proposal, excited to move forward."
A00393,D0299,Call,07/05/2026,
A00394,D0198,Follow Up,2026/07/07,Can we schedule a call sometime next week?
A00395,D0562,note,2026-05-03,WE MAY HAVE TO LOOK AT OTHER VENDORS IF THIS ISN'T RESOLVED.
A00396,D0145,email,01/11/2025,
A00397,D0061,,2026/07/07,
A00398,D0671,Meeting,2025/11/09,We may have to look at other vendors if this isn't resolved.
A00399,D0659,email,11/07/2025,"Not happy with the delay, please escalate."
A00400,D0642,note,04/06/2026,"Really appreciate the detailed proposal, excited to move forward."
A00401,D0330,follow-up,18/06/2026,Please find attached the requested documents.
A00402,D0295,call,2026-03-22,Following up on our last conversation regarding pricing.
A00403,D0602,Follow Up,22-05-2026,
A00404,D0311,note,2026/01/26,"Thanks so much for the quick turnaround, this looks great!"
A00405,D0445,follow-up,12/17/2025,We may have to look at other vendors if this isn't resolved.
A00406,D0220,Call,04/06/2026,
A00407,D0209,,2026/02/26,"THANKS SO MUCH FOR THE QUICK TURNAROUND, THIS LOOKS GREAT!"
A00408,D0706,Call,2026-04-01,Following up on our last conversation regarding pricing.
A00409,D0339,EMAIL,02/15/2026,Can we schedule a call sometime next week?
A00410,D0160,EMAIL,2026/04/18,Please find attached the requested documents.
A00411,D0585,meeting,16-02-2026,"This is taking longer than expected, we need an update ASAP."
A00412,D0424,note,11/14/2025,
A00413,D0710,note,,"not happy with the delay, please escalate."
A00414,D0073,Call,26/02/2026,"really appreciate the detailed proposal, excited to move forward."
A00415,D0758,meeting,15/07/2026,Please find attached the requested documents.
A00416,D0584,meeting,2026-02-15,"This is taking longer than expected, we need an update ASAP."
A00417,D0089,follow-up,05/18/2026,
A00418,D0491,Call,2026-02-18,"this is taking longer than expected, we need an update asap."
A00419,D0826,Call,2026/01/26,Can we schedule a call sometime next week?
A00420,D0612,call,2025/12/13,Following up on our last conversation regarding pricing.
A00421,D0045,Follow Up,,"Great call today, looking forward to next steps."
A00422,D0180,Meeting,2026-05-13,"This is taking longer than expected, we need an update ASAP."
A00423,D0518,Call,12/05/2025,Can we schedule a call sometime next week?
A00424,D0893,,N/A,Following up on our last conversation regarding pricing.
A00425,D0165,EMAIL,07-04-2026,
A00426,D0531,follow-up,,"Great call today, looking forward to next steps."
A00427,D0040,EMAIL,05/28/2026,"Thanks so much for the quick turnaround, this looks great!"
A00428,D0834,note,2026-07-09,
A00429,D0559,Call,,"Not happy with the delay, please escalate."
A00430,D0290,Follow Up,12/14/2025,"Not happy with the delay, please escalate."
A00431,D0652,,01/27/2026,"Not happy with the delay, please escalate."
A00432,D0148,meeting,11/26/2025,"This is taking longer than expected, we need an update ASAP."
A00433,D0377,call,07-11-2025,"GREAT CALL TODAY, LOOKING FORWARD TO NEXT STEPS."
A00434,D0860,follow-up,03/11/2025,"Great call today, looking forward to next steps."
A00435,D0416,note,30/05/2026,"Not happy with the delay, please escalate."
A00436,D0373,Meeting,12/12/2025,"Great call today, looking forward to next steps."
A00437,D0223,email,2026/04/18,Can we schedule a call sometime next week?
A00438,D0783,note,29-03-2026,Following up on our last conversation regarding pricing.
A00439,D0556,,2026/07/24,"THIS IS TAKING LONGER THAN EXPECTED, WE NEED AN UPDATE ASAP."
A00440,D0565,EMAIL,2026/04/06,"this is taking longer than expected, we need an update asap."
A00441,D0711,email,11/07/2025,Please find attached the requested documents.
A00442,D0788,EMAIL,2026/05/20,following up on our last conversation regarding pricing.
A00443,D0252,EMAIL,27/07/2026,Can we schedule a call sometime next week?
A00444,D0544,call,2026-04-23,"REALLY APPRECIATE THE DETAILED PROPOSAL, EXCITED TO MOVE FORWARD."
A00445,D0891,call,2026-06-01,Can we schedule a call sometime next week?
A00446,D0762,EMAIL,21-12-2025,"Really appreciate the detailed proposal, excited to move forward."
A00447,D0598,,04/28/2026,Please find attached the requested documents.
A00448,D0164,EMAIL,2025-12-31,We may have to look at other vendors if this isn't resolved.
A00449,D0576,follow-up,23-12-2025,Following up on our last conversation regarding pricing.
A00450,D0151,,2026-06-18,"Great call today, looking forward to next steps."
A00451,D0489,EMAIL,2026/05/18,Can we schedule a call sometime next week?
A00452,D0187,,09/06/2026,Can we schedule a call sometime next week?
A00453,D0185,Meeting,N/A,"Great call today, looking forward to next steps."
A00454,D0154,Call,01/10/2026,Can we schedule a call sometime next week?
A00455,D0806,Call,14/11/2025,"Thanks so much for the quick turnaround, this looks great!"
A00456,D0174,Meeting,11/23/2025,We may have to look at other vendors if this isn't resolved.
A00457,D0025,,12/09/2025,"Thanks so much for the quick turnaround, this looks great!"
A00458,D0270,,06-11-2025,"Thanks so much for the quick turnaround, this looks great!"
A00459,D0673,,28-07-2026,WE MAY HAVE TO LOOK AT OTHER VENDORS IF THIS ISN'T RESOLVED.
A00460,D0640,call,2026-06-25,Please find attached the requested documents.
A00461,D0390,note,,Please find attached the requested documents.
A00462,D0823,follow-up,12/07/2026,"This is taking longer than expected, we need an update ASAP."
A00463,D0355,meeting,04/12/2025,Please find attached the requested documents.
A00464,D0688,Call,09-12-2025,
A00465,D0132,Call,01/11/2026,CAN WE SCHEDULE A CALL SOMETIME NEXT WEEK?
A00466,D0243,Call,2025-12-20,"Thanks so much for the quick turnaround, this looks great!"
A00467,D0633,Call,21/11/2025,Can we schedule a call sometime next week?
A00468,D0125,call,06/19/2026,"really appreciate the detailed proposal, excited to move forward."
A00469,D0094,call,07/08/2026,
A00470,D0329,follow-up,12/27/2025,"Not happy with the delay, please escalate."
A00471,D0295,Follow Up,2025-11-28,
A00472,D0181,email,2026/06/06,Following up on our last conversation regarding pricing.
A00473,D0078,email,21-02-2026,following up on our last conversation regarding pricing.
A00474,D0607,meeting,2026/03/13,  Please find attached the requested documents.   
A00475,D0354,email,20-04-2026,
A00476,D0065,,2025-12-28,"THIS IS TAKING LONGER THAN EXPECTED, WE NEED AN UPDATE ASAP."
A00477,D0734,,,"Really appreciate the detailed proposal, excited to move forward."
A00478,D0371,Follow Up,2026-07-02,Please find attached the requested documents.
A00479,D0367,,23-04-2026,"Not happy with the delay, please escalate."
A00480,D0195,email,2026-03-03,Can we schedule a call sometime next week?
A00481,D0333,note,14/12/2025,"not happy with the delay, please escalate."
A00482,D0395,note,01/21/2026,Can we schedule a call sometime next week?
A00483,D0153,note,05/07/2026,"great call today, looking forward to next steps."
A00484,D0223,Call,,"not happy with the delay, please escalate."
A00485,D0023,,22-04-2026,We may have to look at other vendors if this isn't resolved.
A00486,D0622,,06/22/2026,
A00487,D0109,Call,02/12/2025,please find attached the requested documents.
A00488,D0507,email,2026-02-02,Please find attached the requested documents.
A00489,D0319,Follow Up,2026-02-03,"Great call today, looking forward to next steps."
A00490,D0383,EMAIL,30/07/2026,"REALLY APPRECIATE THE DETAILED PROPOSAL, EXCITED TO MOVE FORWARD."
A00491,D0253,email,04/13/2026,Can we schedule a call sometime next week?
A00492,D0488,meeting,2025/11/01,Can we schedule a call sometime next week?
A00493,D0330,Follow Up,03/23/2026,Following up on our last conversation regarding pricing.
A00494,D0577,,09-01-2026,We may have to look at other vendors if this isn't resolved.
A00495,D0152,Follow Up,2025/12/03,"Not happy with the delay, please escalate."
A00496,D0746,meeting,N/A,"This is taking longer than expected, we need an update ASAP."
A00497,D0283,EMAIL,2026-03-27,"  Not happy with the delay, please escalate.   "
A00498,D0336,Meeting,22/03/2026,we may have to look at other vendors if this isn't resolved.
A00499,D0328,,2026/05/27,  We may have to look at other vendors if this isn't resolved.   
A00500,D0193,Follow Up,29-12-2025,"Thanks so much for the quick turnaround, this looks great!"
A00501,D0819,follow-up,08/02/2026,"This is taking longer than expected, we need an update ASAP."
A00502,D0306,meeting,04-07-2026,"THANKS SO MUCH FOR THE QUICK TURNAROUND, THIS LOOKS GREAT!"
A00503,D0432,Call,11/08/2025,"Not happy with the delay, please escalate."
A00504,D0609,,2025-12-08,Please find attached the requested documents.
A00505,D0622,,2025/11/23,
A00506,D0054,Meeting,08-05-2026,"Great call today, looking forward to next steps."
A00507,D0564,call,05-12-2025,"this is taking longer than expected, we need an update asap."
A00508,D0779,call,14-01-2026,
A00509,D0735,EMAIL,2025-12-25,"great call today, looking forward to next steps."
A00510,D0731,email,25-11-2025,Can we schedule a call sometime next week?
A00511,D0769,Call,2026/05/13,"Thanks so much for the quick turnaround, this looks great!"
A00512,D0406,EMAIL,2026-04-28,Following up on our last conversation regarding pricing.
A00513,D0890,meeting,2026-03-08,WE MAY HAVE TO LOOK AT OTHER VENDORS IF THIS ISN'T RESOLVED.
A00514,D0715,email,2026-06-10,Following up on our last conversation regarding pricing.
A00515,D0892,EMAIL,27-02-2026,"This is taking longer than expected, we need an update ASAP."
A00516,D0020,follow-up,17/07/2026,"Thanks so much for the quick turnaround, this looks great!"
A00517,D0564,Call,,"  Thanks so much for the quick turnaround, this looks great!   "
A00518,D0008,Meeting,2026/01/08,Can we schedule a call sometime next week?
A00519,D0407,email,2025-12-24,Please find attached the requested documents.
A00520,D0398,EMAIL,2026/06/20,Please find attached the requested documents.
A00521,D0267,note,15-05-2026,"NOT HAPPY WITH THE DELAY, PLEASE ESCALATE."
A00522,D0668,follow-up,07/21/2026,"great call today, looking forward to next steps."
A00523,D0110,email,2025/11/28,Please find attached the requested documents.
A00524,D0185,Follow Up,05-06-2026,"NOT HAPPY WITH THE DELAY, PLEASE ESCALATE."
A00525,D0581,meeting,2026-04-10,PLEASE FIND ATTACHED THE REQUESTED DOCUMENTS.
A00526,D0882,Meeting,15/12/2025,Can we schedule a call sometime next week?
A00527,D0772,EMAIL,26/12/2025,We may have to look at other vendors if this isn't resolved.
A00528,D0684,email,N/A,"Really appreciate the detailed proposal, excited to move forward."
A00529,D0635,call,27-02-2026,"Thanks so much for the quick turnaround, this looks great!"
A00530,D0582,EMAIL,02-03-2026,Following up on our last conversation regarding pricing.
A00531,D0760,Meeting,N/A,"This is taking longer than expected, we need an update ASAP."
A00532,D0036,Call,13-01-2026,"Not happy with the delay, please escalate."
A00533,D0820,email,2026-01-26,"not happy with the delay, please escalate."
A00534,D0743,email,2025/11/29,
A00535,D0577,,N/A,"  Great call today, looking forward to next steps.   "
A00536,D0387,call,,"This is taking longer than expected, we need an update ASAP."
A00537,D0014,Follow Up,2026-02-05,Please find attached the requested documents.
A00538,D0208,meeting,,Please find attached the requested documents.
A00539,D0707,,2026-06-12,"This is taking longer than expected, we need an update ASAP."
A00540,D0811,email,2026-03-03,Please find attached the requested documents.
A00541,D0468,,02-07-2026,Can we schedule a call sometime next week?
A00542,D0329,Meeting,2026/07/20,"This is taking longer than expected, we need an update ASAP."
A00543,D0786,meeting,08/01/2026,We may have to look at other vendors if this isn't resolved.
A00544,D0089,Follow Up,02/20/2026,Can we schedule a call sometime next week?
A00545,D0462,follow-up,04/14/2026,"Thanks so much for the quick turnaround, this looks great!"
A00546,D0641,EMAIL,2026/06/28,"Great call today, looking forward to next steps."
A00547,D0836,email,18/07/2026,"Really appreciate the detailed proposal, excited to move forward."
A00548,D0514,follow-up,,"Really appreciate the detailed proposal, excited to move forward."
A00549,D0564,EMAIL,17-02-2026,"not happy with the delay, please escalate."
A00550,D0817,Meeting,01/12/2025,We may have to look at other vendors if this isn't resolved.
A00551,D0591,Meeting,2026-06-10,Following up on our last conversation regarding pricing.
A00552,D0855,email,2026/02/26,"Really appreciate the detailed proposal, excited to move forward."
A00553,D0712,meeting,21/12/2025,Please find attached the requested documents.
A00554,D0099,email,,"Thanks so much for the quick turnaround, this looks great!"
A00555,D0848,Call,N/A,"Not happy with the delay, please escalate."
A00556,D0367,note,,Please find attached the requested documents.
A00557,D0312,note,10/12/2025,"Thanks so much for the quick turnaround, this looks great!"
A00558,D0512,Meeting,25-01-2026,"Not happy with the delay, please escalate."
A00559,D0552,Call,2025/11/03,Can we schedule a call sometime next week?
A00560,D0028,note,,
A00561,D0259,follow-up,05/15/2026,"Really appreciate the detailed proposal, excited to move forward."
A00562,D0248,Follow Up,2025-12-29,Can we schedule a call sometime next week?
A00563,D0876,,04/04/2026,"REALLY APPRECIATE THE DETAILED PROPOSAL, EXCITED TO MOVE FORWARD."
A00564,D0884,call,27/01/2026,"Really appreciate the detailed proposal, excited to move forward."
A00565,D0714,Follow Up,2026/01/03,"Thanks so much for the quick turnaround, this looks great!"
A00566,D0530,,18/11/2025,
A00567,D0616,Meeting,01/17/2026,"really appreciate the detailed proposal, excited to move forward."
A00568,D0006,note,12/28/2025,"THIS IS TAKING LONGER THAN EXPECTED, WE NEED AN UPDATE ASAP."
A00569,D0349,Follow Up,12/30/2025,"Not happy with the delay, please escalate."
A00570,D0119,Call,04/03/2026,"Thanks so much for the quick turnaround, this looks great!"
A00571,D0716,note,,We may have to look at other vendors if this isn't resolved.
A00572,D0557,Call,2026-07-17,Please find attached the requested documents.
A00573,D0069,Call,09-06-2026,"Not happy with the delay, please escalate."
A00574,D0897,EMAIL,05/03/2026,"Really appreciate the detailed proposal, excited to move forward."
A00575,D0457,follow-up,06-04-2026,"NOT HAPPY WITH THE DELAY, PLEASE ESCALATE."
A00576,D0190,Follow Up,2026/04/26,"  Thanks so much for the quick turnaround, this looks great!   "
A00577,D0137,note,,
A00578,D0538,meeting,2026-02-27,Please find attached the requested documents.
A00579,D0250,,06/11/2026,"Not happy with the delay, please escalate."
A00580,D0177,note,2025/12/24,"really appreciate the detailed proposal, excited to move forward."
A00581,D0523,EMAIL,2025-11-14,"Not happy with the delay, please escalate."
A00582,D0580,EMAIL,15/03/2026,Can we schedule a call sometime next week?
A00583,D0417,call,2025-11-13,
A00584,D0688,Meeting,2026/01/14,Following up on our last conversation regarding pricing.
A00585,D0630,follow-up,12/03/2025,Following up on our last conversation regarding pricing.
A00586,D0792,Call,2026-03-04,
A00587,D0539,EMAIL,2026-04-14,Can we schedule a call sometime next week?
A00588,D0666,Meeting,2026/04/11,Can we schedule a call sometime next week?
A00589,D0482,follow-up,2026/01/04,We may have to look at other vendors if this isn't resolved.
A00590,D0677,Follow Up,06-11-2025,"Really appreciate the detailed proposal, excited to move forward."
A00591,D0546,follow-up,2025-11-05,Please find attached the requested documents.
A00592,D0896,meeting,06/03/2026,Can we schedule a call sometime next week?
A00593,D0246,Follow Up,07-04-2026,Following up on our last conversation regarding pricing.
A00594,D0422,meeting,01/11/2025,Following up on our last conversation regarding pricing.
A00595,D0143,meeting,06-03-2026,We may have to look at other vendors if this isn't resolved.
A00596,D0474,Follow Up,2025-12-06,Please find attached the requested documents.
A00597,D0809,Meeting,23/07/2026,  Can we schedule a call sometime next week?   
A00598,D0278,Follow Up,10-11-2025,
A00599,D0128,note,26/03/2026,"THANKS SO MUCH FOR THE QUICK TURNAROUND, THIS LOOKS GREAT!"
A00600,D0261,,2026/03/24,Please find attached the requested documents.
A00601,D0273,call,31/01/2026,"Really appreciate the detailed proposal, excited to move forward."
A00602,D0123,EMAIL,05-11-2025,
A00603,D0111,follow-up,03/09/2026,"Really appreciate the detailed proposal, excited to move forward."
A00604,D0210,call,2026/06/15,"THANKS SO MUCH FOR THE QUICK TURNAROUND, THIS LOOKS GREAT!"
A00605,D0640,meeting,02/22/2026,  Following up on our last conversation regarding pricing.   
A00606,D0770,meeting,21-01-2026,following up on our last conversation regarding pricing.
A00607,D0325,email,26/01/2026,
A00608,D0165,Call,2026/02/03,Please find attached the requested documents.
A00609,D0253,note,22/11/2025,"Great call today, looking forward to next steps."
A00610,D0287,Call,,Please find attached the requested documents.
A00611,D0870,note,03/15/2026,"Really appreciate the detailed proposal, excited to move forward."
A00612,D0455,,13/11/2025,"THIS IS TAKING LONGER THAN EXPECTED, WE NEED AN UPDATE ASAP."
A00613,D0211,,2026/01/21,Can we schedule a call sometime next week?
A00614,D0631,note,2026/07/27,Following up on our last conversation regarding pricing.
A00615,D0616,note,15/03/2026,  Following up on our last conversation regarding pricing.   
A00616,D0281,email,04/25/2026,"This is taking longer than expected, we need an update ASAP."
A00617,D0025,Follow Up,2026-07-07,
A00618,D0586,Meeting,2026-06-19,"Not happy with the delay, please escalate."
A00619,D0435,Call,15-07-2026,Following up on our last conversation regarding pricing.
A00620,D0267,,11/28/2025,We may have to look at other vendors if this isn't resolved.
A00621,D0867,call,31-12-2025,
A00622,D0163,Call,2026/06/14,"Thanks so much for the quick turnaround, this looks great!"
A00623,D0262,,12/08/2025,"This is taking longer than expected, we need an update ASAP."
A00624,D0235,note,2026/07/30,
A00625,D0054,Follow Up,06/24/2026,Please find attached the requested documents.
A00626,D0715,EMAIL,05/17/2026,"REALLY APPRECIATE THE DETAILED PROPOSAL, EXCITED TO MOVE FORWARD."
A00627,D0837,EMAIL,01/01/2026,We may have to look at other vendors if this isn't resolved.
A00628,D0157,follow-up,11/24/2025,"Thanks so much for the quick turnaround, this looks great!"
A00629,D0279,follow-up,2026/05/17,We may have to look at other vendors if this isn't resolved.
A00630,D0172,call,06/10/2026,Following up on our last conversation regarding pricing.
A00631,D0588,meeting,11/06/2026,"Great call today, looking forward to next steps."
A00632,D0166,Follow Up,2026-03-27,"this is taking longer than expected, we need an update asap."
A00633,D0542,,01/11/2025,We may have to look at other vendors if this isn't resolved.
A00634,D0538,,2026/05/07,Can we schedule a call sometime next week?
A00635,D0858,note,2025/11/14,"this is taking longer than expected, we need an update asap."
A00636,D0130,call,2026/06/30,Can we schedule a call sometime next week?
A00637,D0423,note,12-11-2025,"Thanks so much for the quick turnaround, this looks great!"
A00638,D0017,email,11/13/2025,"Not happy with the delay, please escalate."
A00639,D0768,EMAIL,22-01-2026,
A00640,D0233,,11/01/2026,"Not happy with the delay, please escalate."
A00641,D0210,,2026-05-07,Following up on our last conversation regarding pricing.
A00642,D0104,meeting,05-06-2026,"Not happy with the delay, please escalate."
A00643,D0894,note,N/A,Please find attached the requested documents.
A00644,D0489,call,10/05/2026,"Really appreciate the detailed proposal, excited to move forward."
A00645,D0519,EMAIL,,"really appreciate the detailed proposal, excited to move forward."
A00646,D0277,call,,Following up on our last conversation regarding pricing.
A00647,D0460,note,2025/12/03,"Not happy with the delay, please escalate."
A00648,D0377,call,2026/01/26,"Really appreciate the detailed proposal, excited to move forward."
A00649,D0444,follow-up,,We may have to look at other vendors if this isn't resolved.
A00650,D0069,EMAIL,09/04/2026,Can we schedule a call sometime next week?
A00651,D0740,meeting,06/21/2026,"Really appreciate the detailed proposal, excited to move forward."
A00652,D0226,call,,"Thanks so much for the quick turnaround, this looks great!"
A00653,D0583,email,04/23/2026,"This is taking longer than expected, we need an update ASAP."
A00654,D0216,call,05/02/2026,"Thanks so much for the quick turnaround, this looks great!"
A00655,D0068,email,03/23/2026,"not happy with the delay, please escalate."
A00656,D0832,Meeting,05-01-2026,"Not happy with the delay, please escalate."
A00657,D0572,follow-up,11-03-2026,Can we schedule a call sometime next week?
A00658,D0856,Follow Up,14-03-2026,
A00659,D0495,meeting,2026/01/16,Please find attached the requested documents.
A00660,D0415,call,31-05-2026,please find attached the requested documents.
A00661,D0229,email,03/12/2026,"Not happy with the delay, please escalate."
A00662,D0715,follow-up,25/11/2025,"This is taking longer than expected, we need an update ASAP."
A00663,D0084,email,29/05/2026,"Really appreciate the detailed proposal, excited to move forward."
A00664,D0059,note,14/05/2026,"Great call today, looking forward to next steps."
A00665,D0342,Meeting,02/05/2026,"Not happy with the delay, please escalate."
A00666,D0406,Follow Up,17/06/2026,Following up on our last conversation regarding pricing.
A00667,D0169,Meeting,05-01-2026,"This is taking longer than expected, we need an update ASAP."
A00668,D0085,call,26/04/2026,"Not happy with the delay, please escalate."
A00669,D0813,EMAIL,2026-06-22,"not happy with the delay, please escalate."
A00670,D0864,Meeting,09-05-2026,"REALLY APPRECIATE THE DETAILED PROPOSAL, EXCITED TO MOVE FORWARD."
A00671,D0339,Call,,"Really appreciate the detailed proposal, excited to move forward."
A00672,D0842,email,15/03/2026,"not happy with the delay, please escalate."
A00673,D0631,follow-up,N/A,please find attached the requested documents.
A00674,D0873,meeting,2026/05/03,"Really appreciate the detailed proposal, excited to move forward."
A00675,D0291,call,08-03-2026,"Great call today, looking forward to next steps."
A00676,D0368,follow-up,13/02/2026,"This is taking longer than expected, we need an update ASAP."
A00677,D0868,meeting,03/14/2026,Following up on our last conversation regarding pricing.
A00678,D0038,Call,N/A,"really appreciate the detailed proposal, excited to move forward."
A00679,D0130,EMAIL,11-06-2026,Can we schedule a call sometime next week?
A00680,D0736,,2026-05-28,We may have to look at other vendors if this isn't resolved.
A00681,D0727,email,2026-03-21,can we schedule a call sometime next week?
A00682,D0068,call,,Please find attached the requested documents.
A00683,D0475,note,17-07-2026,"not happy with the delay, please escalate."
A00684,D0725,note,2026/05/13,"GREAT CALL TODAY, LOOKING FORWARD TO NEXT STEPS."
A00685,D0257,note,28-04-2026,"GREAT CALL TODAY, LOOKING FORWARD TO NEXT STEPS."
A00686,D0526,Follow Up,20-06-2026,Following up on our last conversation regarding pricing.
A00687,D0790,call,29-11-2025,Can we schedule a call sometime next week?
A00688,D0791,follow-up,12/06/2025,Can we schedule a call sometime next week?
A00689,D0762,follow-up,09/07/2026,We may have to look at other vendors if this isn't resolved.
A00690,D0627,email,2026-02-14,"Not happy with the delay, please escalate."
A00691,D0298,follow-up,04/03/2026,
A00692,D0604,Call,19/04/2026,"Not happy with the delay, please escalate."
A00693,D0237,Meeting,12/26/2025,"Not happy with the delay, please escalate."
A00694,D0873,call,2026/02/18,
A00695,D0235,call,19/11/2025,Following up on our last conversation regarding pricing.
A00696,D0078,meeting,2026/02/24,"THIS IS TAKING LONGER THAN EXPECTED, WE NEED AN UPDATE ASAP."
A00697,D0751,meeting,2026-05-07,"Not happy with the delay, please escalate."
A00698,D0678,follow-up,2026-07-19,Following up on our last conversation regarding pricing.
A00699,D0744,Meeting,04/07/2026,
A00700,D0663,email,2025-11-28,"really appreciate the detailed proposal, excited to move forward."
A00701,D0265,EMAIL,06-03-2026,"this is taking longer than expected, we need an update asap."
A00702,D0747,EMAIL,29-11-2025,Please find attached the requested documents.
A00703,D0655,Call,N/A,"Great call today, looking forward to next steps."
A00704,D0004,email,N/A,Please find attached the requested documents.
A00705,D0463,Meeting,2026/03/06,"Not happy with the delay, please escalate."
A00706,D0630,meeting,12-01-2026,"Really appreciate the detailed proposal, excited to move forward."
A00707,D0194,follow-up,2026-03-10,"Really appreciate the detailed proposal, excited to move forward."
A00708,D0351,EMAIL,2026/03/25,Following up on our last conversation regarding pricing.
A00709,D0647,Meeting,,"This is taking longer than expected, we need an update ASAP."
A00710,D0827,follow-up,02/12/2025,following up on our last conversation regarding pricing.
A00711,D0496,Follow Up,2026-03-31,Following up on our last conversation regarding pricing.
A00712,D0800,,05/02/2026,"This is taking longer than expected, we need an update ASAP."
A00713,D0043,call,2025-12-28,CAN WE SCHEDULE A CALL SOMETIME NEXT WEEK?
A00714,D0382,Meeting,2026-02-17,
A00715,D0864,Call,2026/02/26,"Really appreciate the detailed proposal, excited to move forward."
A00716,D0567,follow-up,30-01-2026,
A00717,D0856,Meeting,2026/03/01,"This is taking longer than expected, we need an update ASAP."
A00718,D0057,meeting,02/09/2026,Please find attached the requested documents.
A00719,D0288,Meeting,2025-11-14,We may have to look at other vendors if this isn't resolved.
A00720,D0757,meeting,2026-02-13,Please find attached the requested documents.
A00721,D0891,EMAIL,2026/07/12,
A00722,D0271,Meeting,2025-12-23,"Great call today, looking forward to next steps."
A00723,D0081,email,,Please find attached the requested documents.
A00724,D0555,Call,2025/12/18,We may have to look at other vendors if this isn't resolved.
A00725,D0305,Call,2026-01-15,Please find attached the requested documents.
A00726,D0674,Meeting,2026-04-15,"GREAT CALL TODAY, LOOKING FORWARD TO NEXT STEPS."
A00727,D0603,call,22/03/2026,"Thanks so much for the quick turnaround, this looks great!"
A00728,D0555,Call,2025/11/30,We may have to look at other vendors if this isn't resolved.
A00729,D0343,EMAIL,2025/11/14,
A00730,D0224,EMAIL,2026/01/07,
A00731,D0536,meeting,11/30/2025,
A00732,D0217,Follow Up,12/02/2025,We may have to look at other vendors if this isn't resolved.
A00733,D0605,note,03-07-2026,  Please find attached the requested documents.   
A00734,D0128,note,2026/04/07,"NOT HAPPY WITH THE DELAY, PLEASE ESCALATE."
A00735,D0605,email,01/04/2026,"Great call today, looking forward to next steps."
A00736,D0688,email,2026-03-26,Following up on our last conversation regarding pricing.
A00737,D0749,Call,01/14/2026,Following up on our last conversation regarding pricing.
A00738,D0003,email,2026-06-30,"this is taking longer than expected, we need an update asap."
A00739,D0148,EMAIL,2026-05-11,Can we schedule a call sometime next week?
A00740,D0676,follow-up,19/02/2026,Following up on our last conversation regarding pricing.
A00741,D0399,Meeting,02/16/2026,"Not happy with the delay, please escalate."
A00742,D0051,meeting,,"not happy with the delay, please escalate."
A00743,D0854,call,2026/06/14,  Please find attached the requested documents.   
A00744,D0295,EMAIL,05/08/2026,"This is taking longer than expected, we need an update ASAP."
A00745,D0781,follow-up,N/A,"Not happy with the delay, please escalate."
A00746,D0461,email,17-12-2025,"Not happy with the delay, please escalate."
A00747,D0492,email,12/26/2025,"Thanks so much for the quick turnaround, this looks great!"
A00748,D0394,email,2026/04/23,We may have to look at other vendors if this isn't resolved.
A00749,D0275,Meeting,2026-05-12,Please find attached the requested documents.
A00750,D0318,note,,"  Really appreciate the detailed proposal, excited to move forward.   "
A00751,D0830,email,2025/11/01,We may have to look at other vendors if this isn't resolved.
A00752,D0542,call,2025-12-21,Can we schedule a call sometime next week?
A00753,D0430,Follow Up,07/07/2026,following up on our last conversation regarding pricing.
A00754,D0739,note,19-04-2026,Following up on our last conversation regarding pricing.
A00755,D0617,Follow Up,2026-05-21,"This is taking longer than expected, we need an update ASAP."
A00756,D0251,Meeting,,Can we schedule a call sometime next week?
A00757,D0546,Meeting,07/05/2026,
A00758,D0579,EMAIL,2025-12-17,Following up on our last conversation regarding pricing.
A00759,D0757,Call,2026/05/06,"Not happy with the delay, please escalate."
A00760,D0220,email,2025-12-16,PLEASE FIND ATTACHED THE REQUESTED DOCUMENTS.
A00761,D0124,meeting,30/01/2026,FOLLOWING UP ON OUR LAST CONVERSATION REGARDING PRICING.
A00762,D0627,Call,05-03-2026,We may have to look at other vendors if this isn't resolved.
A00763,D0247,call,21-07-2026,we may have to look at other vendors if this isn't resolved.
A00764,D0747,call,01/05/2026,Following up on our last conversation regarding pricing.
A00765,D0103,Call,02/25/2026,PLEASE FIND ATTACHED THE REQUESTED DOCUMENTS.
A00766,D0366,,11/06/2025,"Thanks so much for the quick turnaround, this looks great!"
A00767,D0586,call,07/25/2026,"Great call today, looking forward to next steps."
A00768,D0047,EMAIL,06/29/2026,following up on our last conversation regarding pricing.
A00769,D0678,,12/17/2025,"thanks so much for the quick turnaround, this looks great!"
A00770,D0210,Meeting,27-05-2026,
A00771,D0163,,11/03/2025,CAN WE SCHEDULE A CALL SOMETIME NEXT WEEK?
A00772,D0864,note,02/04/2026,FOLLOWING UP ON OUR LAST CONVERSATION REGARDING PRICING.
A00773,D0446,email,03/10/2026,Please find attached the requested documents.
A00774,D0621,follow-up,2025/10/31,Can we schedule a call sometime next week?
A00775,D0609,follow-up,06/27/2026,"Not happy with the delay, please escalate."
A00776,D0814,,09-03-2026,Following up on our last conversation regarding pricing.
A00777,D0856,call,12-11-2025,"This is taking longer than expected, we need an update ASAP."
A00778,D0094,Follow Up,11/05/2025,"  Thanks so much for the quick turnaround, this looks great!   "
A00779,D0878,Call,05/05/2026,"GREAT CALL TODAY, LOOKING FORWARD TO NEXT STEPS."
A00780,D0897,email,01/19/2026,"Thanks so much for the quick turnaround, this looks great!"
A00781,D0621,Call,2026/01/02,"Really appreciate the detailed proposal, excited to move forward."
A00782,D0266,meeting,03/18/2026,"GREAT CALL TODAY, LOOKING FORWARD TO NEXT STEPS."
A00783,D0859,email,05/26/2026,"Really appreciate the detailed proposal, excited to move forward."
A00784,D0074,note,2026/05/31,"Really appreciate the detailed proposal, excited to move forward."
A00785,D0169,meeting,27-11-2025,
A00786,D0028,call,2026-06-08,"Really appreciate the detailed proposal, excited to move forward."
A00787,D0828,Follow Up,01/31/2026,
A00788,D0803,follow-up,2026-03-14,"Thanks so much for the quick turnaround, this looks great!"
A00789,D0321,note,2026/02/04,Please find attached the requested documents.
A00790,D0088,follow-up,2026/03/29,We may have to look at other vendors if this isn't resolved.
A00791,D0787,Call,01-05-2026,
A00792,D0389,,,
A00793,D0051,call,03/06/2026,"This is taking longer than expected, we need an update ASAP."
A00794,D0371,follow-up,06/15/2026,"This is taking longer than expected, we need an update ASAP."
A00795,D0423,EMAIL,2026/01/21,Following up on our last conversation regarding pricing.
A00796,D0051,Meeting,01/30/2026,"This is taking longer than expected, we need an update ASAP."
A00797,D0041,,N/A,  Following up on our last conversation regarding pricing.   
A00798,D0629,follow-up,01-05-2026,"Thanks so much for the quick turnaround, this looks great!"
A00799,D0877,follow-up,2026-06-25,
A00800,D0126,note,2026/06/19,"Really appreciate the detailed proposal, excited to move forward."
A00801,D0757,call,13-03-2026,"Great call today, looking forward to next steps."
A00802,D0661,email,13/01/2026,
A00803,D0275,email,2026-03-22,"Great call today, looking forward to next steps."
A00804,D0303,EMAIL,24-04-2026,
A00805,D0860,note,12/11/2025,Can we schedule a call sometime next week?
A00806,D0442,email,20-02-2026,
A00807,D0400,meeting,30/12/2025,"Great call today, looking forward to next steps."
A00808,D0776,meeting,2026-07-30,"Great call today, looking forward to next steps."
A00809,D0692,Meeting,02/06/2026,please find attached the requested documents.
A00810,D0747,call,09/11/2025,"This is taking longer than expected, we need an update ASAP."
A00811,D0884,meeting,2026/04/07,
A00812,D0232,Call,2026/05/10,We may have to look at other vendors if this isn't resolved.
A00813,D0283,Meeting,02/26/2026,"Not happy with the delay, please escalate."
A00814,D0690,Meeting,,"Thanks so much for the quick turnaround, this looks great!"
A00815,D0210,email,24-11-2025,Following up on our last conversation regarding pricing.
A00816,D0323,Call,07/10/2026,
A00817,D0729,Follow Up,11/02/2026,"Really appreciate the detailed proposal, excited to move forward."
A00818,D0204,email,11/30/2025,"  Not happy with the delay, please escalate.   "
A00819,D0331,email,,"This is taking longer than expected, we need an update ASAP."
A00820,D0086,Follow Up,21/04/2026,
A00821,D0513,note,2026/03/29,"THANKS SO MUCH FOR THE QUICK TURNAROUND, THIS LOOKS GREAT!"
A00822,D0841,call,2026-07-08,"Really appreciate the detailed proposal, excited to move forward."
A00823,D0563,EMAIL,2026/07/28,"  Thanks so much for the quick turnaround, this looks great!   "
A00824,D0484,,28-06-2026,"Really appreciate the detailed proposal, excited to move forward."
A00825,D0004,Follow Up,18/12/2025,Can we schedule a call sometime next week?
A00826,D0185,call,N/A,"Really appreciate the detailed proposal, excited to move forward."
A00827,D0655,Follow Up,2026/02/04,  Please find attached the requested documents.   
A00828,D0489,Meeting,2026/01/30,"Great call today, looking forward to next steps."
A00829,D0175,EMAIL,2026/04/10,we may have to look at other vendors if this isn't resolved.
A00830,D0282,Meeting,2026-07-17,
A00831,D0764,meeting,2026/01/15,
A00832,D0376,call,22-12-2025,Following up on our last conversation regarding pricing.
A00833,D0446,call,2026-04-08,"Really appreciate the detailed proposal, excited to move forward."
A00834,D0867,call,05/11/2026,"Thanks so much for the quick turnaround, this looks great!"
A00835,D0400,note,2026-06-16,"Thanks so much for the quick turnaround, this looks great!"
A00836,D0075,Meeting,12/04/2025,"Really appreciate the detailed proposal, excited to move forward."
A00837,D0261,Meeting,06/06/2026,We may have to look at other vendors if this isn't resolved.
A00838,D0112,,04/04/2026,"This is taking longer than expected, we need an update ASAP."
A00839,D0147,Follow Up,2026/06/05,Please find attached the requested documents.
A00840,D0119,email,2026/02/03,"Thanks so much for the quick turnaround, this looks great!"
A00841,D0799,email,11/30/2025,"Not happy with the delay, please escalate."
A00842,D0755,follow-up,2025-11-02,  Following up on our last conversation regarding pricing.   
A00843,D0742,Call,N/A,Can we schedule a call sometime next week?
A00844,D0621,call,2025/12/10,"Really appreciate the detailed proposal, excited to move forward."
A00845,D0187,call,05/05/2026,Please find attached the requested documents.
A00846,D0775,Follow Up,2026/03/23,"This is taking longer than expected, we need an update ASAP."
A00847,D0385,meeting,2026/01/18,"NOT HAPPY WITH THE DELAY, PLEASE ESCALATE."
A00848,D0149,follow-up,2026/04/02,"This is taking longer than expected, we need an update ASAP."
A00849,D0151,Meeting,15-12-2025,"Thanks so much for the quick turnaround, this looks great!"
A00850,D0584,Follow Up,03/13/2026,"Great call today, looking forward to next steps."
A00851,D0860,email,11/18/2025,"This is taking longer than expected, we need an update ASAP."
A00852,D0057,note,2026-01-20,We may have to look at other vendors if this isn't resolved.
A00853,D0121,,2026-03-04,"not happy with the delay, please escalate."
A00854,D0576,email,12/30/2025,Can we schedule a call sometime next week?
A00855,D0371,email,2026/06/14,"Great call today, looking forward to next steps."
A00856,D0018,meeting,04-12-2025,"This is taking longer than expected, we need an update ASAP."
A00857,D0146,Follow Up,14-03-2026,"Thanks so much for the quick turnaround, this looks great!"
A00858,D0151,note,01-11-2025,We may have to look at other vendors if this isn't resolved.
A00859,D0273,Call,04/02/2026,"This is taking longer than expected, we need an update ASAP."
A00860,D0850,email,,
A00861,D0851,EMAIL,2025/11/14,Can we schedule a call sometime next week?
A00862,D0769,Call,12/08/2025,Please find attached the requested documents.
A00863,D0602,meeting,29-06-2026,"Thanks so much for the quick turnaround, this looks great!"
A00864,D0169,,2026-06-03,"Thanks so much for the quick turnaround, this looks great!"
A00865,D0615,note,17/03/2026,"Really appreciate the detailed proposal, excited to move forward."
A00866,D0782,note,2026-07-20,"Really appreciate the detailed proposal, excited to move forward."
A00867,D0343,call,,
A00868,D0664,meeting,2026/07/19,"Really appreciate the detailed proposal, excited to move forward."
A00869,D0465,note,2026/05/14,Following up on our last conversation regarding pricing.
A00870,D0658,note,2025-12-09,  Can we schedule a call sometime next week?   
A00871,D0018,,2026/05/20,
A00872,D0460,EMAIL,26/02/2026,"Great call today, looking forward to next steps."
A00873,D0569,Call,09/07/2026,"Not happy with the delay, please escalate."
A00874,D0165,Follow Up,2026/01/19,"Really appreciate the detailed proposal, excited to move forward."
A00875,D0407,follow-up,09-11-2025,"Really appreciate the detailed proposal, excited to move forward."
A00876,D0465,email,07/13/2026,Can we schedule a call sometime next week?
A00877,D0208,Meeting,07/01/2026,"Really appreciate the detailed proposal, excited to move forward."
A00878,D0476,call,05/05/2026,"REALLY APPRECIATE THE DETAILED PROPOSAL, EXCITED TO MOVE FORWARD."
A00879,D0389,Call,14/02/2026,Following up on our last conversation regarding pricing.
A00880,D0326,EMAIL,2026/02/17,Can we schedule a call sometime next week?
A00881,D0459,Call,2026/07/06,Please find attached the requested documents.
A00882,D0744,EMAIL,03-07-2026,"thanks so much for the quick turnaround, this looks great!"
A00883,D0523,call,2026-07-10,"This is taking longer than expected, we need an update ASAP."
A00884,D0243,,13-04-2026,"Really appreciate the detailed proposal, excited to move forward."
A00885,D0146,,17/12/2025,we may have to look at other vendors if this isn't resolved.
A00886,D0015,EMAIL,27/02/2026,We may have to look at other vendors if this isn't resolved.
A00887,D0199,meeting,28/06/2026,"Great call today, looking forward to next steps."
A00888,D0850,,2026/06/08,"  Not happy with the delay, please escalate.   "
A00889,D0847,email,2025/12/08,Following up on our last conversation regarding pricing.
A00890,D0182,follow-up,29-05-2026,"THIS IS TAKING LONGER THAN EXPECTED, WE NEED AN UPDATE ASAP."
A00891,D0769,,2026-01-08,"Not happy with the delay, please escalate."
A00892,D0737,note,2026-02-22,
A00893,D0882,,25/12/2025,We may have to look at other vendors if this isn't resolved.
A00894,D0812,call,2026-01-23,
A00895,D0861,EMAIL,20-01-2026,
A00896,D0403,Meeting,,Can we schedule a call sometime next week?
A00897,D0108,meeting,03/06/2026,"Really appreciate the detailed proposal, excited to move forward."
A00898,D0179,Call,12/20/2025,Can we schedule a call sometime next week?
A00899,D0774,Follow Up,2026/06/02,We may have to look at other vendors if this isn't resolved.
A00900,D0441,Follow Up,16-06-2026,We may have to look at other vendors if this isn't resolved.
A00901,D0130,call,2025-11-26,Following up on our last conversation regarding pricing.
A00902,D0737,Follow Up,24-03-2026,We may have to look at other vendors if this isn't resolved.
A00903,D0306,Follow Up,2026/05/09,
A00904,D0087,meeting,2026/03/18,We may have to look at other vendors if this isn't resolved.
A00905,D0037,,05/07/2026,Following up on our last conversation regarding pricing.
A00906,D0400,,02/06/2026,"Thanks so much for the quick turnaround, this looks great!"
A00907,D0390,Call,2026-02-05,"Not happy with the delay, please escalate."
A00908,D0394,follow-up,2026/03/08,"This is taking longer than expected, we need an update ASAP."
A00909,D0158,EMAIL,2026/07/21,Following up on our last conversation regarding pricing.
A00910,D0810,follow-up,2026/03/06,"Thanks so much for the quick turnaround, this looks great!"
A00911,D0641,email,08-07-2026,"Thanks so much for the quick turnaround, this looks great!"
A00912,D0774,note,2025/11/07,Can we schedule a call sometime next week?
A00913,D0032,Call,2026/05/29,"Great call today, looking forward to next steps."
A00914,D0384,meeting,2025/11/24,"This is taking longer than expected, we need an update ASAP."
A00915,D0144,Meeting,2025/12/09,please find attached the requested documents.
A00916,D0137,follow-up,06-07-2026,"This is taking longer than expected, we need an update ASAP."
A00917,D0200,follow-up,2026/06/03,"Really appreciate the detailed proposal, excited to move forward."
A00918,D0082,Meeting,08-04-2026,"not happy with the delay, please escalate."
A00919,D0399,EMAIL,02/10/2026,"This is taking longer than expected, we need an update ASAP."
A00920,D0712,email,2026/04/19,can we schedule a call sometime next week?
A00921,D0517,Call,04/07/2026,Can we schedule a call sometime next week?
A00922,D0502,follow-up,28/06/2026,We may have to look at other vendors if this isn't resolved.
A00923,D0775,,15-11-2025,  Please find attached the requested documents.   
A00924,D0644,Follow Up,2026/06/19,"Really appreciate the detailed proposal, excited to move forward."
A00925,D0493,Follow Up,2025-12-05,Following up on our last conversation regarding pricing.
A00926,D0596,email,2026-05-03,"Really appreciate the detailed proposal, excited to move forward."
A00927,D0315,Call,07/03/2026,"Really appreciate the detailed proposal, excited to move forward."
A00928,D0110,email,28-05-2026,Following up on our last conversation regarding pricing.
A00929,D0867,follow-up,22/03/2026,
A00930,D0636,meeting,06/18/2026,"Really appreciate the detailed proposal, excited to move forward."
A00931,D0090,call,11/23/2025,"Not happy with the delay, please escalate."
A00932,D0125,Follow Up,2026/01/13,"Thanks so much for the quick turnaround, this looks great!"
A00933,D0776,,,can we schedule a call sometime next week?
A00934,D0540,follow-up,29-11-2025,"this is taking longer than expected, we need an update asap."
A00935,D0339,follow-up,12/04/2026,"THIS IS TAKING LONGER THAN EXPECTED, WE NEED AN UPDATE ASAP."
A00936,D0792,Follow Up,13/06/2026,We may have to look at other vendors if this isn't resolved.
A00937,D0172,EMAIL,04-04-2026,We may have to look at other vendors if this isn't resolved.
A00938,D0686,meeting,08-05-2026,"This is taking longer than expected, we need an update ASAP."
A00939,D0325,Follow Up,2026/06/25,"Great call today, looking forward to next steps."
A00940,D0122,Call,03/12/2025,CAN WE SCHEDULE A CALL SOMETIME NEXT WEEK?
A00941,D0007,call,,Please find attached the requested documents.
A00942,D0663,email,N/A,following up on our last conversation regarding pricing.
A00943,D0484,Call,15-05-2026,"  Really appreciate the detailed proposal, excited to move forward.   "
A00944,D0493,call,11/05/2026,We may have to look at other vendors if this isn't resolved.
A00945,D0291,meeting,2026/03/21,We may have to look at other vendors if this isn't resolved.
A00946,D0635,,04/03/2026,"This is taking longer than expected, we need an update ASAP."
A00947,D0452,meeting,07/23/2026,"thanks so much for the quick turnaround, this looks great!"
A00948,D0757,EMAIL,07-12-2025,
A00949,D0224,EMAIL,2026-07-03,
A00950,D0205,Follow Up,2026-04-24,
A00951,D0757,call,2025/12/12,Following up on our last conversation regarding pricing.
A00952,D0209,follow-up,2026-04-21,we may have to look at other vendors if this isn't resolved.
A00953,D0532,Call,05/16/2026,"Great call today, looking forward to next steps."
A00954,D0329,meeting,14-07-2026,We may have to look at other vendors if this isn't resolved.
A00955,D0389,EMAIL,2026-06-09,
A00956,D0837,,2026/04/20,Following up on our last conversation regarding pricing.
A00957,D0563,EMAIL,2025-12-25,"not happy with the delay, please escalate."
A00958,D0221,email,11/18/2025,"Great call today, looking forward to next steps."
A00959,D0334,EMAIL,2025/12/12,Following up on our last conversation regarding pricing.
A00960,D0104,note,2026/06/29,"Really appreciate the detailed proposal, excited to move forward."
A00961,D0564,EMAIL,03/22/2026,Can we schedule a call sometime next week?
A00962,D0251,Follow Up,2026/01/07,Following up on our last conversation regarding pricing.
A00963,D0274,note,28/11/2025,"  Not happy with the delay, please escalate.   "
A00964,D0297,email,2025/11/07,Can we schedule a call sometime next week?
A00965,D0831,,2026-03-19,"Great call today, looking forward to next steps."
A00966,D0869,Follow Up,02/15/2026,"Great call today, looking forward to next steps."
A00967,D0340,email,2026/07/12,"Not happy with the delay, please escalate."
A00968,D0737,Call,21-01-2026,"Great call today, looking forward to next steps."
A00969,D0532,email,2026-03-12,"really appreciate the detailed proposal, excited to move forward."
A00970,D0747,call,12/20/2025,"Thanks so much for the quick turnaround, this looks great!"
A00971,D0568,,03/01/2026,We may have to look at other vendors if this isn't resolved.
A00972,D0449,Meeting,20-06-2026,We may have to look at other vendors if this isn't resolved.
A00973,D0548,note,2026-01-10,FOLLOWING UP ON OUR LAST CONVERSATION REGARDING PRICING.
A00974,D0242,note,2026/04/17,
A00975,D0856,EMAIL,2026/02/28,"REALLY APPRECIATE THE DETAILED PROPOSAL, EXCITED TO MOVE FORWARD."
A00976,D0592,EMAIL,2026/04/29,
A00977,D0204,,2025/12/04,FOLLOWING UP ON OUR LAST CONVERSATION REGARDING PRICING.
A00978,D0006,Follow Up,10/12/2025,"  Really appreciate the detailed proposal, excited to move forward.   "
A00979,D0096,Follow Up,11/06/2025,"THIS IS TAKING LONGER THAN EXPECTED, WE NEED AN UPDATE ASAP."
A00980,D0156,Call,2025-12-09,"Not happy with the delay, please escalate."
A00981,D0143,call,2026-05-23,"really appreciate the detailed proposal, excited to move forward."
A00982,D0133,EMAIL,,"Thanks so much for the quick turnaround, this looks great!"
A00983,D0678,follow-up,03/20/2026,Following up on our last conversation regarding pricing.
A00984,D0220,call,05/11/2026,"This is taking longer than expected, we need an update ASAP."
A00985,D0014,EMAIL,25-12-2025,we may have to look at other vendors if this isn't resolved.
A00986,D0289,EMAIL,12-03-2026,"Thanks so much for the quick turnaround, this looks great!"
A00987,D0641,follow-up,18-01-2026,"Thanks so much for the quick turnaround, this looks great!"
A00988,D0138,EMAIL,27/11/2025,"GREAT CALL TODAY, LOOKING FORWARD TO NEXT STEPS."
A00989,D0199,Meeting,10-04-2026,
A00990,D0760,call,02/09/2026,can we schedule a call sometime next week?
A00991,D0509,call,01/14/2026,"not happy with the delay, please escalate."
A00992,D0435,Meeting,2026/02/14,Can we schedule a call sometime next week?
A00993,D0134,email,07-06-2026,"Really appreciate the detailed proposal, excited to move forward."
A00994,D0027,EMAIL,2026-03-07,"this is taking longer than expected, we need an update asap."
A00995,D0491,email,11-06-2026,"thanks so much for the quick turnaround, this looks great!"
A00996,D0454,Call,2025/12/11,"Thanks so much for the quick turnaround, this looks great!"
A00997,D0881,meeting,2026-01-17,Can we schedule a call sometime next week?
A00998,D0163,call,03-12-2025,"  Thanks so much for the quick turnaround, this looks great!   "
A00999,D0631,Meeting,15/02/2026,"Not happy with the delay, please escalate."
A01000,D0463,Meeting,08-04-2026,"Really appreciate the detailed proposal, excited to move forward."
A01001,D0798,Meeting,09/11/2025,"Great call today, looking forward to next steps."
A01002,D0862,Call,27-04-2026,"Not happy with the delay, please escalate."
A01003,D0569,call,2026/04/29,
A01004,D0755,note,2026-03-02,"Not happy with the delay, please escalate."
A01005,D0093,,2026/07/07,"Thanks so much for the quick turnaround, this looks great!"
A01006,D0832,Meeting,02/05/2026,"Thanks so much for the quick turnaround, this looks great!"
A01007,D0351,call,12/08/2025,WE MAY HAVE TO LOOK AT OTHER VENDORS IF THIS ISN'T RESOLVED.
A01008,D0253,call,06/30/2026,
A01009,D0892,meeting,2026/03/06,Please find attached the requested documents.
A01010,D0411,EMAIL,11/03/2025,"THANKS SO MUCH FOR THE QUICK TURNAROUND, THIS LOOKS GREAT!"
A01011,D0358,follow-up,13-12-2025,"Not happy with the delay, please escalate."
A01012,D0260,,,"Really appreciate the detailed proposal, excited to move forward."
A01013,D0688,email,06/24/2026,"Not happy with the delay, please escalate."
A01014,D0520,note,12/28/2025,
A01015,D0247,EMAIL,05/07/2026,"THANKS SO MUCH FOR THE QUICK TURNAROUND, THIS LOOKS GREAT!"
A01016,D0413,note,24-03-2026,
A01017,D0070,Call,N/A,"Not happy with the delay, please escalate."
A01018,D0259,call,,Please find attached the requested documents.
A01019,D0566,Call,2025/12/12,Please find attached the requested documents.
A01020,D0684,Call,04/29/2026,"Thanks so much for the quick turnaround, this looks great!"
A01021,D0039,Follow Up,2026/04/03,"Not happy with the delay, please escalate."
A01022,D0621,follow-up,03/06/2026,"really appreciate the detailed proposal, excited to move forward."
A01023,D0702,Call,23/06/2026,We may have to look at other vendors if this isn't resolved.
A01024,D0392,Call,08/12/2025,Please find attached the requested documents.
A01025,D0585,meeting,06/03/2026,Can we schedule a call sometime next week?
A01026,D0706,follow-up,2026/04/29,Please find attached the requested documents.
A01027,D0626,,2026-07-11,please find attached the requested documents.
A01028,D0677,EMAIL,,"NOT HAPPY WITH THE DELAY, PLEASE ESCALATE."
A01029,D0554,EMAIL,18/06/2026,"Thanks so much for the quick turnaround, this looks great!"
A01030,D0676,call,12-03-2026,"Really appreciate the detailed proposal, excited to move forward."
A01031,D0559,Call,2026/07/22,We may have to look at other vendors if this isn't resolved.
A01032,D0799,Follow Up,04/15/2026,"REALLY APPRECIATE THE DETAILED PROPOSAL, EXCITED TO MOVE FORWARD."
A01033,D0023,follow-up,2025/12/19,Please find attached the requested documents.
A01034,D0835,Call,13/05/2026,Please find attached the requested documents.
A01035,D0777,Call,19-03-2026,We may have to look at other vendors if this isn't resolved.
A01036,D0585,,29-04-2026,"Not happy with the delay, please escalate."
A01037,D0064,call,2026-01-10,"This is taking longer than expected, we need an update ASAP."
A01038,D0096,EMAIL,10/05/2026,"Really appreciate the detailed proposal, excited to move forward."
A01039,D0783,Call,2026/04/10,"Not happy with the delay, please escalate."
A01040,D0811,EMAIL,08/04/2026,We may have to look at other vendors if this isn't resolved.
A01041,D0744,note,09/04/2026,"Thanks so much for the quick turnaround, this looks great!"
A01042,D0235,Call,2026-06-15,"this is taking longer than expected, we need an update asap."
A01043,D0507,follow-up,11/19/2025,"Not happy with the delay, please escalate."
A01044,D0708,follow-up,08-11-2025,"This is taking longer than expected, we need an update ASAP."
A01045,D0472,Follow Up,20/05/2026,
A01046,D0620,note,02-01-2026,"This is taking longer than expected, we need an update ASAP."
A01047,D0272,Follow Up,01-05-2026,"Not happy with the delay, please escalate."
A01048,D0455,call,17-03-2026,"Really appreciate the detailed proposal, excited to move forward."
A01049,D0365,Follow Up,05/05/2026,Please find attached the requested documents.
A01050,D0515,Follow Up,01/28/2026,Please find attached the requested documents.
A01051,D0514,email,02/01/2026,"Great call today, looking forward to next steps."
A01052,D0155,follow-up,2026/05/30,"Really appreciate the detailed proposal, excited to move forward."
A01053,D0065,Call,07/09/2026,"Really appreciate the detailed proposal, excited to move forward."
A01054,D0743,email,2026/06/06,"Great call today, looking forward to next steps."
A01055,D0732,note,11/29/2025,"Not happy with the delay, please escalate."
A01056,D0350,EMAIL,2026-06-29,Please find attached the requested documents.
A01057,D0411,Meeting,2026-05-18,"Great call today, looking forward to next steps."
A01058,D0769,meeting,13-02-2026,"Really appreciate the detailed proposal, excited to move forward."
A01059,D0666,call,25-07-2026,PLEASE FIND ATTACHED THE REQUESTED DOCUMENTS.
A01060,D0412,Call,11/07/2026,"Really appreciate the detailed proposal, excited to move forward."
A01061,D0265,Follow Up,2025/11/17,"Thanks so much for the quick turnaround, this looks great!"
A01062,D0747,call,08/01/2026,we may have to look at other vendors if this isn't resolved.
A01063,D0454,meeting,2025-11-10,Following up on our last conversation regarding pricing.
A01064,D0404,note,2026/05/24,"This is taking longer than expected, we need an update ASAP."
A01065,D0825,email,2026/03/01,"This is taking longer than expected, we need an update ASAP."
A01066,D0320,follow-up,11-02-2026,"Really appreciate the detailed proposal, excited to move forward."
A01067,D0322,call,2026/04/22,"Great call today, looking forward to next steps."
A01068,D0060,,11/08/2025,
A01069,D0117,Call,18/12/2025,"  Thanks so much for the quick turnaround, this looks great!   "
A01070,D0771,follow-up,11/30/2025,"This is taking longer than expected, we need an update ASAP."
A01071,D0727,EMAIL,2026/03/03,Please find attached the requested documents.
A01072,D0389,,,"Thanks so much for the quick turnaround, this looks great!"
A01073,D0309,EMAIL,2026/04/24,please find attached the requested documents.
A01074,D0386,note,01-04-2026,We may have to look at other vendors if this isn't resolved.
A01075,D0421,call,24/12/2025,please find attached the requested documents.
A01076,D0319,Meeting,15-03-2026,"Not happy with the delay, please escalate."
A01077,D0539,call,05-05-2026,Can we schedule a call sometime next week?
A01078,D0519,Follow Up,,"  Great call today, looking forward to next steps.   "
A01079,D0265,note,05/22/2026,"Great call today, looking forward to next steps."
A01080,D0297,call,27-02-2026,
A01081,D0712,note,03/25/2026,"really appreciate the detailed proposal, excited to move forward."
A01082,D0781,,04/06/2026,"Not happy with the delay, please escalate."
A01083,D0324,Follow Up,N/A,"thanks so much for the quick turnaround, this looks great!"
A01084,D0727,Call,2025/11/07,Please find attached the requested documents.
A01085,D0398,call,,WE MAY HAVE TO LOOK AT OTHER VENDORS IF THIS ISN'T RESOLVED.
A01086,D0529,note,26/11/2025,we may have to look at other vendors if this isn't resolved.
A01087,D0178,Follow Up,09-11-2025,"Not happy with the delay, please escalate."
A01088,D0822,meeting,09/12/2025,Please find attached the requested documents.
A01089,D0436,Call,2025-11-01,"GREAT CALL TODAY, LOOKING FORWARD TO NEXT STEPS."
A01090,D0235,,31/05/2026,Can we schedule a call sometime next week?
A01091,D0888,follow-up,,We may have to look at other vendors if this isn't resolved.
A01092,D0173,Meeting,2026/06/25,"Great call today, looking forward to next steps."
A01093,D0571,email,01-02-2026,Can we schedule a call sometime next week?
A01094,D0275,call,,"This is taking longer than expected, we need an update ASAP."
A01095,D0293,,07/20/2026,
A01096,D0144,email,18/05/2026,Please find attached the requested documents.
A01097,D0755,,2026/03/25,"Really appreciate the detailed proposal, excited to move forward."
A01098,D0408,email,22-12-2025,
A01099,D0889,follow-up,12/27/2025,"Really appreciate the detailed proposal, excited to move forward."
A01100,D0013,follow-up,N/A,"Really appreciate the detailed proposal, excited to move forward."
A01101,D0253,call,03/17/2026,"Thanks so much for the quick turnaround, this looks great!"
A01102,D0236,Meeting,2026/02/06,"Great call today, looking forward to next steps."
A01103,D0339,email,2026-07-04,"Thanks so much for the quick turnaround, this looks great!"
A01104,D0807,Call,22/06/2026,"Not happy with the delay, please escalate."
A01105,D0069,note,06/08/2026,Please find attached the requested documents.
A01106,D0369,meeting,2026-02-28,  We may have to look at other vendors if this isn't resolved.   
A01107,D0371,Call,2026/04/20,Following up on our last conversation regarding pricing.
A01108,D0110,call,27-06-2026,Following up on our last conversation regarding pricing.
A01109,D0550,,2026/04/05,Please find attached the requested documents.
A01110,D0824,Follow Up,05/12/2025,We may have to look at other vendors if this isn't resolved.
A01111,D0590,Follow Up,N/A,Can we schedule a call sometime next week?
A01112,D0858,,28/11/2025,"Great call today, looking forward to next steps."
A01113,D0830,Call,2026/03/17,We may have to look at other vendors if this isn't resolved.
A01114,D0259,EMAIL,11/14/2025,We may have to look at other vendors if this isn't resolved.
A01115,D0167,follow-up,2026/03/28,"really appreciate the detailed proposal, excited to move forward."
A01116,D0662,follow-up,06/11/2025,"Great call today, looking forward to next steps."
A01117,D0177,follow-up,2026-06-13,We may have to look at other vendors if this isn't resolved.
A01118,D0125,call,2026-01-18,"  Great call today, looking forward to next steps.   "
A01119,D0017,Call,15/06/2026,"Not happy with the delay, please escalate."
A01120,D0031,follow-up,2026/02/15,We may have to look at other vendors if this isn't resolved.
A01121,D0733,note,2026/02/06,"Really appreciate the detailed proposal, excited to move forward."
A01122,D0393,Call,06/27/2026,We may have to look at other vendors if this isn't resolved.
A01123,D0250,Call,2025-12-13,"Not happy with the delay, please escalate."
A01124,D0785,follow-up,01/18/2026,Can we schedule a call sometime next week?
A01125,D0603,Meeting,2026-03-26,"THANKS SO MUCH FOR THE QUICK TURNAROUND, THIS LOOKS GREAT!"
A01126,D0018,,05/01/2026,"GREAT CALL TODAY, LOOKING FORWARD TO NEXT STEPS."
A01127,D0286,Meeting,2026/03/22,
A01128,D0021,call,16/04/2026,
A01129,D0663,note,25-01-2026,"Really appreciate the detailed proposal, excited to move forward."
A01130,D0539,email,2026-04-18,"Not happy with the delay, please escalate."
A01131,D0629,Follow Up,2026/03/30,"NOT HAPPY WITH THE DELAY, PLEASE ESCALATE."
A01132,D0377,follow-up,02/07/2026,"This is taking longer than expected, we need an update ASAP."
A01133,D0145,note,2026/04/09,"this is taking longer than expected, we need an update asap."
A01134,D0804,call,2026/07/15,"This is taking longer than expected, we need an update ASAP."
A01135,D0651,Follow Up,2026/07/28,
A01136,D0032,Meeting,28/04/2026,"Great call today, looking forward to next steps."
A01137,D0584,,2025-11-09,following up on our last conversation regarding pricing.
A01138,D0136,note,23-02-2026,"Not happy with the delay, please escalate."
A01139,D0592,follow-up,12/25/2025,"THIS IS TAKING LONGER THAN EXPECTED, WE NEED AN UPDATE ASAP."
A01140,D0567,call,2026/07/01,Can we schedule a call sometime next week?
A01141,D0803,,2025/11/16,Can we schedule a call sometime next week?
A01142,D0499,,2025-12-26,"Great call today, looking forward to next steps."
A01143,D0190,Call,2026/06/12,"Great call today, looking forward to next steps."
A01144,D0607,note,29/01/2026,please find attached the requested documents.
A01145,D0489,Meeting,2026-05-26,"NOT HAPPY WITH THE DELAY, PLEASE ESCALATE."
A01146,D0621,meeting,08-07-2026,Please find attached the requested documents.
A01147,D0567,Meeting,17-11-2025,
A01148,D0446,follow-up,2026/03/15,"great call today, looking forward to next steps."
A01149,D0509,call,2026-06-09,"THANKS SO MUCH FOR THE QUICK TURNAROUND, THIS LOOKS GREAT!"
A01150,D0722,Meeting,2026-04-03,"not happy with the delay, please escalate."
A01151,D0286,,2026/04/16,"Great call today, looking forward to next steps."
A01152,D0590,meeting,,"Really appreciate the detailed proposal, excited to move forward."
A01153,D0837,follow-up,09-06-2026,"  Not happy with the delay, please escalate.   "
A01154,D0430,Call,2026/02/03,
A01155,D0806,Meeting,2025-11-19,"really appreciate the detailed proposal, excited to move forward."
A01156,D0002,Follow Up,22/02/2026,"Really appreciate the detailed proposal, excited to move forward."
A01157,D0323,EMAIL,2026-05-21,  Can we schedule a call sometime next week?   
A01158,D0813,,N/A,
A01159,D0073,note,2026-07-01,"Thanks so much for the quick turnaround, this looks great!"
A01160,D0718,Call,2026/03/11,Please find attached the requested documents.
A01161,D0301,email,12/05/2025,We may have to look at other vendors if this isn't resolved.
A01162,D0587,email,17/05/2026,can we schedule a call sometime next week?
A01163,D0484,Call,2025-11-29,We may have to look at other vendors if this isn't resolved.
A01164,D0208,meeting,2026-03-16,Following up on our last conversation regarding pricing.
A01165,D0073,call,2026-01-01,"Great call today, looking forward to next steps."
A01166,D0626,note,02/04/2026,"Really appreciate the detailed proposal, excited to move forward."
A01167,D0496,Meeting,2026/03/11,Following up on our last conversation regarding pricing.
A01168,D0431,follow-up,N/A,Please find attached the requested documents.
A01169,D0764,note,2026/06/28,  We may have to look at other vendors if this isn't resolved.   
A01170,D0258,meeting,2026/01/01,Following up on our last conversation regarding pricing.
A01171,D0326,email,13-07-2026,"This is taking longer than expected, we need an update ASAP."
A01172,D0339,Meeting,N/A,"Not happy with the delay, please escalate."
A01173,D0403,Meeting,02-06-2026,CAN WE SCHEDULE A CALL SOMETIME NEXT WEEK?
A01174,D0164,email,2025-12-24,"Thanks so much for the quick turnaround, this looks great!"
A01175,D0785,Meeting,16/04/2026,Please find attached the requested documents.
A01176,D0615,Call,2026-02-12,"Really appreciate the detailed proposal, excited to move forward."
A01177,D0520,note,2026-05-06,"Great call today, looking forward to next steps."
A01178,D0456,note,N/A,
A01179,D0735,Follow Up,03/12/2026,Can we schedule a call sometime next week?
A01180,D0716,Call,2026-02-14,"Really appreciate the detailed proposal, excited to move forward."
A01181,D0322,Follow Up,2026-02-11,"thanks so much for the quick turnaround, this looks great!"
A01182,D0832,call,N/A,"Really appreciate the detailed proposal, excited to move forward."
A01183,D0188,Meeting,2026/05/11,Please find attached the requested documents.
A01184,D0348,call,2026-03-31,"NOT HAPPY WITH THE DELAY, PLEASE ESCALATE."
A01185,D0196,EMAIL,2025/12/02,"Thanks so much for the quick turnaround, this looks great!"
A01186,D0605,Meeting,12/02/2025,"REALLY APPRECIATE THE DETAILED PROPOSAL, EXCITED TO MOVE FORWARD."
A01187,D0295,Follow Up,18-04-2026,"  Thanks so much for the quick turnaround, this looks great!   "
A01188,D0122,call,07/05/2026,"Thanks so much for the quick turnaround, this looks great!"
A01189,D0519,Follow Up,04-02-2026,"REALLY APPRECIATE THE DETAILED PROPOSAL, EXCITED TO MOVE FORWARD."
A01190,D0629,Call,02-02-2026,"Great call today, looking forward to next steps."
A01191,D0779,email,2026/07/09,can we schedule a call sometime next week?
A01192,D0073,call,N/A,"Not happy with the delay, please escalate."
A01193,D0660,call,25/11/2025,WE MAY HAVE TO LOOK AT OTHER VENDORS IF THIS ISN'T RESOLVED.
A01194,D0735,,2025-11-03,Following up on our last conversation regarding pricing.
A01195,D0712,EMAIL,02/21/2026,Following up on our last conversation regarding pricing.
A01196,D0595,Meeting,2026-05-25,"Thanks so much for the quick turnaround, this looks great!"
A01197,D0777,EMAIL,2026-06-09,following up on our last conversation regarding pricing.
A01198,D0012,Call,27/03/2026,Can we schedule a call sometime next week?
A01199,D0189,meeting,2025/11/13,
A01200,D0192,Follow Up,06/08/2026,Following up on our last conversation regarding pricing.
A01201,D0877,Call,N/A,"Thanks so much for the quick turnaround, this looks great!"
A01202,D0539,note,2026-01-07,  Can we schedule a call sometime next week?   
A01203,D0554,follow-up,2025/11/16,  Please find attached the requested documents.   
A01204,D0120,Call,16/11/2025,Following up on our last conversation regarding pricing.
A01205,D0007,meeting,28-02-2026,"Not happy with the delay, please escalate."
A01206,D0577,follow-up,2026/01/16,"Not happy with the delay, please escalate."
A01207,D0191,Call,2026/01/25,"This is taking longer than expected, we need an update ASAP."
A01208,D0237,email,04/14/2026,"Thanks so much for the quick turnaround, this looks great!"
A01209,D0379,Meeting,2026-07-02,Please find attached the requested documents.
A01210,D0026,Follow Up,31/07/2026,"REALLY APPRECIATE THE DETAILED PROPOSAL, EXCITED TO MOVE FORWARD."
A01211,D0166,email,2025/12/06,"thanks so much for the quick turnaround, this looks great!"
A01212,D0173,Call,2026/02/17,"GREAT CALL TODAY, LOOKING FORWARD TO NEXT STEPS."
A01213,D0538,Call,29/04/2026,"Thanks so much for the quick turnaround, this looks great!"
A01214,D0445,Call,2026/04/29,"  This is taking longer than expected, we need an update ASAP.   "
A01215,D0564,follow-up,2025/11/21,Can we schedule a call sometime next week?
A01216,D0482,EMAIL,2026-07-15,
A01217,D0052,Meeting,26/12/2025,We may have to look at other vendors if this isn't resolved.
A01218,D0879,email,N/A,"This is taking longer than expected, we need an update ASAP."
A01219,D0596,,2026/06/11,Please find attached the requested documents.
A01220,D0888,call,2026/07/04,"great call today, looking forward to next steps."
A01221,D0167,call,N/A,  We may have to look at other vendors if this isn't resolved.   
A01222,D0131,email,03/01/2026,"Thanks so much for the quick turnaround, this looks great!"
A01223,D0499,meeting,01/22/2026,
A01224,D0369,Follow Up,02/09/2026,"Thanks so much for the quick turnaround, this looks great!"
A01225,D0753,call,03/31/2026,"Thanks so much for the quick turnaround, this looks great!"
A01226,D0153,email,06/26/2026,"Not happy with the delay, please escalate."
A01227,D0131,Call,01/06/2026,"Thanks so much for the quick turnaround, this looks great!"
A01228,D0516,Call,2026-07-03,"This is taking longer than expected, we need an update ASAP."
A01229,D0699,call,2026/01/26,Following up on our last conversation regarding pricing.
A01230,D0471,Meeting,2026/03/28,"Really appreciate the detailed proposal, excited to move forward."
A01231,D0787,Call,11/29/2025,"Really appreciate the detailed proposal, excited to move forward."
A01232,D0703,Call,03/02/2026,"Thanks so much for the quick turnaround, this looks great!"
A01233,D0768,follow-up,2026-02-21,  Please find attached the requested documents.   
A01234,D0555,meeting,N/A,"This is taking longer than expected, we need an update ASAP."
A01235,D0084,email,13/03/2026,
A01236,D0416,follow-up,22/11/2025,"This is taking longer than expected, we need an update ASAP."
A01237,D0675,call,08/07/2026,"GREAT CALL TODAY, LOOKING FORWARD TO NEXT STEPS."
A01238,D0404,Meeting,18-06-2026,Please find attached the requested documents.
A01239,D0308,call,23/03/2026,"This is taking longer than expected, we need an update ASAP."
A01240,D0620,email,2026/01/23,"This is taking longer than expected, we need an update ASAP."
A01241,D0620,note,03/31/2026,"Great call today, looking forward to next steps."
A01242,D0445,Call,12/04/2025,  Please find attached the requested documents.   
A01243,D0141,Meeting,2026/05/18,Can we schedule a call sometime next week?
A01244,D0696,follow-up,2026-06-04,We may have to look at other vendors if this isn't resolved.
A01245,D0609,Follow Up,2025/11/10,"this is taking longer than expected, we need an update asap."
A01246,D0319,Call,2026/01/03,"This is taking longer than expected, we need an update ASAP."
A01247,D0347,email,01-03-2026,"Not happy with the delay, please escalate."
A01248,D0375,call,05/28/2026,  Following up on our last conversation regarding pricing.   
A01249,D0835,call,07/19/2026,"REALLY APPRECIATE THE DETAILED PROPOSAL, EXCITED TO MOVE FORWARD."
A01250,D0869,follow-up,2025-11-06,Can we schedule a call sometime next week?
A01251,D0885,,17/06/2026,Please find attached the requested documents.
A01252,D0412,Follow Up,13-01-2026,Can we schedule a call sometime next week?
A01253,D0246,note,10/04/2026,Please find attached the requested documents.
A01254,D0609,follow-up,2026-01-21,"  This is taking longer than expected, we need an update ASAP.   "
A01255,D0081,EMAIL,22-07-2026,"Thanks so much for the quick turnaround, this looks great!"
A01256,D0587,Meeting,2025/11/16,Please find attached the requested documents.
A01257,D0190,note,22-06-2026,Can we schedule a call sometime next week?
A01258,D0865,,02/13/2026,"Thanks so much for the quick turnaround, this looks great!"
A01259,D0140,email,2025/11/05,"Really appreciate the detailed proposal, excited to move forward."
A01260,D0834,meeting,N/A,Please find attached the requested documents.
A01261,D0254,EMAIL,2026-03-02,Please find attached the requested documents.
A01262,D0219,call,01/01/2026,Following up on our last conversation regarding pricing.
A01263,D0107,call,,"Really appreciate the detailed proposal, excited to move forward."
A01264,D0365,EMAIL,2026-04-30,"Really appreciate the detailed proposal, excited to move forward."
A01265,D0095,follow-up,03/26/2026,Following up on our last conversation regarding pricing.
A01266,D0287,EMAIL,2026/04/30,"Not happy with the delay, please escalate."
A01267,D0667,,,"not happy with the delay, please escalate."
A01268,D0891,call,28/05/2026,Can we schedule a call sometime next week?
A01269,D0228,,07/15/2026,"This is taking longer than expected, we need an update ASAP."
A01270,D0193,email,2026-07-07,Please find attached the requested documents.
A01271,D0048,Meeting,26/05/2026,WE MAY HAVE TO LOOK AT OTHER VENDORS IF THIS ISN'T RESOLVED.
A01272,D0377,Meeting,2026-01-31,"THANKS SO MUCH FOR THE QUICK TURNAROUND, THIS LOOKS GREAT!"
A01273,D0877,EMAIL,2026-06-15,please find attached the requested documents.
A01274,D0868,email,2026-01-11,  Please find attached the requested documents.   
A01275,D0811,Call,05/25/2026,"This is taking longer than expected, we need an update ASAP."
A01276,D0089,,2025-12-29,following up on our last conversation regarding pricing.
A01277,D0355,Meeting,2025/11/08,"this is taking longer than expected, we need an update asap."
A01278,D0616,EMAIL,18/05/2026,Following up on our last conversation regarding pricing.
A01279,D0631,Meeting,04/19/2026,following up on our last conversation regarding pricing.
A01280,D0710,,2026/06/25,Following up on our last conversation regarding pricing.
A01281,D0179,call,02/06/2026,Following up on our last conversation regarding pricing.
A01282,D0233,note,2026/07/12,Can we schedule a call sometime next week?
A01283,D0094,call,25/05/2026,"Thanks so much for the quick turnaround, this looks great!"
A01284,D0510,Call,06/09/2026,
A01285,D0504,Call,2026-04-01,Can we schedule a call sometime next week?
A01286,D0567,email,2026/07/19,We may have to look at other vendors if this isn't resolved.
A01287,D0092,,13/07/2026,Please find attached the requested documents.
A01288,D0413,,18/01/2026,please find attached the requested documents.
A01289,D0222,EMAIL,07/29/2026,WE MAY HAVE TO LOOK AT OTHER VENDORS IF THIS ISN'T RESOLVED.
A01290,D0623,meeting,03/26/2026,Can we schedule a call sometime next week?
A01291,D0759,Follow Up,02/24/2026,"Great call today, looking forward to next steps."
A01292,D0059,note,2026/05/16,  Can we schedule a call sometime next week?   
A01293,D0399,email,30/05/2026,FOLLOWING UP ON OUR LAST CONVERSATION REGARDING PRICING.
A01294,D0545,call,10/01/2026,please find attached the requested documents.
A01295,D0498,Meeting,2026/07/21,Please find attached the requested documents.
A01296,D0332,EMAIL,,"  Really appreciate the detailed proposal, excited to move forward.   "
A01297,D0411,call,30-07-2026,"  This is taking longer than expected, we need an update ASAP.   "
A01298,D0485,Meeting,04-01-2026,
A01299,D0327,meeting,07/07/2026,"Really appreciate the detailed proposal, excited to move forward."
A01300,D0738,meeting,N/A,Can we schedule a call sometime next week?
A01301,D0584,Call,06/05/2026,Following up on our last conversation regarding pricing.
A01302,D0509,Meeting,2026-01-14,"Not happy with the delay, please escalate."
A01303,D0019,meeting,08/01/2026,"THANKS SO MUCH FOR THE QUICK TURNAROUND, THIS LOOKS GREAT!"
A01304,D0509,Call,2026-05-30,"Great call today, looking forward to next steps."
A01305,D0586,email,20/01/2026,"This is taking longer than expected, we need an update ASAP."
A01306,D0465,note,,
A01307,D0437,,11/11/2025,"Really appreciate the detailed proposal, excited to move forward."
A01308,D0190,EMAIL,14/01/2026,"Thanks so much for the quick turnaround, this looks great!"
A01309,D0591,follow-up,13/01/2026,We may have to look at other vendors if this isn't resolved.
A01310,D0653,email,2026/01/08,  Please find attached the requested documents.   
A01311,D0646,note,04/28/2026,"Thanks so much for the quick turnaround, this looks great!"
A01312,D0805,Follow Up,05/30/2026,
A01313,D0124,Follow Up,N/A,"Thanks so much for the quick turnaround, this looks great!"
A01314,D0388,meeting,2026/01/23,"Not happy with the delay, please escalate."
A01315,D0008,call,,"This is taking longer than expected, we need an update ASAP."
A01316,D0314,meeting,17/06/2026,"Not happy with the delay, please escalate."
A01317,D0608,,2026-06-20,"This is taking longer than expected, we need an update ASAP."
A01318,D0356,note,2026-03-02,
A01319,D0417,email,11/05/2025,"not happy with the delay, please escalate."
A01320,D0396,meeting,2025/11/02,"Great call today, looking forward to next steps."
A01321,D0113,Follow Up,11/10/2025,"  This is taking longer than expected, we need an update ASAP.   "
A01322,D0712,Meeting,2026-02-06,"Great call today, looking forward to next steps."
A01323,D0542,EMAIL,04/24/2026,"This is taking longer than expected, we need an update ASAP."
A01324,D0874,Meeting,2026/04/01,We may have to look at other vendors if this isn't resolved.
A01325,D0627,note,20-02-2026,"This is taking longer than expected, we need an update ASAP."
A01326,D0339,meeting,08-04-2026,Following up on our last conversation regarding pricing.
A01327,D0075,meeting,22/11/2025,Following up on our last conversation regarding pricing.
A01328,D0723,meeting,04/07/2026,  Please find attached the requested documents.   
A01329,D0899,note,2026/03/31,we may have to look at other vendors if this isn't resolved.
A01330,D0608,Meeting,07/19/2026,"Not happy with the delay, please escalate."
A01331,D0590,follow-up,2026/03/01,PLEASE FIND ATTACHED THE REQUESTED DOCUMENTS.
A01332,D0009,Follow Up,2026-01-10,"great call today, looking forward to next steps."
A01333,D0045,,2026/06/03,can we schedule a call sometime next week?
A01334,D0804,note,10/01/2026,"Great call today, looking forward to next steps."
A01335,D0251,call,,Please find attached the requested documents.
A01336,D0391,Call,2026/01/01,Following up on our last conversation regarding pricing.
A01337,D0145,Meeting,2025-12-18,Following up on our last conversation regarding pricing.
A01338,D0880,note,2026/06/27,"this is taking longer than expected, we need an update asap."
A01339,D0644,,2026/04/29,
A01340,D0588,Follow Up,2026-01-03,Please find attached the requested documents.
A01341,D0194,meeting,28/04/2026,
A01342,D0556,follow-up,12/20/2025,Please find attached the requested documents.
A01343,D0418,EMAIL,03/19/2026,"Thanks so much for the quick turnaround, this looks great!"
A01344,D0469,meeting,01/03/2026,
A01345,D0238,,26/01/2026,We may have to look at other vendors if this isn't resolved.
A01346,D0674,note,2026/04/01,"THANKS SO MUCH FOR THE QUICK TURNAROUND, THIS LOOKS GREAT!"
A01347,D0667,Meeting,01/01/2026,Please find attached the requested documents.
A01348,D0052,EMAIL,2026-07-19,"Not happy with the delay, please escalate."
A01349,D0477,meeting,2026-07-30,  Please find attached the requested documents.   
A01350,D0159,email,25-07-2026,"thanks so much for the quick turnaround, this looks great!"
A01351,D0625,meeting,04-11-2025,"Great call today, looking forward to next steps."
A01352,D0894,EMAIL,06/19/2026,We may have to look at other vendors if this isn't resolved.
A01353,D0240,call,06/21/2026,Can we schedule a call sometime next week?
A01354,D0221,email,03/28/2026,"  Thanks so much for the quick turnaround, this looks great!   "
A01355,D0480,,N/A,"Really appreciate the detailed proposal, excited to move forward."
A01356,D0468,Meeting,2026-01-03,"Not happy with the delay, please escalate."
A01357,D0490,Follow Up,30-11-2025,
A01358,D0285,Meeting,2026-03-19,"Great call today, looking forward to next steps."
A01359,D0570,meeting,12/01/2025,FOLLOWING UP ON OUR LAST CONVERSATION REGARDING PRICING.
A01360,D0812,EMAIL,,
A01361,D0819,Follow Up,2025-12-26,"Really appreciate the detailed proposal, excited to move forward."
A01362,D0168,EMAIL,05-04-2026,"Thanks so much for the quick turnaround, this looks great!"
A01363,D0424,meeting,2026/06/15,"Not happy with the delay, please escalate."
A01364,D0852,,06/05/2026,Can we schedule a call sometime next week?
A01365,D0638,Follow Up,11/20/2025,PLEASE FIND ATTACHED THE REQUESTED DOCUMENTS.
A01366,D0555,email,25/02/2026,"Great call today, looking forward to next steps."
A01367,D0152,Meeting,2026-01-17,"great call today, looking forward to next steps."
A01368,D0822,Follow Up,07-11-2025,"This is taking longer than expected, we need an update ASAP."
A01369,D0730,meeting,04/15/2026,Following up on our last conversation regarding pricing.
A01370,D0463,Follow Up,2026-02-07,
A01371,D0049,Call,2026/07/25,"  Thanks so much for the quick turnaround, this looks great!   "
A01372,D0705,follow-up,2026/07/04,"Thanks so much for the quick turnaround, this looks great!"
A01373,D0076,,11/02/2026,Please find attached the requested documents.
A01374,D0231,Follow Up,2026-07-16,Please find attached the requested documents.
A01375,D0326,Call,01/20/2026,"great call today, looking forward to next steps."
A01376,D0398,meeting,2025/11/09,
A01377,D0878,meeting,2026-02-09,"this is taking longer than expected, we need an update asap."
A01378,D0702,meeting,19/01/2026,Following up on our last conversation regarding pricing.
A01379,D0002,follow-up,12/11/2025,Please find attached the requested documents.
A01380,D0854,call,2026/04/11,"Not happy with the delay, please escalate."
A01381,D0339,call,2025-11-29,"GREAT CALL TODAY, LOOKING FORWARD TO NEXT STEPS."
A01382,D0700,note,28-12-2025,"Really appreciate the detailed proposal, excited to move forward."
A01383,D0195,,2026/01/25,"Great call today, looking forward to next steps."
A01384,D0215,EMAIL,2026/05/15,Can we schedule a call sometime next week?
A01385,D0464,,05/22/2026,"Great call today, looking forward to next steps."
A01386,D0018,note,03/06/2026,Can we schedule a call sometime next week?
A01387,D0620,EMAIL,,Can we schedule a call sometime next week?
A01388,D0155,Follow Up,2026-07-15,Can we schedule a call sometime next week?
A01389,D0788,note,02/12/2026,Can we schedule a call sometime next week?
A01390,D0596,note,04/09/2026,"Not happy with the delay, please escalate."
A01391,D0662,note,2026/04/29,Please find attached the requested documents.
A01392,D0044,note,11-12-2025,
A01393,D0685,follow-up,05/28/2026,Following up on our last conversation regarding pricing.
A01394,D0552,call,,We may have to look at other vendors if this isn't resolved.
A01395,D0877,EMAIL,N/A,"really appreciate the detailed proposal, excited to move forward."
A01396,D0849,EMAIL,21-07-2026,Please find attached the requested documents.
A01397,D0116,Meeting,30/07/2026,We may have to look at other vendors if this isn't resolved.
A01398,D0412,meeting,2026-04-04,"Really appreciate the detailed proposal, excited to move forward."
A01399,D0551,call,31-07-2026,"Great call today, looking forward to next steps."
A01400,D0044,note,2026/04/22,"Not happy with the delay, please escalate."
A01401,D0251,Meeting,20/05/2026,"This is taking longer than expected, we need an update ASAP."
A01402,D0767,meeting,2026-03-28,"This is taking longer than expected, we need an update ASAP."
A01403,D0675,EMAIL,12/03/2025,"This is taking longer than expected, we need an update ASAP."
A01404,D0198,EMAIL,,"REALLY APPRECIATE THE DETAILED PROPOSAL, EXCITED TO MOVE FORWARD."
A01405,D0260,follow-up,2026-06-07,Please find attached the requested documents.
A01406,D0661,Follow Up,2026-04-15,"Really appreciate the detailed proposal, excited to move forward."
A01407,D0158,note,2026/04/30,Please find attached the requested documents.
A01408,D0668,EMAIL,03/23/2026,
A01409,D0225,note,2026-01-26,
A01410,D0357,email,2025/12/23,can we schedule a call sometime next week?
A01411,D0894,Call,,"Thanks so much for the quick turnaround, this looks great!"
A01412,D0251,follow-up,2026/07/07,"Thanks so much for the quick turnaround, this looks great!"
A01413,D0166,note,2026/01/29,"Great call today, looking forward to next steps."
A01414,D0627,call,N/A,"This is taking longer than expected, we need an update ASAP."
A01415,D0843,,07/26/2026,following up on our last conversation regarding pricing.
A01416,D0520,email,2026/01/02,"This is taking longer than expected, we need an update ASAP."
A01417,D0209,email,25/01/2026,"Really appreciate the detailed proposal, excited to move forward."
A01418,D0484,follow-up,24/07/2026,"Great call today, looking forward to next steps."
A01419,D0445,follow-up,2026-05-09,"Thanks so much for the quick turnaround, this looks great!"
A01420,D0680,follow-up,03/02/2026,Following up on our last conversation regarding pricing.
A01421,D0690,follow-up,07/20/2026,Can we schedule a call sometime next week?
A01422,D0615,Call,20-02-2026,"Thanks so much for the quick turnaround, this looks great!"
A01423,D0505,note,2025-11-22,"This is taking longer than expected, we need an update ASAP."
A01424,D0846,Follow Up,2026/04/02,we may have to look at other vendors if this isn't resolved.
A01425,D0273,email,2025/11/21,"Great call today, looking forward to next steps."
A01426,D0420,Call,2026/02/07,"Really appreciate the detailed proposal, excited to move forward."
A01427,D0594,follow-up,2026/03/13,Please find attached the requested documents.
A01428,D0753,call,01/02/2026,"This is taking longer than expected, we need an update ASAP."
A01429,D0842,note,06/03/2026,
A01430,D0332,,2026/01/02,We may have to look at other vendors if this isn't resolved.
A01431,D0167,Meeting,2026/06/15,Please find attached the requested documents.
A01432,D0010,,07/28/2026,"Thanks so much for the quick turnaround, this looks great!"
A01433,D0147,Follow Up,2026/07/11,PLEASE FIND ATTACHED THE REQUESTED DOCUMENTS.
A01434,D0634,note,2026/01/06,"Thanks so much for the quick turnaround, this looks great!"
A01435,D0315,,07-07-2026,
A01436,D0522,email,2026/05/04,please find attached the requested documents.
A01437,D0296,,01-05-2026,Following up on our last conversation regarding pricing.
A01438,D0828,follow-up,15/04/2026,Please find attached the requested documents.
A01439,D0272,meeting,2026/06/06,"Great call today, looking forward to next steps."
A01440,D0404,call,02/02/2026,"Really appreciate the detailed proposal, excited to move forward."
A01441,D0168,note,02/12/2025,"Thanks so much for the quick turnaround, this looks great!"
A01442,D0617,call,,we may have to look at other vendors if this isn't resolved.
A01443,D0259,Meeting,03/18/2026,"Thanks so much for the quick turnaround, this looks great!"
A01444,D0569,email,2025-12-11,Can we schedule a call sometime next week?
A01445,D0554,follow-up,2026/03/15,"Not happy with the delay, please escalate."
A01446,D0109,follow-up,06/29/2026,"thanks so much for the quick turnaround, this looks great!"
A01447,D0808,Meeting,2025-12-24,"  Thanks so much for the quick turnaround, this looks great!   "
A01448,D0738,note,19/12/2025,"Really appreciate the detailed proposal, excited to move forward."
A01449,D0611,Meeting,2026-03-04,
A01450,D0268,Follow Up,16/12/2025,We may have to look at other vendors if this isn't resolved.
A01451,D0302,note,2026-02-23,We may have to look at other vendors if this isn't resolved.
A01452,D0020,Call,05/29/2026,"This is taking longer than expected, we need an update ASAP."
A01453,D0032,Call,05/14/2026,"This is taking longer than expected, we need an update ASAP."
A01454,D0049,email,09-03-2026,Please find attached the requested documents.
A01455,D0616,Follow Up,28/11/2025,"Not happy with the delay, please escalate."
A01456,D0433,follow-up,26/06/2026,can we schedule a call sometime next week?
A01457,D0387,EMAIL,06/16/2026,"Really appreciate the detailed proposal, excited to move forward."
A01458,D0612,note,11/07/2025,Can we schedule a call sometime next week?
A01459,D0189,EMAIL,2025-12-16,  Can we schedule a call sometime next week?   
A01460,D0664,meeting,2025-11-20,Please find attached the requested documents.
A01461,D0399,meeting,21-03-2026,Can we schedule a call sometime next week?
A01462,D0335,EMAIL,03/25/2026,
A01463,D0851,Call,14-02-2026,Can we schedule a call sometime next week?
A01464,D0171,Follow Up,N/A,Following up on our last conversation regarding pricing.
A01465,D0094,Call,05/12/2025,Following up on our last conversation regarding pricing.
A01466,D0649,,10/05/2026,Please find attached the requested documents.
A01467,D0253,Follow Up,05-01-2026,Can we schedule a call sometime next week?
A01468,D0599,meeting,19-01-2026,"Great call today, looking forward to next steps."
A01469,D0416,Call,31-01-2026,
A01470,D0069,call,2026-06-14,
A01471,D0316,Follow Up,31/01/2026,"Not happy with the delay, please escalate."
A01472,D0784,Meeting,16-04-2026,"Great call today, looking forward to next steps."
A01473,D0750,meeting,30/11/2025,"Really appreciate the detailed proposal, excited to move forward."
A01474,D0826,Follow Up,17-05-2026,Please find attached the requested documents.
A01475,D0038,Meeting,2025/11/20,WE MAY HAVE TO LOOK AT OTHER VENDORS IF THIS ISN'T RESOLVED.
A01476,D0543,email,2026-07-10,  Following up on our last conversation regarding pricing.   
A01477,D0616,EMAIL,2026-07-18,We may have to look at other vendors if this isn't resolved.
A01478,D0180,follow-up,N/A,"Great call today, looking forward to next steps."
A01479,D0010,meeting,22/04/2026,
A01480,D0186,Call,22-05-2026,"This is taking longer than expected, we need an update ASAP."
A01481,D0336,email,2026/02/27,"thanks so much for the quick turnaround, this looks great!"
A01482,D0110,Meeting,26/05/2026,Following up on our last conversation regarding pricing.
A01483,D0509,Call,11/05/2026,"This is taking longer than expected, we need an update ASAP."
A01484,D0408,Follow Up,20-05-2026,  Following up on our last conversation regarding pricing.   
A01485,D0602,Follow Up,17/05/2026,"This is taking longer than expected, we need an update ASAP."
A01486,D0054,Follow Up,2026/04/10,"Thanks so much for the quick turnaround, this looks great!"
A01487,D0546,Follow Up,13/06/2026,Following up on our last conversation regarding pricing.
A01488,D0240,Meeting,2026-03-20,We may have to look at other vendors if this isn't resolved.
A01489,D0298,meeting,12-12-2025,"This is taking longer than expected, we need an update ASAP."
A01490,D0796,follow-up,2025/11/02,"Not happy with the delay, please escalate."
A01491,D0575,Meeting,11/04/2026,Can we schedule a call sometime next week?
A01492,D0773,follow-up,2026/05/04,
A01493,D0147,Call,2026/03/04,"Not happy with the delay, please escalate."
A01494,D0603,Call,27-01-2026,We may have to look at other vendors if this isn't resolved.
A01495,D0881,,18/12/2025,"Thanks so much for the quick turnaround, this looks great!"
A01496,D0542,meeting,17-05-2026,Can we schedule a call sometime next week?
A01497,D0814,email,01/16/2026,We may have to look at other vendors if this isn't resolved.
A01498,D0108,Call,05/31/2026,"  Thanks so much for the quick turnaround, this looks great!   "
A01499,D0771,note,2026-01-03,"Really appreciate the detailed proposal, excited to move forward."
A01500,D0504,follow-up,N/A,Can we schedule a call sometime next week?
A01501,D0024,Follow Up,2025/11/13,"Great call today, looking forward to next steps."
A01502,D0591,call,03/22/2026,We may have to look at other vendors if this isn't resolved.
A01503,D0600,email,24-03-2026,"Really appreciate the detailed proposal, excited to move forward."
A01504,D0763,follow-up,2026-03-19,
A01505,D0857,Meeting,12/07/2026,"Thanks so much for the quick turnaround, this looks great!"
A01506,D0590,email,2026-01-17,"  Thanks so much for the quick turnaround, this looks great!   "
A01507,D0129,Follow Up,13-02-2026,"Great call today, looking forward to next steps."
A01508,D0125,email,2026-05-26,"Thanks so much for the quick turnaround, this looks great!"
A01509,D0548,Call,2026-07-19,
A01510,D0139,meeting,12/11/2025,Following up on our last conversation regarding pricing.
A01511,D0714,follow-up,17/07/2026,"this is taking longer than expected, we need an update asap."
A01512,D0223,Meeting,2026/06/30,"This is taking longer than expected, we need an update ASAP."
A01513,D0248,Follow Up,N/A,"Thanks so much for the quick turnaround, this looks great!"
A01514,D0895,note,26-02-2026,
A01515,D0343,note,01/15/2026,"Not happy with the delay, please escalate."
A01516,D0809,Call,29-06-2026,Following up on our last conversation regarding pricing.
A01517,D0044,EMAIL,01/25/2026,"Not happy with the delay, please escalate."
A01518,D0876,EMAIL,03/02/2026,"This is taking longer than expected, we need an update ASAP."
A01519,D0256,meeting,2025-12-15,"This is taking longer than expected, we need an update ASAP."
A01520,D0837,note,N/A,"Really appreciate the detailed proposal, excited to move forward."
A01521,D0332,email,13-03-2026,
A01522,D0383,Call,,We may have to look at other vendors if this isn't resolved.
A01523,D0220,call,16/12/2025,"  This is taking longer than expected, we need an update ASAP.   "
A01524,D0878,follow-up,15-07-2026,Please find attached the requested documents.
A01525,D0542,Follow Up,10-01-2026,Following up on our last conversation regarding pricing.
A01526,D0589,call,15/04/2026,Please find attached the requested documents.
A01527,D0676,Follow Up,2025-11-29,"great call today, looking forward to next steps."
A01528,D0879,meeting,2026/01/02,"Not happy with the delay, please escalate."
A01529,D0773,Meeting,01/15/2026,Can we schedule a call sometime next week?
A01530,D0140,,26-11-2025,FOLLOWING UP ON OUR LAST CONVERSATION REGARDING PRICING.
A01531,D0826,follow-up,2026-03-31,"Really appreciate the detailed proposal, excited to move forward."
A01532,D0841,meeting,2026-03-19,Following up on our last conversation regarding pricing.
A01533,D0516,follow-up,2025/12/16,"  Not happy with the delay, please escalate.   "
A01534,D0668,Meeting,04/13/2026,  Following up on our last conversation regarding pricing.   
A01535,D0487,,,PLEASE FIND ATTACHED THE REQUESTED DOCUMENTS.
A01536,D0620,call,2026-07-02,can we schedule a call sometime next week?
A01537,D0895,note,03/27/2026,we may have to look at other vendors if this isn't resolved.
A01538,D0271,EMAIL,23-12-2025,"Really appreciate the detailed proposal, excited to move forward."
A01539,D0891,email,2026/03/14,"Thanks so much for the quick turnaround, this looks great!"
A01540,D0473,EMAIL,,
A01541,D0707,,09-02-2026,"Really appreciate the detailed proposal, excited to move forward."
A01542,D0381,email,2026-01-16,"Thanks so much for the quick turnaround, this looks great!"
A01543,D0317,Call,07/18/2026,"Great call today, looking forward to next steps."
A01544,D0477,call,2026/02/25,"not happy with the delay, please escalate."
A01545,D0262,Follow Up,03/02/2026,"Great call today, looking forward to next steps."
A01546,D0863,meeting,12/05/2025,PLEASE FIND ATTACHED THE REQUESTED DOCUMENTS.
A01547,D0711,email,2026-03-04,"Really appreciate the detailed proposal, excited to move forward."
A01548,D0037,email,2026/07/09,"THIS IS TAKING LONGER THAN EXPECTED, WE NEED AN UPDATE ASAP."
A01549,D0052,,,We may have to look at other vendors if this isn't resolved.
A01550,D0174,call,07/10/2026,"THANKS SO MUCH FOR THE QUICK TURNAROUND, THIS LOOKS GREAT!"
A01551,D0812,email,03/12/2025,"GREAT CALL TODAY, LOOKING FORWARD TO NEXT STEPS."
A01552,D0420,follow-up,2026-07-01,Can we schedule a call sometime next week?
A01553,D0031,call,03/15/2026,"Great call today, looking forward to next steps."
A01554,D0013,call,11/24/2025,"NOT HAPPY WITH THE DELAY, PLEASE ESCALATE."
A01555,D0036,,2025-12-08,"  Really appreciate the detailed proposal, excited to move forward.   "
A01556,D0580,call,15/01/2026,"Really appreciate the detailed proposal, excited to move forward."
A01557,D0191,Call,,Please find attached the requested documents.
A01558,D0793,meeting,2026-07-23,"not happy with the delay, please escalate."
A01559,D0828,Call,2026-06-08,"Not happy with the delay, please escalate."
A01560,D0056,EMAIL,23-05-2026,Please find attached the requested documents.
A01561,D0135,EMAIL,2025-12-31,"THIS IS TAKING LONGER THAN EXPECTED, WE NEED AN UPDATE ASAP."
A01562,D0220,Follow Up,2025-11-20,"Great call today, looking forward to next steps."
A01563,D0681,call,13-12-2025,"Not happy with the delay, please escalate."
A01564,D0185,note,01/31/2026,"Great call today, looking forward to next steps."
A01565,D0324,Call,03/04/2026,"Not happy with the delay, please escalate."
A01566,D0618,meeting,2026-05-20,"Great call today, looking forward to next steps."
A01567,D0709,Meeting,03-05-2026,"Really appreciate the detailed proposal, excited to move forward."
A01568,D0109,Follow Up,20-11-2025,We may have to look at other vendors if this isn't resolved.
A01569,D0175,note,07/05/2026,Please find attached the requested documents.
A01570,D0675,note,2026/07/02,"This is taking longer than expected, we need an update ASAP."
A01571,D0527,note,11/11/2025,"This is taking longer than expected, we need an update ASAP."
A01572,D0513,follow-up,28/11/2025,PLEASE FIND ATTACHED THE REQUESTED DOCUMENTS.
A01573,D0449,follow-up,2026/05/12,"Really appreciate the detailed proposal, excited to move forward."
A01574,D0635,Follow Up,23/03/2026,PLEASE FIND ATTACHED THE REQUESTED DOCUMENTS.
A01575,D0755,follow-up,12/22/2025,"This is taking longer than expected, we need an update ASAP."
A01576,D0131,email,04/02/2026,Please find attached the requested documents.
A01577,D0277,,2026-06-17,we may have to look at other vendors if this isn't resolved.
A01578,D0541,note,20/04/2026,"great call today, looking forward to next steps."
A01579,D0173,Call,07/18/2026,"Not happy with the delay, please escalate."
A01580,D0888,call,21-04-2026,"Thanks so much for the quick turnaround, this looks great!"
A01581,D0003,call,,We may have to look at other vendors if this isn't resolved.
A01582,D0299,note,2026/04/10,
A01583,D0534,Follow Up,2026/06/27,"really appreciate the detailed proposal, excited to move forward."
A01584,D0818,call,,"Really appreciate the detailed proposal, excited to move forward."
A01585,D0643,EMAIL,12/24/2025,"  Not happy with the delay, please escalate.   "
A01586,D0852,Follow Up,2026/03/09,"Not happy with the delay, please escalate."
A01587,D0398,call,13-03-2026,Please find attached the requested documents.
A01588,D0085,follow-up,21-12-2025,
A01589,D0612,Follow Up,03/16/2026,Following up on our last conversation regarding pricing.
A01590,D0741,email,2025-12-06,
A01591,D0095,Follow Up,23-04-2026,Please find attached the requested documents.
A01592,D0588,meeting,2025-11-24,Following up on our last conversation regarding pricing.
A01593,D0681,call,N/A,Following up on our last conversation regarding pricing.
A01594,D0423,note,,Can we schedule a call sometime next week?
A01595,D0612,meeting,29-12-2025,"This is taking longer than expected, we need an update ASAP."
A01596,D0055,Call,N/A,"Great call today, looking forward to next steps."
A01597,D0017,EMAIL,2026/03/14,"Really appreciate the detailed proposal, excited to move forward."
A01598,D0142,email,2026/04/16,Please find attached the requested documents.
A01599,D0675,note,2026/05/13,
A01600,D0269,Meeting,11/11/2025,Following up on our last conversation regarding pricing.
A01601,D0198,note,05/07/2026,
A01602,D0302,Call,2026-04-17,We may have to look at other vendors if this isn't resolved.
A01603,D0340,Call,22/04/2026,"Really appreciate the detailed proposal, excited to move forward."
A01604,D0336,Meeting,03-01-2026,
A01605,D0476,Follow Up,2026-02-04,
A01606,D0088,EMAIL,2026/03/25,
A01607,D0741,EMAIL,07/19/2026,
A01608,D0031,meeting,28-06-2026,"Thanks so much for the quick turnaround, this looks great!"
A01609,D0770,Meeting,18-06-2026,
A01610,D0897,meeting,06/28/2026,"Not happy with the delay, please escalate."
A01611,D0650,meeting,2026-05-02,"Really appreciate the detailed proposal, excited to move forward."
A01612,D0008,Meeting,03/14/2026,Please find attached the requested documents.
A01613,D0241,Meeting,22/04/2026,"Really appreciate the detailed proposal, excited to move forward."
A01614,D0174,EMAIL,2026-04-13,"Great call today, looking forward to next steps."
A01615,D0188,note,2026-03-29,We may have to look at other vendors if this isn't resolved.
A01616,D0829,note,20/01/2026,"Great call today, looking forward to next steps."
A01617,D0079,Follow Up,30/12/2025,We may have to look at other vendors if this isn't resolved.
A01618,D0277,Follow Up,22/07/2026,"Really appreciate the detailed proposal, excited to move forward."
A01619,D0655,email,2026-07-04,"This is taking longer than expected, we need an update ASAP."
A01620,D0523,meeting,28/05/2026,Please find attached the requested documents.
A01621,D0321,meeting,23-02-2026,"Thanks so much for the quick turnaround, this looks great!"
A01622,D0757,note,2026-03-02,"GREAT CALL TODAY, LOOKING FORWARD TO NEXT STEPS."
A01623,D0444,meeting,07-01-2026,"Great call today, looking forward to next steps."
A01624,D0177,call,24-02-2026,
A01625,D0127,Call,2025/12/18,"Not happy with the delay, please escalate."
A01626,D0083,follow-up,07/20/2026,"Thanks so much for the quick turnaround, this looks great!"
A01627,D0315,email,2026/04/30,Please find attached the requested documents.
A01628,D0826,EMAIL,2026/02/03,We may have to look at other vendors if this isn't resolved.
A01629,D0550,call,17/02/2026,
A01630,D0868,Call,2025-12-05,"GREAT CALL TODAY, LOOKING FORWARD TO NEXT STEPS."
A01631,D0380,meeting,30-06-2026,"Really appreciate the detailed proposal, excited to move forward."
A01632,D0884,call,18/06/2026,"Thanks so much for the quick turnaround, this looks great!"
A01633,D0541,note,,Following up on our last conversation regarding pricing.
A01634,D0748,follow-up,2026-04-14,following up on our last conversation regarding pricing.
A01635,D0207,Call,2026/05/07,"THANKS SO MUCH FOR THE QUICK TURNAROUND, THIS LOOKS GREAT!"
A01636,D0034,call,08/11/2025,"  Really appreciate the detailed proposal, excited to move forward.   "
A01637,D0509,Call,12/01/2026,We may have to look at other vendors if this isn't resolved.
A01638,D0108,note,12/29/2025,Can we schedule a call sometime next week?
A01639,D0770,call,21-06-2026,"Really appreciate the detailed proposal, excited to move forward."
A01640,D0652,,20-02-2026,Can we schedule a call sometime next week?
A01641,D0079,email,03-04-2026,Following up on our last conversation regarding pricing.
A01642,D0123,call,01/28/2026,We may have to look at other vendors if this isn't resolved.
A01643,D0455,follow-up,04/05/2026,"Great call today, looking forward to next steps."
A01644,D0058,email,21/02/2026,"Really appreciate the detailed proposal, excited to move forward."
A01645,D0525,Call,10/06/2026,"great call today, looking forward to next steps."
A01646,D0611,Follow Up,24/02/2026,Please find attached the requested documents.
A01647,D0549,email,01/10/2026,"Thanks so much for the quick turnaround, this looks great!"
A01648,D0885,Call,2025-11-15,"Great call today, looking forward to next steps."
A01649,D0690,follow-up,13-03-2026,"Not happy with the delay, please escalate."
A01650,D0016,EMAIL,30-12-2025,Following up on our last conversation regarding pricing.
A01651,D0898,note,04/23/2026,
A01652,D0394,Follow Up,13/11/2025,We may have to look at other vendors if this isn't resolved.
A01653,D0408,,,"Not happy with the delay, please escalate."
A01654,D0448,Follow Up,12/31/2025,Can we schedule a call sometime next week?
A01655,D0146,Call,2026-06-28,"This is taking longer than expected, we need an update ASAP."
A01656,D0398,Call,,"  Thanks so much for the quick turnaround, this looks great!   "
A01657,D0833,follow-up,06/01/2026,Please find attached the requested documents.
A01658,D0712,Call,11/30/2025,"Great call today, looking forward to next steps."
A01659,D0516,Call,2026-07-23,Please find attached the requested documents.
A01660,D0616,Call,16-04-2026,FOLLOWING UP ON OUR LAST CONVERSATION REGARDING PRICING.
A01661,D0073,note,05-12-2025,We may have to look at other vendors if this isn't resolved.
A01662,D0414,email,2026/03/28,  Can we schedule a call sometime next week?   
A01663,D0096,call,2026-07-18,Please find attached the requested documents.
A01664,D0788,EMAIL,2025/11/06,"This is taking longer than expected, we need an update ASAP."
A01665,D0484,email,12-02-2026,"really appreciate the detailed proposal, excited to move forward."
A01666,D0460,,2026-06-02,"  Great call today, looking forward to next steps.   "
A01667,D0577,,30-01-2026,Can we schedule a call sometime next week?
A01668,D0655,call,2026/02/05,"not happy with the delay, please escalate."
A01669,D0020,EMAIL,29-05-2026,"This is taking longer than expected, we need an update ASAP."
A01670,D0379,meeting,17/11/2025,"not happy with the delay, please escalate."
A01671,D0453,Call,,FOLLOWING UP ON OUR LAST CONVERSATION REGARDING PRICING.
A01672,D0126,Meeting,28-12-2025,"Not happy with the delay, please escalate."
A01673,D0236,,2026-03-27,FOLLOWING UP ON OUR LAST CONVERSATION REGARDING PRICING.
A01674,D0234,follow-up,,"Great call today, looking forward to next steps."
A01675,D0075,meeting,18-06-2026,"Not happy with the delay, please escalate."
A01676,D0166,Follow Up,16-02-2026,"This is taking longer than expected, we need an update ASAP."
A01677,D0152,,2026/05/16,Please find attached the requested documents.
A01678,D0439,meeting,18/01/2026,"This is taking longer than expected, we need an update ASAP."
A01679,D0070,email,12/14/2025,We may have to look at other vendors if this isn't resolved.
A01680,D0428,EMAIL,02/10/2026,Following up on our last conversation regarding pricing.
A01681,D0517,,21/02/2026,"Thanks so much for the quick turnaround, this looks great!"
A01682,D0536,note,03/31/2026,"GREAT CALL TODAY, LOOKING FORWARD TO NEXT STEPS."
A01683,D0380,email,07-01-2026,"Thanks so much for the quick turnaround, this looks great!"
A01684,D0619,EMAIL,2025/11/04,"This is taking longer than expected, we need an update ASAP."
A01685,D0336,Follow Up,20/06/2026,Please find attached the requested documents.
A01686,D0699,Meeting,2026-05-26,"Not happy with the delay, please escalate."
A01687,D0512,Meeting,03/24/2026,"This is taking longer than expected, we need an update ASAP."
A01688,D0884,call,2026/03/17,please find attached the requested documents.
A01689,D0216,note,06/05/2026,"Not happy with the delay, please escalate."
A01690,D0724,EMAIL,11/12/2025,"not happy with the delay, please escalate."
A01691,D0856,,17/01/2026,"This is taking longer than expected, we need an update ASAP."
A01692,D0110,note,07-11-2025,"Great call today, looking forward to next steps."
A01693,D0117,meeting,2026/04/22,"This is taking longer than expected, we need an update ASAP."
A01694,D0384,EMAIL,07/05/2026,"  Thanks so much for the quick turnaround, this looks great!   "
A01695,D0184,EMAIL,,"Great call today, looking forward to next steps."
A01696,D0583,follow-up,,please find attached the requested documents.
A01697,D0508,Call,N/A,
A01698,D0476,call,2026-02-12,"This is taking longer than expected, we need an update ASAP."
A01699,D0798,call,2026-02-18,"Thanks so much for the quick turnaround, this looks great!"
A01700,D0190,note,06/12/2026,Please find attached the requested documents.
A01701,D0230,Call,28/06/2026,"Great call today, looking forward to next steps."
A01702,D0444,email,2026-06-24,  We may have to look at other vendors if this isn't resolved.   
A01703,D0760,note,21-11-2025,PLEASE FIND ATTACHED THE REQUESTED DOCUMENTS.
A01704,D0631,Follow Up,2026/03/18,can we schedule a call sometime next week?
A01705,D0756,Follow Up,12/05/2026,"Great call today, looking forward to next steps."
A01706,D0554,Call,2026/05/20,"Really appreciate the detailed proposal, excited to move forward."
A01707,D0668,call,2025/11/06,"THIS IS TAKING LONGER THAN EXPECTED, WE NEED AN UPDATE ASAP."
A01708,D0736,note,22-05-2026,"Great call today, looking forward to next steps."
A01709,D0660,meeting,03/28/2026,"Not happy with the delay, please escalate."
A01710,D0601,Meeting,,"Thanks so much for the quick turnaround, this looks great!"
A01711,D0309,call,26/11/2025,Can we schedule a call sometime next week?
A01712,D0023,EMAIL,,"Thanks so much for the quick turnaround, this looks great!"
A01713,D0579,EMAIL,02/15/2026,"Great call today, looking forward to next steps."
A01714,D0796,meeting,06/16/2026,"Thanks so much for the quick turnaround, this looks great!"
A01715,D0036,Follow Up,06/23/2026,Can we schedule a call sometime next week?
A01716,D0178,call,06/03/2026,CAN WE SCHEDULE A CALL SOMETIME NEXT WEEK?
A01717,D0384,Meeting,2026-02-24,"Really appreciate the detailed proposal, excited to move forward."
A01718,D0346,meeting,2026-05-23,Following up on our last conversation regarding pricing.
A01719,D0833,follow-up,22-01-2026,Following up on our last conversation regarding pricing.
A01720,D0252,email,06-03-2026,Following up on our last conversation regarding pricing.
A01721,D0437,EMAIL,,WE MAY HAVE TO LOOK AT OTHER VENDORS IF THIS ISN'T RESOLVED.
A01722,D0759,follow-up,07/23/2026,"really appreciate the detailed proposal, excited to move forward."
A01723,D0276,meeting,2026/04/07,"Thanks so much for the quick turnaround, this looks great!"
A01724,D0613,note,2026/02/11,"Great call today, looking forward to next steps."
A01725,D0249,,2026-02-26,"Not happy with the delay, please escalate."
A01726,D0285,EMAIL,N/A,"Thanks so much for the quick turnaround, this looks great!"
A01727,D0888,meeting,2026/02/19,Following up on our last conversation regarding pricing.
A01728,D0816,Call,01/15/2026,"This is taking longer than expected, we need an update ASAP."
A01729,D0103,,17/01/2026,"Great call today, looking forward to next steps."
A01730,D0281,,2026/05/11,"This is taking longer than expected, we need an update ASAP."
A01731,D0146,call,19/03/2026,"Really appreciate the detailed proposal, excited to move forward."
A01732,D0028,call,02/13/2026,We may have to look at other vendors if this isn't resolved.
A01733,D0141,meeting,N/A,
A01734,D0708,email,18-05-2026,"Thanks so much for the quick turnaround, this looks great!"
A01735,D0738,EMAIL,2026-07-19,  Please find attached the requested documents.   
A01736,D0530,,2026/05/28,"Not happy with the delay, please escalate."
A01737,D0620,EMAIL,15-05-2026,
A01738,D0559,email,04-03-2026,Can we schedule a call sometime next week?
A01739,D0113,Follow Up,2026-04-07,Please find attached the requested documents.
A01740,D0043,note,07/11/2025,Following up on our last conversation regarding pricing.
A01741,D0776,EMAIL,2026/05/30,"This is taking longer than expected, we need an update ASAP."
A01742,D0633,call,02/03/2026,We may have to look at other vendors if this isn't resolved.
A01743,D0282,call,11-03-2026,We may have to look at other vendors if this isn't resolved.
A01744,D0540,follow-up,2025/11/30,"Great call today, looking forward to next steps."
A01745,D0448,,01/24/2026,"Thanks so much for the quick turnaround, this looks great!"
A01746,D0494,EMAIL,12/09/2025,Can we schedule a call sometime next week?
A01747,D0799,Meeting,2026-04-22,"this is taking longer than expected, we need an update asap."
A01748,D0188,Meeting,,"Really appreciate the detailed proposal, excited to move forward."
A01749,D0815,note,03-04-2026,"not happy with the delay, please escalate."
A01750,D0604,meeting,2025-12-27,"Really appreciate the detailed proposal, excited to move forward."
A01751,D0167,email,2026-07-16,Please find attached the requested documents.
A01752,D0012,call,12/04/2026,"this is taking longer than expected, we need an update asap."
A01753,D0041,EMAIL,2025-11-23,Please find attached the requested documents.
A01754,D0848,call,18-02-2026,
A01755,D0857,meeting,2026-06-17,
A01756,D0779,Call,03/23/2026,Can we schedule a call sometime next week?
A01757,D0182,EMAIL,18/06/2026,"REALLY APPRECIATE THE DETAILED PROPOSAL, EXCITED TO MOVE FORWARD."
A01758,D0392,call,27/05/2026,"Thanks so much for the quick turnaround, this looks great!"
A01759,D0498,call,16-11-2025,"this is taking longer than expected, we need an update asap."
A01760,D0429,call,15/03/2026,"Great call today, looking forward to next steps."
A01761,D0539,Meeting,,  Can we schedule a call sometime next week?   
A01762,D0278,note,22/05/2026,"Great call today, looking forward to next steps."
A01763,D0211,email,2026-06-16,"Thanks so much for the quick turnaround, this looks great!"
A01764,D0266,meeting,10/11/2025,please find attached the requested documents.
A01765,D0102,note,08-05-2026,"Really appreciate the detailed proposal, excited to move forward."
A01766,D0183,,13/04/2026,We may have to look at other vendors if this isn't resolved.
A01767,D0133,call,06/27/2026,Please find attached the requested documents.
A01768,D0047,meeting,2026-01-12,"Not happy with the delay, please escalate."
A01769,D0524,follow-up,2025-12-27,"Not happy with the delay, please escalate."
A01770,D0177,meeting,2026-04-03,"Great call today, looking forward to next steps."
A01771,D0316,meeting,2026-03-14,"not happy with the delay, please escalate."
A01772,D0439,Meeting,2026/03/17,"This is taking longer than expected, we need an update ASAP."
A01773,D0780,call,21-07-2026,We may have to look at other vendors if this isn't resolved.
A01774,D0863,EMAIL,2026/01/04,"Thanks so much for the quick turnaround, this looks great!"
A01775,D0203,follow-up,06-03-2026,"Really appreciate the detailed proposal, excited to move forward."
A01776,D0004,Follow Up,2026/03/12,Can we schedule a call sometime next week?
A01777,D0760,meeting,01/04/2026,  Please find attached the requested documents.   
A01778,D0618,call,2026-05-22,
A01779,D0689,note,,"Not happy with the delay, please escalate."
A01780,D0755,Call,10/07/2026,We may have to look at other vendors if this isn't resolved.
A01781,D0283,email,25/02/2026,"THIS IS TAKING LONGER THAN EXPECTED, WE NEED AN UPDATE ASAP."
A01782,D0864,Meeting,21-11-2025,"This is taking longer than expected, we need an update ASAP."
A01783,D0898,note,05/12/2025,We may have to look at other vendors if this isn't resolved.
A01784,D0801,Call,04-11-2025,"Really appreciate the detailed proposal, excited to move forward."
A01785,D0765,Follow Up,2026-03-22,"Great call today, looking forward to next steps."
A01786,D0171,Follow Up,2025-12-03,
A01787,D0466,follow-up,24-12-2025,Following up on our last conversation regarding pricing.
A01788,D0439,call,2026-06-26,Following up on our last conversation regarding pricing.
A01789,D0436,Follow Up,12/01/2025,"Thanks so much for the quick turnaround, this looks great!"
A01790,D0682,email,,"This is taking longer than expected, we need an update ASAP."
A01791,D0124,follow-up,03/16/2026,"Great call today, looking forward to next steps."
A01792,D0487,Follow Up,2026-04-20,"Thanks so much for the quick turnaround, this looks great!"
A01793,D0663,follow-up,03/24/2026,We may have to look at other vendors if this isn't resolved.
A01794,D0828,call,12/08/2025,"  This is taking longer than expected, we need an update ASAP.   "
A01795,D0174,follow-up,2026/06/27,
A01796,D0865,Meeting,23-02-2026,"Thanks so much for the quick turnaround, this looks great!"
A01797,D0585,EMAIL,2025-11-03,"NOT HAPPY WITH THE DELAY, PLEASE ESCALATE."
A01798,D0575,note,2025-12-02,We may have to look at other vendors if this isn't resolved.
A01799,D0454,call,07/31/2026,"Great call today, looking forward to next steps."
A01800,D0412,EMAIL,2026-05-16,"not happy with the delay, please escalate."
A01191,D0779,email,2026/07/09,can we schedule a call sometime next week?
A00364,D0835,meeting,2026-07-13,Can we schedule a call sometime next week?
A01571,D0527,note,11/11/2025,"This is taking longer than expected, we need an update ASAP."
A01715,D0036,Follow Up,06/23/2026,Can we schedule a call sometime next week?
A01043,D0507,follow-up,11/19/2025,"Not happy with the delay, please escalate."
A01719,D0833,follow-up,22-01-2026,Following up on our last conversation regarding pricing.
A01261,D0254,EMAIL,2026-03-02,Please find attached the requested documents.
A00165,D0852,EMAIL,,"this is taking longer than expected, we need an update asap."
A01379,D0002,follow-up,12/11/2025,Please find attached the requested documents.
A01161,D0301,email,12/05/2025,We may have to look at other vendors if this isn't resolved.
A01672,D0126,Meeting,28-12-2025,"Not happy with the delay, please escalate."
A01099,D0889,follow-up,12/27/2025,"Really appreciate the detailed proposal, excited to move forward."
A00328,D0675,follow-up,12/27/2025,"thanks so much for the quick turnaround, this looks great!"
A01005,D0093,,2026/07/07,"Thanks so much for the quick turnaround, this looks great!"
A00246,D0015,Call,18-11-2025,  Following up on our last conversation regarding pricing.   
A01151,D0286,,2026/04/16,"Great call today, looking forward to next steps."
A00316,D0630,Call,16-07-2026,"Great call today, looking forward to next steps."
A00858,D0151,note,01-11-2025,We may have to look at other vendors if this isn't resolved.
A01439,D0272,meeting,2026/06/06,"Great call today, looking forward to next steps."
A00662,D0715,follow-up,25/11/2025,"This is taking longer than expected, we need an update ASAP."
A01161,D0301,email,12/05/2025,We may have to look at other vendors if this isn't resolved.
A01576,D0131,email,04/02/2026,Please find attached the requested documents.
A00418,D0491,Call,2026-02-18,"this is taking longer than expected, we need an update asap."
A01583,D0534,Follow Up,2026/06/27,"really appreciate the detailed proposal, excited to move forward."
A01648,D0885,Call,2025-11-15,"Great call today, looking forward to next steps."
A00478,D0371,Follow Up,2026-07-02,Please find attached the requested documents.
A00950,D0205,Follow Up,2026-04-24,
A00186,D0142,,06/26/2026,Please find attached the requested documents.
A00938,D0686,meeting,08-05-2026,"This is taking longer than expected, we need an update ASAP."
A01511,D0714,follow-up,17/07/2026,"this is taking longer than expected, we need an update asap."
A00013,D0053,Follow Up,2026-02-13,Following up on our last conversation regarding pricing.
A01094,D0275,call,,"This is taking longer than expected, we need an update ASAP."
A00867,D0343,call,,
A01685,D0336,Follow Up,20/06/2026,Please find attached the requested documents.
A01701,D0230,Call,28/06/2026,"Great call today, looking forward to next steps."
