email_id,deal_id,sender,receiver,subject,email_body,sent_timestamp
E00001,D0316,..cristian.santos...@yahoo.com,jeffery.berger@hotmail.com,past he practice center model daughter.,We may have to look at other vendors if this isn't resolved.,06/29/2026
E00002,D0621,monica.herrera@hotmail.com,mrs..janet.chase@yahoo.com,Page line decision form section you until.,"Thanks so much for the quick turnaround, this looks great!",17-04-2026
E00003,D0794,ryan.munoz@hotmail.com,stacy.gomez@yahoo.com,Fish conference like.,"Really appreciate the detailed proposal, excited to move forward.",2025/12/15
E00004,D0450,allison.hill@gmail.com,jerry.pierce@yahoo.com,Current behind learn behind person.,Please find attached the requested documents.,2026/07/30
E00005,D0761,..cristian.santos...@gmail.com,joan.armstrong@yahoo.com,THIRD GENERAL ADD COVER EXIST TREATMENT INTERNATIONAL.,"Really appreciate the detailed proposal, excited to move forward.",2026/04/12
E00006,D0115,gina.moore@yahoo.com,kristin.andrews@hotmail.com,Various night political dark or bill.,Please find attached the requested documents.,2026-05-19
E00007,D0352,monica.herrera@gmail.com,melissa.walker@yahoo.com,Bill someone onto she form sign option.,"Really appreciate the detailed proposal, excited to move forward.",29-12-2025
E00008,D0386,ryan.munoz@hotmail.com,tami.graves@hotmail.com,Decide able discussion describe upon past century.,"Really appreciate the detailed proposal, excited to move forward.",01/15/2026
E00009,D0460,allison.hill@COMPANY.COM,cindy.huntgmail.com,Follow time appear.,Please find attached the requested documents.,
E00010,D0860,daniel.wagnergmail.com,george.orozco@yahoo.com,PROFESSOR FORCE MATTER BRING NICE HELP.,"Really appreciate the detailed proposal, excited to move forward.",20/03/2026
E00011,D0154,angie.henderson@yahoo.com,lisa.brown@yahoo.com,stuff first back painting degree.,Please find attached the requested documents.,2026/02/14
E00012,D0335,allison.hill@hotmail.com,christine.wonggmail.com,represent style night majority smile.,Can we schedule a call sometime next week?,12/16/2025
E00013,D0657,gina.moore@hotmail.com,,,"Really appreciate the detailed proposal, excited to move forward.",07/05/2026
E00014,D0880,angie.henderson@hotmail.com,gavin.zhang@hotmail.com,him condition section action kind.,We may have to look at other vendors if this isn't resolved.,2026-02-24
E00015,D0246,noah.rhodes@gmail.com,jennifer.martinez@hotmail.com,Foreign treat trouble me actually.,"This is taking longer than expected, we need an update ASAP.",24-03-2026
E00016,D0288,daniel.wagner@hotmail.com,michele.evans@yahoo.com,Huge yet region ever arm occur air.,Please find attached the requested documents.,2026/01/14
E00017,D0697,gina.moore@yahoo.com,,SPACE ALTHOUGH AHEAD THUS CHECK SAVE THAT.,"Great call today, looking forward to next steps.",16-05-2026
E00018,D0221,ryan.munozgmail.com,,Street budget kitchen report fire teach.,"Not happy with the delay, please escalate.",2025-12-06
E00019,D0188,..cristian.santos...@gmail.com,jonathan.jimenez@hotmail.com,Scene four public tonight today college worry reveal.,Following up on our last conversation regarding pricing.,15/01/2026
E00020,D0001,lisa.hensley@gmail.com,laura.mckinney@hotmail.com,indicate property article cover seven challenge.,Please find attached the requested documents.,
E00021,D0364,jamie.arnold@gmail.com,daniel.garcia@yahoo.com,Every cup measure.,"Not happy with the delay, please escalate.",12-01-2026
E00022,D0696,daniel.wagner@hotmail.com,scott.pierce@gmail.com,Event go game nothing recent.,We may have to look at other vendors if this isn't resolved.,2025-12-17
E00023,D0361,jamie.arnold@yahoo.com,joshua.mcmillan@gmail.com,  Truth consumer beat fish.   ,"This is taking longer than expected, we need an update ASAP.",04/04/2026
E00024,D0131,abigail.shaffergmail.com,robert.bowen@gmail.com,Small design hear ball.,We may have to look at other vendors if this isn't resolved.,2026/04/21
E00025,D0076,connie.lawrence@gmail.com,donna.wilson@yahoo.com,Section scene financial here expert.,"Great call today, looking forward to next steps.",2026-05-17
E00026,D0263,ryan.munoz@hotmail.com,christopher.ferrell@yahoo.com,Difficult could third computer far recently.,"Great call today, looking forward to next steps.",
E00027,D0427,noah.rhodes@yahoo.com,stanley.barnes@yahoo.com,Hair sign mission stop reach color wear one.,Following up on our last conversation regarding pricing.,11/01/2026
E00028,D0625,ryan.munoz@hotmail.com,benjamin.smith@gmail.com,Get specific someone debate record mean.,We may have to look at other vendors if this isn't resolved.,13-12-2025
E00029,D0770,jamie.arnold@yahoo.com,cody.brown@gmail.com,Significant election life all boy probably cost.,"Not happy with the delay, please escalate.",06/15/2026
E00030,D0382,abigail.shaffergmail.com,mallory.barajas@COMPANY.COM,Follow nor probably top follow bit grow too.,We may have to look at other vendors if this isn't resolved.,08-12-2025
E00031,D0715,michele.williams@yahoo.com,kristopher.shannon@yahoo.com,Possible beyond tree fill level control.,"Really appreciate the detailed proposal, excited to move forward.",12/14/2025
E00032,D0413,allison.hillgmail.com,,Lead office itself human street education health full.,"Not happy with the delay, please escalate.",11/06/2025
E00033,D0861,jamie.arnold@yahoo.com,,Wife theory shake.,Following up on our last conversation regarding pricing.,05-05-2026
E00034,D0749,noah.rhodes@hotmail.com,karen.wells@COMPANY.COM,  Inside similar west husband.   ,"Not happy with the delay, please escalate.",2026/07/05
E00035,D0482,allison.hill@hotmail.com,laura.mckinney@gmail.com,Though whole wall cup win.,"This is taking longer than expected, we need an update ASAP.",11/08/2025
E00036,D0304,connie.lawrence@gmail.com,jenny.lewis@hotmail.com,small approach bed society center get.,Following up on our last conversation regarding pricing.,05/25/2026
E00037,D0032,gina.moore@yahoo.com,briana.wiggins@gmail.com,Customer common film continue.,Please find attached the requested documents.,2026/02/16
E00038,D0411,ryan.munoz@yahoo.com,paula.bradley@gmail.com,Child new simply above city.,"Thanks so much for the quick turnaround, this looks great!",23-06-2026
E00039,D0412,angie.henderson@hotmail.com,,Recognize tree protect story relationship several.,"Thanks so much for the quick turnaround, this looks great!",27/11/2025
E00040,D0419,gabrielle.davis@gmail.com,amanda.diaz@yahoo.com,Hundred force executive push.,Please find attached the requested documents.,2025-11-26
E00041,D0318,lisa.hensley@hotmail.com,james.bowers@yahoo.com,author major science only develop part should.,Following up on our last conversation regarding pricing.,06/27/2026
E00042,D0494,ryan.munoz@yahoo.com,martin.silva@hotmail.com,PARTICULAR SEEM TRIP.,"Not happy with the delay, please escalate.",02/09/2026
E00043,D0076,,richard.alvarez@gmail.com,Could deep itself fund pressure international expect.,"Great call today, looking forward to next steps.",04/26/2026
E00044,D0712,michele.williams@yahoo.com,heather.bennett@gmail.com,When instead clear radio strong.,Following up on our last conversation regarding pricing.,02/14/2026
E00045,D0216,allison.hill@gmail.com,jared.smith@yahoo.com,Pretty identify southern claim.,Please find attached the requested documents.,07/03/2026
E00046,D0294,ryan.munozgmail.com,mary.hernandez@hotmail.com,Rather activity president prove institution approach.,We may have to look at other vendors if this isn't resolved.,12/05/2025
E00047,D0794,connie.lawrence@hotmail.com,rachel.flores@hotmail.com,Page sort late health.,"Not happy with the delay, please escalate.",2026-02-24
E00048,D0797,,james.palmer@yahoo.com,WILL BORN CONDITION INTEREST SERVICE THAT BAG.,We may have to look at other vendors if this isn't resolved.,10-03-2026
E00049,D0092,jamie.arnold@hotmail.com,sherry.graham@hotmail.com,Culture spend road lawyer any.,"Really appreciate the detailed proposal, excited to move forward.",02/11/2025
E00050,D0198,allison.hill@gmail.com,,Least anyone out hard international push short.,Can we schedule a call sometime next week?,2026-01-16
E00051,D0747,,jonathan.davis@yahoo.com,Fall indicate land fear.,"This is taking longer than expected, we need an update ASAP.",11/06/2025
E00052,D0617,noah.rhodes@gmail.com,elizabeth.richardsgmail.com,Rule most how compare movement call.,"Thanks so much for the quick turnaround, this looks great!",2025/11/10
E00053,D0252,michele.williams@yahoo.com,jennifer.williams@yahoo.com,Generation leader pay try tough.,We may have to look at other vendors if this isn't resolved.,2025-12-10
E00054,D0780,ryan.munoz@hotmail.com,alexander.gomez@hotmail.com,american force although participant rich speech big.,We may have to look at other vendors if this isn't resolved.,
E00055,D0215,abigail.shaffer@hotmail.com,michael.long@gmail.com,Until see institution against wear either.,Following up on our last conversation regarding pricing.,2026/03/20
E00056,D0568,monica.herrera@gmail.com,miguel.parks@yahoo.com,,"Not happy with the delay, please escalate.",2026-04-28
E00057,D0156,connie.lawrence@gmail.com,roger.velasquez@hotmail.com,HEAR LIST SET.,Please find attached the requested documents.,2026/03/28
E00058,D0212,daniel.wagner@hotmail.com,mark.lowe@hotmail.com,Everybody provide painting travel.,Following up on our last conversation regarding pricing.,28/02/2026
E00059,D0308,michele.williamsgmail.com,austin.williams@yahoo.com,Imagine affect increase.,"This is taking longer than expected, we need an update ASAP.",2026/05/05
E00060,D0738,gabrielle.davis@yahoo.com,amanda.hardin@yahoo.com,,"Really appreciate the detailed proposal, excited to move forward.",2025/12/06
E00061,D0095,michele.williams@yahoo.com,james.wells@hotmail.com,Play forget home upon actually future.,Following up on our last conversation regarding pricing.,N/A
E00062,D0205,michele.williams@yahoo.com,steven.lopez@gmail.com,Take material mother color hope idea produce.,We may have to look at other vendors if this isn't resolved.,03-02-2026
E00063,D0575,connie.lawrence@gmail.com,george.orozco@hotmail.com,no generation debate world hard factor firm.,"This is taking longer than expected, we need an update ASAP.",
E00064,D0466,monica.herrera@gmail.com,katherine.goodwin@gmail.com,ONCE PERSON NORTH INDEED SHARE SEEM EXIST SEASON.,"Not happy with the delay, please escalate.",04/05/2026
E00065,D0489,connie.lawrence@yahoo.com,tracey.wagner@hotmail.com,Her we but how.,"Thanks so much for the quick turnaround, this looks great!",07/29/2026
E00066,D0656,noah.rhodes@gmail.com,,Eye ten short worker without nearly goal.,Can we schedule a call sometime next week?,2025/12/28
E00067,D0279,lisa.hensley@hotmail.com,christopher.marsh@yahoo.com,Side picture professional rather plan player.,"Great call today, looking forward to next steps.",2025/12/30
E00068,D0385,connie.lawrence@hotmail.com,austin.gentrygmail.com,Different identify series experience under church.,We may have to look at other vendors if this isn't resolved.,03/18/2026
E00069,D0383,michele.williams@yahoo.com,john.smith@yahoo.com,  Mouth free less.   ,"This is taking longer than expected, we need an update ASAP.",
E00070,D0833,abigail.shaffer@gmail.com,rebecca.ramsey@yahoo.com,  President wind improve player peace catch people your.   ,Can we schedule a call sometime next week?,
E00071,D0749,,kim.lopez@hotmail.com,,We may have to look at other vendors if this isn't resolved.,2026-04-13
E00072,D0881,ryan.munozgmail.com,jennifer.velasquez@COMPANY.COM,third pressure need tell sure claim hard themselves.,Following up on our last conversation regarding pricing.,02/09/2026
E00073,D0374,allison.hill@hotmail.com,mary.thompson@gmail.com,Car ask air officer learn raise.,"Not happy with the delay, please escalate.",2025/12/18
E00074,D0479,ryan.munoz@gmail.com,dennis.garza@gmail.com,Matter book page former turn city left.,"This is taking longer than expected, we need an update ASAP.",
E00075,D0639,gabrielle.davis@gmail.com,michael.richmond@hotmail.com,Radio image mind.,"Not happy with the delay, please escalate.",22-07-2026
E00076,D0264,..cristian.santos...@yahoo.com,casey.chapman@gmail.com,whatever third mr respond parent writer.,We may have to look at other vendors if this isn't resolved.,09-03-2026
E00077,D0711,connie.lawrence@yahoo.com,,Still art speech stock rise always human.,"Really appreciate the detailed proposal, excited to move forward.",2026/05/15
E00078,D0399,monica.herrera@hotmail.com,lee.steele@hotmail.com,Investment buy certainly energy stay send.,Can we schedule a call sometime next week?,12/07/2026
E00079,D0161,angie.henderson@gmail.com,mark.lowe@yahoo.com,prevent center during lot enough form.,"Not happy with the delay, please escalate.",N/A
E00080,D0717,abigail.shaffergmail.com,dawn.rivera@yahoo.com,Sell serious garden ready former late election.,"Great call today, looking forward to next steps.",09/05/2026
E00081,D0032,allison.hill@gmail.com,jaime.harris@gmail.com,miss ago they nor.,"This is taking longer than expected, we need an update ASAP.",
E00082,D0202,lisa.hensley@yahoo.com,alyssa.lee@hotmail.com,Nothing fight require pull.,Following up on our last conversation regarding pricing.,2026-05-14
E00083,D0452,monica.herrera@hotmail.com,terry.lewis@gmail.com,Parent teacher either direction.,Can we schedule a call sometime next week?,12-12-2025
E00084,D0540,,nathan.stanley@COMPANY.COM,Field once else return seat you image peace.,Following up on our last conversation regarding pricing.,21-06-2026
E00085,D0453,..cristian.santos...gmail.com,jesse.sampson@yahoo.com,Onto may model her.,Following up on our last conversation regarding pricing.,17-12-2025
E00086,D0712,ryan.munozgmail.com,amanda.reed@hotmail.com,that lot low here.,"Really appreciate the detailed proposal, excited to move forward.",2026/07/12
E00087,D0653,gabrielle.davis@gmail.com,carlos.ruiz@yahoo.com,Finally difference everything sing smile.,"This is taking longer than expected, we need an update ASAP.",02/05/2026
E00088,D0339,noah.rhodes@yahoo.com,victoria.brown@yahoo.com,Notice police activity second standard skin together.,Please find attached the requested documents.,2026/04/27
E00089,D0472,gabrielle.davis@yahoo.com,tracey.smith@hotmail.com,Huge better forget.,Following up on our last conversation regarding pricing.,22/05/2026
E00090,D0868,lisa.hensley@hotmail.com,david.combs@hotmail.com,,"Really appreciate the detailed proposal, excited to move forward.",11/18/2025
E00091,D0027,connie.lawrence@hotmail.com,john.alvarez@gmail.com,ready lay american participant necessary.,"Not happy with the delay, please escalate.",05/08/2026
E00092,D0216,michele.williams@gmail.com,stacy.gomez@hotmail.com,town car few debate.,"Great call today, looking forward to next steps.",11/25/2025
E00093,D0836,lisa.hensley@hotmail.com,tracey.smith@yahoo.com,Better think anything so authority long kind.,"Great call today, looking forward to next steps.",06/01/2026
E00094,D0485,ryan.munoz@gmail.com,joseph.hill@hotmail.com,Democrat maintain notice ok technology born though since.,"Great call today, looking forward to next steps.",
E00095,D0245,angie.hendersongmail.com,,,"This is taking longer than expected, we need an update ASAP.",12/23/2025
E00096,D0780,angie.henderson@hotmail.com,katherine.goodwin@yahoo.com,  Test eat every night final.   ,"Really appreciate the detailed proposal, excited to move forward.",2026/01/17
E00097,D0153,ryan.munozgmail.com,larry.jones@gmail.com,According throw meeting many condition set pull.,"Really appreciate the detailed proposal, excited to move forward.",01-03-2026
E00098,D0707,angie.henderson@yahoo.com,sharon.wellsgmail.com,Point Mrs consumer single several degree.,"Really appreciate the detailed proposal, excited to move forward.",11/26/2025
E00099,D0128,allison.hill@yahoo.com,kimberly.davenport@hotmail.com,Bill feel participant number choice choose short.,"Great call today, looking forward to next steps.",17/03/2026
E00100,D0641,lisa.hensley@gmail.com,autumn.higgins@COMPANY.COM,Production for might listen organization indicate risk director.,Following up on our last conversation regarding pricing.,03/06/2026
E00101,D0185,gabrielle.davis@yahoo.com,autumn.higginsgmail.com,Certain free government seat last interesting.,"Not happy with the delay, please escalate.",
E00102,D0822,allison.hill@yahoo.com,jesse.garza@gmail.com,  Area impact position cause lead ever.   ,Can we schedule a call sometime next week?,02/16/2026
E00103,D0639,lisa.hensley@gmail.com,cody.smith@gmail.com,FAR HEALTH FOCUS SO FOR.,"Not happy with the delay, please escalate.",12-06-2026
E00104,D0746,angie.henderson@gmail.com,gabriel.juarez@gmail.com,Me task blood during for look return like.,"Not happy with the delay, please escalate.",02-04-2026
E00105,D0519,abigail.shaffer@gmail.com,lance.simmons@hotmail.com,,"This is taking longer than expected, we need an update ASAP.",2026-07-24
E00106,D0863,daniel.wagner@hotmail.com,megan.orr@yahoo.com,Mrs just exist line thing.,"This is taking longer than expected, we need an update ASAP.",28-11-2025
E00107,D0422,noah.rhodes@hotmail.com,timothy.ruiz@yahoo.com,Them operation off no.,Following up on our last conversation regarding pricing.,11/20/2025
E00108,D0602,lisa.hensley@yahoo.com,gregory.stanley@hotmail.com,Several end most fact against sign attention.,Please find attached the requested documents.,2026/02/28
E00109,D0809,..cristian.santos...@hotmail.com,sara.johnston@hotmail.com,Whatever guess significant section Democrat fly.,Can we schedule a call sometime next week?,2026-06-03
E00110,D0888,ryan.munoz@yahoo.com,drew.kelley@yahoo.com,question region effort section age.,"This is taking longer than expected, we need an update ASAP.",01/01/2026
E00111,D0135,daniel.wagner@yahoo.com,tara.rose@yahoo.com,South something story art writer health.,"Great call today, looking forward to next steps.",2025/12/03
E00112,D0721,gabrielle.davis@gmail.com,,Their force much executive free attack away.,Please find attached the requested documents.,04-04-2026
E00113,D0234,allison.hillgmail.com,,Sister mother sometimes suffer because two particular.,"Great call today, looking forward to next steps.",11/25/2025
E00114,D0837,gabrielle.davis@gmail.com,benjamin.smith@hotmail.com,Stand letter threat yes charge form.,"Great call today, looking forward to next steps.",30/07/2026
E00115,D0765,jamie.arnold@hotmail.com,joseph.schwartz@yahoo.com,Husband family perhaps.,"Great call today, looking forward to next steps.",2025/12/20
E00116,D0659,monica.herrera@gmail.com,melissa.mckee@gmail.com,Interview else development purpose force leader.,"Really appreciate the detailed proposal, excited to move forward.",2026-02-15
E00117,D0394,noah.rhodes@hotmail.com,gregory.stanley@yahoo.com,Check significant deal consider ago own suddenly.,Can we schedule a call sometime next week?,01/05/2026
E00118,D0766,ryan.munoz@hotmail.com,carlos.ruiz@yahoo.com,,Can we schedule a call sometime next week?,01/06/2026
E00119,D0639,ryan.munoz@yahoo.com,michele.evans@yahoo.com,View describe green case together.,"Thanks so much for the quick turnaround, this looks great!",22/01/2026
E00120,D0158,abigail.shaffer@yahoo.com,dana.santiagogmail.com,Know season science.,"Great call today, looking forward to next steps.",28/02/2026
E00121,D0411,,laura.mckinney@yahoo.com,Human day herself sport behavior compare.,We may have to look at other vendors if this isn't resolved.,12-02-2026
E00122,D0339,monica.herrera@hotmail.com,beth.hall@hotmail.com,Clear decide wait scientist.,Can we schedule a call sometime next week?,08-07-2026
E00123,D0103,..cristian.santos...@yahoo.com,rita.ponce.dvm@yahoo.com,DECISION BEFORE MEDICAL LONG MEET.,"Not happy with the delay, please escalate.",06/02/2026
E00124,D0828,michele.williams@gmail.com,kim.lopez@gmail.com,Sound hundred tax great watch student.,Can we schedule a call sometime next week?,2026-07-17
E00125,D0158,..cristian.santos...@hotmail.com,kenneth.mcdonald@yahoo.com,Yourself be poor hope likely.,"Not happy with the delay, please escalate.",2026-02-27
E00126,D0148,michele.williams@yahoo.com,william.smith@hotmail.com,Animal suggest concern act million cell.,"This is taking longer than expected, we need an update ASAP.",
E00127,D0795,michele.williams@gmail.com,robert.cline@hotmail.com,HE INCREASE CHURCH COMMON VIEW.,"Thanks so much for the quick turnaround, this looks great!",09/03/2026
E00128,D0199,ryan.munoz@hotmail.com,kristin.stewart@hotmail.com,half understand skill air.,"This is taking longer than expected, we need an update ASAP.",N/A
E00129,D0047,jamie.arnold@yahoo.com,katherine.goodwingmail.com,Health success perform agreement ago agreement like same.,"Thanks so much for the quick turnaround, this looks great!",26-12-2025
E00130,D0765,daniel.wagner@yahoo.com,todd.woods@gmail.com,Help out modern citizen address today begin.,"Really appreciate the detailed proposal, excited to move forward.",10/12/2025
E00131,D0611,michele.williams@gmail.com,john.smith@yahoo.com,Work task Mr care owner PM find.,Please find attached the requested documents.,07/29/2026
E00132,D0569,noah.rhodes@yahoo.com,michele.evans@gmail.com,,Can we schedule a call sometime next week?,09/03/2026
E00133,D0210,lisa.hensley@gmail.com,jeremy.horne.md@gmail.com,Method south central process sea.,"Thanks so much for the quick turnaround, this looks great!",21/06/2026
E00134,D0656,daniel.wagner@yahoo.com,danielle.hamilton@hotmail.com,Economic economy role feeling.,We may have to look at other vendors if this isn't resolved.,
E00135,D0674,allison.hill@yahoo.com,dennis.young@hotmail.com,Mind officer third service capital instead product often.,"Thanks so much for the quick turnaround, this looks great!",2026-05-14
E00136,D0363,ryan.munoz@gmail.com,kim.lopez@hotmail.com,Place some woman add play structure.,"Thanks so much for the quick turnaround, this looks great!",14-07-2026
E00137,D0158,,megan.orr@yahoo.com,Activity lose tax could thank wife.,We may have to look at other vendors if this isn't resolved.,04-01-2026
E00138,D0625,noah.rhodes@gmail.com,,Perform national brother evidence shoulder under front.,We may have to look at other vendors if this isn't resolved.,02/19/2026
E00139,D0004,gabrielle.davis@yahoo.com,nicholas.hill@COMPANY.COM,Southern maintain nature professional property garden.,We may have to look at other vendors if this isn't resolved.,2026/07/02
E00140,D0826,noah.rhodes@gmail.com,cynthia.cochran@yahoo.com,Politics who call dinner leader book.,"This is taking longer than expected, we need an update ASAP.",
E00141,D0659,jamie.arnold@yahoo.com,shannon.green@gmail.com,Film job worker bar term measure.,"This is taking longer than expected, we need an update ASAP.",31-03-2026
E00142,D0529,noah.rhodes@hotmail.com,elizabeth.sharp@gmail.com,Style develop admit safe.,"Great call today, looking forward to next steps.",02/17/2026
E00143,D0673,,,Sister none most another mouth much really young.,"Really appreciate the detailed proposal, excited to move forward.",2026/02/05
E00144,D0154,lisa.hensley@gmail.com,daniel.livingston@gmail.com,Play teacher difficult us.,Please find attached the requested documents.,2025/12/16
E00145,D0608,allison.hill@hotmail.com,cheryl.gray@hotmail.com,  Teach everything where we fast too.   ,"Great call today, looking forward to next steps.",15/05/2026
E00146,D0122,ryan.munoz@yahoo.com,jaime.harris@yahoo.com,Carry visit a edge new find.,Following up on our last conversation regarding pricing.,2026/07/24
E00147,D0058,jamie.arnold@hotmail.com,wesley.white@hotmail.com,Arrive improve century state.,We may have to look at other vendors if this isn't resolved.,11/07/2026
E00148,D0057,gabrielle.davis@gmail.com,christopher.nelson@yahoo.com,Position hospital cover strong.,Please find attached the requested documents.,N/A
E00149,D0811,abigail.shaffer@yahoo.com,richard.gordon@gmail.com,But science want charge kitchen public.,We may have to look at other vendors if this isn't resolved.,2025-11-19
E00150,D0864,jamie.arnold@gmail.com,justin.webb@hotmail.com,Minute modern sign out.,"Not happy with the delay, please escalate.",2026/05/27
E00151,D0595,connie.lawrence@yahoo.com,scott.sanchez@yahoo.com,Must particular child they.,"This is taking longer than expected, we need an update ASAP.",01/03/2026
E00152,D0518,gabrielle.davis@hotmail.com,austin.williams@yahoo.com,We American study eight phone.,"Thanks so much for the quick turnaround, this looks great!",26/05/2026
E00153,D0082,daniel.wagner@gmail.com,melissa.bauer@yahoo.com,mission become rule where ten.,"Thanks so much for the quick turnaround, this looks great!",25-02-2026
E00154,D0756,gabrielle.davis@hotmail.com,charles.pitts@yahoo.com,instead point tend exactly right every.,We may have to look at other vendors if this isn't resolved.,05/01/2026
E00155,D0868,lisa.hensley@hotmail.com,harry.bryant@yahoo.com,project economy ground actually require magazine.,"Not happy with the delay, please escalate.",
E00156,D0412,jamie.arnold@gmail.com,victoria.brown@hotmail.com,PROGRAM BILLION SIT REMAIN NIGHT STUDY.,"Not happy with the delay, please escalate.",04/09/2026
E00157,D0493,angie.henderson@hotmail.com,mallory.barajas@hotmail.com,Among blue study poor better believe.,Following up on our last conversation regarding pricing.,2026/02/11
E00158,D0679,abigail.shaffer@gmail.com,darrell.curry@yahoo.com,,Can we schedule a call sometime next week?,
E00159,D0503,gina.moore@hotmail.com,gabrielle.morris@gmail.com,Spend physical sing protect agent note.,Following up on our last conversation regarding pricing.,04/06/2026
E00160,D0347,jamie.arnold@yahoo.com,jeremy.horne.md@gmail.com,Turn soon rock support effect.,"Great call today, looking forward to next steps.",11/07/2025
E00161,D0103,connie.lawrence@yahoo.com,oscar.howardgmail.com,Wind eat land answer leader yard.,"Thanks so much for the quick turnaround, this looks great!",2026-06-12
E00162,D0538,ryan.munoz@gmail.com,eddie.adams@gmail.com,  Side natural focus husband give spring suddenly.   ,Please find attached the requested documents.,11-01-2026
E00163,D0377,gabrielle.davis@yahoo.com,ashley.hall@yahoo.com,Mrs source whole first figure trial bed image.,"Not happy with the delay, please escalate.",2026-06-23
E00164,D0771,daniel.wagner@hotmail.com,jose.guerra@gmail.com,Dark task magazine front just guess.,We may have to look at other vendors if this isn't resolved.,2026-04-19
E00165,D0333,lisa.hensley@gmail.com,stacie.butler@yahoo.com,Born ok training.,"Thanks so much for the quick turnaround, this looks great!",14/12/2025
E00166,D0900,gina.moore@hotmail.com,alexis.smith@yahoo.com,Mrs huge receive cup bed our theory.,Please find attached the requested documents.,11-05-2026
E00167,D0366,gabrielle.davis@yahoo.com,julie.howard@gmail.com,Mouth however TV billion what sport.,"Thanks so much for the quick turnaround, this looks great!",02/19/2026
E00168,D0840,abigail.shaffer@yahoo.com,tami.graves@hotmail.com,,"This is taking longer than expected, we need an update ASAP.",07/01/2026
E00169,D0628,gina.moore@gmail.com,rebecca.wright@hotmail.com,Early difficult possible democratic actually.,Can we schedule a call sometime next week?,07/11/2025
E00170,D0375,jamie.arnold@gmail.com,justin.webb@hotmail.com,Study increase necessary nothing include summer ok.,"Not happy with the delay, please escalate.",2026/01/06
E00171,D0403,lisa.hensley@yahoo.com,carl.hart@hotmail.com,religious word sound enjoy have.,Can we schedule a call sometime next week?,21-04-2026
E00172,D0658,michele.williams@gmail.com,emily.collins@yahoo.com,GROUND WHEN CARE TEAM WORRY EAST MRS.,Can we schedule a call sometime next week?,N/A
E00173,D0356,jamie.arnold@hotmail.com,kristen.gonzales@hotmail.com,Movement bit step direction give reduce with.,"Not happy with the delay, please escalate.",05-12-2025
E00174,D0299,abigail.shaffer@gmail.com,scott.stewart@yahoo.com,Off apply peace market job.,Can we schedule a call sometime next week?,2026/06/13
E00175,D0366,..cristian.santos...@gmail.com,danielle.medina@gmail.com,Large practice time live relationship as great.,"Really appreciate the detailed proposal, excited to move forward.",19/07/2026
E00176,D0004,allison.hill@yahoo.com,elizabeth.davis@hotmail.com,WATER ROAD REQUIRE MAKE REGION.,"This is taking longer than expected, we need an update ASAP.",2026-07-19
E00177,D0662,..cristian.santos...@yahoo.com,,Product finally recent fight discussion.,Please find attached the requested documents.,16/07/2026
E00178,D0716,allison.hill@hotmail.com,larry.jones@yahoo.com,Short woman only television.,"Not happy with the delay, please escalate.",06/07/2026
E00179,D0606,jamie.arnold@gmail.com,rhonda.walker@hotmail.com,Onto simple audience as including claim.,Following up on our last conversation regarding pricing.,2026-07-24
E00180,D0832,abigail.shaffer@hotmail.com,wanda.houston@gmail.com,Rock forward behind idea red rate source.,"This is taking longer than expected, we need an update ASAP.",12/23/2025
E00181,D0120,daniel.wagner@yahoo.com,bryan.villarreal@gmail.com,consumer find concern involve edge before.,"This is taking longer than expected, we need an update ASAP.",2026-02-12
E00182,D0002,connie.lawrence@gmail.com,steven.cooper@gmail.com,Worry plan fund sell model after.,"Thanks so much for the quick turnaround, this looks great!",01/10/2026
E00183,D0137,jamie.arnold@hotmail.com,steven.lopez@gmail.com,,Following up on our last conversation regarding pricing.,15/04/2026
E00184,D0568,abigail.shaffer@hotmail.com,daniel.garcia@hotmail.com,TEACHER WESTERN COUNTRY PER CONSIDER DESPITE.,"Not happy with the delay, please escalate.",07-06-2026
E00185,D0154,..cristian.santos...@hotmail.com,linda.berry@yahoo.com,,"Great call today, looking forward to next steps.",03-02-2026
E00186,D0065,..cristian.santos...@gmail.com,zachary.chan@yahoo.com,Blue raise operation cold between.,"This is taking longer than expected, we need an update ASAP.",2026-07-14
E00187,D0563,daniel.wagner@gmail.com,thomas.webb@COMPANY.COM,  Turn visit up nature home language bring never.   ,Can we schedule a call sometime next week?,23/12/2025
E00188,D0133,monica.herrera@yahoo.com,matthew.rodriguez@gmail.com,whether make some among around.,"Not happy with the delay, please escalate.",01-02-2026
E00189,D0832,..cristian.santos...@yahoo.com,david.jenkinsgmail.com,Better mind professional fly month offer mother hour.,We may have to look at other vendors if this isn't resolved.,07/27/2026
E00190,D0761,connie.lawrence@gmail.com,william.smith@yahoo.com,Career shake fall phone identify help.,Please find attached the requested documents.,30-03-2026
E00191,D0897,abigail.shaffer@yahoo.com,mary.hernandez@gmail.com,Night participant fill yeah side side.,"Thanks so much for the quick turnaround, this looks great!",03/14/2026
E00192,D0240,..cristian.santos...@hotmail.com,david.griffith@gmail.com,Water film onto too myself.,Can we schedule a call sometime next week?,10-05-2026
E00193,D0595,daniel.wagner@hotmail.com,,Move another field.,"Not happy with the delay, please escalate.",25/04/2026
E00194,D0604,connie.lawrence@hotmail.com,jennifer.hancock@gmail.com,School model condition he recognize treat.,Can we schedule a call sometime next week?,22/12/2025
E00195,D0508,abigail.shaffer@gmail.com,dan.crane@gmail.com,AUTHORITY DATA DEAL POLICY ADMINISTRATION TWO.,Can we schedule a call sometime next week?,2025-11-27
E00196,D0103,jamie.arnold@hotmail.com,stacey.walker@gmail.com,ABOVE DRIVE SPORT STORY WORKER.,"Really appreciate the detailed proposal, excited to move forward.",2025-12-26
E00197,D0257,abigail.shaffer@gmail.com,terry.lewis@yahoo.com,And center east protect think institution.,"Thanks so much for the quick turnaround, this looks great!",2026/07/28
E00198,D0080,,jesse.wright@hotmail.com,Daughter these say evening real.,"This is taking longer than expected, we need an update ASAP.",05-04-2026
E00199,D0780,michele.williamsgmail.com,amy.price@yahoo.com,,"This is taking longer than expected, we need an update ASAP.",02/22/2026
E00200,D0251,,rhonda.walker@hotmail.com,can ready audience boy city social at.,"Thanks so much for the quick turnaround, this looks great!",2026-02-16
E00201,D0190,allison.hill@gmail.com,veronica.silva@hotmail.com,Western resource reason expect expert.,Can we schedule a call sometime next week?,2026-03-27
E00202,D0692,michele.williams@yahoo.com,gabrielle.morris@gmail.com,HOUSE THOSE DARK BEAT.,"Great call today, looking forward to next steps.",
E00203,D0419,allison.hill@COMPANY.COM,,Camera yet light body director.,"Great call today, looking forward to next steps.",
E00204,D0881,abigail.shaffer@gmail.com,charles.santiago@gmail.com,Drop past just central.,"Great call today, looking forward to next steps.",16-06-2026
E00205,D0039,connie.lawrence@gmail.com,marc.moore@hotmail.com,short country decision fish notice we game.,"Thanks so much for the quick turnaround, this looks great!",04/12/2026
E00206,D0671,noah.rhodes@gmail.com,kathy.king@yahoo.com,Customer popular hospital check factor as contain.,"Really appreciate the detailed proposal, excited to move forward.",18-07-2026
E00207,D0548,daniel.wagner@hotmail.com,tyrone.kaufman@COMPANY.COM,  Agent key successful own explain claim.   ,"Great call today, looking forward to next steps.",2025-12-23
E00208,D0816,angie.henderson@yahoo.com,joshua.martin@gmail.com,Range improve move peace.,Please find attached the requested documents.,03/30/2026
E00209,D0312,gabrielle.davis@yahoo.com,christopher.ferrell@yahoo.com,Century billion do.,"Thanks so much for the quick turnaround, this looks great!",2025/12/17
E00210,D0525,abigail.shaffer@hotmail.com,victor.holden@gmail.com,SHOULDER BUILD DIFFERENT PICK NOR AVAILABLE.,Can we schedule a call sometime next week?,12/02/2026
E00211,D0652,gina.moore@yahoo.com,christopher.nelson@hotmail.com,  Executive pattern last security raise partner.   ,We may have to look at other vendors if this isn't resolved.,27-04-2026
E00212,D0182,gina.moore@hotmail.com,samantha.davis@yahoo.com,Try check movie growth certain PM company.,"Great call today, looking forward to next steps.",03/02/2026
E00213,D0380,connie.lawrence@yahoo.com,,Happy again south century.,"Great call today, looking forward to next steps.",07/23/2026
E00214,D0894,,danielle.hamilton@hotmail.com,Surface would by phone decade image third.,"Not happy with the delay, please escalate.",06-03-2026
E00215,D0225,abigail.shaffer@yahoo.com,alexander.gomez@yahoo.com,less full program card morning early.,Please find attached the requested documents.,06/03/2026
E00216,D0445,connie.lawrence@hotmail.com,samantha.hale@gmail.com,Guy leg television society hear fill hotel like.,"This is taking longer than expected, we need an update ASAP.",2026/05/14
E00217,D0565,connie.lawrence@yahoo.com,paige.weiss@yahoo.com,  Include current front three process view it wall.   ,"This is taking longer than expected, we need an update ASAP.",2026/03/29
E00218,D0155,noah.rhodes@gmail.com,,Note common worker quite shoulder political.,"This is taking longer than expected, we need an update ASAP.",2025/11/07
E00219,D0230,..cristian.santos...@gmail.com,oscar.howard@gmail.com,First early school several main particular.,"This is taking longer than expected, we need an update ASAP.",2026/04/06
E00220,D0027,lisa.hensley@COMPANY.COM,tyler.medina@hotmail.com,then put skin beat across television apply system.,Following up on our last conversation regarding pricing.,2026/05/28
E00221,D0807,noah.rhodes@yahoo.com,mary.spence@gmail.com,  When film at perhaps.   ,"Really appreciate the detailed proposal, excited to move forward.",2026/01/25
E00222,D0672,jamie.arnold@yahoo.com,jeremy.barnesgmail.com,FULL COMPARE FIELD SORT CIVIL THING CLEAR.,"Not happy with the delay, please escalate.",2026-01-25
E00223,D0483,angie.henderson@hotmail.com,bryan.burns@yahoo.com,No pick record example.,"This is taking longer than expected, we need an update ASAP.",2025/12/02
E00224,D0729,gabrielle.davis@gmail.com,scott.pierce@gmail.com,Training best always they.,"Great call today, looking forward to next steps.",20-06-2026
E00225,D0408,daniel.wagner@yahoo.com,brenda.lawrence@gmail.com,Only write gun.,Can we schedule a call sometime next week?,03/09/2026
E00226,D0767,michele.williams@hotmail.com,jack.white@gmail.com,Thus wife water note those write though.,"This is taking longer than expected, we need an update ASAP.",03/01/2026
E00227,D0613,gina.moore@gmail.com,amanda.wood@hotmail.com,Quality true book various whether.,Please find attached the requested documents.,
E00228,D0405,ryan.munoz@hotmail.com,michael.rush@gmail.com,OWNER SON ADMINISTRATION THROUGH INDIVIDUAL COLLEGE.,"Great call today, looking forward to next steps.",24/12/2025
E00229,D0736,ryan.munoz@gmail.com,cynthia.cruz@hotmail.com,Word toward age five cold.,"This is taking longer than expected, we need an update ASAP.",2026/06/21
E00230,D0230,connie.lawrence@hotmail.com,pamela.good@COMPANY.COM,enjoy you front evening yet.,"Great call today, looking forward to next steps.",2026/04/27
E00231,D0029,abigail.shaffer@hotmail.com,arthur.west@gmail.com,Necessary candidate within person same affect.,"Thanks so much for the quick turnaround, this looks great!",2026-04-29
E00232,D0200,daniel.wagner@yahoo.com,rachel.flores@yahoo.com,Along public recent friend sort table.,"Not happy with the delay, please escalate.",02/12/2026
E00233,D0703,gabrielle.davis@yahoo.com,jorge.armstrong.iii@hotmail.com,Car get energy cover example bar.,Please find attached the requested documents.,2026-06-03
E00234,D0073,abigail.shaffer@hotmail.com,brooke.khan@gmail.com,TECHNOLOGY TIME AGE CAMPAIGN SEVEN DRUG.,We may have to look at other vendors if this isn't resolved.,03/03/2026
E00235,D0011,ryan.munoz@gmail.com,drew.kelley@gmail.com,Soon single tell act add southern thank.,"Thanks so much for the quick turnaround, this looks great!",12/19/2025
E00236,D0133,angie.henderson@gmail.com,renee.mcdaniel@hotmail.com,Whole wide piece former professor partner argue catch.,"Really appreciate the detailed proposal, excited to move forward.",2026/04/18
E00237,D0034,noah.rhodes@gmail.com,brandon.guerrero@gmail.com,  Responsibility before item rate.   ,Following up on our last conversation regarding pricing.,09-07-2026
E00238,D0310,..cristian.santos...@hotmail.com,cody.brown@gmail.com,  Fly more live culture write painting.   ,"This is taking longer than expected, we need an update ASAP.",N/A
E00239,D0490,,stacy.gomez@yahoo.com,Ten article continue according compare culture century my.,We may have to look at other vendors if this isn't resolved.,2025-12-21
E00240,D0332,,michelle.armstrong@hotmail.com,REFLECT AWAY COST FOCUS.,Following up on our last conversation regarding pricing.,2026-07-24
E00241,D0597,..cristian.santos...@gmail.com,michelle.brandt@yahoo.com,Father include political design economy general drive according.,"Not happy with the delay, please escalate.",2026-07-30
E00242,D0166,gabrielle.davis@hotmail.com,,EXAMPLE CLAIM ARTICLE MANAGEMENT TOTAL.,We may have to look at other vendors if this isn't resolved.,02-07-2026
E00243,D0325,gina.moore@yahoo.com,,Purpose together knowledge with.,"This is taking longer than expected, we need an update ASAP.",2025/11/17
E00244,D0378,abigail.shaffer@yahoo.com,kathleen.watson@hotmail.com,Recently painting where notice road five.,"Really appreciate the detailed proposal, excited to move forward.",
E00245,D0653,..cristian.santos...@yahoo.com,beth.hall@COMPANY.COM,Matter shake finish yourself couple onto.,Please find attached the requested documents.,02/06/2026
E00246,D0122,..cristian.santos...@yahoo.com,,  Let left type suffer win less.   ,Following up on our last conversation regarding pricing.,12/11/2025
E00247,D0612,abigail.shaffer@yahoo.com,jake.mitchell@gmail.com,SCENE HISTORY WEAR THEM.,Can we schedule a call sometime next week?,04-07-2026
E00248,D0180,monica.herrera@yahoo.com,james.palmer@hotmail.com,HUMAN ADD SOCIAL PRODUCT.,Can we schedule a call sometime next week?,2026-06-04
E00249,D0725,ryan.munoz@hotmail.com,tyler.vasquez@gmail.com,Believe hospital change front against.,Can we schedule a call sometime next week?,2025/12/17
E00250,D0290,ryan.munoz@yahoo.com,mitchell.smith@hotmail.com,,"Really appreciate the detailed proposal, excited to move forward.",15-02-2026
E00251,D0444,connie.lawrence@hotmail.com,justin.webb@gmail.com,  Which at follow live eye dog.   ,We may have to look at other vendors if this isn't resolved.,12/14/2025
E00252,D0873,gina.moore@gmail.com,,make whatever place full financial peace.,Can we schedule a call sometime next week?,2026-07-16
E00253,D0266,michele.williamsgmail.com,debra.quinngmail.com,CAN EXAMPLE RIGHT SOUTHERN TEN HARD WIFE AS.,Please find attached the requested documents.,04/17/2026
E00254,D0006,abigail.shaffer@yahoo.com,taylor.pittman@gmail.com,War read travel total plant.,"Thanks so much for the quick turnaround, this looks great!",2026/03/02
E00255,D0456,lisa.hensley@COMPANY.COM,richard.gibsongmail.com,Skill never officer former create camera focus.,"This is taking longer than expected, we need an update ASAP.",2026/07/05
E00256,D0061,..cristian.santos...@gmail.com,joseph.bell@hotmail.com,participant spend eat none three finish thing his.,"Great call today, looking forward to next steps.",
E00257,D0418,daniel.wagner@yahoo.com,amanda.jones@COMPANY.COM,More leg too water.,"Great call today, looking forward to next steps.",12/11/2025
E00258,D0566,angie.henderson@gmail.com,katelyn.perez@yahoo.com,SINCE SOCIAL EVERYBODY CENTRAL SUMMER ARRIVE.,Can we schedule a call sometime next week?,2026/05/18
E00259,D0198,ryan.munoz@hotmail.com,joseph.hanson@gmail.com,GREEN PER NO SITUATION WHAT MACHINE.,We may have to look at other vendors if this isn't resolved.,2026/01/07
E00260,D0822,daniel.wagner@hotmail.com,robert.lopez@hotmail.com,Build safe save crime sometimes executive so institution.,Can we schedule a call sometime next week?,25-01-2026
E00261,D0199,lisa.hensley@gmail.com,rebecca.wright@yahoo.com,daughter fast agreement popular instead.,"Great call today, looking forward to next steps.",2026-06-12
E00262,D0811,..cristian.santos...@COMPANY.COM,jose.campbell@gmail.com,Personal new order serve blue event every.,We may have to look at other vendors if this isn't resolved.,2026/02/09
E00263,D0778,gabrielle.davis@yahoo.com,angela.velazquez@COMPANY.COM,Clear campaign what buy test.,"Thanks so much for the quick turnaround, this looks great!",2026-05-12
E00264,D0637,michele.williams@yahoo.com,james.li@gmail.com,Story heart agent its food concern.,"Great call today, looking forward to next steps.",2026/03/31
E00265,D0780,monica.herrera@gmail.com,david.jenkins@hotmail.com,Food series always memory reveal.,"Great call today, looking forward to next steps.",04/17/2026
E00266,D0088,gabrielle.davis@yahoo.com,jon.miller@gmail.com,  Cause bill clear research.   ,Can we schedule a call sometime next week?,2026/05/14
E00267,D0658,allison.hill@yahoo.com,amanda.moore@yahoo.com,Ball gas attorney hundred artist indicate.,"Great call today, looking forward to next steps.",2025/11/25
E00268,D0743,gina.moore@hotmail.com,theodore.long@gmail.com,  State sport large boy treat end dream.   ,"Thanks so much for the quick turnaround, this looks great!",04-06-2026
E00269,D0566,connie.lawrence@hotmail.com,oscar.howard@gmail.com,Poor recently long.,"Thanks so much for the quick turnaround, this looks great!",26-04-2026
E00270,D0192,jamie.arnoldgmail.com,carlos.ruiz@gmail.com,West case floor hold.,"Thanks so much for the quick turnaround, this looks great!",12-11-2025
E00271,D0133,gabrielle.davis@yahoo.com,jose.guerra@gmail.com,SHE MAN PROVE RECENT NEARLY ALWAYS OPERATION.,"Thanks so much for the quick turnaround, this looks great!",23/04/2026
E00272,D0471,daniel.wagner@hotmail.com,richard.knight@yahoo.com,,"This is taking longer than expected, we need an update ASAP.",27/12/2025
E00273,D0425,daniel.wagner@gmail.com,david.jenkins@yahoo.com,Charge account physical performance enter.,"Thanks so much for the quick turnaround, this looks great!",03/19/2026
E00274,D0651,gabrielle.davis@yahoo.com,jay.bernard@gmail.com,Senior eight cultural today hotel.,"This is taking longer than expected, we need an update ASAP.",11-02-2026
E00275,D0471,michele.williams@yahoo.com,cindy.hunt@gmail.com,Owner prepare memory if continue among source.,"Thanks so much for the quick turnaround, this looks great!",04/27/2026
E00276,D0247,angie.henderson@gmail.com,katherine.mcclure@gmail.com,,"Thanks so much for the quick turnaround, this looks great!",22/05/2026
E00277,D0727,..cristian.santos...@COMPANY.COM,paula.bradley@gmail.com,  Three such describe agency actually stop team.   ,"Really appreciate the detailed proposal, excited to move forward.",26-04-2026
E00278,D0323,..cristian.santos...@hotmail.com,zachary.chan@yahoo.com,LEADER HOSPITAL SEND TV LOSE OTHERS.,"Not happy with the delay, please escalate.",27/12/2025
E00279,D0016,..cristian.santos...@hotmail.com,emily.collins@gmail.com,  Pattern this system people.   ,Following up on our last conversation regarding pricing.,2026/06/06
E00280,D0814,monica.herrera@yahoo.com,edgar.miller@gmail.com,Knowledge rock which best happy.,Can we schedule a call sometime next week?,06/23/2026
E00281,D0538,daniel.wagnergmail.com,victoria.browngmail.com,Score health evidence president father alone.,"This is taking longer than expected, we need an update ASAP.",2026/04/26
E00282,D0615,gina.moore@gmail.com,barry.welch@yahoo.com,Us thought song daughter try season radio.,"Great call today, looking forward to next steps.",
E00283,D0090,gina.moore@yahoo.com,dawn.rivera@gmail.com,Both right lay.,Following up on our last conversation regarding pricing.,08/11/2025
E00284,D0392,daniel.wagner@hotmail.com,amanda.hardin@hotmail.com,ESTABLISH REFLECT LOOK RULE CHECK.,"Great call today, looking forward to next steps.",2026-07-01
E00285,D0221,michele.williams@hotmail.com,john.boone@yahoo.com,ALSO IT LETTER.,Can we schedule a call sometime next week?,
E00286,D0155,,kristin.stewart@gmail.com,today prevent where then report rest dark.,Following up on our last conversation regarding pricing.,2025/12/18
E00287,D0232,ryan.munoz@hotmail.com,christian.booker@yahoo.com,DOG LANGUAGE ABILITY PRACTICE THEM.,"Great call today, looking forward to next steps.",12-01-2026
E00288,D0441,abigail.shaffer@yahoo.com,michele.conner@hotmail.com,Expert because happen.,Please find attached the requested documents.,2026-06-17
E00289,D0527,connie.lawrence@hotmail.com,jody.meza@gmail.com,PROBABLY HE NECESSARY CERTAINLY SAME GET.,"Great call today, looking forward to next steps.",13-06-2026
E00290,D0813,connie.lawrence@yahoo.com,mallory.barajas@yahoo.com,work should challenge pull threat put imagine.,"This is taking longer than expected, we need an update ASAP.",18/12/2025
E00291,D0477,gabrielle.davis@gmail.com,trevor.guzman@hotmail.com,Those four grow level send.,Please find attached the requested documents.,21/07/2026
E00292,D0014,jamie.arnold@COMPANY.COM,trevor.guzman@gmail.com,Gas truth work.,"Really appreciate the detailed proposal, excited to move forward.",24/06/2026
E00293,D0511,abigail.shaffer@yahoo.com,dean.shannon@hotmail.com,Story city sometimes cause staff day really bank.,"This is taking longer than expected, we need an update ASAP.",N/A
E00294,D0028,ryan.munoz@gmail.com,,Name mind offer effort nearly walk science.,We may have to look at other vendors if this isn't resolved.,N/A
E00295,D0679,lisa.hensley@yahoo.com,dwayne.campbellgmail.com,bring rule someone nature house prevent hotel.,"Really appreciate the detailed proposal, excited to move forward.",2026/05/06
E00296,D0697,allison.hill@hotmail.com,jesse.garza@yahoo.com,Difficult popular choose really.,Following up on our last conversation regarding pricing.,04/07/2026
E00297,D0701,noah.rhodes@hotmail.com,john.smith@gmail.com,SON MANAGER TROUBLE REASON FILL SENSE FIELD.,We may have to look at other vendors if this isn't resolved.,2026/05/25
E00298,D0377,daniel.wagner@hotmail.com,,Week course administration fast.,Please find attached the requested documents.,2025-12-27
E00299,D0030,daniel.wagner@hotmail.com,brandon.guerrero@gmail.com,Effect week instead group.,We may have to look at other vendors if this isn't resolved.,12/27/2025
E00300,D0895,jamie.arnold@hotmail.com,tyrone.matthews@hotmail.com,Gas heart field people try.,We may have to look at other vendors if this isn't resolved.,18/02/2026
E00301,D0628,angie.henderson@hotmail.com,nicole.thompson@gmail.com,With matter goal eight list something send.,"Not happy with the delay, please escalate.",04/23/2026
E00302,D0821,gina.moore@yahoo.com,michelle.brandt@hotmail.com,Per go will make agree although maintain town.,Following up on our last conversation regarding pricing.,05/30/2026
E00303,D0043,noah.rhodes@hotmail.com,david.jenkins@gmail.com,EARLY STORE PIECE BEHIND.,Can we schedule a call sometime next week?,10/03/2026
E00304,D0403,angie.henderson@yahoo.com,cynthia.cruz@gmail.com,Worker alone finally since take describe improve act.,Can we schedule a call sometime next week?,N/A
E00305,D0148,angie.henderson@hotmail.com,sandra.walker@gmail.com,Know maybe leg recent hold understand president.,Following up on our last conversation regarding pricing.,05-12-2025
E00306,D0689,connie.lawrence@hotmail.com,roger.velasquez@gmail.com,Make total fall clear face former body.,We may have to look at other vendors if this isn't resolved.,13-11-2025
E00307,D0603,angie.henderson@gmail.com,julie.howard@gmail.com,Main accept simply southern town significant analysis.,"Really appreciate the detailed proposal, excited to move forward.",
E00308,D0417,angie.henderson@yahoo.com,kristen.gonzales@hotmail.com,Suffer director know red treatment big cause science.,"This is taking longer than expected, we need an update ASAP.",2025/12/20
E00309,D0342,noah.rhodes@hotmail.com,kenneth.collins@gmail.com,Many some involve remain today happy.,"Not happy with the delay, please escalate.",17/07/2026
E00310,D0184,daniel.wagner@yahoo.com,taylor.berry@yahoo.com,Everything newspaper institution.,Following up on our last conversation regarding pricing.,29-03-2026
E00311,D0888,noah.rhodes@yahoo.com,joel.johnson@COMPANY.COM,Listen medical during until case agency.,Can we schedule a call sometime next week?,11/18/2025
E00312,D0151,daniel.wagner@gmail.com,michelle.armstrong@hotmail.com,Land you health enjoy at.,"Thanks so much for the quick turnaround, this looks great!",24-11-2025
E00313,D0505,ryan.munoz@gmail.com,stacey.walker@hotmail.com,Break always dark feel second hospital.,Please find attached the requested documents.,2026-06-04
E00314,D0470,daniel.wagner@hotmail.com,james.powers@gmail.com,modern entire most field.,We may have to look at other vendors if this isn't resolved.,02/10/2026
E00315,D0793,daniel.wagner@yahoo.com,tyrone.matthews@gmail.com,,Please find attached the requested documents.,10/06/2026
E00316,D0500,lisa.hensley@gmail.com,miguel.parksgmail.com,project tax certainly set.,"Great call today, looking forward to next steps.",2026/03/28
E00317,D0437,allison.hill@COMPANY.COM,donna.berry@gmail.com,Clearly phone including personal visit still image.,"Thanks so much for the quick turnaround, this looks great!",2026-03-11
E00318,D0675,jamie.arnold@gmail.com,paige.weiss@yahoo.com,Agree public us hospital paper term.,Please find attached the requested documents.,2026/05/25
E00319,D0209,lisa.hensley@gmail.com,matthew.avila@yahoo.com,We meeting image the play drop miss market.,We may have to look at other vendors if this isn't resolved.,2026/05/24
E00320,D0620,gina.moore@hotmail.com,holly.chapman@gmail.com,At be through certainly political hard.,Can we schedule a call sometime next week?,21-11-2025
E00321,D0622,abigail.shaffer@yahoo.com,kevin.stone@hotmail.com,FIELD MOVEMENT FORCE FINAL WAY MEMORY.,"This is taking longer than expected, we need an update ASAP.",2026-02-16
E00322,D0117,daniel.wagner@hotmail.com,mark.lowe@hotmail.com,Type painting produce off light before majority.,Following up on our last conversation regarding pricing.,2026-02-14
E00323,D0080,connie.lawrence@hotmail.com,amanda.wood@COMPANY.COM,Place edge environmental even eye message fine town.,"Thanks so much for the quick turnaround, this looks great!",2026-02-02
E00324,D0222,jamie.arnold@hotmail.com,william.jensen@gmail.com,,Please find attached the requested documents.,2026-07-06
E00325,D0289,..cristian.santos...@gmail.com,jerry.christensen@hotmail.com,Soon read couple rather.,"Really appreciate the detailed proposal, excited to move forward.",02-05-2026
E00326,D0196,monica.herrera@hotmail.com,matthew.gonzalez.dds@yahoo.com,Something ok community right then.,"Not happy with the delay, please escalate.",2026/05/14
E00327,D0052,allison.hill@gmail.com,jeremy.barnesgmail.com,So store consumer positive market early machine establish.,Can we schedule a call sometime next week?,24/04/2026
E00328,D0113,michele.williams@hotmail.com,sandra.walker@yahoo.com,EFFORT AUTHOR BUY HEAVY.,"Thanks so much for the quick turnaround, this looks great!",05/04/2026
E00329,D0810,noah.rhodes@yahoo.com,mary.spence@gmail.com,Country various until lawyer.,Following up on our last conversation regarding pricing.,2026-03-31
E00330,D0447,noah.rhodes@hotmail.com,david.jenkins@yahoo.com,Note current anything into word other live.,"This is taking longer than expected, we need an update ASAP.",2026/07/29
E00331,D0585,michele.williams@gmail.com,tyler.cooper@gmail.com,But set yes American.,Following up on our last conversation regarding pricing.,02/14/2026
E00332,D0424,gina.moore@gmail.com,david.griffith@hotmail.com,Environmental six understand rather daughter through note.,We may have to look at other vendors if this isn't resolved.,11/19/2025
E00333,D0262,monica.herrera@yahoo.com,tracy.fleming@hotmail.com,Exist drive determine page seem.,"Great call today, looking forward to next steps.",11/03/2025
E00334,D0374,daniel.wagner@yahoo.com,jared.cunningham@gmail.com,Age once several commercial.,"Great call today, looking forward to next steps.",07/12/2026
E00335,D0097,lisa.hensley@yahoo.com,amanda.reed@gmail.com,PATTERN WEST BEFORE SCIENCE WITHOUT ESPECIALLY MAIN.,We may have to look at other vendors if this isn't resolved.,23/07/2026
E00336,D0439,gina.moore@yahoo.com,jesse.wright@gmail.com,Least close community detail blue.,"Thanks so much for the quick turnaround, this looks great!",2025/11/26
E00337,D0350,angie.henderson@yahoo.com,matthew.avila@yahoo.com,Team support land discussion suggest impact know character.,We may have to look at other vendors if this isn't resolved.,01/04/2026
E00338,D0262,noah.rhodes@hotmail.com,daniel.lopez@yahoo.com,Must even think.,"Great call today, looking forward to next steps.",01-07-2026
E00339,D0308,noah.rhodes@hotmail.com,julie.howardgmail.com,Focus material past study paper health.,"Thanks so much for the quick turnaround, this looks great!",2026/03/15
E00340,D0484,jamie.arnold@hotmail.com,paula.bradley@hotmail.com,Collection identify design government ever resource.,"Great call today, looking forward to next steps.",12/05/2026
E00341,D0481,jamie.arnold@yahoo.com,linda.bautista@COMPANY.COM,There whether rather none population ask require against.,"Great call today, looking forward to next steps.",04/07/2026
E00342,D0669,abigail.shaffer@yahoo.com,john.ramsey@yahoo.com,JOIN GIVE ESPECIALLY TREATMENT.,"Really appreciate the detailed proposal, excited to move forward.",2026-04-06
E00343,D0848,jamie.arnold@gmail.com,meghan.williams@gmail.com,Table population out special suffer.,Following up on our last conversation regarding pricing.,2026-01-10
E00344,D0358,monica.herrera@yahoo.com,jody.meza@gmail.com,Bed trouble begin receive anyone.,"Really appreciate the detailed proposal, excited to move forward.",26/07/2026
E00345,D0124,ryan.munoz@yahoo.com,rachel.jones@yahoo.com,Fall teach everything trouble.,"This is taking longer than expected, we need an update ASAP.",22/11/2025
E00346,D0413,gina.moore@yahoo.com,kelly.jonesgmail.com,Minute discussion begin appear.,We may have to look at other vendors if this isn't resolved.,01/02/2026
E00347,D0295,..cristian.santos...gmail.com,richard.gibson@hotmail.com,Explain like institution collection.,Please find attached the requested documents.,28/04/2026
E00348,D0699,connie.lawrence@gmail.com,jennifer.cox@hotmail.com,  Attack big stage condition.   ,"Great call today, looking forward to next steps.",2025/11/05
E00349,D0078,..cristian.santos...@yahoo.com,rebecca.marsh@hotmail.com,,Please find attached the requested documents.,12/04/2025
E00350,D0432,lisa.hensley@COMPANY.COM,randy.shah@hotmail.com,May thus hour.,Can we schedule a call sometime next week?,
E00351,D0719,,stephanie.marshall@yahoo.com,Suffer drop participant happen.,"Thanks so much for the quick turnaround, this looks great!",12/16/2025
E00352,D0411,gabrielle.davis@yahoo.com,lee.steele@gmail.com,Compare body eat policy senior attack help.,Can we schedule a call sometime next week?,2026/06/02
E00353,D0875,daniel.wagner@yahoo.com,matthew.avila@hotmail.com,Quality house must identify modern while wall.,"Really appreciate the detailed proposal, excited to move forward.",2025-10-31
E00354,D0291,abigail.shaffer@hotmail.com,,Responsibility see seem model imagine me matter.,We may have to look at other vendors if this isn't resolved.,05/02/2026
E00355,D0874,monica.herrera@gmail.com,michael.anderson@gmail.com,YES SUCCESS BREAK TOUGH HIM FEDERAL AGENCY MAINTAIN.,"Not happy with the delay, please escalate.",08/06/2026
E00356,D0434,angie.henderson@gmail.com,gabriela.davis@yahoo.com,Last opportunity serve cause.,"Great call today, looking forward to next steps.",24/05/2026
E00357,D0686,..cristian.santos...gmail.com,jeffrey.campbell@yahoo.com,Central too tough education human.,"Great call today, looking forward to next steps.",
E00358,D0401,,mrs..toni.avila@yahoo.com,,"Really appreciate the detailed proposal, excited to move forward.",2026/05/14
E00359,D0785,..cristian.santos...@yahoo.com,edgar.miller@yahoo.com,Go travel thought.,Following up on our last conversation regarding pricing.,07/11/2026
E00360,D0241,abigail.shaffer@gmail.com,rebecca.wright@hotmail.com,Great mention local value than.,Following up on our last conversation regarding pricing.,2026-06-27
E00361,D0060,jamie.arnoldgmail.com,jennifer.espinozagmail.com,Former financial medical action big season.,"Really appreciate the detailed proposal, excited to move forward.",2026/03/11
E00362,D0117,allison.hill@gmail.com,dylan.green@gmail.com,Despite minute agency idea sometimes least perform.,"Great call today, looking forward to next steps.",04/03/2026
E00363,D0344,,gregory.stanley@gmail.com,One third serve item method program nature.,"Thanks so much for the quick turnaround, this looks great!",01/17/2026
E00364,D0051,jamie.arnold@hotmail.com,austin.williams@gmail.com,Usually help produce key.,"This is taking longer than expected, we need an update ASAP.",2026/05/24
E00365,D0659,gabrielle.davis@yahoo.com,,Central trip behavior himself.,"This is taking longer than expected, we need an update ASAP.",17-05-2026
E00366,D0874,lisa.hensley@gmail.com,brooke.khan@gmail.com,Activity card industry create son.,"Not happy with the delay, please escalate.",16-02-2026
E00367,D0736,noah.rhodes@yahoo.com,julie.ball@hotmail.com,EFFORT TROUBLE A AT TEACH ENTER LOT.,We may have to look at other vendors if this isn't resolved.,06/30/2026
E00368,D0009,ryan.munoz@yahoo.com,brooke.khan@gmail.com,Box prove speech garden road head light.,Please find attached the requested documents.,2025-11-18
E00369,D0572,noah.rhodes@hotmail.com,johnny.keller@hotmail.com,Threat sport former professor money property structure.,"This is taking longer than expected, we need an update ASAP.",20-07-2026
E00370,D0664,lisa.hensley@hotmail.com,kathy.king@yahoo.com,Sing early spring its evening vote feel win.,"Really appreciate the detailed proposal, excited to move forward.",11/04/2026
E00371,D0408,angie.henderson@gmail.com,stephanie.patel@hotmail.com,Soon election station never such.,Following up on our last conversation regarding pricing.,2026/07/29
E00372,D0681,connie.lawrencegmail.com,elizabeth.richards@gmail.com,Toward unit recently media include hundred note.,"Great call today, looking forward to next steps.",30/12/2025
E00373,D0177,angie.henderson@gmail.com,laura.bradford@gmail.com,Loss up at finish threat itself spring child.,We may have to look at other vendors if this isn't resolved.,
E00374,D0717,daniel.wagner@gmail.com,kurt.ewing@yahoo.com,Brother dog these man when open.,Can we schedule a call sometime next week?,2026/03/10
E00375,D0657,monica.herrera@gmail.com,john.alvarez@yahoo.com,Particular close city force heavy.,Following up on our last conversation regarding pricing.,2026/02/19
E00376,D0549,angie.henderson@gmail.com,elizabeth.vasquez@gmail.com,Change investment to.,Can we schedule a call sometime next week?,23/11/2025
E00377,D0390,allison.hill@hotmail.com,pamela.santos@hotmail.com,Yeah able concern card.,We may have to look at other vendors if this isn't resolved.,
E00378,D0031,jamie.arnold@yahoo.com,dwayne.campbell@hotmail.com,Program beautiful close finally beyond you.,"This is taking longer than expected, we need an update ASAP.",2026/07/27
E00379,D0597,,martha.ruiz@gmail.com,A two smile today station make environment fact.,Can we schedule a call sometime next week?,23-11-2025
E00380,D0821,gabrielle.davis@gmail.com,,expect assume paper employee poor record benefit paper.,We may have to look at other vendors if this isn't resolved.,2026-06-17
E00381,D0894,connie.lawrence@gmail.com,dan.cranegmail.com,System professor reason special grow meeting.,"Great call today, looking forward to next steps.",08/05/2026
E00382,D0575,gina.moore@hotmail.com,alisha.byrd@yahoo.com,SOUTHERN DOG WORLD FINALLY FORCE DRIVE.,"Thanks so much for the quick turnaround, this looks great!",2026/01/19
E00383,D0201,noah.rhodes@COMPANY.COM,scott.pierce@gmail.com,,We may have to look at other vendors if this isn't resolved.,2025-12-11
E00384,D0506,angie.henderson@yahoo.com,jorge.armstrong.iii@gmail.com,Reveal executive four floor.,Can we schedule a call sometime next week?,11/30/2025
E00385,D0166,michele.williams@yahoo.com,bob.cole@yahoo.com,But popular wall need onto visit.,"Thanks so much for the quick turnaround, this looks great!",2026-01-05
E00386,D0014,gina.moore@yahoo.com,trevor.guzmangmail.com,hair hospital generation.,"Great call today, looking forward to next steps.",27/12/2025
E00387,D0143,jamie.arnold@yahoo.com,lonnie.hart@yahoo.com,  Speech less whom situation.   ,Please find attached the requested documents.,13-11-2025
E00388,D0507,lisa.hensley@yahoo.com,melissa.walker@gmail.com,Seat religious probably when seem test.,Can we schedule a call sometime next week?,24/06/2026
E00389,D0262,jamie.arnold@gmail.com,randy.shah@yahoo.com,Behavior then free among cell mention.,Please find attached the requested documents.,20-12-2025
E00390,D0225,connie.lawrence@yahoo.com,rachael.nguyen@gmail.com,Individual side place represent.,We may have to look at other vendors if this isn't resolved.,16/03/2026
E00391,D0363,gabrielle.davis@yahoo.com,joshua.mcmillan@yahoo.com,Bit sign wide.,Please find attached the requested documents.,06/07/2026
E00392,D0678,monica.herrera@gmail.com,alyssa.lee@yahoo.com,event hospital more opportunity unit cultural show.,"Not happy with the delay, please escalate.",25/12/2025
E00393,D0850,gabrielle.davis@gmail.com,austin.joseph@yahoo.com,Natural much sense and forward imagine phone social.,"Not happy with the delay, please escalate.",19/05/2026
E00394,D0005,ryan.munoz@yahoo.com,ashley.hall@yahoo.com,Occur type strong development enter through system stage.,We may have to look at other vendors if this isn't resolved.,10-03-2026
E00395,D0308,michele.williams@hotmail.com,tyrone.matthews@yahoo.com,Enter most American weight last however.,We may have to look at other vendors if this isn't resolved.,
E00396,D0025,jamie.arnold@gmail.com,daniel.williams@yahoo.com,SPORT NATIONAL INDICATE MAYBE WEIGHT SOME POLICY.,"Thanks so much for the quick turnaround, this looks great!",2026/02/26
E00397,D0276,gina.moore@hotmail.com,charles.santiago@hotmail.com,MARKET OIL MOVE.,"Great call today, looking forward to next steps.",2026/01/23
E00398,D0777,ryan.munozgmail.com,jeremy.barnes@gmail.com,  Understand home rise concern prevent.   ,"Great call today, looking forward to next steps.",2026/03/31
E00399,D0323,monica.herrera@yahoo.com,melissa.brewer@gmail.com,Positive water again candidate see election.,Following up on our last conversation regarding pricing.,2025-11-04
E00400,D0065,angie.henderson@hotmail.com,christopher.marsh@yahoo.com,,"Great call today, looking forward to next steps.",2026-04-29
E00401,D0308,allison.hill@hotmail.com,sharon.wells@hotmail.com,BABY CHOOSE BUILDING VIEW.,Following up on our last conversation regarding pricing.,07/31/2026
E00402,D0476,..cristian.santos...@gmail.com,taylor.berry@yahoo.com,Box later building she.,"Not happy with the delay, please escalate.",19-07-2026
E00403,D0193,lisa.hensley@yahoo.com,erin.steele@hotmail.com,loss pass size green.,Can we schedule a call sometime next week?,01-06-2026
E00404,D0890,abigail.shaffer@gmail.com,lance.simmons@yahoo.com,Nation economy adult trial source.,"This is taking longer than expected, we need an update ASAP.",25/11/2025
E00405,D0188,monica.herrera@gmail.com,thomas.anderson@gmail.com,Certainly civil spring movement.,We may have to look at other vendors if this isn't resolved.,05-06-2026
E00406,D0357,connie.lawrence@hotmail.com,cynthia.cruz@yahoo.com,Future home series.,"Really appreciate the detailed proposal, excited to move forward.",11-03-2026
E00407,D0097,gina.moore@hotmail.com,erin.steele@yahoo.com,Cold perform low only recently.,Following up on our last conversation regarding pricing.,2025-11-28
E00408,D0784,angie.henderson@hotmail.com,michael.obrien@gmail.com,newspaper leader focus hard tonight already could.,Following up on our last conversation regarding pricing.,25/07/2026
E00409,D0098,angie.henderson@gmail.com,jeremy.bell@hotmail.com,Possible indeed study wide television be.,"This is taking longer than expected, we need an update ASAP.",04/05/2026
E00410,D0780,..cristian.santos...@hotmail.com,emily.hayes@hotmail.com,She or list network necessary seven build.,We may have to look at other vendors if this isn't resolved.,19/06/2026
E00411,D0402,allison.hill@hotmail.com,jason.beck@yahoo.com,Fine state fall teach area.,"This is taking longer than expected, we need an update ASAP.",06/10/2026
E00412,D0634,connie.lawrence@gmail.com,sarah.ramirez@hotmail.com,,Can we schedule a call sometime next week?,
E00413,D0338,ryan.munoz@yahoo.com,bradley.moore@gmail.com,Final feel age wonder foreign Republican thank.,"This is taking longer than expected, we need an update ASAP.",2026-07-25
E00414,D0178,daniel.wagner@hotmail.com,rebecca.marsh@hotmail.com,Guy believe enough free.,We may have to look at other vendors if this isn't resolved.,13-07-2026
E00415,D0515,michele.williams@gmail.com,blake.vega@hotmail.com,,Can we schedule a call sometime next week?,07/01/2026
E00416,D0411,connie.lawrencegmail.com,adam.taylor@gmail.com,Very that national trade price beyond idea.,Following up on our last conversation regarding pricing.,26-05-2026
E00417,D0136,connie.lawrence@yahoo.com,charles.haley@yahoo.com,Price especially appear attention.,"Really appreciate the detailed proposal, excited to move forward.",13-07-2026
E00418,D0300,allison.hill@hotmail.com,benjamin.smith@gmail.com,through amount special image.,Following up on our last conversation regarding pricing.,07/18/2026
E00419,D0447,ryan.munoz@gmail.com,melissa.walker@hotmail.com,,"Great call today, looking forward to next steps.",2025/11/29
E00420,D0496,noah.rhodes@yahoo.com,sherry.graham@COMPANY.COM,ROCK CALL SCENE STATE RADIO.,"Really appreciate the detailed proposal, excited to move forward.",10/06/2026
E00421,D0620,abigail.shaffer@yahoo.com,paula.bradley@gmail.com,Themselves office role success manage draw involve.,Following up on our last conversation regarding pricing.,2026/01/04
E00422,D0115,abigail.shaffer@yahoo.com,jeremy.bell@gmail.com,Fall carry wind in official especially pattern.,"Not happy with the delay, please escalate.",2026/04/17
E00423,D0160,noah.rhodes@hotmail.com,monica.rose@yahoo.com,Possible marriage within if course.,Can we schedule a call sometime next week?,02/07/2026
E00424,D0446,gina.moore@COMPANY.COM,richard.gibsongmail.com,office sport oil whose.,"Not happy with the delay, please escalate.",08/01/2026
E00425,D0659,connie.lawrence@hotmail.com,cynthia.cruz@gmail.com,Your seat rule range card.,Following up on our last conversation regarding pricing.,N/A
E00426,D0281,allison.hillgmail.com,daniel.lopez@gmail.com,ABLE DECISION BOOK RECENT INCLUDING GAME LANGUAGE.,"This is taking longer than expected, we need an update ASAP.",2025/12/30
E00427,D0250,gina.moore@hotmail.com,carl.hartgmail.com,  Than foot in process.   ,Can we schedule a call sometime next week?,12/10/2025
E00428,D0609,gabrielle.davis@yahoo.com,robert.johnson@hotmail.com,TAX CERTAINLY HOME COULD PROGRAM.,"Thanks so much for the quick turnaround, this looks great!",2026/05/05
E00429,D0800,lisa.hensley@gmail.com,samantha.hale@yahoo.com,We join edge item city sit street.,Please find attached the requested documents.,2026/07/17
E00430,D0729,angie.henderson@hotmail.com,stacey.walker@yahoo.com,,Following up on our last conversation regarding pricing.,05/24/2026
E00431,D0458,noah.rhodesgmail.com,rita.ponce.dvm@hotmail.com,only girl popular last.,"This is taking longer than expected, we need an update ASAP.",N/A
E00432,D0559,angie.henderson@yahoo.com,,White especially lose just card sit population.,Can we schedule a call sometime next week?,05/08/2026
E00433,D0033,gabrielle.davis@hotmail.com,kelly.jones@hotmail.com,BODY RETURN MISS READY.,"This is taking longer than expected, we need an update ASAP.",13/02/2026
E00434,D0228,michele.williamsgmail.com,kristin.andrews@hotmail.com,Son second after note those drop executive.,"Not happy with the delay, please escalate.",13/01/2026
E00435,D0615,gina.moore@hotmail.com,austin.johnson@hotmail.com,Off under two physical within about when force.,"Not happy with the delay, please escalate.",2026-06-10
E00436,D0024,,jeremy.horne.md@hotmail.com,,"Not happy with the delay, please escalate.",08/05/2026
E00437,D0117,daniel.wagner@yahoo.com,holly.valdez@hotmail.com,Pick prove whether north ground.,We may have to look at other vendors if this isn't resolved.,08-01-2026
E00438,D0107,daniel.wagner@hotmail.com,lisa.kirby@gmail.com,FOOT TAX GROUND SERVE MOUTH.,"Really appreciate the detailed proposal, excited to move forward.",12-02-2026
E00439,D0371,connie.lawrence@yahoo.com,lonnie.hart@hotmail.com,Ready billion time.,"This is taking longer than expected, we need an update ASAP.",2026/03/15
E00440,D0191,abigail.shaffer@gmail.com,amy.price@gmail.com,Include you authority race wish kid career.,"Really appreciate the detailed proposal, excited to move forward.",2026/01/02
E00441,D0513,lisa.hensley@gmail.com,kristin.andrews@yahoo.com,Already activity onto build.,"Great call today, looking forward to next steps.",21/05/2026
E00442,D0795,gabrielle.davis@hotmail.com,nathan.stanleygmail.com,Throw behavior type partner behavior economy our.,"Really appreciate the detailed proposal, excited to move forward.",2026/01/16
E00443,D0490,..cristian.santos...@gmail.com,brandon.guerrerogmail.com,Live everyone cold.,Please find attached the requested documents.,2026-05-23
E00444,D0310,lisa.hensley@hotmail.com,adam.taylor@gmail.com,Stage describe in former become old under.,Following up on our last conversation regarding pricing.,
E00445,D0697,noah.rhodes@yahoo.com,gavin.zhang@hotmail.com,VARIOUS SEND NEWS CLEARLY SCHOOL WONDER.,"Really appreciate the detailed proposal, excited to move forward.",15-01-2026
E00446,D0524,noah.rhodes@hotmail.com,bob.cole@yahoo.com,Common church scene run cultural.,"This is taking longer than expected, we need an update ASAP.",2026-04-06
E00447,D0862,abigail.shaffer@gmail.com,charles.jackson@yahoo.com,Article last peace all rise right happen.,"Not happy with the delay, please escalate.",12/27/2025
E00448,D0387,gabrielle.davis@yahoo.com,jonathan.jimenez@hotmail.com,CHILD AS TOP LIST ACCOUNT HEAR.,"Not happy with the delay, please escalate.",05/26/2026
E00449,D0412,daniel.wagner@hotmail.com,,Board share deep child board director.,"Great call today, looking forward to next steps.",2026/03/26
E00450,D0117,monica.herrera@yahoo.com,martin.silva@hotmail.com,Research this most too option which one.,Please find attached the requested documents.,N/A
E00451,D0271,abigail.shaffer@yahoo.com,randy.shah@gmail.com,Mouth note well interesting particularly some evidence employee.,"Not happy with the delay, please escalate.",2026/01/29
E00452,D0161,gina.moore@COMPANY.COM,jaime.jones@hotmail.com,CULTURAL FAR SIGNIFICANT.,"This is taking longer than expected, we need an update ASAP.",29/12/2025
E00453,D0343,gina.moore@gmail.com,william.mills@hotmail.com,Someone camera approach say.,Please find attached the requested documents.,07/03/2026
E00454,D0133,ryan.munoz@gmail.com,michael.anderson@hotmail.com,HOUSE POWER REPUBLICAN STAGE APPLY CONFERENCE THEN.,"Great call today, looking forward to next steps.",2026-03-26
E00455,D0114,gabrielle.davis@gmail.com,tiffany.robertson@gmail.com,Teach myself avoid much base modern behavior.,"Really appreciate the detailed proposal, excited to move forward.",2026/06/07
E00456,D0679,allison.hill@hotmail.com,elizabeth.harrell@gmail.com,Analysis make study cause.,Can we schedule a call sometime next week?,01/11/2026
E00457,D0097,daniel.wagner@hotmail.com,dawn.rivera@hotmail.com,Military person author return.,Can we schedule a call sometime next week?,06/04/2026
E00458,D0763,lisa.hensley@hotmail.com,mark.lowe@yahoo.com,Clearly everybody suggest air she sister simple.,"Not happy with the delay, please escalate.",2026/03/30
E00459,D0073,ryan.munoz@hotmail.com,charles.pitts@gmail.com,Follow serious space one.,"Thanks so much for the quick turnaround, this looks great!",05/08/2026
E00460,D0715,noah.rhodes@gmail.com,george.orozco@yahoo.com,KEEP THUS POSITIVE ARM.,"Not happy with the delay, please escalate.",11/23/2025
E00461,D0118,daniel.wagner@hotmail.com,kenneth.miller@gmail.com,Write fine public some.,Following up on our last conversation regarding pricing.,N/A
E00462,D0629,gabrielle.davis@yahoo.com,stanley.bryant@yahoo.com,,"Thanks so much for the quick turnaround, this looks great!",03/18/2026
E00463,D0616,jamie.arnold@hotmail.com,tracy.fleming@gmail.com,Compare shake may small.,"This is taking longer than expected, we need an update ASAP.",01/18/2026
E00464,D0697,ryan.munoz@yahoo.com,sarah.ramirez@gmail.com,itself ago out able end early generation.,Following up on our last conversation regarding pricing.,01/25/2026
E00465,D0149,lisa.hensley@yahoo.com,steven.osborne@hotmail.com,Every change help but include something memory.,"Great call today, looking forward to next steps.",2026-02-02
E00466,D0645,michele.williams@yahoo.com,jody.meza@hotmail.com,Hand start size.,"This is taking longer than expected, we need an update ASAP.",2026-07-29
E00467,D0839,angie.henderson@gmail.com,robert.alvarez@hotmail.com,PERSON APPLY DEBATE.,"This is taking longer than expected, we need an update ASAP.",2026/02/11
E00468,D0268,,joseph.hanson@hotmail.com,Least great your sign single well task.,Following up on our last conversation regarding pricing.,20/02/2026
E00469,D0223,allison.hill@gmail.com,joan.armstronggmail.com,Art soon up tend.,"This is taking longer than expected, we need an update ASAP.",24-03-2026
E00470,D0794,allison.hill@hotmail.com,samantha.davis@gmail.com,Trip school energy safe while popular natural.,We may have to look at other vendors if this isn't resolved.,08-01-2026
E00471,D0747,gabrielle.davis@gmail.com,marc.moore@hotmail.com,Her shake month ask environmental.,"Not happy with the delay, please escalate.",03/10/2026
E00472,D0337,lisa.hensley@gmail.com,dan.crane@gmail.com,People far color number prove room.,Following up on our last conversation regarding pricing.,2025/12/12
E00473,D0482,abigail.shaffer@gmail.com,john.bryant@gmail.com,these series candidate reveal suddenly.,Following up on our last conversation regarding pricing.,2026-02-20
E00474,D0724,..cristian.santos...@gmail.com,lisa.kirby@yahoo.com,bank them state factor word.,Please find attached the requested documents.,2026/02/26
E00475,D0538,lisa.hensley@yahoo.com,crystal.jensen.dvm@yahoo.com,Term amount idea director put.,Following up on our last conversation regarding pricing.,02/15/2026
E00476,D0445,..cristian.santos...@hotmail.com,,Family where treatment age.,Please find attached the requested documents.,02/01/2026
E00477,D0304,gabrielle.davis@yahoo.com,rebecca.marsh@yahoo.com,Society tell message whether morning trouble.,"Great call today, looking forward to next steps.",11/23/2025
E00478,D0828,lisa.hensley@gmail.com,cheryl.gray@hotmail.com,Happy new may condition.,"Really appreciate the detailed proposal, excited to move forward.",2025/11/06
E00479,D0437,noah.rhodes@yahoo.com,mary.spence@hotmail.com,Letter story article read.,Please find attached the requested documents.,27/07/2026
E00480,D0360,ryan.munoz@hotmail.com,john.bryant@hotmail.com,Year fact daughter democratic.,Can we schedule a call sometime next week?,11/10/2025
E00481,D0308,connie.lawrence@yahoo.com,john.alvarado@gmail.com,Election fire remember house develop center bill.,"Great call today, looking forward to next steps.",2026-07-24
E00482,D0684,,kelsey.griffith@gmail.com,Answer wish drop before quickly manage care.,Please find attached the requested documents.,2025/11/26
E00483,D0608,allison.hill@gmail.com,kenneth.mcdonald@gmail.com,Talk rich what truth partner measure.,"This is taking longer than expected, we need an update ASAP.",25/04/2026
E00484,D0615,lisa.hensley@yahoo.com,rita.ponce.dvm@yahoo.com,  Left may imagine need.   ,Please find attached the requested documents.,2026-05-27
E00485,D0641,gabrielle.davis@gmail.com,jennifer.hancock@gmail.com,Decade ago specific only.,Following up on our last conversation regarding pricing.,25-06-2026
E00486,D0130,monica.herrera@yahoo.com,jaime.jones@gmail.com,CAMPAIGN OTHERS UNDER EACH HELP LINE REFLECT.,"Great call today, looking forward to next steps.",01/31/2026
E00487,D0277,daniel.wagner@yahoo.com,jonathan.perry@hotmail.com,Whether traditional true think.,Following up on our last conversation regarding pricing.,11/01/2026
E00488,D0380,jamie.arnold@yahoo.com,elizabeth.harrell@yahoo.com,Society care around find audience but moment sign.,We may have to look at other vendors if this isn't resolved.,05-05-2026
E00489,D0832,angie.henderson@hotmail.com,james.li@yahoo.com,discuss morning gas ago cause.,"Great call today, looking forward to next steps.",18-01-2026
E00490,D0022,..cristian.santos...@gmail.com,jaime.harris@gmail.com,WALK PAPER MEDIA AVAILABLE.,"Great call today, looking forward to next steps.",2026/07/31
E00491,D0649,lisa.hensley@yahoo.com,matthew.gonzalez.dds@yahoo.com,Baby effort already second room candidate.,"Not happy with the delay, please escalate.",2026-03-04
E00492,D0255,abigail.shaffer@hotmail.com,briana.wiggins@gmail.com,Piece sing front manage how itself.,Following up on our last conversation regarding pricing.,2026-03-27
E00493,D0860,gina.moore@gmail.com,brooke.khangmail.com,Really bring can sister adult among cover.,We may have to look at other vendors if this isn't resolved.,2026-06-05
E00494,D0781,lisa.hensley@hotmail.com,laura.bradford@gmail.com,Hospital this because that agree child.,Following up on our last conversation regarding pricing.,29-07-2026
E00495,D0758,ryan.munoz@yahoo.com,timothy.ruiz@hotmail.com,Beyond compare despite today green.,"Not happy with the delay, please escalate.",2026/03/05
E00496,D0594,gina.mooregmail.com,lonnie.hart@hotmail.com,Contain occur magazine suggest interesting no total.,"Thanks so much for the quick turnaround, this looks great!",12/06/2026
E00497,D0599,noah.rhodes@hotmail.com,rebecca.ramsey@yahoo.com,See American drug to above.,Following up on our last conversation regarding pricing.,19-04-2026
E00498,D0816,gina.moore@COMPANY.COM,michael.richmond@yahoo.com,Garden down television tree say.,Can we schedule a call sometime next week?,
E00499,D0347,gabrielle.davis@yahoo.com,sara.johnston@gmail.com,DO HEAR RICH APPLY PROJECT.,"Not happy with the delay, please escalate.",25-03-2026
E00500,D0577,jamie.arnold@hotmail.com,paige.weiss@gmail.com,State medical year oil ask eye off various.,Can we schedule a call sometime next week?,04/03/2026
E00501,D0590,connie.lawrencegmail.com,thomas.navarro@yahoo.com,Old close series relationship perhaps.,"Thanks so much for the quick turnaround, this looks great!",15/05/2026
E00502,D0419,jamie.arnold@hotmail.com,scott.jenkins@hotmail.com,Thank prevent store politics service second.,"Great call today, looking forward to next steps.",20-04-2026
E00503,D0183,gabrielle.davis@yahoo.com,tyrone.white@gmail.com,Far movement hand himself weight eat form.,Can we schedule a call sometime next week?,2026-05-04
E00504,D0308,michele.williams@gmail.com,robert.stevensgmail.com,Thought notice society task well three board.,We may have to look at other vendors if this isn't resolved.,28/11/2025
E00505,D0439,angie.henderson@gmail.com,tara.rose@yahoo.com,Simply involve nor whether.,"Really appreciate the detailed proposal, excited to move forward.",06/18/2026
E00506,D0530,..cristian.santos...@hotmail.com,tina.clark@hotmail.com,Wrong list huge.,"Thanks so much for the quick turnaround, this looks great!",11/15/2025
E00507,D0331,connie.lawrence@yahoo.com,tyrone.west@gmail.com,COMMUNITY DEMOCRATIC NO YES DIRECTION PARENT.,"Great call today, looking forward to next steps.",2025/12/02
E00508,D0387,,william.coffey@hotmail.com,,Please find attached the requested documents.,2026/01/28
E00509,D0881,angie.henderson@gmail.com,mrs..amy.hayes@yahoo.com,Thought brother central reason particular game.,"This is taking longer than expected, we need an update ASAP.",2026-01-17
E00510,D0675,abigail.shaffer@gmail.com,jennifer.velasquez@yahoo.com,Several name chair produce behavior nearly of general.,Following up on our last conversation regarding pricing.,30-03-2026
E00511,D0217,ryan.munoz@gmail.com,stacie.butler@gmail.com,Loss international public rate certainly couple more.,Following up on our last conversation regarding pricing.,2026/04/22
E00512,D0074,angie.henderson@gmail.com,kristin.norris@yahoo.com,Since human chance onto significant.,"Thanks so much for the quick turnaround, this looks great!",04/06/2026
E00513,D0859,gina.moore@yahoo.com,tammy.bell@hotmail.com,Take strategy clearly.,"Great call today, looking forward to next steps.",06/21/2026
E00514,D0398,abigail.shaffer@gmail.com,randy.friedman@gmail.com,ITS HOSPITAL THOSE ARTIST AREA STREET SHAKE.,We may have to look at other vendors if this isn't resolved.,2026/05/25
E00515,D0501,gina.moore@gmail.com,todd.reynolds@gmail.com,Sport friend wide take answer.,Please find attached the requested documents.,03/18/2026
E00516,D0293,gabrielle.davis@hotmail.com,john.alvarado@gmail.com,Possible bag picture available scene approach imagine concern.,"Not happy with the delay, please escalate.",2025-11-18
E00517,D0772,daniel.wagner@gmail.com,brenda.lawrence@hotmail.com,Politics phone anyone happy point establish.,Please find attached the requested documents.,2026-04-21
E00518,D0888,abigail.shaffer@yahoo.com,,Out hospital around wall those rise.,Please find attached the requested documents.,03-07-2026
E00519,D0773,lisa.hensley@yahoo.com,charles.haley@hotmail.com,OTHERS GENERAL NEW BEGIN.,"Thanks so much for the quick turnaround, this looks great!",2026-05-28
E00520,D0585,..cristian.santos...@hotmail.com,shane.torres@hotmail.com,Type type word not usually at sing.,We may have to look at other vendors if this isn't resolved.,27-06-2026
E00521,D0740,connie.lawrence@hotmail.com,austin.williams@hotmail.com,Enjoy wife cup law become car use.,"This is taking longer than expected, we need an update ASAP.",06-11-2025
E00522,D0185,michele.williams@gmail.com,donna.berry@gmail.com,,"Thanks so much for the quick turnaround, this looks great!",2026-02-06
E00523,D0267,allison.hill@gmail.com,tyler.vasquez@hotmail.com,,Following up on our last conversation regarding pricing.,2026/07/31
E00524,D0772,connie.lawrence@hotmail.com,,Car many of general building design.,We may have to look at other vendors if this isn't resolved.,24/02/2026
E00525,D0854,,tristan.bond@COMPANY.COM,Father enough any which ten follow cell.,"Not happy with the delay, please escalate.",20-11-2025
E00526,D0412,noah.rhodes@hotmail.com,julie.howard@gmail.com,Issue expect apply later.,We may have to look at other vendors if this isn't resolved.,16/02/2026
E00527,D0524,monica.herreragmail.com,sandra.walker@gmail.com,Like board center leg so project.,"This is taking longer than expected, we need an update ASAP.",05/06/2026
E00528,D0726,allison.hill@gmail.com,mary.adams@gmail.com,Street police there.,Can we schedule a call sometime next week?,
E00529,D0658,noah.rhodes@hotmail.com,dr..jeffrey.lopez@hotmail.com,  Bill cover mind wind.   ,"Great call today, looking forward to next steps.",07/03/2026
E00530,D0509,..cristian.santos...@hotmail.com,emily.hayes@yahoo.com,Six rather just serious term discuss state.,We may have to look at other vendors if this isn't resolved.,12/17/2025
E00531,D0069,allison.hill@gmail.com,manuel.brock@hotmail.com,MYSELF YOU IMPACT FULL.,"Thanks so much for the quick turnaround, this looks great!",06-01-2026
E00532,D0462,daniel.wagner@yahoo.com,jessica.ruiz@hotmail.com,MANAGE REFLECT NAME.,We may have to look at other vendors if this isn't resolved.,06-04-2026
E00533,D0467,michele.williams@yahoo.com,austin.joseph@COMPANY.COM,law record i visit.,Please find attached the requested documents.,04/23/2026
E00534,D0740,lisa.hensley@yahoo.com,rachel.flores@hotmail.com,Team administration share heavy.,We may have to look at other vendors if this isn't resolved.,04/01/2026
E00535,D0424,michele.williams@hotmail.com,victor.young@gmail.com,DIFFERENCE GLASS PURPOSE BEAT.,Following up on our last conversation regarding pricing.,2025-12-09
E00536,D0518,daniel.wagnergmail.com,kristin.norris@hotmail.com,Address friend writer view rather if.,"This is taking longer than expected, we need an update ASAP.",2026/02/16
E00537,D0835,connie.lawrence@gmail.com,erin.steele@hotmail.com,Authority number force huge.,"Great call today, looking forward to next steps.",11/12/2025
E00538,D0564,connie.lawrence@hotmail.com,john.alvarez@gmail.com,Opportunity significant environmental involve participant eye national.,We may have to look at other vendors if this isn't resolved.,2026-03-05
E00539,D0175,abigail.shaffer@gmail.com,cody.brown@gmail.com,Surface sometimes week.,"Really appreciate the detailed proposal, excited to move forward.",04-11-2025
E00540,D0777,angie.henderson@gmail.com,nathan.sullivan@hotmail.com,Item rest respond economy why possible fear.,Please find attached the requested documents.,2026/05/08
E00541,D0094,jamie.arnold@hotmail.com,jesse.wright@hotmail.com,Network at base get personal medical while.,"Really appreciate the detailed proposal, excited to move forward.",15/04/2026
E00542,D0194,angie.henderson@gmail.com,lonnie.hart@hotmail.com,begin type dog name language local.,"Really appreciate the detailed proposal, excited to move forward.",25-05-2026
E00543,D0589,jamie.arnold@hotmail.com,angela.velazquez@gmail.com,Value later herself.,"Really appreciate the detailed proposal, excited to move forward.",2026/03/28
E00544,D0322,gina.moore@hotmail.com,brett.espinoza@gmail.com,Professional left particular manage my tax off job.,"This is taking longer than expected, we need an update ASAP.",11/21/2025
E00545,D0086,monica.herrera@gmail.com,heather.bennett@gmail.com,MIGHT CULTURAL YES ALTHOUGH POOR FIVE.,Following up on our last conversation regarding pricing.,
E00546,D0061,..cristian.santos...@yahoo.com,jasmine.combs@hotmail.com,Radio society happy receive.,"Really appreciate the detailed proposal, excited to move forward.",2026/03/24
E00547,D0726,abigail.shaffer@hotmail.com,jennifer.smith@yahoo.com,Herself people rate notice air by.,"Not happy with the delay, please escalate.",30/06/2026
E00548,D0244,lisa.hensley@hotmail.com,jordan.santiago@gmail.com,System environmental consumer model leave hour.,"Great call today, looking forward to next steps.",2026-01-16
E00549,D0145,ryan.munoz@hotmail.com,dawn.rivera@yahoo.com,,Please find attached the requested documents.,2025/12/08
E00550,D0752,noah.rhodesgmail.com,molly.lutz@yahoo.com,Store develop wait national top occur.,"This is taking longer than expected, we need an update ASAP.",2026-04-07
E00551,D0018,lisa.hensley@yahoo.com,jason.henry@gmail.com,Bag quite foreign mouth full.,"Great call today, looking forward to next steps.",11/28/2025
E00552,D0820,noah.rhodes@yahoo.com,jody.meza@gmail.com,Home why commercial watch develop reason.,"Great call today, looking forward to next steps.",29/07/2026
E00553,D0365,abigail.shaffer@hotmail.com,philip.robinson@hotmail.com,Bill team vote blood represent hard.,"This is taking longer than expected, we need an update ASAP.",2026-02-02
E00554,D0542,monica.herrera@hotmail.com,veronica.silva@yahoo.com,Enjoy hit sure food particular series significant.,"Thanks so much for the quick turnaround, this looks great!",
E00555,D0583,angie.henderson@yahoo.com,terry.lewis@gmail.com,Create physical build.,Can we schedule a call sometime next week?,01/18/2026
E00556,D0565,gina.mooregmail.com,stacie.butler@hotmail.com,,"Not happy with the delay, please escalate.",04-05-2026
E00557,D0573,ryan.munoz@gmail.com,edgar.miller@COMPANY.COM,Soldier beat hair house because.,"Really appreciate the detailed proposal, excited to move forward.",30-01-2026
E00558,D0091,connie.lawrence@gmail.com,pamela.santos@yahoo.com,DARK DESCRIBE COMMUNITY PEOPLE DEMOCRAT INFORMATION.,We may have to look at other vendors if this isn't resolved.,2026-01-19
E00559,D0724,monica.herrera@hotmail.com,katelyn.perez@gmail.com,,We may have to look at other vendors if this isn't resolved.,
E00560,D0811,angie.henderson@gmail.com,amanda.robinson@hotmail.com,Exist show beautiful simply.,"Not happy with the delay, please escalate.",19/07/2026
E00561,D0710,connie.lawrencegmail.com,megan.decker@yahoo.com,More young receive model no painting strong serious.,We may have to look at other vendors if this isn't resolved.,2025/12/19
E00562,D0518,abigail.shaffer@yahoo.com,tracey.underwood@gmail.com,  Suddenly money task give clear.   ,"This is taking longer than expected, we need an update ASAP.",02-11-2025
E00563,D0442,angie.henderson@yahoo.com,thomas.anderson@hotmail.com,Indicate western tell on indeed senior.,"Not happy with the delay, please escalate.",08/12/2025
E00564,D0356,jamie.arnold@yahoo.com,emily.hayes@yahoo.com,Catch relationship member work.,Following up on our last conversation regarding pricing.,2026-03-28
E00565,D0427,angie.henderson@yahoo.com,tina.clark@hotmail.com,Fund open who someone fish require party concern.,"Really appreciate the detailed proposal, excited to move forward.",07/03/2026
E00566,D0570,allison.hill@hotmail.com,debra.quinn@gmail.com,Speech into forward carry.,"Not happy with the delay, please escalate.",2025-12-05
E00567,D0772,ryan.munozgmail.com,rhonda.miller@gmail.com,  Choose fill police.   ,Please find attached the requested documents.,2026/06/21
E00568,D0601,lisa.hensley@gmail.com,katherine.goodwin@gmail.com,capital theory third still son.,Please find attached the requested documents.,2026/04/10
E00569,D0729,noah.rhodes@gmail.com,christine.wong@gmail.com,Food lose miss.,Following up on our last conversation regarding pricing.,06/26/2026
E00570,D0575,ryan.munoz@yahoo.com,,Scene radio exist expect mind pay history.,"Thanks so much for the quick turnaround, this looks great!",22-04-2026
E00571,D0747,angie.henderson@hotmail.com,daniel.garcia@yahoo.com,MATTER SURE WRONG DEVELOP.,We may have to look at other vendors if this isn't resolved.,19/04/2026
E00572,D0835,gabrielle.davis@hotmail.com,kristen.gonzales@yahoo.com,Poor change according hand middle.,"Great call today, looking forward to next steps.",03/03/2026
E00573,D0377,monica.herrera@gmail.com,cindy.hunt@yahoo.com,decide when moment south common.,We may have to look at other vendors if this isn't resolved.,2026/05/21
E00574,D0002,lisa.hensley@COMPANY.COM,rebecca.marsh@gmail.com,  Couple as customer century.   ,"This is taking longer than expected, we need an update ASAP.",2026/03/29
E00575,D0352,gabrielle.davis@gmail.com,julie.howard@hotmail.com,Perhaps arrive scene those mind.,"This is taking longer than expected, we need an update ASAP.",2026/06/18
E00576,D0019,abigail.shaffer@yahoo.com,jeffery.berger@gmail.com,  Response leg agency close likely.   ,Please find attached the requested documents.,2026/02/22
E00577,D0487,,benjamin.mcmahon@gmail.com,  Computer Congress glass less employee wind no.   ,Can we schedule a call sometime next week?,22-03-2026
E00578,D0615,angie.henderson@gmail.com,stacie.butler@yahoo.com,Television walk foot peace.,"Not happy with the delay, please escalate.",2026-01-12
E00579,D0703,jamie.arnold@hotmail.com,katherine.chang@hotmail.com,Him price drop bill apply than responsibility.,"Great call today, looking forward to next steps.",20-03-2026
E00580,D0779,michele.williams@hotmail.com,robin.hawkins@COMPANY.COM,Compare lead Democrat kitchen response describe north.,Please find attached the requested documents.,21-07-2026
E00581,D0628,connie.lawrence@gmail.com,,For common office.,Please find attached the requested documents.,2026/04/09
E00582,D0413,gabrielle.davis@hotmail.com,nathan.stanley@gmail.com,Thing western run son price one.,"Thanks so much for the quick turnaround, this looks great!",04/04/2026
E00583,D0360,gabrielle.davis@gmail.com,,nearly door coach president reflect each officer.,"Thanks so much for the quick turnaround, this looks great!",24-04-2026
E00584,D0590,monica.herrera@gmail.com,heather.nunez@yahoo.com,Vote environment business right leg season manage.,Please find attached the requested documents.,07/03/2026
E00585,D0313,monica.herrera@yahoo.com,tami.graves@yahoo.com,,We may have to look at other vendors if this isn't resolved.,14/12/2025
E00586,D0671,allison.hill@hotmail.com,audrey.barry@hotmail.com,Keep cost company attorney area east too life.,Please find attached the requested documents.,
E00587,D0209,..cristian.santos...@yahoo.com,,Democrat remain stage catch.,"Not happy with the delay, please escalate.",24-03-2026
E00588,D0814,gabrielle.davis@hotmail.com,thomas.george@gmail.com,Chance speech sell better.,Can we schedule a call sometime next week?,18/07/2026
E00589,D0661,connie.lawrence@yahoo.com,scott.pierce@hotmail.com,Nature community third.,"This is taking longer than expected, we need an update ASAP.",05-06-2026
E00590,D0766,abigail.shaffer@hotmail.com,leslie.randall@yahoo.com,specific rather letter me tell just raise really.,Following up on our last conversation regarding pricing.,12-01-2026
E00591,D0640,noah.rhodes@COMPANY.COM,marcus.palmer@yahoo.com,Group door movement under sometimes two so.,Can we schedule a call sometime next week?,05/17/2026
E00592,D0823,connie.lawrence@gmail.com,nicholas.hill@gmail.com,EVERYTHING FEW TWO.,Can we schedule a call sometime next week?,06/11/2026
E00593,D0571,michele.williamsgmail.com,randy.friedman@hotmail.com,Fly least get the west the now.,"Great call today, looking forward to next steps.",04/26/2026
E00594,D0396,abigail.shaffer@gmail.com,robert.sullivan@gmail.com,Poor cold unit walk.,We may have to look at other vendors if this isn't resolved.,12/07/2026
E00595,D0003,gabrielle.davis@hotmail.com,jane.chapman@gmail.com,Field long president same.,"Really appreciate the detailed proposal, excited to move forward.",2026/05/24
E00596,D0714,noah.rhodes@hotmail.com,,Treatment office yeah bar rather.,"Great call today, looking forward to next steps.",23-12-2025
E00597,D0307,lisa.hensley@hotmail.com,stephanie.marshall@gmail.com,Huge plan rule break.,"This is taking longer than expected, we need an update ASAP.",2026/03/17
E00598,D0555,gabrielle.davis@hotmail.com,travis.stone@hotmail.com,Improve sell cause boy sign pull break.,"Not happy with the delay, please escalate.",13/12/2025
E00599,D0445,abigail.shaffer@gmail.com,roger.adams@gmail.com,,Can we schedule a call sometime next week?,2026/02/13
E00600,D0270,lisa.hensley@hotmail.com,jacob.nunez@hotmail.com,Usually cup performance role already occur.,"This is taking longer than expected, we need an update ASAP.",02/02/2026
E00601,D0105,michele.williams@yahoo.com,elizabeth.davis@gmail.com,Add condition practice professor feeling minute change.,Please find attached the requested documents.,2026-02-26
E00602,D0499,jamie.arnold@gmail.com,holly.chapman@gmail.com,Expect smile raise personal.,"Not happy with the delay, please escalate.",2026-06-03
E00603,D0680,noah.rhodes@COMPANY.COM,george.orozco@yahoo.com,Office force care.,Following up on our last conversation regarding pricing.,2025/12/09
E00604,D0270,,richard.knight@yahoo.com,Admit statement create suggest.,"Great call today, looking forward to next steps.",12-04-2026
E00605,D0480,connie.lawrence@yahoo.com,nicholas.hill@COMPANY.COM,Style at score pretty south Democrat.,"Not happy with the delay, please escalate.",30/07/2026
E00606,D0547,monica.herrera@hotmail.com,richard.silva@gmail.com,Director law center course.,"Great call today, looking forward to next steps.",02-05-2026
E00607,D0358,allison.hill@hotmail.com,jonathan.jimenez@yahoo.com,Happen film under deep agree walk thousand.,Can we schedule a call sometime next week?,2026/07/14
E00608,D0309,gina.moore@gmail.com,brenda.alexander@gmail.com,Us institution gun class discuss manager art.,"Great call today, looking forward to next steps.",2026/06/01
E00609,D0792,monica.herrera@gmail.com,austin.williams@yahoo.com,Issue technology against direction.,Please find attached the requested documents.,13-04-2026
E00610,D0019,noah.rhodes@yahoo.com,tyler.vasquez@hotmail.com,Garden end tell still.,"Really appreciate the detailed proposal, excited to move forward.",05/12/2025
E00611,D0686,gina.moore@hotmail.com,benjamin.smith@gmail.com,Red term allow around admit.,"Really appreciate the detailed proposal, excited to move forward.",06-05-2026
E00612,D0586,allison.hill@yahoo.com,john.perez@yahoo.com,Trial policy happy throw final assume kind.,"This is taking longer than expected, we need an update ASAP.",
E00613,D0473,daniel.wagner@yahoo.com,christopher.bass@yahoo.com,INTERESTING COMMON EARLY LOOK BLOOD.,"Thanks so much for the quick turnaround, this looks great!",2026-05-04
E00614,D0777,gina.moore@yahoo.com,samantha.bentley@yahoo.com,Able analysis arrive budget situation but.,Please find attached the requested documents.,17/06/2026
E00615,D0557,jamie.arnold@hotmail.com,dennis.young@yahoo.com,Discover last everybody wall major interest amount.,"This is taking longer than expected, we need an update ASAP.",12/27/2025
E00616,D0113,lisa.hensley@gmail.com,jordan.santiago@hotmail.com,  Language challenge air rest wind region.   ,"This is taking longer than expected, we need an update ASAP.",11/04/2025
E00617,D0362,lisa.hensley@gmail.com,hector.ingram@hotmail.com,Impact big approach.,Can we schedule a call sometime next week?,2026/03/07
E00618,D0418,gina.mooregmail.com,kristin.stewart@COMPANY.COM,Bag answer thank guess most every.,"Really appreciate the detailed proposal, excited to move forward.",05/14/2026
E00619,D0821,michele.williams@COMPANY.COM,blake.vega@yahoo.com,BOX CULTURAL ADMIT ITSELF.,"Thanks so much for the quick turnaround, this looks great!",21-01-2026
E00620,D0169,monica.herrera@hotmail.com,sandra.martinez@hotmail.com,Land region other many daughter night.,Following up on our last conversation regarding pricing.,2026/02/04
E00621,D0424,lisa.hensley@hotmail.com,,Parent church special voice two.,"Thanks so much for the quick turnaround, this looks great!",2026-01-30
E00622,D0681,gina.moore@yahoo.com,rebecca.ramsey@yahoo.com,Bad one modern store.,Can we schedule a call sometime next week?,06/18/2026
E00623,D0400,allison.hill@yahoo.com,leslie.randall@gmail.com,Arm entire increase.,"This is taking longer than expected, we need an update ASAP.",11/05/2026
E00624,D0830,..cristian.santos...@yahoo.com,benjamin.smith@hotmail.com,agent attack bring land magazine level trial also.,We may have to look at other vendors if this isn't resolved.,2025/11/27
E00625,D0107,lisa.hensley@COMPANY.COM,charles.pitts@COMPANY.COM,one name walk attack resource.,"Really appreciate the detailed proposal, excited to move forward.",05/24/2026
E00626,D0331,angie.henderson@hotmail.com,,recent off fire property remain first common eight.,We may have to look at other vendors if this isn't resolved.,05/26/2026
E00627,D0864,lisa.hensley@gmail.com,heather.bennett@hotmail.com,Position our market tree situation.,"Not happy with the delay, please escalate.",16-04-2026
E00628,D0387,jamie.arnold@yahoo.com,joy.meyer@hotmail.com,Possible cup opportunity rate sport.,"Really appreciate the detailed proposal, excited to move forward.",2026-03-25
E00629,D0817,jamie.arnold@hotmail.com,tami.graves@hotmail.com,Bill traditional western chance machine.,Following up on our last conversation regarding pricing.,13/02/2026
E00630,D0193,allison.hill@yahoo.com,christopher.morales@yahoo.com,  Entire do company focus consumer say whom.   ,We may have to look at other vendors if this isn't resolved.,2026/07/19
E00631,D0222,michele.williams@hotmail.com,richard.gordon@yahoo.com,Nothing box particular southern attack state enough third.,Please find attached the requested documents.,2026-05-02
E00632,D0267,monica.herrera@hotmail.com,debra.quinngmail.com,AGO LEVEL MIDDLE STAR.,Following up on our last conversation regarding pricing.,20-06-2026
E00633,D0274,noah.rhodes@COMPANY.COM,jason.henry@gmail.com,Become area citizen program.,"Thanks so much for the quick turnaround, this looks great!",2026/03/28
E00634,D0494,lisa.hensley@hotmail.com,megan.compton@hotmail.com,,"Thanks so much for the quick turnaround, this looks great!",08/11/2025
E00635,D0446,gabrielle.davis@hotmail.com,amanda.wood@hotmail.com,number other those sister large chair born wish.,"Thanks so much for the quick turnaround, this looks great!",03/01/2026
E00636,D0706,noah.rhodes@hotmail.com,john.alvarado@hotmail.com,PERSONAL WHO UNTIL MEET SPRING SURFACE WIFE.,Please find attached the requested documents.,2026/07/22
E00637,D0405,allison.hill@yahoo.com,christy.davidson@COMPANY.COM,Movement claim build water third.,"Thanks so much for the quick turnaround, this looks great!",07/12/2026
E00638,D0397,..cristian.santos...@hotmail.com,david.brewer@gmail.com,Work win health usually much article agent.,Please find attached the requested documents.,2026/03/23
E00639,D0086,allison.hill@yahoo.com,charles.santiago@yahoo.com,List behavior successful success herself be.,"Thanks so much for the quick turnaround, this looks great!",28-03-2026
E00640,D0816,ryan.munozgmail.com,katherine.goodwin@gmail.com,Various memory matter stage.,"Thanks so much for the quick turnaround, this looks great!",04/12/2026
E00641,D0345,monica.herrera@gmail.com,todd.reynolds@hotmail.com,Nice measure leg sell official yourself.,"Really appreciate the detailed proposal, excited to move forward.",13-01-2026
E00642,D0573,noah.rhodes@yahoo.com,marcus.palmer@hotmail.com,environment open director.,"Thanks so much for the quick turnaround, this looks great!",07/13/2026
E00643,D0121,,heather.bennett@gmail.com,Interest great analysis tonight politics computer exist throw.,Can we schedule a call sometime next week?,02/12/2025
E00644,D0815,angie.henderson@hotmail.com,austin.gentry@gmail.com,Reveal government single least something source.,We may have to look at other vendors if this isn't resolved.,08/05/2026
E00645,D0376,..cristian.santos...@yahoo.com,albert.buchanan@gmail.com,Policy those unit reduce executive.,Following up on our last conversation regarding pricing.,02-05-2026
E00646,D0559,lisa.hensley@yahoo.com,robert.bowen@hotmail.com,Result very investment enter memory.,"Really appreciate the detailed proposal, excited to move forward.",
E00647,D0371,daniel.wagner@yahoo.com,jaime.harris@gmail.com,NIGHT BILL CENTRAL WONDER.,Please find attached the requested documents.,12/12/2025
E00648,D0791,jamie.arnold@gmail.com,bryan.burnsgmail.com,image my by maybe off smile develop movement.,"Thanks so much for the quick turnaround, this looks great!",2026-02-05
E00649,D0155,daniel.wagner@hotmail.com,danielle.medina@gmail.com,American job world house character would money own.,"Not happy with the delay, please escalate.",2026-03-26
E00650,D0226,lisa.hensley@gmail.com,edgar.miller@hotmail.com,BECOME AVAILABLE YOUR BOTH.,"Really appreciate the detailed proposal, excited to move forward.",2025-11-19
E00651,D0197,connie.lawrence@hotmail.com,marc.moore@gmail.com,PRODUCT WOULD POLICY CLEAR STAR DAUGHTER.,"Really appreciate the detailed proposal, excited to move forward.",03/07/2026
E00652,D0005,noah.rhodes@gmail.com,nathan.kline@yahoo.com,Wonder analysis effort news.,We may have to look at other vendors if this isn't resolved.,02/20/2026
E00653,D0245,abigail.shaffer@yahoo.com,jaime.harris@COMPANY.COM,Travel growth what.,"This is taking longer than expected, we need an update ASAP.",26/11/2025
E00654,D0879,allison.hill@yahoo.com,jerry.christensen@gmail.com,Buy best fish all cover.,"Not happy with the delay, please escalate.",05/25/2026
E00655,D0863,monica.herrera@gmail.com,erin.steele@hotmail.com,I AS SENSE MACHINE TREATMENT SECTION.,Please find attached the requested documents.,18/01/2026
E00656,D0767,jamie.arnold@gmail.com,jennifer.gonzalez@hotmail.com,Organization of national among must.,Please find attached the requested documents.,31-05-2026
E00657,D0120,allison.hill@gmail.com,mallory.barajas@yahoo.com,,Please find attached the requested documents.,07/07/2026
E00658,D0743,daniel.wagner@yahoo.com,william.smith@hotmail.com,Try phone water national.,Can we schedule a call sometime next week?,01/01/2026
E00659,D0496,gina.moore@hotmail.com,rebecca.ramsey@hotmail.com,Recognize ok recent near find.,Please find attached the requested documents.,18/04/2026
E00660,D0852,noah.rhodes@COMPANY.COM,sharon.jordan@hotmail.com,Read term force open without.,Please find attached the requested documents.,19-03-2026
E00661,D0297,jamie.arnold@gmail.com,joseph.bell@gmail.com,party reveal quickly around.,"Not happy with the delay, please escalate.",08/06/2026
E00662,D0700,daniel.wagner@yahoo.com,rhonda.miller@yahoo.com,Recent high reason goal audience.,Following up on our last conversation regarding pricing.,2026/05/07
E00663,D0520,monica.herrera@hotmail.com,lonnie.hart@hotmail.com,,"This is taking longer than expected, we need an update ASAP.",2025/11/22
E00664,D0747,angie.henderson@yahoo.com,taylor.berry@yahoo.com,Improve remember call method employee.,Following up on our last conversation regarding pricing.,16/02/2026
E00665,D0801,gina.mooregmail.com,jesse.wright@gmail.com,Magazine any order prepare feeling career.,"Not happy with the delay, please escalate.",10-02-2026
E00666,D0480,lisa.hensley@hotmail.com,megan.orr@yahoo.com,Another turn your radio.,"This is taking longer than expected, we need an update ASAP.",25/03/2026
E00667,D0604,jamie.arnold@hotmail.com,kayla.rodriguez@hotmail.com,ITSELF MARRIAGE ANYONE SMILE ENERGY ADD SO FINANCIAL.,"Thanks so much for the quick turnaround, this looks great!",01/14/2026
E00668,D0367,angie.henderson@yahoo.com,tammy.bell@yahoo.com,future throughout number site final five.,"This is taking longer than expected, we need an update ASAP.",02/24/2026
E00669,D0295,angie.henderson@hotmail.com,dana.santiago@hotmail.com,,"Great call today, looking forward to next steps.",2025/12/30
E00670,D0236,..cristian.santos...@yahoo.com,manuel.brock@yahoo.com,Take contain industry red.,"This is taking longer than expected, we need an update ASAP.",10-01-2026
E00671,D0725,monica.herrera@yahoo.com,bob.cole@hotmail.com,Page get understand across use international.,Can we schedule a call sometime next week?,15/11/2025
E00672,D0331,angie.henderson@gmail.com,,Charge Congress seven later.,"Thanks so much for the quick turnaround, this looks great!",
E00673,D0392,..cristian.santos...@yahoo.com,brooke.khan@hotmail.com,Financial care firm attack agree bad exactly.,"Not happy with the delay, please escalate.",22-07-2026
E00674,D0252,noah.rhodes@gmail.com,elizabeth.vasquez@yahoo.com,Spring economy someone police year accept toward.,"Thanks so much for the quick turnaround, this looks great!",27-07-2026
E00675,D0359,angie.henderson@gmail.com,randy.hayesgmail.com,  Open word loss manager next cultural bad.   ,Please find attached the requested documents.,27-03-2026
E00676,D0342,allison.hill@yahoo.com,rachel.torres@yahoo.com,Us event care.,"Not happy with the delay, please escalate.",2026-04-07
E00677,D0696,allison.hill@yahoo.com,lisa.kirby@gmail.com,away room try apply more director.,"Really appreciate the detailed proposal, excited to move forward.",2026-05-16
E00678,D0096,jamie.arnold@yahoo.com,samantha.davis@yahoo.com,Involve recent role term mother.,"Great call today, looking forward to next steps.",27/05/2026
E00679,D0580,lisa.hensley@yahoo.com,william.jensen@hotmail.com,Happy enter method finally.,"Really appreciate the detailed proposal, excited to move forward.",03/06/2026
E00680,D0825,ryan.munoz@hotmail.com,victor.young@hotmail.com,Me these gun sell wear.,"This is taking longer than expected, we need an update ASAP.",2025-12-04
E00681,D0438,daniel.wagner@hotmail.com,kerry.smith@yahoo.com,,"Thanks so much for the quick turnaround, this looks great!",
E00682,D0081,allison.hill@gmail.com,wayne.harris@gmail.com,War child require language.,"Thanks so much for the quick turnaround, this looks great!",12/24/2025
E00683,D0749,monica.herrera@hotmail.com,,Radio per spring be just similar shake.,Can we schedule a call sometime next week?,2026-05-30
E00684,D0408,gabrielle.davis@yahoo.com,cynthia.cochran@hotmail.com,Majority air test never.,Please find attached the requested documents.,01/06/2026
E00685,D0896,connie.lawrence@gmail.com,tyler.vasquezgmail.com,TODAY GOVERNMENT ACTUALLY MYSELF.,"Not happy with the delay, please escalate.",02/12/2026
E00686,D0846,daniel.wagner@gmail.com,rebecca.ramsey@hotmail.com,While step effort resource create hit.,Can we schedule a call sometime next week?,2026/06/07
E00687,D0825,daniel.wagnergmail.com,martha.ruiz@gmail.com,Rest me certain person director summer.,Following up on our last conversation regarding pricing.,07/30/2026
E00688,D0408,jamie.arnold@gmail.com,susan.murphy@gmail.com,Method resource how listen.,Can we schedule a call sometime next week?,2026/06/29
E00689,D0158,angie.henderson@gmail.com,,Generation common effect true western energy.,We may have to look at other vendors if this isn't resolved.,2026/01/18
E00690,D0650,,jared.smithgmail.com,decision movement gun at owner design relate.,"Not happy with the delay, please escalate.",2026-02-25
E00691,D0633,,donna.wilson@gmail.com,drive other chair lead maybe produce.,We may have to look at other vendors if this isn't resolved.,31-03-2026
E00692,D0130,daniel.wagner@hotmail.com,joseph.hill@yahoo.com,,Please find attached the requested documents.,06/27/2026
E00693,D0773,ryan.munoz@yahoo.com,eddie.adams@yahoo.com,Reflect study bit style race effect discussion special.,Can we schedule a call sometime next week?,2026-07-30
E00694,D0080,michele.williams@hotmail.com,dean.shannon@hotmail.com,Report company car data news difficult.,"Great call today, looking forward to next steps.",24/06/2026
E00695,D0343,gina.moore@hotmail.com,amanda.robinson@gmail.com,Nothing billion wish world process.,"Great call today, looking forward to next steps.",03/03/2026
E00696,D0847,ryan.munoz@yahoo.com,joseph.hill@gmail.com,Decide common term under Republican news deep.,We may have to look at other vendors if this isn't resolved.,2026-03-17
E00697,D0183,monica.herrera@gmail.com,austin.joseph@gmail.com,Continue compare able.,"Not happy with the delay, please escalate.",10/12/2025
E00698,D0726,gina.moore@hotmail.com,michelle.armstrong@yahoo.com,Its boy travel meet place public newspaper.,Please find attached the requested documents.,17-11-2025
E00699,D0881,ryan.munoz@yahoo.com,robert.jarvis@hotmail.com,business natural stand country himself behavior.,"This is taking longer than expected, we need an update ASAP.",2026-06-08
E00700,D0346,lisa.hensley@hotmail.com,holly.chapman@gmail.com,Eye floor during want operation sense skill.,"Thanks so much for the quick turnaround, this looks great!",2025/11/17
E00701,D0586,lisa.hensley@hotmail.com,george.orozco@hotmail.com,,Please find attached the requested documents.,15/01/2026
E00702,D0596,abigail.shaffer@gmail.com,brooke.khan@gmail.com,Cup significant admit.,"Thanks so much for the quick turnaround, this looks great!",16/06/2026
E00703,D0716,gina.moore@yahoo.com,jeremy.horne.md@gmail.com,Have spring want.,"This is taking longer than expected, we need an update ASAP.",06/17/2026
E00704,D0129,..cristian.santos...@hotmail.com,lisa.kennedy@yahoo.com,  Street former total animal item to.   ,Following up on our last conversation regarding pricing.,N/A
E00705,D0779,jamie.arnold@yahoo.com,breanna.jones@gmail.com,,"Really appreciate the detailed proposal, excited to move forward.",02/15/2026
E00706,D0478,noah.rhodes@gmail.com,richard.knight@COMPANY.COM,Would ability language food human.,"This is taking longer than expected, we need an update ASAP.",2025-11-24
E00707,D0265,michele.williams@hotmail.com,kathleen.watson@yahoo.com,Light mission address significant set involve nature family.,"Really appreciate the detailed proposal, excited to move forward.",06/12/2026
E00708,D0626,daniel.wagner@hotmail.com,katherine.goodwin@hotmail.com,North if home learn address doctor item.,"Not happy with the delay, please escalate.",12/09/2025
E00709,D0162,gabrielle.davis@hotmail.com,carlos.ruiz@hotmail.com,Line yet produce magazine.,Can we schedule a call sometime next week?,01/04/2026
E00710,D0711,lisa.hensley@yahoo.com,cameron.rose@gmail.com,Sort investment guy such notice to.,"Thanks so much for the quick turnaround, this looks great!",04/17/2026
E00711,D0442,angie.henderson@hotmail.com,paul.ward@gmail.com,Against beautiful it reduce.,"Thanks so much for the quick turnaround, this looks great!",
E00712,D0208,ryan.munoz@yahoo.com,kurt.hurley@hotmail.com,Officer store cost address within network accept.,"This is taking longer than expected, we need an update ASAP.",29/07/2026
E00713,D0417,michele.williams@hotmail.com,adrian.ferguson@yahoo.com,wait six guess member.,Following up on our last conversation regarding pricing.,16-07-2026
E00714,D0326,monica.herrera@gmail.com,kathryn.cooper@yahoo.com,Lead relationship provide case father own six.,"Really appreciate the detailed proposal, excited to move forward.",24/07/2026
E00715,D0614,jamie.arnold@hotmail.com,,Certain begin require idea case entire class.,Please find attached the requested documents.,11/26/2025
E00716,D0637,..cristian.santos...@yahoo.com,jeremy.barnes@yahoo.com,,Can we schedule a call sometime next week?,2026/04/14
E00717,D0886,lisa.hensley@gmail.com,robert.sullivan@gmail.com,Get family main strong five single call.,Following up on our last conversation regarding pricing.,01/12/2026
E00718,D0255,lisa.hensley@gmail.com,,,"Not happy with the delay, please escalate.",19-06-2026
E00719,D0255,michele.williams@hotmail.com,aaron.younggmail.com,As human understand.,"Really appreciate the detailed proposal, excited to move forward.",11/05/2025
E00720,D0301,gina.moore@yahoo.com,michael.smithgmail.com,Week least deep carry summer.,"Not happy with the delay, please escalate.",07/04/2026
E00721,D0236,allison.hill@gmail.com,,CLEAR NICE FOREIGN RETURN SKIN ABOVE BECOME.,"Great call today, looking forward to next steps.",2026-03-09
E00722,D0500,noah.rhodes@hotmail.com,ronald.brown@gmail.com,Read response drive carry.,Please find attached the requested documents.,2026-03-22
E00723,D0280,angie.henderson@yahoo.com,kimberly.velazquez@yahoo.com,Loss arrive goal.,"This is taking longer than expected, we need an update ASAP.",2026-02-23
E00724,D0608,angie.henderson@hotmail.com,nathan.sullivan@gmail.com,BREAK HEAD A CONCERN.,We may have to look at other vendors if this isn't resolved.,2026-04-03
E00725,D0498,,,  Wonder prevent fire into.   ,Can we schedule a call sometime next week?,07-03-2026
E00726,D0733,daniel.wagner@gmail.com,katherine.mcclure@hotmail.com,Dinner stage soldier apply notice current.,"Really appreciate the detailed proposal, excited to move forward.",24/05/2026
E00727,D0113,jamie.arnold@gmail.com,heather.bennett@yahoo.com,Finish address whatever eight red write beautiful mean.,"This is taking longer than expected, we need an update ASAP.",11/09/2025
E00728,D0178,monica.herrera@hotmail.com,terri.short@hotmail.com,,"This is taking longer than expected, we need an update ASAP.",03/06/2026
E00729,D0138,,david.brewer@gmail.com,General organization everything line break student.,"This is taking longer than expected, we need an update ASAP.",04/01/2026
E00730,D0010,lisa.hensleygmail.com,joshua.mcmillan@hotmail.com,,"Great call today, looking forward to next steps.",N/A
E00731,D0622,monica.herrera@gmail.com,christy.davidson@yahoo.com,Animal goal no particularly develop consumer.,"Not happy with the delay, please escalate.",2026-05-31
E00732,D0314,monica.herrera@yahoo.com,jerry.pierce@gmail.com,JUST MODEL THING DROP THE CHARACTER.,"Thanks so much for the quick turnaround, this looks great!",2026/03/08
E00733,D0039,,amanda.wood@yahoo.com,Without itself seat language open.,"Thanks so much for the quick turnaround, this looks great!",2026/03/25
E00734,D0153,michele.williams@hotmail.com,john.smith@yahoo.com,US ME NATURAL WHOSE FISH.,"Thanks so much for the quick turnaround, this looks great!",30/12/2025
E00735,D0673,abigail.shaffer@hotmail.com,arthur.west@yahoo.com,trip music former apply staff until.,"Not happy with the delay, please escalate.",01-01-2026
E00736,D0091,michele.williams@yahoo.com,lisa.brown@yahoo.com,,Can we schedule a call sometime next week?,2026/05/12
E00737,D0391,abigail.shaffer@hotmail.com,benjamin.mcmahon@yahoo.com,blue management record room program outside.,We may have to look at other vendors if this isn't resolved.,
E00738,D0491,jamie.arnold@gmail.com,brett.espinoza@gmail.com,Leg medical hold over.,"Really appreciate the detailed proposal, excited to move forward.",02-07-2026
E00739,D0459,monica.herrera@gmail.com,brett.espinoza@yahoo.com,,We may have to look at other vendors if this isn't resolved.,2026-05-07
E00740,D0547,allison.hill@yahoo.com,daniel.garcia@hotmail.com,He doctor stage usually recognize bar computer a.,Can we schedule a call sometime next week?,23-04-2026
E00741,D0355,ryan.munoz@gmail.com,michael.anderson@gmail.com,Too size tonight ground while action.,"Not happy with the delay, please escalate.",2025-11-23
E00742,D0446,gabrielle.davis@hotmail.com,deborah.williams@gmail.com,Floor front television us.,Can we schedule a call sometime next week?,2026-06-23
E00743,D0087,..cristian.santos...@yahoo.com,emily.hayesgmail.com,Employee plant pay allow executive what manage share.,"This is taking longer than expected, we need an update ASAP.",06-07-2026
E00744,D0255,noah.rhodes@gmail.com,michael.melton@yahoo.com,Nearly us remain operation hand agreement discover seem.,"Great call today, looking forward to next steps.",
E00745,D0034,connie.lawrence@gmail.com,richard.jones@yahoo.com,Whatever performance wide significant activity.,Following up on our last conversation regarding pricing.,18/11/2025
E00746,D0721,gina.moore@hotmail.com,eddie.adamsgmail.com,  Able give visit there.   ,We may have to look at other vendors if this isn't resolved.,2026/05/08
E00747,D0802,michele.williams@hotmail.com,lori.ingram@hotmail.com,Ask myself phone travel western.,"Thanks so much for the quick turnaround, this looks great!",02/25/2026
E00748,D0269,allison.hill@yahoo.com,mrs..toni.avila@hotmail.com,Throughout whether grow service during health note chair.,"Thanks so much for the quick turnaround, this looks great!",29-07-2026
E00749,D0303,allison.hill@gmail.com,benjamin.smith@gmail.com,IMAGINE MAIN WAIT ACTUALLY.,We may have to look at other vendors if this isn't resolved.,2026/02/07
E00750,D0867,abigail.shaffer@hotmail.com,mark.williams@yahoo.com,Arrive national response local analysis receive drop.,"This is taking longer than expected, we need an update ASAP.",11/05/2025
E00751,D0014,lisa.hensley@yahoo.com,dana.santiago@hotmail.com,Respond what production now.,"Thanks so much for the quick turnaround, this looks great!",
E00752,D0595,..cristian.santos...@hotmail.com,erin.steele@hotmail.com,Technology after hotel learn serve suffer.,"Thanks so much for the quick turnaround, this looks great!",18-01-2026
E00753,D0109,ryan.munoz@gmail.com,alison.williams@gmail.com,Plan stock authority defense.,"This is taking longer than expected, we need an update ASAP.",2026/01/31
E00754,D0509,daniel.wagner@yahoo.com,rebecca.harris@gmail.com,Contain black Mr contain article cost.,Can we schedule a call sometime next week?,12-02-2026
E00755,D0648,allison.hillgmail.com,melissa.schwartz@COMPANY.COM,DESPITE DETERMINE FORMER BELIEVE.,Please find attached the requested documents.,
E00756,D0392,gina.moore@gmail.com,katherine.mcclure@hotmail.com,Poor throughout stuff.,"Really appreciate the detailed proposal, excited to move forward.",2025/11/04
E00757,D0578,allison.hill@gmail.com,jonathan.davis@COMPANY.COM,Pm where new.,We may have to look at other vendors if this isn't resolved.,2025-11-13
E00758,D0345,abigail.shaffer@yahoo.com,todd.woodsgmail.com,Add though bring himself know.,"Great call today, looking forward to next steps.",02/21/2026
E00759,D0500,gabrielle.davis@hotmail.com,jerry.johnson@gmail.com,,We may have to look at other vendors if this isn't resolved.,06/06/2026
E00760,D0427,connie.lawrence@hotmail.com,willie.durham@hotmail.com,Later tax team because order order interest.,Please find attached the requested documents.,06/28/2026
E00761,D0016,angie.henderson@gmail.com,kurt.hurley@gmail.com,Industry sound condition across reason.,We may have to look at other vendors if this isn't resolved.,12/16/2025
E00762,D0742,daniel.wagner@yahoo.com,jessica.carroll@hotmail.com,BACK LEFT LEG AGENCY.,Following up on our last conversation regarding pricing.,2026-03-05
E00763,D0546,jamie.arnold@gmail.com,marc.moore@yahoo.com,Before general class require.,Please find attached the requested documents.,2026/04/12
E00764,D0781,monica.herrera@gmail.com,alexander.gomezgmail.com,ISSUE WHATEVER BETWEEN SOMEBODY RISE.,"Really appreciate the detailed proposal, excited to move forward.",2026/03/31
E00765,D0854,noah.rhodes@yahoo.com,tara.rose@hotmail.com,Mission travel reveal rather.,Can we schedule a call sometime next week?,17/12/2025
E00766,D0674,ryan.munoz@yahoo.com,william.mills@gmail.com,Me deep he nearly.,Following up on our last conversation regarding pricing.,2026-04-04
E00767,D0226,noah.rhodes@hotmail.com,austin.williams@yahoo.com,SEE REAL LIKE REGION BEHIND NEW AND.,We may have to look at other vendors if this isn't resolved.,22-11-2025
E00768,D0010,noah.rhodes@yahoo.com,sharon.wells@gmail.com,Movement space page democratic natural heart wall.,"Thanks so much for the quick turnaround, this looks great!",14/11/2025
E00769,D0040,connie.lawrence@hotmail.com,cody.smith@yahoo.com,,"This is taking longer than expected, we need an update ASAP.",19-03-2026
E00770,D0677,gabrielle.davis@gmail.com,taylor.pittman@hotmail.com,COLLECTION SENIOR CLASS APPROACH.,Can we schedule a call sometime next week?,15/11/2025
E00771,D0279,gina.moore@COMPANY.COM,robert.johnson@hotmail.com,Mr personal stuff director production.,"Not happy with the delay, please escalate.",2026-03-31
E00772,D0466,..cristian.santos...gmail.com,autumn.higgins@yahoo.com,Everyone maintain everything deep.,Please find attached the requested documents.,2025/12/13
E00773,D0629,gina.mooregmail.com,william.jensen@hotmail.com,  Security at wind what officer report red.   ,Following up on our last conversation regarding pricing.,2025/12/06
E00774,D0296,angie.henderson@hotmail.com,charles.pitts@hotmail.com,,"This is taking longer than expected, we need an update ASAP.",
E00775,D0172,lisa.hensley@hotmail.com,julie.howard@hotmail.com,Despite capital response marriage.,We may have to look at other vendors if this isn't resolved.,
E00776,D0501,,stanley.barnes@gmail.com,DURING RESPONSIBILITY AMONG SINCE.,"This is taking longer than expected, we need an update ASAP.",21-06-2026
E00777,D0417,noah.rhodes@gmail.com,lisa.gill@yahoo.com,THOUGH IMAGINE HOW ABLE WORKER ARM.,"Thanks so much for the quick turnaround, this looks great!",N/A
E00778,D0452,gabrielle.davis@hotmail.com,leah.cruz@gmail.com,Lead green total benefit Mr car.,We may have to look at other vendors if this isn't resolved.,2026/05/15
E00779,D0259,noah.rhodes@gmail.com,thomas.navarro@hotmail.com,  Wrong bed radio spend.   ,"Thanks so much for the quick turnaround, this looks great!",20/11/2025
E00780,D0818,allison.hill@gmail.com,amanda.reed@yahoo.com,Her part team city see.,Following up on our last conversation regarding pricing.,26-07-2026
E00781,D0588,ryan.munoz@gmail.com,victor.young@gmail.com,,We may have to look at other vendors if this isn't resolved.,2026-03-25
E00782,D0453,ryan.munoz@gmail.com,elizabeth.vasquez@hotmail.com,,"Thanks so much for the quick turnaround, this looks great!",2026-02-15
E00783,D0275,,kevin.stone@yahoo.com,Newspaper happy subject success traditional leave.,"This is taking longer than expected, we need an update ASAP.",03/17/2026
E00784,D0238,monica.herrera@gmail.com,michael.spears@gmail.com,Mention hour gun field expert several effort.,Can we schedule a call sometime next week?,05/25/2026
E00785,D0235,noah.rhodes@yahoo.com,jesse.sampson@yahoo.com,Woman range painting country different indicate.,Can we schedule a call sometime next week?,2026-04-29
E00786,D0898,allison.hill@hotmail.com,james.palmer@hotmail.com,Cold couple suffer history its street.,"This is taking longer than expected, we need an update ASAP.",11/02/2025
E00787,D0737,jamie.arnold@COMPANY.COM,kelly.manning@gmail.com,Describe in case stock gas.,Following up on our last conversation regarding pricing.,24/11/2025
E00788,D0222,michele.williams@hotmail.com,jesse.sampson@yahoo.com,Pull big method message though.,"Not happy with the delay, please escalate.",04/28/2026
E00789,D0201,jamie.arnold@hotmail.com,albert.buchanan@yahoo.com,Wear pay science us challenge drive find star.,Can we schedule a call sometime next week?,11/11/2025
E00790,D0856,angie.henderson@hotmail.com,samantha.davis@hotmail.com,Enough cut fund dream care whole.,"Really appreciate the detailed proposal, excited to move forward.",2025-11-23
E00791,D0248,ryan.munoz@yahoo.com,jorge.armstrong.iii@COMPANY.COM,Threat project half door.,"This is taking longer than expected, we need an update ASAP.",2026-07-29
E00792,D0441,connie.lawrence@gmail.com,martin.rodriguez@gmail.com,Back relationship hand protect matter.,Can we schedule a call sometime next week?,01/06/2026
E00793,D0122,jamie.arnold@COMPANY.COM,crystal.jensen.dvm@hotmail.com,HAVE LEVEL ROAD TROUBLE NOR.,We may have to look at other vendors if this isn't resolved.,08-11-2025
E00794,D0769,abigail.shaffer@yahoo.com,austin.williams@yahoo.com,Only thus something environmental sign top.,"Not happy with the delay, please escalate.",
E00795,D0304,monica.herrera@gmail.com,jake.mitchell@yahoo.com,JOB NOR YARD ESTABLISH HIT.,Following up on our last conversation regarding pricing.,04/23/2026
E00796,D0487,michele.williams@hotmail.com,dennis.garza@yahoo.com,Issue town call computer.,"Great call today, looking forward to next steps.",05/18/2026
E00797,D0619,michele.williams@gmail.com,brenda.alexander@hotmail.com,Of understand view.,"Thanks so much for the quick turnaround, this looks great!",
E00798,D0683,lisa.hensley@yahoo.com,kathleen.ramos@hotmail.com,Spring continue human central.,"Really appreciate the detailed proposal, excited to move forward.",09/07/2026
E00799,D0076,noah.rhodes@yahoo.com,kristin.andrews@hotmail.com,However such consider table dream law.,We may have to look at other vendors if this isn't resolved.,2026-06-03
E00800,D0876,allison.hillgmail.com,robert.bowen@gmail.com,Happy response would enter his.,Following up on our last conversation regarding pricing.,27-07-2026
E00801,D0682,michele.williams@yahoo.com,matthew.batesgmail.com,Young west practice.,We may have to look at other vendors if this isn't resolved.,14/07/2026
E00802,D0131,monica.herrera@gmail.com,,Wait staff feeling first.,"Really appreciate the detailed proposal, excited to move forward.",09/04/2026
E00803,D0644,monica.herrera@hotmail.com,randy.friedman@gmail.com,Note detail show difficult which quite adult.,"This is taking longer than expected, we need an update ASAP.",N/A
E00804,D0142,noah.rhodes@hotmail.com,paula.bradley@hotmail.com,many most green cold.,"This is taking longer than expected, we need an update ASAP.",2026-03-26
E00805,D0539,abigail.shaffer@gmail.com,dylan.green@COMPANY.COM,Role land trouble news five decide.,Following up on our last conversation regarding pricing.,07/13/2026
E00806,D0195,..cristian.santos...@hotmail.com,tyler.medina@yahoo.com,Item town something employee.,We may have to look at other vendors if this isn't resolved.,2026/06/11
E00807,D0606,abigail.shaffer@hotmail.com,david.griffith@hotmail.com,ANY MARKET POOR CLEAR POSSIBLE STAFF AGENT.,Following up on our last conversation regarding pricing.,2026-06-19
E00808,D0731,jamie.arnold@yahoo.com,alison.blake@hotmail.com,Development know laugh officer.,We may have to look at other vendors if this isn't resolved.,25/03/2026
E00809,D0825,noah.rhodes@yahoo.com,amy.price@yahoo.com,  Crime about everything artist still.   ,Can we schedule a call sometime next week?,02/18/2026
E00810,D0191,angie.henderson@hotmail.com,tristan.bond@hotmail.com,Spring sport usually as until happen.,We may have to look at other vendors if this isn't resolved.,07/11/2026
E00811,D0821,monica.herrera@hotmail.com,brandon.guerrero@gmail.com,Agent charge task.,"Really appreciate the detailed proposal, excited to move forward.",N/A
E00812,D0802,daniel.wagnergmail.com,daniel.garcia@gmail.com,Finally floor production war.,Can we schedule a call sometime next week?,19/12/2025
E00813,D0088,connie.lawrence@gmail.com,cristina.berry@gmail.com,Several more physical beautiful year.,"Thanks so much for the quick turnaround, this looks great!",03/12/2025
E00814,D0716,angie.henderson@gmail.com,larry.jones@gmail.com,,Can we schedule a call sometime next week?,07/07/2026
E00815,D0017,jamie.arnold@gmail.com,emily.collier@hotmail.com,  Offer piece machine early.   ,"This is taking longer than expected, we need an update ASAP.",06/07/2026
E00816,D0405,allison.hill@yahoo.com,autumn.higgins@hotmail.com,Still teacher raise travel chance character.,"Thanks so much for the quick turnaround, this looks great!",05-12-2025
E00817,D0353,ryan.munoz@yahoo.com,mary.spence@gmail.com,Couple mission part ability hair list really thus.,"Not happy with the delay, please escalate.",2026/05/09
E00818,D0201,michele.williams@yahoo.com,john.alvarez@gmail.com,Dinner interview medical will.,"Really appreciate the detailed proposal, excited to move forward.",06/16/2026
E00819,D0261,gina.moore@gmail.com,,NECESSARY LEARN MEMORY.,"This is taking longer than expected, we need an update ASAP.",09/03/2026
E00820,D0013,jamie.arnold@yahoo.com,pamela.good@gmail.com,Southern stop customer although add by how.,"Not happy with the delay, please escalate.",2026-02-15
E00821,D0106,connie.lawrence@hotmail.com,lori.ingram@gmail.com,Question place consumer bed teacher program success.,"Thanks so much for the quick turnaround, this looks great!",2026/02/05
E00822,D0044,abigail.shaffer@hotmail.com,wendy.cabreragmail.com,Move election I customer kind.,"Great call today, looking forward to next steps.",2026/02/27
E00823,D0143,gina.moore@gmail.com,christopher.morales@gmail.com,Word word center claim Republican.,"Thanks so much for the quick turnaround, this looks great!",2026/01/11
E00824,D0538,noah.rhodes@gmail.com,dana.santiago@hotmail.com,Effect child nice prove scientist.,Please find attached the requested documents.,11/05/2025
E00825,D0189,gina.moore@hotmail.com,,,Please find attached the requested documents.,12/12/2025
E00826,D0260,,jennifer.gonzalez@hotmail.com,too drug today.,"This is taking longer than expected, we need an update ASAP.",12/28/2025
E00827,D0645,,tracey.smith@yahoo.com,At positive mother even raise.,"Really appreciate the detailed proposal, excited to move forward.",2026-06-04
E00828,D0019,noah.rhodesgmail.com,gabriela.davis@COMPANY.COM,Still according protect director.,Please find attached the requested documents.,03/15/2026
E00829,D0440,angie.henderson@yahoo.com,megan.comptongmail.com,,"Not happy with the delay, please escalate.",04/02/2026
E00830,D0330,angie.henderson@yahoo.com,renee.mcdaniel@gmail.com,PRODUCE MEET EXPERT HUMAN NUMBER RESULT.,Please find attached the requested documents.,30-12-2025
E00831,D0203,connie.lawrence@yahoo.com,linda.bautista@gmail.com,Room so and five notice son.,"Great call today, looking forward to next steps.",2026/04/29
E00832,D0031,ryan.munoz@COMPANY.COM,brooke.khan@hotmail.com,Happy into result author.,"This is taking longer than expected, we need an update ASAP.",2026/07/15
E00833,D0483,monica.herrera@hotmail.com,dylan.green@yahoo.com,Into admit value before result or.,Please find attached the requested documents.,2026-04-04
E00834,D0020,noah.rhodes@yahoo.com,kenneth.miller@yahoo.com,,We may have to look at other vendors if this isn't resolved.,28-12-2025
E00835,D0566,noah.rhodes@hotmail.com,kathy.king@gmail.com,Performance present benefit rock.,"This is taking longer than expected, we need an update ASAP.",07/25/2026
E00836,D0529,ryan.munoz@COMPANY.COM,,Available cut during respond town.,"Thanks so much for the quick turnaround, this looks great!",25/11/2025
E00837,D0631,jamie.arnold@yahoo.com,marcus.palmer@hotmail.com,Positive image not model democratic close make.,"Great call today, looking forward to next steps.",19-04-2026
E00838,D0164,daniel.wagner@gmail.com,gregory.stanley@hotmail.com,Car present push agreement.,"Thanks so much for the quick turnaround, this looks great!",2026/03/13
E00839,D0198,monica.herrera@hotmail.com,linda.bautista@hotmail.com,Movement little name good subject very wait.,"Thanks so much for the quick turnaround, this looks great!",21-07-2026
E00840,D0509,angie.henderson@hotmail.com,holly.chapman@hotmail.com,Data owner picture him final.,"Thanks so much for the quick turnaround, this looks great!",2026-05-07
E00841,D0119,lisa.hensley@hotmail.com,rachel.walsh@gmail.com,By animal building attorney success.,"Great call today, looking forward to next steps.",2025/11/09
E00842,D0566,angie.henderson@yahoo.com,alexander.odom@yahoo.com,Year none lay TV lose.,"Thanks so much for the quick turnaround, this looks great!",2026-05-31
E00843,D0261,lisa.hensley@gmail.com,joseph.hanson@gmail.com,Why less fill name several market.,"Not happy with the delay, please escalate.",2026/05/14
E00844,D0443,lisa.hensley@yahoo.com,adrian.ferguson@hotmail.com,Type those become staff history girl real.,Following up on our last conversation regarding pricing.,21-01-2026
E00845,D0709,..cristian.santos...@yahoo.com,paul.ward@gmail.com,,Can we schedule a call sometime next week?,09/11/2025
E00846,D0329,gina.moore@gmail.com,richard.gordon@hotmail.com,WINDOW NORTH PATTERN WHILE KID BODY.,"Not happy with the delay, please escalate.",2026/03/09
E00847,D0229,jamie.arnold@hotmail.com,scott.pierce@yahoo.com,Notice herself fly anyone.,Please find attached the requested documents.,2026-04-23
E00848,D0090,allison.hill@yahoo.com,kenneth.miller@hotmail.com,Conference glass claim.,"Not happy with the delay, please escalate.",2026-02-10
E00849,D0818,noah.rhodes@yahoo.com,james.palmer@hotmail.com,Interview doctor bad finish face.,Following up on our last conversation regarding pricing.,2025/12/14
E00850,D0610,,joan.armstrong@hotmail.com,shake particularly give example price easy win.,"Really appreciate the detailed proposal, excited to move forward.",2026/03/24
E00851,D0651,gabrielle.davis@yahoo.com,rhonda.miller@hotmail.com,FILM EITHER AUTHORITY TO PARTNER.,"Not happy with the delay, please escalate.",2026-05-25
E00852,D0759,jamie.arnold@hotmail.com,nicole.sanchez@hotmail.com,Every late difficult thing theory.,"Great call today, looking forward to next steps.",16-02-2026
E00853,D0713,allison.hill@hotmail.com,mitchell.griffith@hotmail.com,  Commercial different order matter campaign reveal rich.   ,"Not happy with the delay, please escalate.",2026/01/11
E00854,D0693,michele.williams@hotmail.com,alyssa.lee@hotmail.com,Politics think old value between citizen whose.,We may have to look at other vendors if this isn't resolved.,2025-12-30
E00855,D0560,lisa.hensley@hotmail.com,tami.graves@yahoo.com,Article community team seven.,Following up on our last conversation regarding pricing.,N/A
E00856,D0603,allison.hill@yahoo.com,briana.wiggins@hotmail.com,Cover piece six have line one.,Please find attached the requested documents.,11-03-2026
E00857,D0474,monica.herrera@gmail.com,william.martinez@gmail.com,Act few note summer high.,"Thanks so much for the quick turnaround, this looks great!",2026/06/23
E00858,D0849,jamie.arnold@hotmail.com,allison.lopez@hotmail.com,Note statement center say green.,Following up on our last conversation regarding pricing.,18/11/2025
E00859,D0851,ryan.munoz@COMPANY.COM,jeremy.horne.md@gmail.com,Safe left teach ten more.,Following up on our last conversation regarding pricing.,2025/12/07
E00860,D0215,gabrielle.davis@gmail.com,jeffery.berger@yahoo.com,Front quality likely able vote wife bad off.,"Thanks so much for the quick turnaround, this looks great!",2026/04/12
E00861,D0721,ryan.munoz@gmail.com,trevor.guzman@yahoo.com,Need country receive however determine authority.,Following up on our last conversation regarding pricing.,30/12/2025
E00862,D0338,monica.herrera@hotmail.com,michael.obrien@yahoo.com,Those father contain.,Following up on our last conversation regarding pricing.,2026-07-14
E00863,D0501,jamie.arnold@gmail.com,natalie.johnson@gmail.com,Financial fall enter debate blue.,"Not happy with the delay, please escalate.",15/06/2026
E00864,D0097,monica.herrera@hotmail.com,crystal.jensen.dvm@yahoo.com,Indeed scientist push price sit music agreement need.,"Thanks so much for the quick turnaround, this looks great!",2026/01/22
E00865,D0224,ryan.munoz@hotmail.com,victoria.brown@yahoo.com,Notice exactly send where.,Please find attached the requested documents.,
E00866,D0194,ryan.munoz@hotmail.com,jonathan.perry@gmail.com,Just experience letter could also debate five.,"Thanks so much for the quick turnaround, this looks great!",12/12/2025
E00867,D0090,angie.henderson@hotmail.com,anthony.rich@yahoo.com,Clear spring participant.,"Not happy with the delay, please escalate.",13-12-2025
E00868,D0829,..cristian.santos...@yahoo.com,sharon.jordan@yahoo.com,,"Great call today, looking forward to next steps.",01/16/2026
E00869,D0275,,cameron.rose@gmail.com,Minute check soldier act.,Following up on our last conversation regarding pricing.,14-12-2025
E00870,D0377,jamie.arnold@yahoo.com,blake.vega@yahoo.com,Yard democratic there discover detail effect life.,"Thanks so much for the quick turnaround, this looks great!",04/11/2025
E00871,D0258,daniel.wagner@hotmail.com,dwayne.campbell@gmail.com,Situation half staff join interview simply.,Please find attached the requested documents.,19/11/2025
E00872,D0114,angie.henderson@COMPANY.COM,brooke.carter@yahoo.com,Eat security community politics decision back.,"Great call today, looking forward to next steps.",2026-04-16
E00873,D0863,connie.lawrencegmail.com,andrew.armstrong@gmail.com,news election maintain dog describe respond week capital.,"Great call today, looking forward to next steps.",2026/07/05
E00874,D0665,monica.herrera@yahoo.com,joseph.hillgmail.com,Attention win ok scientist yourself side before.,We may have to look at other vendors if this isn't resolved.,12/05/2025
E00875,D0688,..cristian.santos...@gmail.com,brandi.williams@yahoo.com,Keep these including story.,"Thanks so much for the quick turnaround, this looks great!",16/05/2026
E00876,D0218,connie.lawrence@hotmail.com,laura.lewis@yahoo.com,Story live player manager.,Please find attached the requested documents.,04/30/2026
E00877,D0238,angie.henderson@yahoo.com,megan.barron@gmail.com,skill over television understand anyone growth must mr.,"Thanks so much for the quick turnaround, this looks great!",14/06/2026
E00878,D0037,gabrielle.davis@gmail.com,kathy.king@hotmail.com,  Pick fund the ask choose out sort.   ,"Great call today, looking forward to next steps.",10/07/2026
E00879,D0795,allison.hill@hotmail.com,karen.wells@yahoo.com,hour move republican trip right challenge.,Can we schedule a call sometime next week?,2026-04-09
E00880,D0411,gina.moore@gmail.com,samantha.bentleygmail.com,Could of wait some between be without budget.,"Thanks so much for the quick turnaround, this looks great!",2026-01-07
E00881,D0349,noah.rhodes@hotmail.com,rachel.jonesgmail.com,Dog get read.,Please find attached the requested documents.,05/03/2026
E00882,D0447,gina.moore@hotmail.com,sarah.ramirez@hotmail.com,Prove through together.,We may have to look at other vendors if this isn't resolved.,02/22/2026
E00883,D0774,michele.williams@gmail.com,mrs..shannon.jacobson@yahoo.com,Really something usually our good.,"Great call today, looking forward to next steps.",04/03/2026
E00884,D0802,ryan.munoz@hotmail.com,jacob.nunezgmail.com,,"Really appreciate the detailed proposal, excited to move forward.",10/04/2026
E00885,D0044,allison.hill@yahoo.com,mark.lowe@COMPANY.COM,economic newspaper consider again tax.,"Not happy with the delay, please escalate.",06-07-2026
E00886,D0187,lisa.hensleygmail.com,amy.price@gmail.com,Computer quickly rate end these him.,We may have to look at other vendors if this isn't resolved.,11/12/2025
E00887,D0809,gabrielle.davis@gmail.com,,realize staff dark.,We may have to look at other vendors if this isn't resolved.,2026-07-20
E00888,D0082,abigail.shaffer@yahoo.com,lance.simmons@yahoo.com,Fight subject material.,"This is taking longer than expected, we need an update ASAP.",2026/01/18
E00889,D0332,jamie.arnold@yahoo.com,joel.johnson@gmail.com,LET SOURCE ACTION HEAR RAISE.,"Thanks so much for the quick turnaround, this looks great!",13-04-2026
E00890,D0451,jamie.arnold@hotmail.com,brett.espinoza@yahoo.com,Partner themselves country radio.,"Not happy with the delay, please escalate.",2026/05/29
E00891,D0477,..cristian.santos...@hotmail.com,catherine.simmons@hotmail.com,,"Thanks so much for the quick turnaround, this looks great!",2026/03/16
E00892,D0280,connie.lawrence@yahoo.com,michael.obrien@yahoo.com,Some civil grow child industry though.,"Really appreciate the detailed proposal, excited to move forward.",2026/03/04
E00893,D0527,ryan.munoz@gmail.com,nicholas.hill@gmail.com,Card pressure of until character experience author under.,We may have to look at other vendors if this isn't resolved.,N/A
E00894,D0614,gabrielle.davis@yahoo.com,mary.thompson@gmail.com,Charge fish serious.,"This is taking longer than expected, we need an update ASAP.",20/07/2026
E00895,D0028,connie.lawrence@yahoo.com,melinda.jones@gmail.com,Each property speech position common performance.,"Thanks so much for the quick turnaround, this looks great!",11/05/2026
E00896,D0556,allison.hill@gmail.com,,Issue away professional.,"This is taking longer than expected, we need an update ASAP.",20/01/2026
E00897,D0891,michele.williams@gmail.com,,Fund create rich development Mrs surface analysis.,"Really appreciate the detailed proposal, excited to move forward.",20-04-2026
E00898,D0137,monica.herrera@gmail.com,bryan.villarreal@hotmail.com,Ask politics computer charge.,"This is taking longer than expected, we need an update ASAP.",2026-04-06
E00899,D0591,noah.rhodes@gmail.com,amanda.hardin@gmail.com,,"Not happy with the delay, please escalate.",
E00900,D0720,gina.mooregmail.com,sharon.jordan@yahoo.com,Matter husband throw billion old most energy.,"Really appreciate the detailed proposal, excited to move forward.",2026-02-27
E00901,D0492,monica.herrera@COMPANY.COM,amanda.reed@yahoo.com,Writer seek student purpose amount.,Please find attached the requested documents.,27/03/2026
E00902,D0562,connie.lawrence@hotmail.com,jack.white@hotmail.com,Kind modern each finish force say hold.,Please find attached the requested documents.,2026-02-14
E00903,D0336,noah.rhodesgmail.com,adrian.ferguson@yahoo.com,,"Not happy with the delay, please escalate.",N/A
E00904,D0109,gabrielle.davis@hotmail.com,richard.alvarezgmail.com,resource job certain avoid.,"Great call today, looking forward to next steps.",19-12-2025
E00905,D0579,angie.henderson@yahoo.com,david.combs@hotmail.com,  Animal clear education describe.   ,"Great call today, looking forward to next steps.",
E00906,D0013,angie.henderson@yahoo.com,kristin.norris@hotmail.com,Visit true nothing technology tend bed television.,"Not happy with the delay, please escalate.",24/07/2026
E00907,D0691,monica.herrera@yahoo.com,rebecca.harris@hotmail.com,Order party offer money prepare message current save.,"This is taking longer than expected, we need an update ASAP.",02/03/2026
E00908,D0767,..cristian.santos...@gmail.com,victor.young@yahoo.com,important scene seat relationship artist girl.,Please find attached the requested documents.,11/06/2025
E00909,D0058,noah.rhodes@gmail.com,drew.kelley@COMPANY.COM,From name country benefit focus another special.,Please find attached the requested documents.,
E00910,D0813,monica.herrera@hotmail.com,,Near ability great ready understand.,"Not happy with the delay, please escalate.",2026/01/13
E00911,D0786,michele.williams@hotmail.com,terry.lewis@gmail.com,Should artist later move it state series.,"Not happy with the delay, please escalate.",2026-06-19
E00912,D0762,abigail.shaffer@gmail.com,william.millsgmail.com,Such year deal the.,"Really appreciate the detailed proposal, excited to move forward.",14/07/2026
E00913,D0309,monica.herreragmail.com,sarah.ramirez@yahoo.com,Democrat low too bar from.,We may have to look at other vendors if this isn't resolved.,16-04-2026
E00914,D0280,ryan.munozgmail.com,michael.longgmail.com,White tree seek should computer lawyer easy need.,We may have to look at other vendors if this isn't resolved.,01-12-2025
E00915,D0753,monica.herrera@gmail.com,kristin.stewart@gmail.com,Couple professional social cut.,We may have to look at other vendors if this isn't resolved.,07/22/2026
E00916,D0265,lisa.hensley@hotmail.com,jaime.bowman@gmail.com,Pull support room difference.,"Really appreciate the detailed proposal, excited to move forward.",2026-01-01
E00917,D0709,jamie.arnold@yahoo.com,jennifer.espinoza@hotmail.com,Rock as local remain share wait after well.,Please find attached the requested documents.,04/07/2026
E00918,D0603,ryan.munoz@yahoo.com,christopher.morales@gmail.com,Institution pick have.,"Great call today, looking forward to next steps.",N/A
E00919,D0366,ryan.munoz@gmail.com,kayla.pearson@hotmail.com,  Mission task spend easy avoid camera parent.   ,"Not happy with the delay, please escalate.",04/08/2026
E00920,D0667,jamie.arnold@gmail.com,jorge.armstrong.iii@yahoo.com,,"Great call today, looking forward to next steps.",20/07/2026
E00921,D0272,connie.lawrence@yahoo.com,brett.espinoza@gmail.com,Wrong state character.,Can we schedule a call sometime next week?,04-02-2026
E00922,D0560,angie.henderson@yahoo.com,kayla.pearson@hotmail.com,Move shake particularly government stop catch.,We may have to look at other vendors if this isn't resolved.,2026/02/15
E00923,D0145,michele.williams@yahoo.com,katherine.chang@hotmail.com,Or through class for own provide pick.,We may have to look at other vendors if this isn't resolved.,03-03-2026
E00924,D0396,..cristian.santos...@yahoo.com,stacie.riley@hotmail.com,Knowledge physical central.,We may have to look at other vendors if this isn't resolved.,03/11/2025
E00925,D0814,,crystal.jensen.dvm@yahoo.com,Write fight share off how again about site.,We may have to look at other vendors if this isn't resolved.,
E00926,D0278,lisa.hensley@hotmail.com,blake.vega@hotmail.com,effort goal pay number if away meeting.,"This is taking longer than expected, we need an update ASAP.",2026/03/05
E00927,D0531,ryan.munoz@hotmail.com,jacob.nunez@yahoo.com,In drug stuff million.,Can we schedule a call sometime next week?,08-06-2026
E00928,D0526,gina.moore@gmail.com,lonnie.hart@yahoo.com,,"Great call today, looking forward to next steps.",2026/04/22
E00929,D0709,abigail.shaffer@hotmail.com,joshua.martin@hotmail.com,South then force color structure worry clearly.,"This is taking longer than expected, we need an update ASAP.",15/04/2026
E00930,D0341,noah.rhodes@yahoo.com,jake.mitchell@gmail.com,Hundred need top adult name establish.,We may have to look at other vendors if this isn't resolved.,2025-12-08
E00931,D0157,..cristian.santos...@yahoo.com,patricia.smith@hotmail.com,New themselves source form figure spring necessary.,Following up on our last conversation regarding pricing.,16-06-2026
E00932,D0417,noah.rhodes@hotmail.com,sharon.jordan@yahoo.com,Street sea black girl worker.,"Great call today, looking forward to next steps.",04/18/2026
E00933,D0889,lisa.hensley@gmail.com,jerry.christensen@yahoo.com,Trip another defense quickly result service.,"Thanks so much for the quick turnaround, this looks great!",01/04/2026
E00934,D0105,allison.hill@hotmail.com,jason.martin@hotmail.com,Population admit why group fall newspaper.,Following up on our last conversation regarding pricing.,N/A
E00935,D0858,monica.herrera@gmail.com,nathan.stanley@yahoo.com,Professor today family large appear seven trial.,"Not happy with the delay, please escalate.",N/A
E00936,D0424,monica.herrera@hotmail.com,john.perry@hotmail.com,All piece daughter.,Following up on our last conversation regarding pricing.,2026-07-08
E00937,D0134,noah.rhodes@hotmail.com,kristen.gonzales@gmail.com,Discuss try field.,We may have to look at other vendors if this isn't resolved.,2026/02/10
E00938,D0777,allison.hill@gmail.com,katherine.goodwin@hotmail.com,Visit hotel ever garden instead total husband trouble.,Can we schedule a call sometime next week?,2026/07/23
E00939,D0340,abigail.shaffer@gmail.com,tyrone.west@yahoo.com,Skin call food general.,"Really appreciate the detailed proposal, excited to move forward.",2025-12-15
E00940,D0170,michele.williams@yahoo.com,stacie.butler@gmail.com,Usually should contain talk by account.,"Great call today, looking forward to next steps.",2026/04/13
E00941,D0722,abigail.shaffer@hotmail.com,james.wellsgmail.com,Keep ahead material lose home.,Please find attached the requested documents.,2026/01/04
E00942,D0539,..cristian.santos...@hotmail.com,rebecca.marsh@yahoo.com,others over for benefit station discussion.,We may have to look at other vendors if this isn't resolved.,28/03/2026
E00943,D0484,connie.lawrence@gmail.com,wesley.white@yahoo.com,Wide explain rock design.,"Great call today, looking forward to next steps.",2026/01/01
E00944,D0569,,mark.lowe@hotmail.com,About eat campaign continue.,"Great call today, looking forward to next steps.",12/16/2025
E00945,D0889,abigail.shaffer@gmail.com,dennis.young@hotmail.com,door single century wide manager international establish.,"Not happy with the delay, please escalate.",11/25/2025
E00946,D0438,jamie.arnold@hotmail.com,katherine.nguyen@gmail.com,Get fly push never commercial once figure race.,"This is taking longer than expected, we need an update ASAP.",04/25/2026
E00947,D0154,gabrielle.davis@hotmail.com,martin.rodriguez@yahoo.com,Image within foreign happy.,"Not happy with the delay, please escalate.",2026-02-03
E00948,D0417,monica.herrera@gmail.com,robert.sullivan@gmail.com,Trouble more PM guy out election.,Can we schedule a call sometime next week?,23-11-2025
E00949,D0675,angie.henderson@yahoo.com,emily.hayes@yahoo.com,Share police ground center just.,"Not happy with the delay, please escalate.",2026-03-04
E00950,D0058,connie.lawrence@hotmail.com,rachael.nguyen@hotmail.com,Born smile leave ground feel.,"Thanks so much for the quick turnaround, this looks great!",25/03/2026
E00226,D0767,michele.williams@hotmail.com,jack.white@gmail.com,Thus wife water note those write though.,,03/01/2026
E00764,D0781,monica.herrera@gmail.com,alexander.gomezgmail.com,ISSUE WHATEVER BETWEEN SOMEBODY RISE.,,2026/03/31
E00652,D0005,noah.rhodes@gmail.com,nathan.kline@yahoo.com,Wonder analysis effort news.,,02/20/2026
E00686,D0846,daniel.wagner@gmail.com,rebecca.ramsey@hotmail.com,While step effort resource create hit.,,2026/06/07
E00845,D0709,..cristian.santos...@yahoo.com,paul.ward@gmail.com,,,09/11/2025
E00130,D0765,daniel.wagner@yahoo.com,todd.woods@gmail.com,Help out modern citizen address today begin.,,10/12/2025
E00175,D0366,..cristian.santos...@gmail.com,danielle.medina@gmail.com,Large practice time live relationship as great.,,19/07/2026
E00564,D0356,jamie.arnold@yahoo.com,emily.hayes@yahoo.com,Catch relationship member work.,,2026-03-28
E00353,D0875,daniel.wagner@yahoo.com,matthew.avila@hotmail.com,Quality house must identify modern while wall.,,2025-10-31
E00836,D0529,ryan.munoz@COMPANY.COM,,Available cut during respond town.,,25/11/2025
E00947,D0154,gabrielle.davis@hotmail.com,martin.rodriguez@yahoo.com,Image within foreign happy.,,2026-02-03
E00830,D0330,angie.henderson@yahoo.com,renee.mcdaniel@gmail.com,PRODUCE MEET EXPERT HUMAN NUMBER RESULT.,,30-12-2025
E00459,D0073,ryan.munoz@hotmail.com,charles.pitts@gmail.com,Follow serious space one.,,05/08/2026
E00945,D0889,abigail.shaffer@gmail.com,dennis.young@hotmail.com,door single century wide manager international establish.,,11/25/2025
E00934,D0105,allison.hill@hotmail.com,jason.martin@hotmail.com,Population admit why group fall newspaper.,,N/A
