order_id,customer_id,order_amount,order_date
ORD_10001,CUST_0172,313.48,2025-01-01 00:00:00
ORD_10002,CUST_0769,552.13,2025-01-01 01:00:00
ORD_10003,CUST_ORPHAN_831,589.27,2025-01-01 02:00:00
ORD_10004,CUST_0141,106.3,2025-01-01 03:00:00
ORD_10005,CUST_0844,20.02,2025-01-01 04:00:00
ORD_10006,CUST_0399,539.86,2025-01-01 05:00:00
ORD_10007,CUST_0592,280.32,2025-01-01 06:00:00
ORD_10008,CUST_0145,205.77,2025-01-01 07:00:00
ORD_10009,CUST_ORPHAN_338,29.42,2025-01-01 08:00:00
ORD_10010,CUST_0177,414.42,2025-01-01 09:00:00
ORD_10011,CUST_0309,641.34,2025-01-01 10:00:00
ORD_10012,CUST_0423,719.07,2025-01-01 11:00:00
ORD_10013,CUST_0280,432.99,2025-01-01 12:00:00
ORD_10014,CUST_0085,395.56,2025-01-01 13:00:00
ORD_10015,CUST_ORPHAN_355,82.09,2025-01-01 14:00:00
ORD_10016,CUST_0280,420.68,2025-01-01 15:00:00
ORD_10017,CUST_0340,297.38,2025-01-01 16:00:00
ORD_10018,CUST_0625,463.21,2025-01-01 17:00:00
ORD_10019,CUST_0311,303.77,2025-01-01 18:00:00
ORD_10020,CUST_0705,195.42,2025-01-01 19:00:00
ORD_10021,CUST_0748,89.32,2025-01-01 20:00:00
ORD_10022,CUST_0585,249.89,2025-01-01 21:00:00
ORD_10023,CUST_0824,90.55,2025-01-01 22:00:00
ORD_10024,CUST_ORPHAN_601,149.13,2025-01-01 23:00:00
ORD_10025,CUST_0405,740.76,2025-01-02 00:00:00
ORD_10026,CUST_0546,344.2,2025-01-02 01:00:00
ORD_10027,CUST_0326,408.27,2025-01-02 02:00:00
ORD_10028,CUST_0206,657.74,2025-01-02 03:00:00
ORD_10029,CUST_0339,746.77,2025-01-02 04:00:00
ORD_10030,CUST_0635,445.38,2025-01-02 05:00:00
ORD_10031,CUST_ORPHAN_381,613.11,2025-01-02 06:00:00
ORD_10032,CUST_0427,258.67,2025-01-02 07:00:00
ORD_10033,CUST_0725,243.19,2025-01-02 08:00:00
ORD_10034,CUST_ORPHAN_617,313.97,2025-01-02 09:00:00
ORD_10035,CUST_0102,510.93,2025-01-02 10:00:00
ORD_10036,CUST_0081,518.0,2025-01-02 11:00:00
ORD_10037,CUST_0004,250.12,2025-01-02 12:00:00
ORD_10038,CUST_ORPHAN_244,117.24,2025-01-02 13:00:00
ORD_10039,CUST_0402,481.65,2025-01-02 14:00:00
ORD_10040,CUST_0555,113.68,2025-01-02 15:00:00
ORD_10041,CUST_0057,442.3,2025-01-02 16:00:00
ORD_10042,CUST_0069,526.2,2025-01-02 17:00:00
ORD_10043,CUST_0535,531.45,2025-01-02 18:00:00
ORD_10044,CUST_0005,570.03,2025-01-02 19:00:00
ORD_10045,CUST_0837,657.19,2025-01-02 20:00:00
ORD_10046,CUST_0664,384.97,2025-01-02 21:00:00
ORD_10047,CUST_0676,553.08,2025-01-02 22:00:00
ORD_10048,CUST_0046,472.0,2025-01-02 23:00:00
ORD_10049,CUST_0338,156.25,2025-01-03 00:00:00
ORD_10050,CUST_ORPHAN_218,38.75,2025-01-03 01:00:00
ORD_10051,CUST_0813,227.72,2025-01-03 02:00:00
ORD_10052,CUST_0006,343.41,2025-01-03 03:00:00
ORD_10053,CUST_0418,470.49,2025-01-03 04:00:00
ORD_10054,CUST_0815,640.47,2025-01-03 05:00:00
ORD_10055,CUST_ORPHAN_831,163.26,2025-01-03 06:00:00
ORD_10056,CUST_0838,111.65,2025-01-03 07:00:00
ORD_10057,CUST_0570,723.34,2025-01-03 08:00:00
ORD_10058,CUST_0213,98.87,2025-01-03 09:00:00
ORD_10059,CUST_0502,369.3,2025-01-03 10:00:00
ORD_10060,CUST_0452,447.46,2025-01-03 11:00:00
ORD_10061,CUST_0310,415.2,2025-01-03 12:00:00
ORD_10062,CUST_0206,82.8,2025-01-03 13:00:00
ORD_10063,CUST_0219,61.63,2025-01-03 14:00:00
ORD_10064,CUST_ORPHAN_953,97.0,2025-01-03 15:00:00
ORD_10065,CUST_0245,447.48,2025-01-03 16:00:00
ORD_10066,CUST_0694,417.37,2025-01-03 17:00:00
ORD_10067,CUST_0347,190.63,2025-01-03 18:00:00
ORD_10068,CUST_0087,485.58,2025-01-03 19:00:00
ORD_10069,CUST_0142,618.65,2025-01-03 20:00:00
ORD_10070,CUST_0324,50.35,2025-01-03 21:00:00
ORD_10071,CUST_0168,383.63,2025-01-03 22:00:00
ORD_10072,CUST_0250,523.2,2025-01-03 23:00:00
ORD_10073,CUST_0617,204.19,2025-01-04 00:00:00
ORD_10074,CUST_ORPHAN_851,244.67,2025-01-04 01:00:00
ORD_10075,CUST_0511,467.96,2025-01-04 02:00:00
ORD_10076,CUST_0720,675.49,2025-01-04 03:00:00
ORD_10077,CUST_0627,611.24,2025-01-04 04:00:00
ORD_10078,CUST_0120,445.69,2025-01-04 05:00:00
ORD_10079,CUST_0816,553.06,2025-01-04 06:00:00
ORD_10080,CUST_0474,286.32,2025-01-04 07:00:00
ORD_10081,CUST_0580,487.9,2025-01-04 08:00:00
ORD_10082,CUST_0027,360.31,2025-01-04 09:00:00
ORD_10083,CUST_0648,158.65,2025-01-04 10:00:00
ORD_10084,CUST_0232,532.27,2025-01-04 11:00:00
ORD_10085,CUST_0409,426.22,2025-01-04 12:00:00
ORD_10086,CUST_0584,281.79,2025-01-04 13:00:00
ORD_10087,CUST_0067,685.28,2025-01-04 14:00:00
ORD_10088,CUST_0394,35.28,2025-01-04 15:00:00
ORD_10089,CUST_0656,250.51,2025-01-04 16:00:00
ORD_10090,CUST_0107,61.52,2025-01-04 17:00:00
ORD_10091,CUST_0612,579.56,2025-01-04 18:00:00
ORD_10092,CUST_0080,532.54,2025-01-04 19:00:00
ORD_10093,CUST_0200,261.89,2025-01-04 20:00:00
ORD_10094,CUST_0055,513.23,2025-01-04 21:00:00
ORD_10095,CUST_0411,309.03,2025-01-04 22:00:00
ORD_10096,CUST_0402,572.07,2025-01-04 23:00:00
ORD_10097,CUST_0621,351.55,2025-01-05 00:00:00
ORD_10098,CUST_ORPHAN_693,320.96,2025-01-05 01:00:00
ORD_10099,CUST_ORPHAN_646,702.35,2025-01-05 02:00:00
ORD_10100,CUST_0700,203.14,2025-01-05 03:00:00
ORD_10101,CUST_0351,107.93,2025-01-05 04:00:00
ORD_10102,CUST_0177,446.72,2025-01-05 05:00:00
ORD_10103,CUST_0156,727.6,2025-01-05 06:00:00
ORD_10104,CUST_0140,295.82,2025-01-05 07:00:00
ORD_10105,CUST_0547,65.29,2025-01-05 08:00:00
ORD_10106,CUST_0619,267.69,2025-01-05 09:00:00
ORD_10107,CUST_0531,389.33,2025-01-05 10:00:00
ORD_10108,CUST_0466,138.2,2025-01-05 11:00:00
ORD_10109,CUST_0224,500.41,2025-01-05 12:00:00
ORD_10110,CUST_0182,748.36,2025-01-05 13:00:00
ORD_10111,CUST_0080,349.77,2025-01-05 14:00:00
ORD_10112,CUST_0157,278.95,2025-01-05 15:00:00
ORD_10113,CUST_0401,312.51,2025-01-05 16:00:00
ORD_10114,CUST_0544,104.06,2025-01-05 17:00:00
ORD_10115,CUST_ORPHAN_953,664.79,2025-01-05 18:00:00
ORD_10116,CUST_ORPHAN_489,322.82,2025-01-05 19:00:00
ORD_10117,CUST_0161,302.71,2025-01-05 20:00:00
ORD_10118,CUST_0545,501.57,2025-01-05 21:00:00
ORD_10119,CUST_0160,342.68,2025-01-05 22:00:00
ORD_10120,CUST_ORPHAN_489,493.21,2025-01-05 23:00:00
ORD_10121,CUST_0240,64.86,2025-01-06 00:00:00
ORD_10122,CUST_0495,614.02,2025-01-06 01:00:00
ORD_10123,CUST_0356,706.57,2025-01-06 02:00:00
ORD_10124,CUST_0159,493.6,2025-01-06 03:00:00
ORD_10125,CUST_0241,716.83,2025-01-06 04:00:00
ORD_10126,CUST_0440,130.55,2025-01-06 05:00:00
ORD_10127,CUST_0545,368.51,2025-01-06 06:00:00
ORD_10128,CUST_0179,459.32,2025-01-06 07:00:00
ORD_10129,CUST_0343,444.67,2025-01-06 08:00:00
ORD_10130,CUST_0024,313.07,2025-01-06 09:00:00
ORD_10131,CUST_0133,266.8,2025-01-06 10:00:00
ORD_10132,CUST_0660,112.58,2025-01-06 11:00:00
ORD_10133,CUST_0400,305.97,2025-01-06 12:00:00
ORD_10134,CUST_0220,138.74,2025-01-06 13:00:00
ORD_10135,CUST_0603,556.09,2025-01-06 14:00:00
ORD_10136,CUST_0798,172.45,2025-01-06 15:00:00
ORD_10137,CUST_0305,62.75,2025-01-06 16:00:00
ORD_10138,CUST_ORPHAN_897,423.23,2025-01-06 17:00:00
ORD_10139,CUST_0625,454.52,2025-01-06 18:00:00
ORD_10140,CUST_ORPHAN_709,656.5,2025-01-06 19:00:00
ORD_10141,CUST_0182,441.2,2025-01-06 20:00:00
ORD_10142,CUST_0521,272.2,2025-01-06 21:00:00
ORD_10143,CUST_0821,606.2,2025-01-06 22:00:00
ORD_10144,CUST_0682,414.4,2025-01-06 23:00:00
ORD_10145,CUST_0411,77.87,2025-01-07 00:00:00
ORD_10146,CUST_ORPHAN_788,433.07,2025-01-07 01:00:00
ORD_10147,CUST_0222,682.85,2025-01-07 02:00:00
ORD_10148,CUST_0333,309.31,2025-01-07 03:00:00
ORD_10149,CUST_ORPHAN_894,236.32,2025-01-07 04:00:00
ORD_10150,CUST_0688,124.73,2025-01-07 05:00:00
ORD_10151,CUST_0081,130.56,2025-01-07 06:00:00
ORD_10152,CUST_0256,335.92,2025-01-07 07:00:00
ORD_10153,CUST_0192,454.85,2025-01-07 08:00:00
ORD_10154,CUST_0200,78.85,2025-01-07 09:00:00
ORD_10155,CUST_0531,705.89,2025-01-07 10:00:00
ORD_10156,CUST_0499,571.25,2025-01-07 11:00:00
ORD_10157,CUST_0066,448.24,2025-01-07 12:00:00
ORD_10158,CUST_0325,624.76,2025-01-07 13:00:00
ORD_10159,CUST_0169,78.54,2025-01-07 14:00:00
ORD_10160,CUST_0395,368.09,2025-01-07 15:00:00
ORD_10161,CUST_0178,479.97,2025-01-07 16:00:00
ORD_10162,CUST_ORPHAN_338,624.92,2025-01-07 17:00:00
ORD_10163,CUST_0200,591.93,2025-01-07 18:00:00
ORD_10164,CUST_0481,222.26,2025-01-07 19:00:00
ORD_10165,CUST_0423,706.84,2025-01-07 20:00:00
ORD_10166,CUST_0027,110.77,2025-01-07 21:00:00
ORD_10167,CUST_0208,658.85,2025-01-07 22:00:00
ORD_10168,CUST_0502,728.79,2025-01-07 23:00:00
ORD_10169,CUST_ORPHAN_953,149.32,2025-01-08 00:00:00
ORD_10170,CUST_0332,547.11,2025-01-08 01:00:00
ORD_10171,CUST_0785,49.41,2025-01-08 02:00:00
ORD_10172,CUST_ORPHAN_162,315.96,2025-01-08 03:00:00
ORD_10173,CUST_0198,396.89,2025-01-08 04:00:00
ORD_10174,CUST_0404,443.87,2025-01-08 05:00:00
ORD_10175,CUST_0635,703.23,2025-01-08 06:00:00
ORD_10176,CUST_0453,510.74,2025-01-08 07:00:00
ORD_10177,CUST_0374,371.33,2025-01-08 08:00:00
ORD_10178,CUST_0436,611.06,2025-01-08 09:00:00
ORD_10179,CUST_0395,713.89,2025-01-08 10:00:00
ORD_10180,CUST_0334,36.11,2025-01-08 11:00:00
ORD_10181,CUST_0482,737.24,2025-01-08 12:00:00
ORD_10182,CUST_0766,82.88,2025-01-08 13:00:00
ORD_10183,CUST_0572,614.5,2025-01-08 14:00:00
ORD_10184,CUST_0784,224.64,2025-01-08 15:00:00
ORD_10185,CUST_ORPHAN_104,116.49,2025-01-08 16:00:00
ORD_10186,CUST_0656,341.09,2025-01-08 17:00:00
ORD_10187,CUST_0801,490.09,2025-01-08 18:00:00
ORD_10188,CUST_0009,298.09,2025-01-08 19:00:00
ORD_10189,CUST_ORPHAN_244,59.83,2025-01-08 20:00:00
ORD_10190,CUST_0428,457.61,2025-01-08 21:00:00
ORD_10191,CUST_0347,678.75,2025-01-08 22:00:00
ORD_10192,CUST_0078,299.75,2025-01-08 23:00:00
ORD_10193,CUST_0328,177.92,2025-01-09 00:00:00
ORD_10194,CUST_0051,343.08,2025-01-09 01:00:00
ORD_10195,CUST_0121,55.3,2025-01-09 02:00:00
ORD_10196,CUST_ORPHAN_693,618.96,2025-01-09 03:00:00
ORD_10197,CUST_0692,623.23,2025-01-09 04:00:00
ORD_10198,CUST_0173,449.24,2025-01-09 05:00:00
ORD_10199,CUST_0200,277.77,2025-01-09 06:00:00
ORD_10200,CUST_0849,603.84,2025-01-09 07:00:00
ORD_10201,CUST_ORPHAN_323,424.92,2025-01-09 08:00:00
ORD_10202,CUST_0830,622.93,2025-01-09 09:00:00
ORD_10203,CUST_0372,480.96,2025-01-09 10:00:00
ORD_10204,CUST_0252,592.62,2025-01-09 11:00:00
ORD_10205,CUST_0642,456.95,2025-01-09 12:00:00
ORD_10206,CUST_0172,322.32,2025-01-09 13:00:00
ORD_10207,CUST_0034,719.3,2025-01-09 14:00:00
ORD_10208,CUST_0231,415.01,2025-01-09 15:00:00
ORD_10209,CUST_0680,461.72,2025-01-09 16:00:00
ORD_10210,CUST_ORPHAN_897,180.96,2025-01-09 17:00:00
ORD_10211,CUST_0470,476.73,2025-01-09 18:00:00
ORD_10212,CUST_0373,437.27,2025-01-09 19:00:00
ORD_10213,CUST_0036,154.93,2025-01-09 20:00:00
ORD_10214,CUST_0299,63.5,2025-01-09 21:00:00
ORD_10215,CUST_0016,461.18,2025-01-09 22:00:00
ORD_10216,CUST_0393,577.5,2025-01-09 23:00:00
ORD_10217,CUST_0454,402.08,2025-01-10 00:00:00
ORD_10218,CUST_0817,185.54,2025-01-10 01:00:00
ORD_10219,CUST_0021,506.56,2025-01-10 02:00:00
ORD_10220,CUST_ORPHAN_355,78.48,2025-01-10 03:00:00
ORD_10221,CUST_0298,342.54,2025-01-10 04:00:00
ORD_10222,CUST_0693,139.26,2025-01-10 05:00:00
ORD_10223,CUST_0684,154.66,2025-01-10 06:00:00
ORD_10224,CUST_ORPHAN_953,167.67,2025-01-10 07:00:00
ORD_10225,CUST_0092,302.3,2025-01-10 08:00:00
ORD_10226,CUST_0628,57.34,2025-01-10 09:00:00
ORD_10227,CUST_0382,310.39,2025-01-10 10:00:00
ORD_10228,CUST_ORPHAN_381,393.55,2025-01-10 11:00:00
ORD_10229,CUST_0033,372.8,2025-01-10 12:00:00
ORD_10230,CUST_0149,299.43,2025-01-10 13:00:00
ORD_10231,CUST_0375,632.58,2025-01-10 14:00:00
ORD_10232,CUST_0638,126.09,2025-01-10 15:00:00
ORD_10233,CUST_ORPHAN_218,389.16,2025-01-10 16:00:00
ORD_10234,CUST_0599,65.29,2025-01-10 17:00:00
ORD_10235,CUST_0588,71.94,2025-01-10 18:00:00
ORD_10236,CUST_0182,438.92,2025-01-10 19:00:00
ORD_10237,CUST_0536,433.19,2025-01-10 20:00:00
ORD_10238,CUST_0715,660.96,2025-01-10 21:00:00
ORD_10239,CUST_ORPHAN_831,427.25,2025-01-10 22:00:00
ORD_10240,CUST_0590,720.65,2025-01-10 23:00:00
ORD_10241,CUST_0671,55.55,2025-01-11 00:00:00
ORD_10242,CUST_0125,91.55,2025-01-11 01:00:00
ORD_10243,CUST_0483,52.17,2025-01-11 02:00:00
ORD_10244,CUST_0319,155.25,2025-01-11 03:00:00
ORD_10245,CUST_0524,415.13,2025-01-11 04:00:00
ORD_10246,CUST_ORPHAN_894,491.27,2025-01-11 05:00:00
ORD_10247,CUST_0746,53.28,2025-01-11 06:00:00
ORD_10248,CUST_0754,710.56,2025-01-11 07:00:00
ORD_10249,CUST_0158,634.78,2025-01-11 08:00:00
ORD_10250,CUST_0485,236.53,2025-01-11 09:00:00
ORD_10251,CUST_0193,76.35,2025-01-11 10:00:00
ORD_10252,CUST_0609,144.02,2025-01-11 11:00:00
ORD_10253,CUST_0766,112.67,2025-01-11 12:00:00
ORD_10254,CUST_ORPHAN_823,110.0,2025-01-11 13:00:00
ORD_10255,CUST_ORPHAN_601,398.55,2025-01-11 14:00:00
ORD_10256,CUST_0174,199.47,2025-01-11 15:00:00
ORD_10257,CUST_0152,281.44,2025-01-11 16:00:00
ORD_10258,CUST_0447,742.34,2025-01-11 17:00:00
ORD_10259,CUST_0528,519.55,2025-01-11 18:00:00
ORD_10260,CUST_0690,712.76,2025-01-11 19:00:00
ORD_10261,CUST_ORPHAN_617,124.07,2025-01-11 20:00:00
ORD_10262,CUST_0066,298.96,2025-01-11 21:00:00
ORD_10263,CUST_0711,424.95,2025-01-11 22:00:00
ORD_10264,CUST_ORPHAN_808,76.03,2025-01-11 23:00:00
ORD_10265,CUST_0767,23.06,2025-01-12 00:00:00
ORD_10266,CUST_0066,509.42,2025-01-12 01:00:00
ORD_10267,CUST_0121,488.53,2025-01-12 02:00:00
ORD_10268,CUST_0647,319.88,2025-01-12 03:00:00
ORD_10269,CUST_0203,377.44,2025-01-12 04:00:00
ORD_10270,CUST_0762,323.27,2025-01-12 05:00:00
ORD_10271,CUST_0712,37.52,2025-01-12 06:00:00
ORD_10272,CUST_ORPHAN_316,264.82,2025-01-12 07:00:00
ORD_10273,CUST_0237,149.27,2025-01-12 08:00:00
ORD_10274,CUST_0649,91.85,2025-01-12 09:00:00
ORD_10275,CUST_0394,718.41,2025-01-12 10:00:00
ORD_10276,CUST_0845,457.53,2025-01-12 11:00:00
ORD_10277,CUST_0588,551.92,2025-01-12 12:00:00
ORD_10278,CUST_0066,250.22,2025-01-12 13:00:00
ORD_10279,CUST_0229,307.0,2025-01-12 14:00:00
ORD_10280,CUST_0320,192.95,2025-01-12 15:00:00
ORD_10281,CUST_ORPHAN_245,90.78,2025-01-12 16:00:00
ORD_10282,CUST_0832,150.69,2025-01-12 17:00:00
ORD_10283,CUST_0269,602.19,2025-01-12 18:00:00
ORD_10284,CUST_0138,514.61,2025-01-12 19:00:00
ORD_10285,CUST_0634,419.26,2025-01-12 20:00:00
ORD_10286,CUST_0349,366.82,2025-01-12 21:00:00
ORD_10287,CUST_0844,693.38,2025-01-12 22:00:00
ORD_10288,CUST_0216,73.1,2025-01-12 23:00:00
ORD_10289,CUST_0607,224.84,2025-01-13 00:00:00
ORD_10290,CUST_0334,275.45,2025-01-13 01:00:00
ORD_10291,CUST_0085,591.17,2025-01-13 02:00:00
ORD_10292,CUST_ORPHAN_923,744.54,2025-01-13 03:00:00
ORD_10293,CUST_0470,195.69,2025-01-13 04:00:00
ORD_10294,CUST_0023,658.24,2025-01-13 05:00:00
ORD_10295,CUST_0238,626.35,2025-01-13 06:00:00
ORD_10296,CUST_0678,184.0,2025-01-13 07:00:00
ORD_10297,CUST_0327,311.51,2025-01-13 08:00:00
ORD_10298,CUST_0636,319.06,2025-01-13 09:00:00
ORD_10299,CUST_0741,734.1,2025-01-13 10:00:00
ORD_10300,CUST_0195,152.05,2025-01-13 11:00:00
ORD_10301,CUST_0174,603.39,2025-01-13 12:00:00
ORD_10302,CUST_0176,263.96,2025-01-13 13:00:00
ORD_10303,CUST_0826,553.54,2025-01-13 14:00:00
ORD_10304,CUST_ORPHAN_922,326.61,2025-01-13 15:00:00
ORD_10305,CUST_0358,442.2,2025-01-13 16:00:00
ORD_10306,CUST_0101,627.81,2025-01-13 17:00:00
ORD_10307,CUST_ORPHAN_473,607.04,2025-01-13 18:00:00
ORD_10308,CUST_0058,652.49,2025-01-13 19:00:00
ORD_10309,CUST_0458,63.52,2025-01-13 20:00:00
ORD_10310,CUST_ORPHAN_381,525.2,2025-01-13 21:00:00
ORD_10311,CUST_ORPHAN_657,122.19,2025-01-13 22:00:00
ORD_10312,CUST_0692,323.55,2025-01-13 23:00:00
ORD_10313,CUST_0041,420.47,2025-01-14 00:00:00
ORD_10314,CUST_0160,314.0,2025-01-14 01:00:00
ORD_10315,CUST_0306,399.32,2025-01-14 02:00:00
ORD_10316,CUST_0607,747.46,2025-01-14 03:00:00
ORD_10317,CUST_0674,118.71,2025-01-14 04:00:00
ORD_10318,CUST_ORPHAN_851,513.08,2025-01-14 05:00:00
ORD_10319,CUST_0670,309.08,2025-01-14 06:00:00
ORD_10320,CUST_0396,117.1,2025-01-14 07:00:00
ORD_10321,CUST_0368,135.88,2025-01-14 08:00:00
ORD_10322,CUST_ORPHAN_355,712.97,2025-01-14 09:00:00
ORD_10323,CUST_0016,662.11,2025-01-14 10:00:00
ORD_10324,CUST_0681,682.14,2025-01-14 11:00:00
ORD_10325,CUST_0316,743.82,2025-01-14 12:00:00
ORD_10326,CUST_0314,172.07,2025-01-14 13:00:00
ORD_10327,CUST_ORPHAN_617,279.47,2025-01-14 14:00:00
ORD_10328,CUST_0193,508.53,2025-01-14 15:00:00
ORD_10329,CUST_0560,373.18,2025-01-14 16:00:00
ORD_10330,CUST_0076,325.42,2025-01-14 17:00:00
ORD_10331,CUST_0141,281.2,2025-01-14 18:00:00
ORD_10332,CUST_0211,453.46,2025-01-14 19:00:00
ORD_10333,CUST_0291,440.18,2025-01-14 20:00:00
ORD_10334,CUST_0752,137.86,2025-01-14 21:00:00
ORD_10335,CUST_0297,364.37,2025-01-14 22:00:00
ORD_10336,CUST_0756,424.03,2025-01-14 23:00:00
ORD_10337,CUST_0341,436.31,2025-01-15 00:00:00
ORD_10338,CUST_0350,173.38,2025-01-15 01:00:00
ORD_10339,CUST_0725,561.86,2025-01-15 02:00:00
ORD_10340,CUST_0372,38.4,2025-01-15 03:00:00
ORD_10341,CUST_0539,279.03,2025-01-15 04:00:00
ORD_10342,CUST_0576,589.56,2025-01-15 05:00:00
ORD_10343,CUST_0255,431.64,2025-01-15 06:00:00
ORD_10344,CUST_0410,210.65,2025-01-15 07:00:00
ORD_10345,CUST_0517,527.32,2025-01-15 08:00:00
ORD_10346,CUST_0022,434.2,2025-01-15 09:00:00
ORD_10347,CUST_ORPHAN_914,601.26,2025-01-15 10:00:00
ORD_10348,CUST_0001,556.57,2025-01-15 11:00:00
ORD_10349,CUST_0795,465.38,2025-01-15 12:00:00
ORD_10350,CUST_0090,376.37,2025-01-15 13:00:00
ORD_10351,CUST_ORPHAN_109,117.22,2025-01-15 14:00:00
ORD_10352,CUST_0002,210.77,2025-01-15 15:00:00
ORD_10353,CUST_ORPHAN_897,325.94,2025-01-15 16:00:00
ORD_10354,CUST_ORPHAN_355,457.49,2025-01-15 17:00:00
ORD_10355,CUST_ORPHAN_709,395.01,2025-01-15 18:00:00
ORD_10356,CUST_0029,230.37,2025-01-15 19:00:00
ORD_10357,CUST_0685,24.72,2025-01-15 20:00:00
ORD_10358,CUST_ORPHAN_788,382.25,2025-01-15 21:00:00
ORD_10359,CUST_0122,228.51,2025-01-15 22:00:00
ORD_10360,CUST_0084,556.26,2025-01-15 23:00:00
ORD_10361,CUST_0448,37.48,2025-01-16 00:00:00
ORD_10362,CUST_0317,446.92,2025-01-16 01:00:00
ORD_10363,CUST_0043,707.28,2025-01-16 02:00:00
ORD_10364,CUST_0368,147.32,2025-01-16 03:00:00
ORD_10365,CUST_0217,364.3,2025-01-16 04:00:00
ORD_10366,CUST_0210,86.74,2025-01-16 05:00:00
ORD_10367,CUST_0565,476.75,2025-01-16 06:00:00
ORD_10368,CUST_0227,421.89,2025-01-16 07:00:00
ORD_10369,CUST_0805,317.38,2025-01-16 08:00:00
ORD_10370,CUST_0386,400.61,2025-01-16 09:00:00
ORD_10371,CUST_0501,674.5,2025-01-16 10:00:00
ORD_10372,CUST_0044,163.29,2025-01-16 11:00:00
ORD_10373,CUST_0062,36.47,2025-01-16 12:00:00
ORD_10374,CUST_0225,649.02,2025-01-16 13:00:00
ORD_10375,CUST_ORPHAN_549,441.3,2025-01-16 14:00:00
ORD_10376,CUST_0425,670.18,2025-01-16 15:00:00
ORD_10377,CUST_0607,455.77,2025-01-16 16:00:00
ORD_10378,CUST_0280,611.42,2025-01-16 17:00:00
ORD_10379,CUST_0136,333.66,2025-01-16 18:00:00
ORD_10380,CUST_0812,567.4,2025-01-16 19:00:00
ORD_10381,CUST_0235,686.52,2025-01-16 20:00:00
ORD_10382,CUST_0103,437.65,2025-01-16 21:00:00
ORD_10383,CUST_0816,151.97,2025-01-16 22:00:00
ORD_10384,CUST_0316,216.22,2025-01-16 23:00:00
ORD_10385,CUST_0352,165.01,2025-01-17 00:00:00
ORD_10386,CUST_0741,200.21,2025-01-17 01:00:00
ORD_10387,CUST_ORPHAN_953,243.68,2025-01-17 02:00:00
ORD_10388,CUST_0058,425.25,2025-01-17 03:00:00
ORD_10389,CUST_0697,449.23,2025-01-17 04:00:00
ORD_10390,CUST_0442,331.34,2025-01-17 05:00:00
ORD_10391,CUST_0613,469.26,2025-01-17 06:00:00
ORD_10392,CUST_0481,79.55,2025-01-17 07:00:00
ORD_10393,CUST_0465,84.09,2025-01-17 08:00:00
ORD_10394,CUST_0138,145.44,2025-01-17 09:00:00
ORD_10395,CUST_0419,398.2,2025-01-17 10:00:00
ORD_10396,CUST_0554,176.22,2025-01-17 11:00:00
ORD_10397,CUST_0437,226.8,2025-01-17 12:00:00
ORD_10398,CUST_0455,312.23,2025-01-17 13:00:00
ORD_10399,CUST_0272,612.66,2025-01-17 14:00:00
ORD_10400,CUST_0065,30.12,2025-01-17 15:00:00
ORD_10401,CUST_0587,494.05,2025-01-17 16:00:00
ORD_10402,CUST_0638,508.28,2025-01-17 17:00:00
ORD_10403,CUST_0077,603.02,2025-01-17 18:00:00
ORD_10404,CUST_0107,700.91,2025-01-17 19:00:00
ORD_10405,CUST_ORPHAN_953,34.7,2025-01-17 20:00:00
ORD_10406,CUST_0772,132.26,2025-01-17 21:00:00
ORD_10407,CUST_0790,666.91,2025-01-17 22:00:00
ORD_10408,CUST_0548,354.72,2025-01-17 23:00:00
ORD_10409,CUST_0530,432.15,2025-01-18 00:00:00
ORD_10410,CUST_0697,504.01,2025-01-18 01:00:00
ORD_10411,CUST_0036,515.72,2025-01-18 02:00:00
ORD_10412,CUST_0550,700.17,2025-01-18 03:00:00
ORD_10413,CUST_0122,747.77,2025-01-18 04:00:00
ORD_10414,CUST_0670,545.71,2025-01-18 05:00:00
ORD_10415,CUST_0422,229.67,2025-01-18 06:00:00
ORD_10416,CUST_ORPHAN_610,662.22,2025-01-18 07:00:00
ORD_10417,CUST_0649,55.93,2025-01-18 08:00:00
ORD_10418,CUST_0466,188.69,2025-01-18 09:00:00
ORD_10419,CUST_ORPHAN_245,675.09,2025-01-18 10:00:00
ORD_10420,CUST_ORPHAN_894,207.02,2025-01-18 11:00:00
ORD_10421,CUST_0787,181.08,2025-01-18 12:00:00
ORD_10422,CUST_0526,120.83,2025-01-18 13:00:00
ORD_10423,CUST_0585,647.15,2025-01-18 14:00:00
ORD_10424,CUST_ORPHAN_952,385.04,2025-01-18 15:00:00
ORD_10425,CUST_0165,512.67,2025-01-18 16:00:00
ORD_10426,CUST_ORPHAN_788,194.52,2025-01-18 17:00:00
ORD_10427,CUST_0839,573.37,2025-01-18 18:00:00
ORD_10428,CUST_0048,574.8,2025-01-18 19:00:00
ORD_10429,CUST_0526,248.2,2025-01-18 20:00:00
ORD_10430,CUST_0708,319.8,2025-01-18 21:00:00
ORD_10431,CUST_0486,173.07,2025-01-18 22:00:00
ORD_10432,CUST_0312,732.89,2025-01-18 23:00:00
ORD_10433,CUST_0095,491.29,2025-01-19 00:00:00
ORD_10434,CUST_0268,702.22,2025-01-19 01:00:00
ORD_10435,CUST_0464,241.47,2025-01-19 02:00:00
ORD_10436,CUST_0386,590.78,2025-01-19 03:00:00
ORD_10437,CUST_0624,579.08,2025-01-19 04:00:00
ORD_10438,CUST_0713,524.91,2025-01-19 05:00:00
ORD_10439,CUST_ORPHAN_851,724.92,2025-01-19 06:00:00
ORD_10440,CUST_ORPHAN_204,307.3,2025-01-19 07:00:00
ORD_10441,CUST_ORPHAN_610,115.42,2025-01-19 08:00:00
ORD_10442,CUST_ORPHAN_894,510.35,2025-01-19 09:00:00
ORD_10443,CUST_0406,552.4,2025-01-19 10:00:00
ORD_10444,CUST_0343,439.79,2025-01-19 11:00:00
ORD_10445,CUST_0551,170.98,2025-01-19 12:00:00
ORD_10446,CUST_0443,388.25,2025-01-19 13:00:00
ORD_10447,CUST_0623,247.9,2025-01-19 14:00:00
ORD_10448,CUST_ORPHAN_316,332.05,2025-01-19 15:00:00
ORD_10449,CUST_0190,491.01,2025-01-19 16:00:00
ORD_10450,CUST_0576,564.01,2025-01-19 17:00:00
ORD_10451,CUST_0415,189.52,2025-01-19 18:00:00
ORD_10452,CUST_0241,315.89,2025-01-19 19:00:00
ORD_10453,CUST_0350,216.49,2025-01-19 20:00:00
ORD_10454,CUST_0129,165.0,2025-01-19 21:00:00
ORD_10455,CUST_0423,591.87,2025-01-19 22:00:00
ORD_10456,CUST_0032,683.75,2025-01-19 23:00:00
ORD_10457,CUST_0513,290.27,2025-01-20 00:00:00
ORD_10458,CUST_ORPHAN_900,568.43,2025-01-20 01:00:00
ORD_10459,CUST_0678,674.81,2025-01-20 02:00:00
ORD_10460,CUST_0147,637.67,2025-01-20 03:00:00
ORD_10461,CUST_0253,153.45,2025-01-20 04:00:00
ORD_10462,CUST_0677,718.09,2025-01-20 05:00:00
ORD_10463,CUST_0381,294.97,2025-01-20 06:00:00
ORD_10464,CUST_0345,267.65,2025-01-20 07:00:00
ORD_10465,CUST_ORPHAN_473,65.57,2025-01-20 08:00:00
ORD_10466,CUST_0338,374.91,2025-01-20 09:00:00
ORD_10467,CUST_0213,99.58,2025-01-20 10:00:00
ORD_10468,CUST_0812,201.43,2025-01-20 11:00:00
ORD_10469,CUST_0504,251.37,2025-01-20 12:00:00
ORD_10470,CUST_0799,610.44,2025-01-20 13:00:00
ORD_10471,CUST_0375,659.11,2025-01-20 14:00:00
ORD_10472,CUST_0527,240.8,2025-01-20 15:00:00
ORD_10473,CUST_0358,646.85,2025-01-20 16:00:00
ORD_10474,CUST_0615,645.78,2025-01-20 17:00:00
ORD_10475,CUST_0221,578.2,2025-01-20 18:00:00
ORD_10476,CUST_0664,127.09,2025-01-20 19:00:00
ORD_10477,CUST_0090,523.94,2025-01-20 20:00:00
ORD_10478,CUST_0082,709.87,2025-01-20 21:00:00
ORD_10479,CUST_0614,518.25,2025-01-20 22:00:00
ORD_10480,CUST_0209,262.08,2025-01-20 23:00:00
ORD_10481,CUST_0319,385.42,2025-01-21 00:00:00
ORD_10482,CUST_0336,491.38,2025-01-21 01:00:00
ORD_10483,CUST_0426,392.72,2025-01-21 02:00:00
ORD_10484,CUST_0126,107.57,2025-01-21 03:00:00
ORD_10485,CUST_0752,247.81,2025-01-21 04:00:00
ORD_10486,CUST_0249,605.75,2025-01-21 05:00:00
ORD_10487,CUST_0648,648.84,2025-01-21 06:00:00
ORD_10488,CUST_0552,120.23,2025-01-21 07:00:00
ORD_10489,CUST_0468,715.24,2025-01-21 08:00:00
ORD_10490,CUST_0375,260.04,2025-01-21 09:00:00
ORD_10491,CUST_0788,503.49,2025-01-21 10:00:00
ORD_10492,CUST_0552,568.83,2025-01-21 11:00:00
ORD_10493,CUST_0756,612.72,2025-01-21 12:00:00
ORD_10494,CUST_0385,710.4,2025-01-21 13:00:00
ORD_10495,CUST_0650,248.43,2025-01-21 14:00:00
ORD_10496,CUST_0496,646.71,2025-01-21 15:00:00
ORD_10497,CUST_ORPHAN_218,116.13,2025-01-21 16:00:00
ORD_10498,CUST_ORPHAN_601,534.68,2025-01-21 17:00:00
ORD_10499,CUST_0708,561.64,2025-01-21 18:00:00
ORD_10500,CUST_0337,514.74,2025-01-21 19:00:00
ORD_10501,CUST_0432,204.19,2025-01-21 20:00:00
ORD_10502,CUST_0511,657.32,2025-01-21 21:00:00
ORD_10503,CUST_0394,143.27,2025-01-21 22:00:00
ORD_10504,CUST_0600,59.15,2025-01-21 23:00:00
ORD_10505,CUST_0437,543.75,2025-01-22 00:00:00
ORD_10506,CUST_0103,367.1,2025-01-22 01:00:00
ORD_10507,CUST_ORPHAN_926,639.84,2025-01-22 02:00:00
ORD_10508,CUST_ORPHAN_982,299.88,2025-01-22 03:00:00
ORD_10509,CUST_ORPHAN_560,142.84,2025-01-22 04:00:00
ORD_10510,CUST_0749,630.6,2025-01-22 05:00:00
ORD_10511,CUST_0158,420.7,2025-01-22 06:00:00
ORD_10512,CUST_0593,158.11,2025-01-22 07:00:00
ORD_10513,CUST_0520,545.88,2025-01-22 08:00:00
ORD_10514,CUST_0108,393.11,2025-01-22 09:00:00
ORD_10515,CUST_0030,461.15,2025-01-22 10:00:00
ORD_10516,CUST_0577,356.46,2025-01-22 11:00:00
ORD_10517,CUST_0150,624.96,2025-01-22 12:00:00
ORD_10518,CUST_0260,625.58,2025-01-22 13:00:00
ORD_10519,CUST_0705,537.85,2025-01-22 14:00:00
ORD_10520,CUST_ORPHAN_657,96.94,2025-01-22 15:00:00
ORD_10521,CUST_0001,632.36,2025-01-22 16:00:00
ORD_10522,CUST_0003,509.84,2025-01-22 17:00:00
ORD_10523,CUST_ORPHAN_851,528.83,2025-01-22 18:00:00
ORD_10524,CUST_0656,284.98,2025-01-22 19:00:00
ORD_10525,CUST_0201,661.87,2025-01-22 20:00:00
ORD_10526,CUST_0447,549.52,2025-01-22 21:00:00
ORD_10527,CUST_0557,102.19,2025-01-22 22:00:00
ORD_10528,CUST_0374,317.68,2025-01-22 23:00:00
ORD_10529,CUST_0626,667.06,2025-01-23 00:00:00
ORD_10530,CUST_ORPHAN_646,54.45,2025-01-23 01:00:00
ORD_10531,CUST_0183,721.83,2025-01-23 02:00:00
ORD_10532,CUST_0494,515.79,2025-01-23 03:00:00
ORD_10533,CUST_ORPHAN_104,480.9,2025-01-23 04:00:00
ORD_10534,CUST_0798,217.51,2025-01-23 05:00:00
ORD_10535,CUST_0091,201.62,2025-01-23 06:00:00
ORD_10536,CUST_0432,707.7,2025-01-23 07:00:00
ORD_10537,CUST_0479,237.74,2025-01-23 08:00:00
ORD_10538,CUST_0652,586.12,2025-01-23 09:00:00
ORD_10539,CUST_ORPHAN_926,306.98,2025-01-23 10:00:00
ORD_10540,CUST_0070,121.66,2025-01-23 11:00:00
ORD_10541,CUST_0360,27.82,2025-01-23 12:00:00
ORD_10542,CUST_ORPHAN_204,417.31,2025-01-23 13:00:00
ORD_10543,CUST_0056,732.32,2025-01-23 14:00:00
ORD_10544,CUST_0095,289.47,2025-01-23 15:00:00
ORD_10545,CUST_0294,280.75,2025-01-23 16:00:00
ORD_10546,CUST_0183,271.19,2025-01-23 17:00:00
ORD_10547,CUST_0440,400.0,2025-01-23 18:00:00
ORD_10548,CUST_0469,341.69,2025-01-23 19:00:00
ORD_10549,CUST_0070,662.34,2025-01-23 20:00:00
ORD_10550,CUST_0154,389.03,2025-01-23 21:00:00
ORD_10551,CUST_0655,390.66,2025-01-23 22:00:00
ORD_10552,CUST_0246,121.01,2025-01-23 23:00:00
ORD_10553,CUST_0403,737.4,2025-01-24 00:00:00
ORD_10554,CUST_0368,202.48,2025-01-24 01:00:00
ORD_10555,CUST_ORPHAN_549,73.56,2025-01-24 02:00:00
ORD_10556,CUST_0198,504.1,2025-01-24 03:00:00
ORD_10557,CUST_0153,454.62,2025-01-24 04:00:00
ORD_10558,CUST_0799,323.06,2025-01-24 05:00:00
ORD_10559,CUST_0073,328.2,2025-01-24 06:00:00
ORD_10560,CUST_0268,593.1,2025-01-24 07:00:00
ORD_10561,CUST_0496,162.87,2025-01-24 08:00:00
ORD_10562,CUST_0850,618.78,2025-01-24 09:00:00
ORD_10563,CUST_0578,493.59,2025-01-24 10:00:00
ORD_10564,CUST_0556,325.85,2025-01-24 11:00:00
ORD_10565,CUST_0159,354.36,2025-01-24 12:00:00
ORD_10566,CUST_0628,207.35,2025-01-24 13:00:00
ORD_10567,CUST_0538,569.04,2025-01-24 14:00:00
ORD_10568,CUST_0535,394.4,2025-01-24 15:00:00
ORD_10569,CUST_ORPHAN_341,254.22,2025-01-24 16:00:00
ORD_10570,CUST_0751,455.12,2025-01-24 17:00:00
ORD_10571,CUST_0472,746.89,2025-01-24 18:00:00
ORD_10572,CUST_0488,337.74,2025-01-24 19:00:00
ORD_10573,CUST_0396,692.1,2025-01-24 20:00:00
ORD_10574,CUST_0152,271.86,2025-01-24 21:00:00
ORD_10575,CUST_0667,59.95,2025-01-24 22:00:00
ORD_10576,CUST_0309,169.1,2025-01-24 23:00:00
ORD_10577,CUST_0460,325.65,2025-01-25 00:00:00
ORD_10578,CUST_0631,180.33,2025-01-25 01:00:00
ORD_10579,CUST_0054,20.17,2025-01-25 02:00:00
ORD_10580,CUST_0784,687.95,2025-01-25 03:00:00
ORD_10581,CUST_0251,636.03,2025-01-25 04:00:00
ORD_10582,CUST_0792,561.87,2025-01-25 05:00:00
ORD_10583,CUST_ORPHAN_104,142.5,2025-01-25 06:00:00
ORD_10584,CUST_0820,107.87,2025-01-25 07:00:00
ORD_10585,CUST_0225,69.35,2025-01-25 08:00:00
ORD_10586,CUST_ORPHAN_323,548.54,2025-01-25 09:00:00
ORD_10587,CUST_0521,698.03,2025-01-25 10:00:00
ORD_10588,CUST_0482,334.29,2025-01-25 11:00:00
ORD_10589,CUST_ORPHAN_560,106.97,2025-01-25 12:00:00
ORD_10590,CUST_ORPHAN_808,394.05,2025-01-25 13:00:00
ORD_10591,CUST_0831,274.65,2025-01-25 14:00:00
ORD_10592,CUST_0492,293.62,2025-01-25 15:00:00
ORD_10593,CUST_0549,473.57,2025-01-25 16:00:00
ORD_10594,CUST_0472,544.66,2025-01-25 17:00:00
ORD_10595,CUST_ORPHAN_952,100.74,2025-01-25 18:00:00
ORD_10596,CUST_0411,45.98,2025-01-25 19:00:00
ORD_10597,CUST_0282,745.86,2025-01-25 20:00:00
ORD_10598,CUST_0816,189.89,2025-01-25 21:00:00
ORD_10599,CUST_0252,59.3,2025-01-25 22:00:00
ORD_10600,CUST_0624,158.61,2025-01-25 23:00:00
ORD_10601,CUST_0474,48.44,2025-01-26 00:00:00
ORD_10602,CUST_0028,306.02,2025-01-26 01:00:00
ORD_10603,CUST_0254,605.75,2025-01-26 02:00:00
ORD_10604,CUST_0228,269.11,2025-01-26 03:00:00
ORD_10605,CUST_0318,344.25,2025-01-26 04:00:00
ORD_10606,CUST_0145,513.18,2025-01-26 05:00:00
ORD_10607,CUST_ORPHAN_104,391.49,2025-01-26 06:00:00
ORD_10608,CUST_0173,648.86,2025-01-26 07:00:00
ORD_10609,CUST_0210,652.21,2025-01-26 08:00:00
ORD_10610,CUST_0592,27.23,2025-01-26 09:00:00
ORD_10611,CUST_0070,587.97,2025-01-26 10:00:00
ORD_10612,CUST_0104,356.34,2025-01-26 11:00:00
ORD_10613,CUST_0111,741.85,2025-01-26 12:00:00
ORD_10614,CUST_ORPHAN_350,372.76,2025-01-26 13:00:00
ORD_10615,CUST_0068,740.43,2025-01-26 14:00:00
ORD_10616,CUST_0325,570.84,2025-01-26 15:00:00
ORD_10617,CUST_0293,201.48,2025-01-26 16:00:00
ORD_10618,CUST_ORPHAN_162,413.03,2025-01-26 17:00:00
ORD_10619,CUST_0550,744.26,2025-01-26 18:00:00
ORD_10620,CUST_0579,646.0,2025-01-26 19:00:00
ORD_10621,CUST_0432,91.08,2025-01-26 20:00:00
ORD_10622,CUST_0369,535.65,2025-01-26 21:00:00
ORD_10623,CUST_0119,272.27,2025-01-26 22:00:00
ORD_10624,CUST_0335,25.1,2025-01-26 23:00:00
ORD_10625,CUST_0553,314.54,2025-01-27 00:00:00
ORD_10626,CUST_0760,191.37,2025-01-27 01:00:00
ORD_10627,CUST_0271,617.77,2025-01-27 02:00:00
ORD_10628,CUST_0599,266.25,2025-01-27 03:00:00
ORD_10629,CUST_0824,624.09,2025-01-27 04:00:00
ORD_10630,CUST_0714,20.44,2025-01-27 05:00:00
ORD_10631,CUST_0040,244.71,2025-01-27 06:00:00
ORD_10632,CUST_0727,196.05,2025-01-27 07:00:00
ORD_10633,CUST_0348,190.5,2025-01-27 08:00:00
ORD_10634,CUST_0197,69.78,2025-01-27 09:00:00
ORD_10635,CUST_0636,156.6,2025-01-27 10:00:00
ORD_10636,CUST_0818,425.55,2025-01-27 11:00:00
ORD_10637,CUST_0614,232.69,2025-01-27 12:00:00
ORD_10638,CUST_0035,324.7,2025-01-27 13:00:00
ORD_10639,CUST_0764,295.11,2025-01-27 14:00:00
ORD_10640,CUST_0654,659.41,2025-01-27 15:00:00
ORD_10641,CUST_0817,680.87,2025-01-27 16:00:00
ORD_10642,CUST_ORPHAN_162,379.86,2025-01-27 17:00:00
ORD_10643,CUST_0506,261.01,2025-01-27 18:00:00
ORD_10644,CUST_0363,97.96,2025-01-27 19:00:00
ORD_10645,CUST_0212,715.98,2025-01-27 20:00:00
ORD_10646,CUST_ORPHAN_923,63.97,2025-01-27 21:00:00
ORD_10647,CUST_0763,237.28,2025-01-27 22:00:00
ORD_10648,CUST_0029,237.59,2025-01-27 23:00:00
ORD_10649,CUST_ORPHAN_162,253.89,2025-01-28 00:00:00
ORD_10650,CUST_0691,139.93,2025-01-28 01:00:00
ORD_10651,CUST_0107,591.71,2025-01-28 02:00:00
ORD_10652,CUST_ORPHAN_198,109.42,2025-01-28 03:00:00
ORD_10653,CUST_0647,483.48,2025-01-28 04:00:00
ORD_10654,CUST_0114,110.41,2025-01-28 05:00:00
ORD_10655,CUST_0809,71.49,2025-01-28 06:00:00
ORD_10656,CUST_0235,683.88,2025-01-28 07:00:00
ORD_10657,CUST_0706,158.79,2025-01-28 08:00:00
ORD_10658,CUST_0473,619.51,2025-01-28 09:00:00
ORD_10659,CUST_0048,417.58,2025-01-28 10:00:00
ORD_10660,CUST_0596,76.84,2025-01-28 11:00:00
ORD_10661,CUST_0290,717.48,2025-01-28 12:00:00
ORD_10662,CUST_0704,200.28,2025-01-28 13:00:00
ORD_10663,CUST_0584,647.54,2025-01-28 14:00:00
ORD_10664,CUST_0525,143.23,2025-01-28 15:00:00
ORD_10665,CUST_0388,643.38,2025-01-28 16:00:00
ORD_10666,CUST_0417,29.66,2025-01-28 17:00:00
ORD_10667,CUST_0622,393.6,2025-01-28 18:00:00
ORD_10668,CUST_0737,581.69,2025-01-28 19:00:00
ORD_10669,CUST_0565,702.4,2025-01-28 20:00:00
ORD_10670,CUST_0479,683.72,2025-01-28 21:00:00
ORD_10671,CUST_0431,618.33,2025-01-28 22:00:00
ORD_10672,CUST_0180,668.38,2025-01-28 23:00:00
ORD_10673,CUST_0278,165.43,2025-01-29 00:00:00
ORD_10674,CUST_0143,227.45,2025-01-29 01:00:00
ORD_10675,CUST_ORPHAN_504,230.95,2025-01-29 02:00:00
ORD_10676,CUST_0467,295.25,2025-01-29 03:00:00
ORD_10677,CUST_0246,307.12,2025-01-29 04:00:00
ORD_10678,CUST_ORPHAN_341,417.53,2025-01-29 05:00:00
ORD_10679,CUST_0407,136.71,2025-01-29 06:00:00
ORD_10680,CUST_0606,524.61,2025-01-29 07:00:00
ORD_10681,CUST_0366,142.32,2025-01-29 08:00:00
ORD_10682,CUST_0078,246.53,2025-01-29 09:00:00
ORD_10683,CUST_0703,387.44,2025-01-29 10:00:00
ORD_10684,CUST_0371,601.4,2025-01-29 11:00:00
ORD_10685,CUST_0498,559.81,2025-01-29 12:00:00
ORD_10686,CUST_ORPHAN_504,491.24,2025-01-29 13:00:00
ORD_10687,CUST_0352,133.71,2025-01-29 14:00:00
ORD_10688,CUST_ORPHAN_473,419.34,2025-01-29 15:00:00
ORD_10689,CUST_0806,83.84,2025-01-29 16:00:00
ORD_10690,CUST_0299,295.48,2025-01-29 17:00:00
ORD_10691,CUST_0384,321.87,2025-01-29 18:00:00
ORD_10692,CUST_0473,49.06,2025-01-29 19:00:00
ORD_10693,CUST_0598,220.01,2025-01-29 20:00:00
ORD_10694,CUST_0758,717.62,2025-01-29 21:00:00
ORD_10695,CUST_0765,716.15,2025-01-29 22:00:00
ORD_10696,CUST_0111,277.2,2025-01-29 23:00:00
ORD_10697,CUST_0474,51.46,2025-01-30 00:00:00
ORD_10698,CUST_0287,150.74,2025-01-30 01:00:00
ORD_10699,CUST_0574,306.32,2025-01-30 02:00:00
ORD_10700,CUST_0089,711.88,2025-01-30 03:00:00
ORD_10701,CUST_ORPHAN_484,123.08,2025-01-30 04:00:00
ORD_10702,CUST_0263,577.37,2025-01-30 05:00:00
ORD_10703,CUST_ORPHAN_323,99.34,2025-01-30 06:00:00
ORD_10704,CUST_0157,736.32,2025-01-30 07:00:00
ORD_10705,CUST_0273,298.58,2025-01-30 08:00:00
ORD_10706,CUST_0639,585.92,2025-01-30 09:00:00
ORD_10707,CUST_0337,270.09,2025-01-30 10:00:00
ORD_10708,CUST_0376,478.2,2025-01-30 11:00:00
ORD_10709,CUST_0563,160.17,2025-01-30 12:00:00
ORD_10710,CUST_0626,126.6,2025-01-30 13:00:00
ORD_10711,CUST_0547,704.79,2025-01-30 14:00:00
ORD_10712,CUST_0465,689.88,2025-01-30 15:00:00
ORD_10713,CUST_ORPHAN_610,667.85,2025-01-30 16:00:00
ORD_10714,CUST_0238,476.57,2025-01-30 17:00:00
ORD_10715,CUST_0170,610.04,2025-01-30 18:00:00
ORD_10716,CUST_0083,70.4,2025-01-30 19:00:00
ORD_10717,CUST_0487,264.4,2025-01-30 20:00:00
ORD_10718,CUST_0163,249.0,2025-01-30 21:00:00
ORD_10719,CUST_0287,484.02,2025-01-30 22:00:00
ORD_10720,CUST_ORPHAN_350,279.85,2025-01-30 23:00:00
ORD_10721,CUST_ORPHAN_218,128.41,2025-01-31 00:00:00
ORD_10722,CUST_0476,455.42,2025-01-31 01:00:00
ORD_10723,CUST_0573,614.5,2025-01-31 02:00:00
ORD_10724,CUST_0255,298.95,2025-01-31 03:00:00
ORD_10725,CUST_0175,116.56,2025-01-31 04:00:00
ORD_10726,CUST_0322,163.58,2025-01-31 05:00:00
ORD_10727,CUST_0621,193.36,2025-01-31 06:00:00
ORD_10728,CUST_0699,238.93,2025-01-31 07:00:00
ORD_10729,CUST_0074,489.24,2025-01-31 08:00:00
ORD_10730,CUST_0302,458.69,2025-01-31 09:00:00
ORD_10731,CUST_0836,528.14,2025-01-31 10:00:00
ORD_10732,CUST_0317,284.63,2025-01-31 11:00:00
ORD_10733,CUST_ORPHAN_976,621.52,2025-01-31 12:00:00
ORD_10734,CUST_0252,168.98,2025-01-31 13:00:00
ORD_10735,CUST_0756,362.4,2025-01-31 14:00:00
ORD_10736,CUST_0030,604.69,2025-01-31 15:00:00
ORD_10737,CUST_0712,151.52,2025-01-31 16:00:00
ORD_10738,CUST_ORPHAN_218,100.2,2025-01-31 17:00:00
ORD_10739,CUST_0226,665.09,2025-01-31 18:00:00
ORD_10740,CUST_0115,270.34,2025-01-31 19:00:00
ORD_10741,CUST_0577,519.23,2025-01-31 20:00:00
ORD_10742,CUST_0738,38.5,2025-01-31 21:00:00
ORD_10743,CUST_0121,523.73,2025-01-31 22:00:00
ORD_10744,CUST_0765,250.75,2025-01-31 23:00:00
ORD_10745,CUST_ORPHAN_926,60.69,2025-02-01 00:00:00
ORD_10746,CUST_0229,465.16,2025-02-01 01:00:00
ORD_10747,CUST_0040,195.79,2025-02-01 02:00:00
ORD_10748,CUST_0498,302.37,2025-02-01 03:00:00
ORD_10749,CUST_0542,78.82,2025-02-01 04:00:00
ORD_10750,CUST_0120,127.43,2025-02-01 05:00:00
ORD_10751,CUST_0267,237.52,2025-02-01 06:00:00
ORD_10752,CUST_0123,85.52,2025-02-01 07:00:00
ORD_10753,CUST_ORPHAN_109,684.9,2025-02-01 08:00:00
ORD_10754,CUST_ORPHAN_489,24.41,2025-02-01 09:00:00
ORD_10755,CUST_0433,373.22,2025-02-01 10:00:00
ORD_10756,CUST_0072,109.97,2025-02-01 11:00:00
ORD_10757,CUST_0124,244.61,2025-02-01 12:00:00
ORD_10758,CUST_ORPHAN_204,696.02,2025-02-01 13:00:00
ORD_10759,CUST_0053,138.04,2025-02-01 14:00:00
ORD_10760,CUST_ORPHAN_341,725.06,2025-02-01 15:00:00
ORD_10761,CUST_0816,170.23,2025-02-01 16:00:00
ORD_10762,CUST_ORPHAN_914,561.34,2025-02-01 17:00:00
ORD_10763,CUST_0543,419.07,2025-02-01 18:00:00
ORD_10764,CUST_0530,665.67,2025-02-01 19:00:00
ORD_10765,CUST_0229,424.42,2025-02-01 20:00:00
ORD_10766,CUST_0306,410.23,2025-02-01 21:00:00
ORD_10767,CUST_0224,162.68,2025-02-01 22:00:00
ORD_10768,CUST_0441,141.35,2025-02-01 23:00:00
ORD_10769,CUST_0418,689.04,2025-02-02 00:00:00
ORD_10770,CUST_ORPHAN_276,259.32,2025-02-02 01:00:00
ORD_10771,CUST_0717,291.62,2025-02-02 02:00:00
ORD_10772,CUST_0018,574.67,2025-02-02 03:00:00
ORD_10773,CUST_0171,267.34,2025-02-02 04:00:00
ORD_10774,CUST_ORPHAN_878,715.01,2025-02-02 05:00:00
ORD_10775,CUST_ORPHAN_473,558.69,2025-02-02 06:00:00
ORD_10776,CUST_0103,456.12,2025-02-02 07:00:00
ORD_10777,CUST_0444,663.05,2025-02-02 08:00:00
ORD_10778,CUST_0412,56.21,2025-02-02 09:00:00
ORD_10779,CUST_0038,207.66,2025-02-02 10:00:00
ORD_10780,CUST_0746,359.48,2025-02-02 11:00:00
ORD_10781,CUST_0164,185.69,2025-02-02 12:00:00
ORD_10782,CUST_0546,563.05,2025-02-02 13:00:00
ORD_10783,CUST_ORPHAN_381,691.02,2025-02-02 14:00:00
ORD_10784,CUST_0323,329.35,2025-02-02 15:00:00
ORD_10785,CUST_0731,269.76,2025-02-02 16:00:00
ORD_10786,CUST_0068,721.93,2025-02-02 17:00:00
ORD_10787,CUST_0030,344.74,2025-02-02 18:00:00
ORD_10788,CUST_0312,377.01,2025-02-02 19:00:00
ORD_10789,CUST_0354,276.7,2025-02-02 20:00:00
ORD_10790,CUST_0510,683.97,2025-02-02 21:00:00
ORD_10791,CUST_0757,435.34,2025-02-02 22:00:00
ORD_10792,CUST_0713,576.39,2025-02-02 23:00:00
ORD_10793,CUST_0503,612.62,2025-02-03 00:00:00
ORD_10794,CUST_0323,269.55,2025-02-03 01:00:00
ORD_10795,CUST_0806,336.6,2025-02-03 02:00:00
ORD_10796,CUST_0595,639.38,2025-02-03 03:00:00
ORD_10797,CUST_0130,285.18,2025-02-03 04:00:00
ORD_10798,CUST_0618,599.57,2025-02-03 05:00:00
ORD_10799,CUST_ORPHAN_976,706.92,2025-02-03 06:00:00
ORD_10800,CUST_0089,474.94,2025-02-03 07:00:00
ORD_10801,CUST_0744,561.39,2025-02-03 08:00:00
ORD_10802,CUST_0777,607.72,2025-02-03 09:00:00
ORD_10803,CUST_0226,636.88,2025-02-03 10:00:00
ORD_10804,CUST_ORPHAN_831,308.39,2025-02-03 11:00:00
ORD_10805,CUST_0189,57.42,2025-02-03 12:00:00
ORD_10806,CUST_0689,313.37,2025-02-03 13:00:00
ORD_10807,CUST_0198,511.84,2025-02-03 14:00:00
ORD_10808,CUST_0370,348.76,2025-02-03 15:00:00
ORD_10809,CUST_0735,566.74,2025-02-03 16:00:00
ORD_10810,CUST_ORPHAN_976,280.6,2025-02-03 17:00:00
ORD_10811,CUST_ORPHAN_109,483.36,2025-02-03 18:00:00
ORD_10812,CUST_0145,156.09,2025-02-03 19:00:00
ORD_10813,CUST_0173,567.04,2025-02-03 20:00:00
ORD_10814,CUST_0134,418.36,2025-02-03 21:00:00
ORD_10815,CUST_0104,168.97,2025-02-03 22:00:00
ORD_10816,CUST_0355,233.1,2025-02-03 23:00:00
ORD_10817,CUST_0027,566.48,2025-02-04 00:00:00
ORD_10818,CUST_0694,372.3,2025-02-04 01:00:00
ORD_10819,CUST_ORPHAN_976,177.7,2025-02-04 02:00:00
ORD_10820,CUST_0704,726.11,2025-02-04 03:00:00
ORD_10821,CUST_0486,542.04,2025-02-04 04:00:00
ORD_10822,CUST_0522,718.71,2025-02-04 05:00:00
ORD_10823,CUST_0439,331.79,2025-02-04 06:00:00
ORD_10824,CUST_ORPHAN_204,366.82,2025-02-04 07:00:00
ORD_10825,CUST_0403,675.51,2025-02-04 08:00:00
ORD_10826,CUST_0279,403.29,2025-02-04 09:00:00
ORD_10827,CUST_ORPHAN_851,536.31,2025-02-04 10:00:00
ORD_10828,CUST_0026,204.09,2025-02-04 11:00:00
ORD_10829,CUST_0031,346.11,2025-02-04 12:00:00
ORD_10830,CUST_0835,110.12,2025-02-04 13:00:00
ORD_10831,CUST_0418,170.37,2025-02-04 14:00:00
ORD_10832,CUST_0277,20.69,2025-02-04 15:00:00
ORD_10833,CUST_ORPHAN_976,48.66,2025-02-04 16:00:00
ORD_10834,CUST_0179,733.42,2025-02-04 17:00:00
ORD_10835,CUST_0152,196.92,2025-02-04 18:00:00
ORD_10836,CUST_0138,504.22,2025-02-04 19:00:00
ORD_10837,CUST_0047,632.54,2025-02-04 20:00:00
ORD_10838,CUST_ORPHAN_952,421.98,2025-02-04 21:00:00
ORD_10839,CUST_0232,131.8,2025-02-04 22:00:00
ORD_10840,CUST_0179,551.52,2025-02-04 23:00:00
ORD_10841,CUST_0101,458.18,2025-02-05 00:00:00
ORD_10842,CUST_0185,553.81,2025-02-05 01:00:00
ORD_10843,CUST_ORPHAN_504,581.92,2025-02-05 02:00:00
ORD_10844,CUST_0308,732.05,2025-02-05 03:00:00
ORD_10845,CUST_0820,438.7,2025-02-05 04:00:00
ORD_10846,CUST_0740,269.4,2025-02-05 05:00:00
ORD_10847,CUST_ORPHAN_244,493.38,2025-02-05 06:00:00
ORD_10848,CUST_0571,69.96,2025-02-05 07:00:00
ORD_10849,CUST_0246,675.1,2025-02-05 08:00:00
ORD_10850,CUST_0003,107.15,2025-02-05 09:00:00
ORD_10851,CUST_0548,259.33,2025-02-05 10:00:00
ORD_10852,CUST_0297,615.49,2025-02-05 11:00:00
ORD_10853,CUST_0658,456.04,2025-02-05 12:00:00
ORD_10854,CUST_0110,307.35,2025-02-05 13:00:00
ORD_10855,CUST_0719,365.61,2025-02-05 14:00:00
ORD_10856,CUST_0295,643.82,2025-02-05 15:00:00
ORD_10857,CUST_ORPHAN_976,268.2,2025-02-05 16:00:00
ORD_10858,CUST_0419,654.84,2025-02-05 17:00:00
ORD_10859,CUST_0001,84.34,2025-02-05 18:00:00
ORD_10860,CUST_0808,587.06,2025-02-05 19:00:00
ORD_10861,CUST_0419,638.71,2025-02-05 20:00:00
ORD_10862,CUST_0504,152.73,2025-02-05 21:00:00
ORD_10863,CUST_0639,334.15,2025-02-05 22:00:00
ORD_10864,CUST_0155,140.81,2025-02-05 23:00:00
ORD_10865,CUST_0634,535.82,2025-02-06 00:00:00
ORD_10866,CUST_0280,410.8,2025-02-06 01:00:00
ORD_10867,CUST_0771,483.79,2025-02-06 02:00:00
ORD_10868,CUST_0529,163.44,2025-02-06 03:00:00
ORD_10869,CUST_0709,174.57,2025-02-06 04:00:00
ORD_10870,CUST_0443,50.29,2025-02-06 05:00:00
ORD_10871,CUST_0835,255.11,2025-02-06 06:00:00
ORD_10872,CUST_0273,428.61,2025-02-06 07:00:00
ORD_10873,CUST_0570,646.29,2025-02-06 08:00:00
ORD_10874,CUST_0808,506.86,2025-02-06 09:00:00
ORD_10875,CUST_0374,337.84,2025-02-06 10:00:00
ORD_10876,CUST_ORPHAN_982,715.78,2025-02-06 11:00:00
ORD_10877,CUST_0453,545.05,2025-02-06 12:00:00
ORD_10878,CUST_0003,699.02,2025-02-06 13:00:00
ORD_10879,CUST_0369,405.14,2025-02-06 14:00:00
ORD_10880,CUST_0810,209.0,2025-02-06 15:00:00
ORD_10881,CUST_0284,58.56,2025-02-06 16:00:00
ORD_10882,CUST_0078,550.04,2025-02-06 17:00:00
ORD_10883,CUST_0328,108.55,2025-02-06 18:00:00
ORD_10884,CUST_0696,241.03,2025-02-06 19:00:00
ORD_10885,CUST_0309,408.7,2025-02-06 20:00:00
ORD_10886,CUST_0743,432.02,2025-02-06 21:00:00
ORD_10887,CUST_0380,458.43,2025-02-06 22:00:00
ORD_10888,CUST_0172,141.37,2025-02-06 23:00:00
ORD_10889,CUST_0684,297.21,2025-02-07 00:00:00
ORD_10890,CUST_ORPHAN_831,470.55,2025-02-07 01:00:00
ORD_10891,CUST_ORPHAN_560,727.97,2025-02-07 02:00:00
ORD_10892,CUST_0607,551.17,2025-02-07 03:00:00
ORD_10893,CUST_ORPHAN_244,693.5,2025-02-07 04:00:00
ORD_10894,CUST_0264,576.41,2025-02-07 05:00:00
ORD_10895,CUST_0326,451.95,2025-02-07 06:00:00
ORD_10896,CUST_0353,160.18,2025-02-07 07:00:00
ORD_10897,CUST_0738,506.68,2025-02-07 08:00:00
ORD_10898,CUST_0798,475.07,2025-02-07 09:00:00
ORD_10899,CUST_0443,459.8,2025-02-07 10:00:00
ORD_10900,CUST_0234,377.54,2025-02-07 11:00:00
ORD_10901,CUST_ORPHAN_923,405.92,2025-02-07 12:00:00
ORD_10902,CUST_0572,264.14,2025-02-07 13:00:00
ORD_10903,CUST_0821,399.1,2025-02-07 14:00:00
ORD_10904,CUST_0547,164.22,2025-02-07 15:00:00
ORD_10905,CUST_0128,607.78,2025-02-07 16:00:00
ORD_10906,CUST_0823,155.62,2025-02-07 17:00:00
ORD_10907,CUST_0678,82.03,2025-02-07 18:00:00
ORD_10908,CUST_0696,338.46,2025-02-07 19:00:00
ORD_10909,CUST_0053,500.56,2025-02-07 20:00:00
ORD_10910,CUST_0478,339.53,2025-02-07 21:00:00
ORD_10911,CUST_0354,222.03,2025-02-07 22:00:00
ORD_10912,CUST_0045,427.46,2025-02-07 23:00:00
ORD_10913,CUST_0502,273.31,2025-02-08 00:00:00
ORD_10914,CUST_0747,700.99,2025-02-08 01:00:00
ORD_10915,CUST_0830,693.53,2025-02-08 02:00:00
ORD_10916,CUST_0144,386.73,2025-02-08 03:00:00
ORD_10917,CUST_0439,259.36,2025-02-08 04:00:00
ORD_10918,CUST_0205,558.11,2025-02-08 05:00:00
ORD_10919,CUST_0235,46.8,2025-02-08 06:00:00
ORD_10920,CUST_ORPHAN_560,366.58,2025-02-08 07:00:00
ORD_10921,CUST_0374,265.52,2025-02-08 08:00:00
ORD_10922,CUST_0019,691.99,2025-02-08 09:00:00
ORD_10923,CUST_ORPHAN_808,28.76,2025-02-08 10:00:00
ORD_10924,CUST_ORPHAN_926,423.55,2025-02-08 11:00:00
ORD_10925,CUST_0501,560.68,2025-02-08 12:00:00
ORD_10926,CUST_0150,374.06,2025-02-08 13:00:00
ORD_10927,CUST_0811,82.34,2025-02-08 14:00:00
ORD_10928,CUST_0391,729.9,2025-02-08 15:00:00
ORD_10929,CUST_0587,398.15,2025-02-08 16:00:00
ORD_10930,CUST_0538,468.36,2025-02-08 17:00:00
ORD_10931,CUST_0438,192.73,2025-02-08 18:00:00
ORD_10932,CUST_ORPHAN_300,372.95,2025-02-08 19:00:00
ORD_10933,CUST_0175,333.28,2025-02-08 20:00:00
ORD_10934,CUST_0388,74.67,2025-02-08 21:00:00
ORD_10935,CUST_ORPHAN_341,97.5,2025-02-08 22:00:00
ORD_10936,CUST_0359,631.35,2025-02-08 23:00:00
ORD_10937,CUST_0013,195.07,2025-02-09 00:00:00
ORD_10938,CUST_0094,162.32,2025-02-09 01:00:00
ORD_10939,CUST_0735,388.59,2025-02-09 02:00:00
ORD_10940,CUST_0184,581.19,2025-02-09 03:00:00
ORD_10941,CUST_0526,65.22,2025-02-09 04:00:00
ORD_10942,CUST_0643,441.07,2025-02-09 05:00:00
ORD_10943,CUST_0617,107.02,2025-02-09 06:00:00
ORD_10944,CUST_0222,46.62,2025-02-09 07:00:00
ORD_10945,CUST_0568,58.5,2025-02-09 08:00:00
ORD_10946,CUST_ORPHAN_162,628.94,2025-02-09 09:00:00
ORD_10947,CUST_0558,106.12,2025-02-09 10:00:00
ORD_10948,CUST_0186,52.96,2025-02-09 11:00:00
ORD_10949,CUST_0811,339.67,2025-02-09 12:00:00
ORD_10950,CUST_0576,636.12,2025-02-09 13:00:00
ORD_10951,CUST_0825,211.56,2025-02-09 14:00:00
ORD_10952,CUST_0049,327.85,2025-02-09 15:00:00
ORD_10953,CUST_0454,49.14,2025-02-09 16:00:00
ORD_10954,CUST_0629,347.83,2025-02-09 17:00:00
ORD_10955,CUST_0211,441.66,2025-02-09 18:00:00
ORD_10956,CUST_0839,436.76,2025-02-09 19:00:00
ORD_10957,CUST_0350,262.67,2025-02-09 20:00:00
ORD_10958,CUST_0654,250.34,2025-02-09 21:00:00
ORD_10959,CUST_0430,97.84,2025-02-09 22:00:00
ORD_10960,CUST_0577,287.76,2025-02-09 23:00:00
ORD_10961,CUST_0623,92.63,2025-02-10 00:00:00
ORD_10962,CUST_0574,579.62,2025-02-10 01:00:00
ORD_10963,CUST_0163,725.38,2025-02-10 02:00:00
ORD_10964,CUST_0292,728.15,2025-02-10 03:00:00
ORD_10965,CUST_0022,651.5,2025-02-10 04:00:00
ORD_10966,CUST_0719,458.58,2025-02-10 05:00:00
ORD_10967,CUST_0655,531.63,2025-02-10 06:00:00
ORD_10968,CUST_0265,228.2,2025-02-10 07:00:00
ORD_10969,CUST_0260,480.46,2025-02-10 08:00:00
ORD_10970,CUST_0839,352.62,2025-02-10 09:00:00
ORD_10971,CUST_0064,371.87,2025-02-10 10:00:00
ORD_10972,CUST_0397,573.18,2025-02-10 11:00:00
ORD_10973,CUST_0781,225.8,2025-02-10 12:00:00
ORD_10974,CUST_ORPHAN_352,252.17,2025-02-10 13:00:00
ORD_10975,CUST_0202,694.99,2025-02-10 14:00:00
ORD_10976,CUST_0182,61.04,2025-02-10 15:00:00
ORD_10977,CUST_0007,374.51,2025-02-10 16:00:00
ORD_10978,CUST_0511,686.34,2025-02-10 17:00:00
ORD_10979,CUST_0187,465.56,2025-02-10 18:00:00
ORD_10980,CUST_0083,418.88,2025-02-10 19:00:00
ORD_10981,CUST_0593,202.31,2025-02-10 20:00:00
ORD_10982,CUST_0128,270.59,2025-02-10 21:00:00
ORD_10983,CUST_ORPHAN_878,642.0,2025-02-10 22:00:00
ORD_10984,CUST_0658,428.23,2025-02-10 23:00:00
ORD_10985,CUST_0796,395.76,2025-02-11 00:00:00
ORD_10986,CUST_ORPHAN_601,92.69,2025-02-11 01:00:00
ORD_10987,CUST_0713,31.7,2025-02-11 02:00:00
ORD_10988,CUST_0722,723.49,2025-02-11 03:00:00
ORD_10989,CUST_0694,295.2,2025-02-11 04:00:00
ORD_10990,CUST_0519,460.35,2025-02-11 05:00:00
ORD_10991,CUST_0155,78.19,2025-02-11 06:00:00
ORD_10992,CUST_0708,518.67,2025-02-11 07:00:00
ORD_10993,CUST_0070,700.77,2025-02-11 08:00:00
ORD_10994,CUST_0800,440.24,2025-02-11 09:00:00
ORD_10995,CUST_0288,112.06,2025-02-11 10:00:00
ORD_10996,CUST_0593,444.66,2025-02-11 11:00:00
ORD_10997,CUST_ORPHAN_276,579.43,2025-02-11 12:00:00
ORD_10998,CUST_0449,316.68,2025-02-11 13:00:00
ORD_10999,CUST_0248,662.28,2025-02-11 14:00:00
ORD_11000,CUST_0239,493.54,2025-02-11 15:00:00
ORD_11001,CUST_0181,676.45,2025-02-11 16:00:00
ORD_11002,CUST_ORPHAN_352,475.16,2025-02-11 17:00:00
ORD_11003,CUST_0456,115.84,2025-02-11 18:00:00
ORD_11004,CUST_0709,246.07,2025-02-11 19:00:00
ORD_11005,CUST_0562,167.31,2025-02-11 20:00:00
ORD_11006,CUST_0495,683.44,2025-02-11 21:00:00
ORD_11007,CUST_0008,575.09,2025-02-11 22:00:00
ORD_11008,CUST_0286,513.77,2025-02-11 23:00:00
ORD_11009,CUST_0773,239.71,2025-02-12 00:00:00
ORD_11010,CUST_0515,154.35,2025-02-12 01:00:00
ORD_11011,CUST_0191,572.21,2025-02-12 02:00:00
ORD_11012,CUST_0184,366.14,2025-02-12 03:00:00
ORD_11013,CUST_ORPHAN_982,184.83,2025-02-12 04:00:00
ORD_11014,CUST_0599,470.13,2025-02-12 05:00:00
ORD_11015,CUST_0667,49.44,2025-02-12 06:00:00
ORD_11016,CUST_0035,258.1,2025-02-12 07:00:00
ORD_11017,CUST_0263,362.05,2025-02-12 08:00:00
ORD_11018,CUST_0189,128.01,2025-02-12 09:00:00
ORD_11019,CUST_0140,738.8,2025-02-12 10:00:00
ORD_11020,CUST_0211,172.64,2025-02-12 11:00:00
ORD_11021,CUST_0048,115.16,2025-02-12 12:00:00
ORD_11022,CUST_0499,168.58,2025-02-12 13:00:00
ORD_11023,CUST_0378,581.41,2025-02-12 14:00:00
ORD_11024,CUST_ORPHAN_489,330.62,2025-02-12 15:00:00
ORD_11025,CUST_0208,432.75,2025-02-12 16:00:00
ORD_11026,CUST_0195,35.34,2025-02-12 17:00:00
ORD_11027,CUST_0569,45.13,2025-02-12 18:00:00
ORD_11028,CUST_0395,345.45,2025-02-12 19:00:00
ORD_11029,CUST_0647,616.16,2025-02-12 20:00:00
ORD_11030,CUST_0456,666.22,2025-02-12 21:00:00
ORD_11031,CUST_0850,83.3,2025-02-12 22:00:00
ORD_11032,CUST_0348,413.01,2025-02-12 23:00:00
ORD_11033,CUST_0433,686.66,2025-02-13 00:00:00
ORD_11034,CUST_0117,303.22,2025-02-13 01:00:00
ORD_11035,CUST_0559,625.58,2025-02-13 02:00:00
ORD_11036,CUST_0207,117.6,2025-02-13 03:00:00
ORD_11037,CUST_0671,702.84,2025-02-13 04:00:00
ORD_11038,CUST_0136,568.54,2025-02-13 05:00:00
ORD_11039,CUST_ORPHAN_104,707.17,2025-02-13 06:00:00
ORD_11040,CUST_0629,513.93,2025-02-13 07:00:00
ORD_11041,CUST_0646,285.28,2025-02-13 08:00:00
ORD_11042,CUST_0284,704.87,2025-02-13 09:00:00
ORD_11043,CUST_0514,221.16,2025-02-13 10:00:00
ORD_11044,CUST_0109,262.49,2025-02-13 11:00:00
ORD_11045,CUST_0631,531.59,2025-02-13 12:00:00
ORD_11046,CUST_0652,578.68,2025-02-13 13:00:00
ORD_11047,CUST_0260,698.46,2025-02-13 14:00:00
ORD_11048,CUST_0634,169.51,2025-02-13 15:00:00
ORD_11049,CUST_0361,602.54,2025-02-13 16:00:00
ORD_11050,CUST_0479,559.14,2025-02-13 17:00:00
ORD_11051,CUST_0298,66.57,2025-02-13 18:00:00
ORD_11052,CUST_0541,302.67,2025-02-13 19:00:00
ORD_11053,CUST_0253,226.42,2025-02-13 20:00:00
ORD_11054,CUST_0351,242.28,2025-02-13 21:00:00
ORD_11055,CUST_0787,737.55,2025-02-13 22:00:00
ORD_11056,CUST_0746,489.23,2025-02-13 23:00:00
ORD_11057,CUST_0458,543.9,2025-02-14 00:00:00
ORD_11058,CUST_0327,732.93,2025-02-14 01:00:00
ORD_11059,CUST_0480,295.36,2025-02-14 02:00:00
ORD_11060,CUST_0799,605.34,2025-02-14 03:00:00
ORD_11061,CUST_0523,337.21,2025-02-14 04:00:00
ORD_11062,CUST_0561,654.76,2025-02-14 05:00:00
ORD_11063,CUST_0027,151.88,2025-02-14 06:00:00
ORD_11064,CUST_0153,711.81,2025-02-14 07:00:00
ORD_11065,CUST_ORPHAN_350,179.7,2025-02-14 08:00:00
ORD_11066,CUST_0551,258.14,2025-02-14 09:00:00
ORD_11067,CUST_0655,572.02,2025-02-14 10:00:00
ORD_11068,CUST_0665,307.44,2025-02-14 11:00:00
ORD_11069,CUST_0823,463.99,2025-02-14 12:00:00
ORD_11070,CUST_0801,344.54,2025-02-14 13:00:00
ORD_11071,CUST_0800,561.93,2025-02-14 14:00:00
ORD_11072,CUST_ORPHAN_953,186.68,2025-02-14 15:00:00
ORD_11073,CUST_0720,62.67,2025-02-14 16:00:00
ORD_11074,CUST_0592,238.95,2025-02-14 17:00:00
ORD_11075,CUST_ORPHAN_164,366.25,2025-02-14 18:00:00
ORD_11076,CUST_0641,142.65,2025-02-14 19:00:00
ORD_11077,CUST_0275,279.0,2025-02-14 20:00:00
ORD_11078,CUST_ORPHAN_245,311.99,2025-02-14 21:00:00
ORD_11079,CUST_0334,61.9,2025-02-14 22:00:00
ORD_11080,CUST_0214,445.81,2025-02-14 23:00:00
ORD_11081,CUST_ORPHAN_617,665.57,2025-02-15 00:00:00
ORD_11082,CUST_0392,130.77,2025-02-15 01:00:00
ORD_11083,CUST_0453,456.4,2025-02-15 02:00:00
ORD_11084,CUST_0204,505.26,2025-02-15 03:00:00
ORD_11085,CUST_0340,326.11,2025-02-15 04:00:00
ORD_11086,CUST_ORPHAN_341,531.8,2025-02-15 05:00:00
ORD_11087,CUST_0730,319.83,2025-02-15 06:00:00
ORD_11088,CUST_0388,388.39,2025-02-15 07:00:00
ORD_11089,CUST_ORPHAN_352,25.37,2025-02-15 08:00:00
ORD_11090,CUST_ORPHAN_894,524.96,2025-02-15 09:00:00
ORD_11091,CUST_0013,502.78,2025-02-15 10:00:00
ORD_11092,CUST_0123,48.03,2025-02-15 11:00:00
ORD_11093,CUST_0546,288.82,2025-02-15 12:00:00
ORD_11094,CUST_0149,734.69,2025-02-15 13:00:00
ORD_11095,CUST_0324,327.14,2025-02-15 14:00:00
ORD_11096,CUST_0274,386.42,2025-02-15 15:00:00
ORD_11097,CUST_0039,684.25,2025-02-15 16:00:00
ORD_11098,CUST_0678,543.6,2025-02-15 17:00:00
ORD_11099,CUST_0748,444.91,2025-02-15 18:00:00
ORD_11100,CUST_0731,602.4,2025-02-15 19:00:00
ORD_11101,CUST_0061,650.99,2025-02-15 20:00:00
ORD_11102,CUST_0062,353.53,2025-02-15 21:00:00
ORD_11103,CUST_0337,366.83,2025-02-15 22:00:00
ORD_11104,CUST_0293,301.82,2025-02-15 23:00:00
ORD_11105,CUST_0339,725.7,2025-02-16 00:00:00
ORD_11106,CUST_0520,528.93,2025-02-16 01:00:00
ORD_11107,CUST_0279,80.75,2025-02-16 02:00:00
ORD_11108,CUST_0343,649.96,2025-02-16 03:00:00
ORD_11109,CUST_0396,370.81,2025-02-16 04:00:00
ORD_11110,CUST_ORPHAN_560,70.19,2025-02-16 05:00:00
ORD_11111,CUST_0307,421.29,2025-02-16 06:00:00
ORD_11112,CUST_0766,324.53,2025-02-16 07:00:00
ORD_11113,CUST_ORPHAN_823,660.76,2025-02-16 08:00:00
ORD_11114,CUST_0214,168.92,2025-02-16 09:00:00
ORD_11115,CUST_0332,623.32,2025-02-16 10:00:00
ORD_11116,CUST_0734,427.11,2025-02-16 11:00:00
ORD_11117,CUST_ORPHAN_204,59.87,2025-02-16 12:00:00
ORD_11118,CUST_ORPHAN_693,729.45,2025-02-16 13:00:00
ORD_11119,CUST_ORPHAN_473,394.21,2025-02-16 14:00:00
ORD_11120,CUST_0750,232.34,2025-02-16 15:00:00
ORD_11121,CUST_0364,362.67,2025-02-16 16:00:00
ORD_11122,CUST_0528,646.24,2025-02-16 17:00:00
ORD_11123,CUST_0589,242.58,2025-02-16 18:00:00
ORD_11124,CUST_0490,160.65,2025-02-16 19:00:00
ORD_11125,CUST_ORPHAN_560,114.22,2025-02-16 20:00:00
ORD_11126,CUST_0769,237.44,2025-02-16 21:00:00
ORD_11127,CUST_0330,589.44,2025-02-16 22:00:00
ORD_11128,CUST_0804,364.29,2025-02-16 23:00:00
ORD_11129,CUST_0008,186.06,2025-02-17 00:00:00
ORD_11130,CUST_0344,141.32,2025-02-17 01:00:00
ORD_11131,CUST_0439,262.89,2025-02-17 02:00:00
ORD_11132,CUST_ORPHAN_489,706.14,2025-02-17 03:00:00
ORD_11133,CUST_ORPHAN_198,270.41,2025-02-17 04:00:00
ORD_11134,CUST_0243,741.33,2025-02-17 05:00:00
ORD_11135,CUST_0220,374.22,2025-02-17 06:00:00
ORD_11136,CUST_0438,150.79,2025-02-17 07:00:00
ORD_11137,CUST_0266,670.53,2025-02-17 08:00:00
ORD_11138,CUST_0583,356.06,2025-02-17 09:00:00
ORD_11139,CUST_0220,538.06,2025-02-17 10:00:00
ORD_11140,CUST_0044,738.11,2025-02-17 11:00:00
ORD_11141,CUST_0832,56.63,2025-02-17 12:00:00
ORD_11142,CUST_ORPHAN_952,90.59,2025-02-17 13:00:00
ORD_11143,CUST_0435,545.93,2025-02-17 14:00:00
ORD_11144,CUST_ORPHAN_323,225.73,2025-02-17 15:00:00
ORD_11145,CUST_0222,154.54,2025-02-17 16:00:00
ORD_11146,CUST_0719,48.73,2025-02-17 17:00:00
ORD_11147,CUST_0727,35.95,2025-02-17 18:00:00
ORD_11148,CUST_0671,585.37,2025-02-17 19:00:00
ORD_11149,CUST_0119,118.14,2025-02-17 20:00:00
ORD_11150,CUST_0246,361.44,2025-02-17 21:00:00
ORD_11151,CUST_ORPHAN_657,462.3,2025-02-17 22:00:00
ORD_11152,CUST_0113,332.7,2025-02-17 23:00:00
ORD_11153,CUST_0048,39.79,2025-02-18 00:00:00
ORD_11154,CUST_0096,591.96,2025-02-18 01:00:00
ORD_11155,CUST_0557,27.67,2025-02-18 02:00:00
ORD_11156,CUST_ORPHAN_808,576.18,2025-02-18 03:00:00
ORD_11157,CUST_0843,672.11,2025-02-18 04:00:00
ORD_11158,CUST_0737,335.97,2025-02-18 05:00:00
ORD_11159,CUST_0741,410.95,2025-02-18 06:00:00
ORD_11160,CUST_ORPHAN_914,368.2,2025-02-18 07:00:00
ORD_11161,CUST_0664,304.12,2025-02-18 08:00:00
ORD_11162,CUST_0071,667.82,2025-02-18 09:00:00
ORD_11163,CUST_0406,672.57,2025-02-18 10:00:00
ORD_11164,CUST_0544,265.15,2025-02-18 11:00:00
ORD_11165,CUST_0323,469.0,2025-02-18 12:00:00
ORD_11166,CUST_0726,696.64,2025-02-18 13:00:00
ORD_11167,CUST_0089,722.3,2025-02-18 14:00:00
ORD_11168,CUST_0293,391.54,2025-02-18 15:00:00
ORD_11169,CUST_0335,350.56,2025-02-18 16:00:00
ORD_11170,CUST_0687,223.45,2025-02-18 17:00:00
ORD_11171,CUST_0262,719.98,2025-02-18 18:00:00
ORD_11172,CUST_0834,124.25,2025-02-18 19:00:00
ORD_11173,CUST_0589,443.28,2025-02-18 20:00:00
ORD_11174,CUST_0295,226.26,2025-02-18 21:00:00
ORD_11175,CUST_0728,223.68,2025-02-18 22:00:00
ORD_11176,CUST_0140,315.63,2025-02-18 23:00:00
ORD_11177,CUST_0764,749.12,2025-02-19 00:00:00
ORD_11178,CUST_0732,60.13,2025-02-19 01:00:00
ORD_11179,CUST_0292,442.34,2025-02-19 02:00:00
ORD_11180,CUST_0185,80.28,2025-02-19 03:00:00
ORD_11181,CUST_0030,132.8,2025-02-19 04:00:00
ORD_11182,CUST_ORPHAN_646,340.88,2025-02-19 05:00:00
ORD_11183,CUST_0080,392.64,2025-02-19 06:00:00
ORD_11184,CUST_0534,208.92,2025-02-19 07:00:00
ORD_11185,CUST_ORPHAN_244,251.01,2025-02-19 08:00:00
ORD_11186,CUST_0382,83.49,2025-02-19 09:00:00
ORD_11187,CUST_0805,241.35,2025-02-19 10:00:00
ORD_11188,CUST_0309,725.59,2025-02-19 11:00:00
ORD_11189,CUST_0658,709.64,2025-02-19 12:00:00
ORD_11190,CUST_0560,264.46,2025-02-19 13:00:00
ORD_11191,CUST_0533,436.72,2025-02-19 14:00:00
ORD_11192,CUST_0541,684.0,2025-02-19 15:00:00
ORD_11193,CUST_0643,24.51,2025-02-19 16:00:00
ORD_11194,CUST_0049,611.8,2025-02-19 17:00:00
ORD_11195,CUST_0429,712.31,2025-02-19 18:00:00
ORD_11196,CUST_0366,86.67,2025-02-19 19:00:00
ORD_11197,CUST_0118,137.86,2025-02-19 20:00:00
ORD_11198,CUST_ORPHAN_646,721.34,2025-02-19 21:00:00
ORD_11199,CUST_0168,412.4,2025-02-19 22:00:00
ORD_11200,CUST_0446,30.36,2025-02-19 23:00:00
ORD_11201,CUST_0619,208.07,2025-02-20 00:00:00
ORD_11202,CUST_0564,348.46,2025-02-20 01:00:00
ORD_11203,CUST_0225,525.82,2025-02-20 02:00:00
ORD_11204,CUST_0498,555.21,2025-02-20 03:00:00
ORD_11205,CUST_ORPHAN_504,746.66,2025-02-20 04:00:00
ORD_11206,CUST_0272,229.88,2025-02-20 05:00:00
ORD_11207,CUST_0516,412.9,2025-02-20 06:00:00
ORD_11208,CUST_0538,409.33,2025-02-20 07:00:00
ORD_11209,CUST_0474,316.12,2025-02-20 08:00:00
ORD_11210,CUST_0080,143.49,2025-02-20 09:00:00
ORD_11211,CUST_0318,733.54,2025-02-20 10:00:00
ORD_11212,CUST_0588,642.92,2025-02-20 11:00:00
ORD_11213,CUST_0698,383.78,2025-02-20 12:00:00
ORD_11214,CUST_ORPHAN_549,460.37,2025-02-20 13:00:00
ORD_11215,CUST_0714,185.9,2025-02-20 14:00:00
ORD_11216,CUST_0189,416.96,2025-02-20 15:00:00
ORD_11217,CUST_ORPHAN_338,527.33,2025-02-20 16:00:00
ORD_11218,CUST_0763,396.07,2025-02-20 17:00:00
ORD_11219,CUST_ORPHAN_657,742.91,2025-02-20 18:00:00
ORD_11220,CUST_0277,466.28,2025-02-20 19:00:00
ORD_11221,CUST_0605,290.81,2025-02-20 20:00:00
ORD_11222,CUST_0835,583.67,2025-02-20 21:00:00
ORD_11223,CUST_ORPHAN_218,144.44,2025-02-20 22:00:00
ORD_11224,CUST_0071,300.7,2025-02-20 23:00:00
ORD_11225,CUST_0104,273.28,2025-02-21 00:00:00
ORD_11226,CUST_ORPHAN_198,335.22,2025-02-21 01:00:00
ORD_11227,CUST_0139,590.7,2025-02-21 02:00:00
ORD_11228,CUST_0074,373.45,2025-02-21 03:00:00
ORD_11229,CUST_0745,599.63,2025-02-21 04:00:00
ORD_11230,CUST_0832,440.84,2025-02-21 05:00:00
ORD_11231,CUST_0233,269.71,2025-02-21 06:00:00
ORD_11232,CUST_0618,611.28,2025-02-21 07:00:00
ORD_11233,CUST_0378,193.95,2025-02-21 08:00:00
ORD_11234,CUST_0239,183.8,2025-02-21 09:00:00
ORD_11235,CUST_0186,388.29,2025-02-21 10:00:00
ORD_11236,CUST_0219,210.42,2025-02-21 11:00:00
ORD_11237,CUST_0404,26.63,2025-02-21 12:00:00
ORD_11238,CUST_0716,493.26,2025-02-21 13:00:00
ORD_11239,CUST_0522,393.1,2025-02-21 14:00:00
ORD_11240,CUST_0558,345.23,2025-02-21 15:00:00
ORD_11241,CUST_0152,725.89,2025-02-21 16:00:00
ORD_11242,CUST_0794,436.98,2025-02-21 17:00:00
ORD_11243,CUST_ORPHAN_300,650.31,2025-02-21 18:00:00
ORD_11244,CUST_0363,121.8,2025-02-21 19:00:00
ORD_11245,CUST_0510,435.52,2025-02-21 20:00:00
ORD_11246,CUST_0108,653.63,2025-02-21 21:00:00
ORD_11247,CUST_0458,445.67,2025-02-21 22:00:00
ORD_11248,CUST_0754,544.15,2025-02-21 23:00:00
ORD_11249,CUST_0665,291.59,2025-02-22 00:00:00
ORD_11250,CUST_0412,87.49,2025-02-22 01:00:00
ORD_11251,CUST_0757,354.27,2025-02-22 02:00:00
ORD_11252,CUST_0147,307.97,2025-02-22 03:00:00
ORD_11253,CUST_0677,652.95,2025-02-22 04:00:00
ORD_11254,CUST_0132,198.12,2025-02-22 05:00:00
ORD_11255,CUST_ORPHAN_489,725.72,2025-02-22 06:00:00
ORD_11256,CUST_0372,719.44,2025-02-22 07:00:00
ORD_11257,CUST_0185,200.77,2025-02-22 08:00:00
ORD_11258,CUST_0632,274.08,2025-02-22 09:00:00
ORD_11259,CUST_0203,673.76,2025-02-22 10:00:00
ORD_11260,CUST_0082,725.63,2025-02-22 11:00:00
ORD_11261,CUST_0115,343.71,2025-02-22 12:00:00
ORD_11262,CUST_ORPHAN_276,254.33,2025-02-22 13:00:00
ORD_11263,CUST_0634,404.05,2025-02-22 14:00:00
ORD_11264,CUST_ORPHAN_381,522.07,2025-02-22 15:00:00
ORD_11265,CUST_0499,219.64,2025-02-22 16:00:00
ORD_11266,CUST_0004,557.63,2025-02-22 17:00:00
ORD_11267,CUST_0416,57.71,2025-02-22 18:00:00
ORD_11268,CUST_0404,55.98,2025-02-22 19:00:00
ORD_11269,CUST_0615,301.99,2025-02-22 20:00:00
ORD_11270,CUST_ORPHAN_549,278.04,2025-02-22 21:00:00
ORD_11271,CUST_0701,250.41,2025-02-22 22:00:00
ORD_11272,CUST_0758,378.44,2025-02-22 23:00:00
ORD_11273,CUST_0448,254.14,2025-02-23 00:00:00
ORD_11274,CUST_0192,160.35,2025-02-23 01:00:00
ORD_11275,CUST_0216,245.91,2025-02-23 02:00:00
ORD_11276,CUST_ORPHAN_894,731.68,2025-02-23 03:00:00
ORD_11277,CUST_ORPHAN_473,320.11,2025-02-23 04:00:00
ORD_11278,CUST_0220,344.64,2025-02-23 05:00:00
ORD_11279,CUST_0597,440.88,2025-02-23 06:00:00
ORD_11280,CUST_ORPHAN_352,737.84,2025-02-23 07:00:00
ORD_11281,CUST_0219,196.37,2025-02-23 08:00:00
ORD_11282,CUST_ORPHAN_982,517.34,2025-02-23 09:00:00
ORD_11283,CUST_0659,542.67,2025-02-23 10:00:00
ORD_11284,CUST_0653,463.35,2025-02-23 11:00:00
ORD_11285,CUST_ORPHAN_878,84.66,2025-02-23 12:00:00
ORD_11286,CUST_0313,514.12,2025-02-23 13:00:00
ORD_11287,CUST_ORPHAN_922,66.79,2025-02-23 14:00:00
ORD_11288,CUST_0445,455.18,2025-02-23 15:00:00
ORD_11289,CUST_0097,559.89,2025-02-23 16:00:00
ORD_11290,CUST_0168,174.01,2025-02-23 17:00:00
ORD_11291,CUST_0325,634.38,2025-02-23 18:00:00
ORD_11292,CUST_0076,42.16,2025-02-23 19:00:00
ORD_11293,CUST_0760,635.98,2025-02-23 20:00:00
ORD_11294,CUST_0699,356.04,2025-02-23 21:00:00
ORD_11295,CUST_0575,178.84,2025-02-23 22:00:00
ORD_11296,CUST_0116,117.66,2025-02-23 23:00:00
ORD_11297,CUST_0671,715.91,2025-02-24 00:00:00
ORD_11298,CUST_0818,73.05,2025-02-24 01:00:00
ORD_11299,CUST_ORPHAN_104,165.34,2025-02-24 02:00:00
ORD_11300,CUST_0199,273.91,2025-02-24 03:00:00
ORD_11301,CUST_0610,472.77,2025-02-24 04:00:00
ORD_11302,CUST_0161,417.7,2025-02-24 05:00:00
ORD_11303,CUST_0180,111.72,2025-02-24 06:00:00
ORD_11304,CUST_0026,231.5,2025-02-24 07:00:00
ORD_11305,CUST_0829,194.29,2025-02-24 08:00:00
ORD_11306,CUST_0742,175.89,2025-02-24 09:00:00
ORD_11307,CUST_ORPHAN_473,320.14,2025-02-24 10:00:00
ORD_11308,CUST_0097,533.94,2025-02-24 11:00:00
ORD_11309,CUST_ORPHAN_823,178.74,2025-02-24 12:00:00
ORD_11310,CUST_ORPHAN_352,287.68,2025-02-24 13:00:00
ORD_11311,CUST_0536,305.37,2025-02-24 14:00:00
ORD_11312,CUST_0351,732.81,2025-02-24 15:00:00
ORD_11313,CUST_0622,716.91,2025-02-24 16:00:00
ORD_11314,CUST_0567,604.1,2025-02-24 17:00:00
ORD_11315,CUST_0544,196.41,2025-02-24 18:00:00
ORD_11316,CUST_0836,69.67,2025-02-24 19:00:00
ORD_11317,CUST_0052,251.34,2025-02-24 20:00:00
ORD_11318,CUST_0018,214.76,2025-02-24 21:00:00
ORD_11319,CUST_0682,389.33,2025-02-24 22:00:00
ORD_11320,CUST_0746,587.74,2025-02-24 23:00:00
ORD_11321,CUST_0676,646.58,2025-02-25 00:00:00
ORD_11322,CUST_ORPHAN_244,636.75,2025-02-25 01:00:00
ORD_11323,CUST_0194,282.56,2025-02-25 02:00:00
ORD_11324,CUST_0196,521.68,2025-02-25 03:00:00
ORD_11325,CUST_0496,248.37,2025-02-25 04:00:00
ORD_11326,CUST_0562,64.46,2025-02-25 05:00:00
ORD_11327,CUST_0015,532.14,2025-02-25 06:00:00
ORD_11328,CUST_0803,27.17,2025-02-25 07:00:00
ORD_11329,CUST_ORPHAN_922,318.7,2025-02-25 08:00:00
ORD_11330,CUST_0621,260.45,2025-02-25 09:00:00
ORD_11331,CUST_0715,526.17,2025-02-25 10:00:00
ORD_11332,CUST_0392,579.36,2025-02-25 11:00:00
ORD_11333,CUST_0722,241.99,2025-02-25 12:00:00
ORD_11334,CUST_ORPHAN_276,612.49,2025-02-25 13:00:00
ORD_11335,CUST_0695,234.56,2025-02-25 14:00:00
ORD_11336,CUST_0687,345.82,2025-02-25 15:00:00
ORD_11337,CUST_0645,550.72,2025-02-25 16:00:00
ORD_11338,CUST_0769,525.83,2025-02-25 17:00:00
ORD_11339,CUST_ORPHAN_646,740.78,2025-02-25 18:00:00
ORD_11340,CUST_0033,184.37,2025-02-25 19:00:00
ORD_11341,CUST_0121,503.49,2025-02-25 20:00:00
ORD_11342,CUST_0501,465.07,2025-02-25 21:00:00
ORD_11343,CUST_0657,688.02,2025-02-25 22:00:00
ORD_11344,CUST_0364,134.14,2025-02-25 23:00:00
ORD_11345,CUST_ORPHAN_549,568.81,2025-02-26 00:00:00
ORD_11346,CUST_0215,434.84,2025-02-26 01:00:00
ORD_11347,CUST_0664,220.51,2025-02-26 02:00:00
ORD_11348,CUST_0789,366.34,2025-02-26 03:00:00
ORD_11349,CUST_0583,263.66,2025-02-26 04:00:00
ORD_11350,CUST_0408,442.9,2025-02-26 05:00:00
ORD_11351,CUST_0368,668.97,2025-02-26 06:00:00
ORD_11352,CUST_0135,435.59,2025-02-26 07:00:00
ORD_11353,CUST_0387,481.16,2025-02-26 08:00:00
ORD_11354,CUST_0630,398.69,2025-02-26 09:00:00
ORD_11355,CUST_0062,57.35,2025-02-26 10:00:00
ORD_11356,CUST_0577,189.99,2025-02-26 11:00:00
ORD_11357,CUST_0019,379.16,2025-02-26 12:00:00
ORD_11358,CUST_0242,246.47,2025-02-26 13:00:00
ORD_11359,CUST_0512,152.69,2025-02-26 14:00:00
ORD_11360,CUST_0063,388.02,2025-02-26 15:00:00
ORD_11361,CUST_0007,255.65,2025-02-26 16:00:00
ORD_11362,CUST_ORPHAN_484,208.42,2025-02-26 17:00:00
ORD_11363,CUST_0131,358.71,2025-02-26 18:00:00
ORD_11364,CUST_0031,117.3,2025-02-26 19:00:00
ORD_11365,CUST_0044,697.25,2025-02-26 20:00:00
ORD_11366,CUST_0778,653.42,2025-02-26 21:00:00
ORD_11367,CUST_0362,536.56,2025-02-26 22:00:00
ORD_11368,CUST_0123,97.54,2025-02-26 23:00:00
ORD_11369,CUST_0029,586.39,2025-02-27 00:00:00
ORD_11370,CUST_0281,609.81,2025-02-27 01:00:00
ORD_11371,CUST_0591,580.47,2025-02-27 02:00:00
ORD_11372,CUST_0315,103.2,2025-02-27 03:00:00
ORD_11373,CUST_0361,490.05,2025-02-27 04:00:00
ORD_11374,CUST_0568,629.06,2025-02-27 05:00:00
ORD_11375,CUST_0010,441.47,2025-02-27 06:00:00
ORD_11376,CUST_0678,491.88,2025-02-27 07:00:00
ORD_11377,CUST_0015,354.61,2025-02-27 08:00:00
ORD_11378,CUST_ORPHAN_244,405.96,2025-02-27 09:00:00
ORD_11379,CUST_ORPHAN_104,45.1,2025-02-27 10:00:00
ORD_11380,CUST_0423,486.44,2025-02-27 11:00:00
ORD_11381,CUST_0814,79.46,2025-02-27 12:00:00
ORD_11382,CUST_0093,337.56,2025-02-27 13:00:00
ORD_11383,CUST_0721,233.64,2025-02-27 14:00:00
ORD_11384,CUST_0565,418.16,2025-02-27 15:00:00
ORD_11385,CUST_ORPHAN_164,117.39,2025-02-27 16:00:00
ORD_11386,CUST_0691,524.9,2025-02-27 17:00:00
ORD_11387,CUST_0603,600.36,2025-02-27 18:00:00
ORD_11388,CUST_0227,139.25,2025-02-27 19:00:00
ORD_11389,CUST_ORPHAN_897,96.15,2025-02-27 20:00:00
ORD_11390,CUST_0751,126.23,2025-02-27 21:00:00
ORD_11391,CUST_0081,660.3,2025-02-27 22:00:00
ORD_11392,CUST_ORPHAN_823,405.58,2025-02-27 23:00:00
ORD_11393,CUST_ORPHAN_109,361.1,2025-02-28 00:00:00
ORD_11394,CUST_0319,97.9,2025-02-28 01:00:00
ORD_11395,CUST_0060,494.18,2025-02-28 02:00:00
ORD_11396,CUST_0275,653.64,2025-02-28 03:00:00
ORD_11397,CUST_ORPHAN_926,624.58,2025-02-28 04:00:00
ORD_11398,CUST_0512,477.02,2025-02-28 05:00:00
ORD_11399,CUST_0791,74.95,2025-02-28 06:00:00
ORD_11400,CUST_0150,102.05,2025-02-28 07:00:00
ORD_11401,CUST_0020,56.0,2025-02-28 08:00:00
ORD_11402,CUST_0266,207.96,2025-02-28 09:00:00
ORD_11403,CUST_0165,119.03,2025-02-28 10:00:00
ORD_11404,CUST_0042,209.84,2025-02-28 11:00:00
ORD_11405,CUST_0434,301.09,2025-02-28 12:00:00
ORD_11406,CUST_ORPHAN_897,708.38,2025-02-28 13:00:00
ORD_11407,CUST_0203,465.57,2025-02-28 14:00:00
ORD_11408,CUST_0296,629.53,2025-02-28 15:00:00
ORD_11409,CUST_ORPHAN_198,538.56,2025-02-28 16:00:00
ORD_11410,CUST_0556,102.13,2025-02-28 17:00:00
ORD_11411,CUST_0299,557.22,2025-02-28 18:00:00
ORD_11412,CUST_0069,220.82,2025-02-28 19:00:00
ORD_11413,CUST_0760,486.55,2025-02-28 20:00:00
ORD_11414,CUST_0737,268.9,2025-02-28 21:00:00
ORD_11415,CUST_0439,748.3,2025-02-28 22:00:00
ORD_11416,CUST_ORPHAN_300,212.39,2025-02-28 23:00:00
ORD_11417,CUST_0094,223.77,2025-03-01 00:00:00
ORD_11418,CUST_0151,699.39,2025-03-01 01:00:00
ORD_11419,CUST_0757,37.99,2025-03-01 02:00:00
ORD_11420,CUST_0782,528.58,2025-03-01 03:00:00
ORD_11421,CUST_0614,549.49,2025-03-01 04:00:00
ORD_11422,CUST_0091,630.56,2025-03-01 05:00:00
ORD_11423,CUST_0187,731.34,2025-03-01 06:00:00
ORD_11424,CUST_0059,732.19,2025-03-01 07:00:00
ORD_11425,CUST_0377,67.65,2025-03-01 08:00:00
ORD_11426,CUST_0707,619.94,2025-03-01 09:00:00
ORD_11427,CUST_0010,491.81,2025-03-01 10:00:00
ORD_11428,CUST_0580,492.56,2025-03-01 11:00:00
ORD_11429,CUST_0235,113.7,2025-03-01 12:00:00
ORD_11430,CUST_ORPHAN_926,494.64,2025-03-01 13:00:00
ORD_11431,CUST_0379,737.21,2025-03-01 14:00:00
ORD_11432,CUST_0392,685.63,2025-03-01 15:00:00
ORD_11433,CUST_0445,340.57,2025-03-01 16:00:00
ORD_11434,CUST_0381,49.16,2025-03-01 17:00:00
ORD_11435,CUST_0583,284.47,2025-03-01 18:00:00
ORD_11436,CUST_0514,623.26,2025-03-01 19:00:00
ORD_11437,CUST_0468,532.09,2025-03-01 20:00:00
ORD_11438,CUST_0371,355.32,2025-03-01 21:00:00
ORD_11439,CUST_ORPHAN_709,60.22,2025-03-01 22:00:00
ORD_11440,CUST_0651,331.63,2025-03-01 23:00:00
ORD_11441,CUST_0842,362.39,2025-03-02 00:00:00
ORD_11442,CUST_0238,697.85,2025-03-02 01:00:00
ORD_11443,CUST_0340,487.99,2025-03-02 02:00:00
ORD_11444,CUST_0176,247.51,2025-03-02 03:00:00
ORD_11445,CUST_0803,403.48,2025-03-02 04:00:00
ORD_11446,CUST_0078,68.22,2025-03-02 05:00:00
ORD_11447,CUST_0638,729.97,2025-03-02 06:00:00
ORD_11448,CUST_0046,282.84,2025-03-02 07:00:00
ORD_11449,CUST_0411,368.84,2025-03-02 08:00:00
ORD_11450,CUST_0247,279.36,2025-03-02 09:00:00
ORD_11451,CUST_ORPHAN_323,518.23,2025-03-02 10:00:00
ORD_11452,CUST_ORPHAN_560,503.43,2025-03-02 11:00:00
ORD_11453,CUST_0427,542.19,2025-03-02 12:00:00
ORD_11454,CUST_ORPHAN_323,215.74,2025-03-02 13:00:00
ORD_11455,CUST_0148,250.44,2025-03-02 14:00:00
ORD_11456,CUST_0181,111.43,2025-03-02 15:00:00
ORD_11457,CUST_0426,498.52,2025-03-02 16:00:00
ORD_11458,CUST_0569,49.05,2025-03-02 17:00:00
ORD_11459,CUST_0260,456.31,2025-03-02 18:00:00
ORD_11460,CUST_0284,654.88,2025-03-02 19:00:00
ORD_11461,CUST_0776,670.31,2025-03-02 20:00:00
ORD_11462,CUST_0733,347.8,2025-03-02 21:00:00
ORD_11463,CUST_ORPHAN_657,355.29,2025-03-02 22:00:00
ORD_11464,CUST_0474,76.19,2025-03-02 23:00:00
ORD_11465,CUST_0296,509.66,2025-03-03 00:00:00
ORD_11466,CUST_ORPHAN_352,619.52,2025-03-03 01:00:00
ORD_11467,CUST_0144,198.6,2025-03-03 02:00:00
ORD_11468,CUST_0799,327.55,2025-03-03 03:00:00
ORD_11469,CUST_0806,632.35,2025-03-03 04:00:00
ORD_11470,CUST_0709,660.3,2025-03-03 05:00:00
ORD_11471,CUST_0310,197.52,2025-03-03 06:00:00
ORD_11472,CUST_ORPHAN_808,421.92,2025-03-03 07:00:00
ORD_11473,CUST_ORPHAN_900,160.52,2025-03-03 08:00:00
ORD_11474,CUST_0041,94.37,2025-03-03 09:00:00
ORD_11475,CUST_0292,685.12,2025-03-03 10:00:00
ORD_11476,CUST_0713,618.97,2025-03-03 11:00:00
ORD_11477,CUST_0837,574.83,2025-03-03 12:00:00
ORD_11478,CUST_0783,55.6,2025-03-03 13:00:00
ORD_11479,CUST_0413,635.92,2025-03-03 14:00:00
ORD_11480,CUST_0258,339.77,2025-03-03 15:00:00
ORD_11481,CUST_0508,269.95,2025-03-03 16:00:00
ORD_11482,CUST_0712,418.93,2025-03-03 17:00:00
ORD_11483,CUST_0100,86.69,2025-03-03 18:00:00
ORD_11484,CUST_0115,572.35,2025-03-03 19:00:00
ORD_11485,CUST_0745,445.18,2025-03-03 20:00:00
ORD_11486,CUST_0446,156.21,2025-03-03 21:00:00
ORD_11487,CUST_ORPHAN_338,157.41,2025-03-03 22:00:00
ORD_11488,CUST_0775,154.5,2025-03-03 23:00:00
ORD_11489,CUST_0095,61.61,2025-03-04 00:00:00
ORD_11490,CUST_0060,449.09,2025-03-04 01:00:00
ORD_11491,CUST_0599,633.45,2025-03-04 02:00:00
ORD_11492,CUST_0308,32.77,2025-03-04 03:00:00
ORD_11493,CUST_0738,55.77,2025-03-04 04:00:00
ORD_11494,CUST_0723,438.12,2025-03-04 05:00:00
ORD_11495,CUST_ORPHAN_922,618.23,2025-03-04 06:00:00
ORD_11496,CUST_0588,258.52,2025-03-04 07:00:00
ORD_11497,CUST_0367,275.22,2025-03-04 08:00:00
ORD_11498,CUST_0382,455.33,2025-03-04 09:00:00
ORD_11499,CUST_0108,220.18,2025-03-04 10:00:00
ORD_11500,CUST_ORPHAN_601,39.42,2025-03-04 11:00:00
ORD_11501,CUST_0693,556.72,2025-03-04 12:00:00
ORD_11502,CUST_0100,476.72,2025-03-04 13:00:00
ORD_11503,CUST_0428,443.95,2025-03-04 14:00:00
ORD_11504,CUST_0020,561.43,2025-03-04 15:00:00
ORD_11505,CUST_0230,512.92,2025-03-04 16:00:00
ORD_11506,CUST_0669,170.29,2025-03-04 17:00:00
ORD_11507,CUST_0219,277.31,2025-03-04 18:00:00
ORD_11508,CUST_ORPHAN_484,112.06,2025-03-04 19:00:00
ORD_11509,CUST_0233,114.8,2025-03-04 20:00:00
ORD_11510,CUST_0650,513.62,2025-03-04 21:00:00
ORD_11511,CUST_0722,646.78,2025-03-04 22:00:00
ORD_11512,CUST_0758,722.79,2025-03-04 23:00:00
ORD_11513,CUST_0586,478.69,2025-03-05 00:00:00
ORD_11514,CUST_0135,154.39,2025-03-05 01:00:00
ORD_11515,CUST_0594,97.12,2025-03-05 02:00:00
ORD_11516,CUST_0311,613.38,2025-03-05 03:00:00
ORD_11517,CUST_0778,442.49,2025-03-05 04:00:00
ORD_11518,CUST_0532,471.35,2025-03-05 05:00:00
ORD_11519,CUST_0169,590.47,2025-03-05 06:00:00
ORD_11520,CUST_0564,533.39,2025-03-05 07:00:00
ORD_11521,CUST_0337,629.15,2025-03-05 08:00:00
ORD_11522,CUST_0642,61.04,2025-03-05 09:00:00
ORD_11523,CUST_0406,565.69,2025-03-05 10:00:00
ORD_11524,CUST_ORPHAN_897,641.12,2025-03-05 11:00:00
ORD_11525,CUST_0808,228.88,2025-03-05 12:00:00
ORD_11526,CUST_0221,487.53,2025-03-05 13:00:00
ORD_11527,CUST_0326,249.34,2025-03-05 14:00:00
ORD_11528,CUST_0045,719.32,2025-03-05 15:00:00
ORD_11529,CUST_0518,44.4,2025-03-05 16:00:00
ORD_11530,CUST_0184,443.25,2025-03-05 17:00:00
ORD_11531,CUST_ORPHAN_894,141.55,2025-03-05 18:00:00
ORD_11532,CUST_0765,539.92,2025-03-05 19:00:00
ORD_11533,CUST_0218,148.4,2025-03-05 20:00:00
ORD_11534,CUST_0677,191.83,2025-03-05 21:00:00
ORD_11535,CUST_0717,380.89,2025-03-05 22:00:00
ORD_11536,CUST_0303,687.83,2025-03-05 23:00:00
ORD_11537,CUST_ORPHAN_657,174.55,2025-03-06 00:00:00
ORD_11538,CUST_0464,125.3,2025-03-06 01:00:00
ORD_11539,CUST_0166,574.05,2025-03-06 02:00:00
ORD_11540,CUST_0203,385.45,2025-03-06 03:00:00
ORD_11541,CUST_0438,685.6,2025-03-06 04:00:00
ORD_11542,CUST_0760,127.03,2025-03-06 05:00:00
ORD_11543,CUST_ORPHAN_350,491.53,2025-03-06 06:00:00
ORD_11544,CUST_0008,190.0,2025-03-06 07:00:00
ORD_11545,CUST_0577,134.44,2025-03-06 08:00:00
ORD_11546,CUST_0260,518.9,2025-03-06 09:00:00
ORD_11547,CUST_0215,453.39,2025-03-06 10:00:00
ORD_11548,CUST_0527,571.02,2025-03-06 11:00:00
ORD_11549,CUST_0772,245.91,2025-03-06 12:00:00
ORD_11550,CUST_0805,347.02,2025-03-06 13:00:00
ORD_11551,CUST_0157,315.99,2025-03-06 14:00:00
ORD_11552,CUST_0270,738.39,2025-03-06 15:00:00
ORD_11553,CUST_0761,233.34,2025-03-06 16:00:00
ORD_11554,CUST_ORPHAN_381,235.22,2025-03-06 17:00:00
ORD_11555,CUST_0197,278.82,2025-03-06 18:00:00
ORD_11556,CUST_0258,432.15,2025-03-06 19:00:00
ORD_11557,CUST_ORPHAN_617,204.2,2025-03-06 20:00:00
ORD_11558,CUST_0663,688.16,2025-03-06 21:00:00
ORD_11559,CUST_0478,213.95,2025-03-06 22:00:00
ORD_11560,CUST_ORPHAN_922,673.95,2025-03-06 23:00:00
ORD_11561,CUST_0207,95.54,2025-03-07 00:00:00
ORD_11562,CUST_ORPHAN_601,499.29,2025-03-07 01:00:00
ORD_11563,CUST_0038,682.1,2025-03-07 02:00:00
ORD_11564,CUST_0401,143.19,2025-03-07 03:00:00
ORD_11565,CUST_0430,726.88,2025-03-07 04:00:00
ORD_11566,CUST_0627,350.6,2025-03-07 05:00:00
ORD_11567,CUST_0569,710.37,2025-03-07 06:00:00
ORD_11568,CUST_0763,514.08,2025-03-07 07:00:00
ORD_11569,CUST_0238,240.16,2025-03-07 08:00:00
ORD_11570,CUST_0768,157.46,2025-03-07 09:00:00
ORD_11571,CUST_ORPHAN_276,241.73,2025-03-07 10:00:00
ORD_11572,CUST_0140,87.9,2025-03-07 11:00:00
ORD_11573,CUST_0427,125.02,2025-03-07 12:00:00
ORD_11574,CUST_0263,96.4,2025-03-07 13:00:00
ORD_11575,CUST_0300,328.75,2025-03-07 14:00:00
ORD_11576,CUST_0492,600.77,2025-03-07 15:00:00
ORD_11577,CUST_0120,123.21,2025-03-07 16:00:00
ORD_11578,CUST_ORPHAN_894,115.13,2025-03-07 17:00:00
ORD_11579,CUST_0464,489.7,2025-03-07 18:00:00
ORD_11580,CUST_0545,163.94,2025-03-07 19:00:00
ORD_11581,CUST_0408,91.26,2025-03-07 20:00:00
ORD_11582,CUST_ORPHAN_900,141.8,2025-03-07 21:00:00
ORD_11583,CUST_0595,694.32,2025-03-07 22:00:00
ORD_11584,CUST_0228,619.67,2025-03-07 23:00:00
ORD_11585,CUST_0451,278.47,2025-03-08 00:00:00
ORD_11586,CUST_0814,498.75,2025-03-08 01:00:00
ORD_11587,CUST_0502,412.21,2025-03-08 02:00:00
ORD_11588,CUST_0519,514.3,2025-03-08 03:00:00
ORD_11589,CUST_0578,518.35,2025-03-08 04:00:00
ORD_11590,CUST_0813,478.98,2025-03-08 05:00:00
ORD_11591,CUST_ORPHAN_549,214.25,2025-03-08 06:00:00
ORD_11592,CUST_0764,48.47,2025-03-08 07:00:00
ORD_11593,CUST_0690,352.56,2025-03-08 08:00:00
ORD_11594,CUST_ORPHAN_473,670.41,2025-03-08 09:00:00
ORD_11595,CUST_0325,435.73,2025-03-08 10:00:00
ORD_11596,CUST_0468,627.65,2025-03-08 11:00:00
ORD_11597,CUST_0452,743.89,2025-03-08 12:00:00
ORD_11598,CUST_ORPHAN_900,139.44,2025-03-08 13:00:00
ORD_11599,CUST_0420,525.0,2025-03-08 14:00:00
ORD_11600,CUST_ORPHAN_560,512.23,2025-03-08 15:00:00
ORD_11601,CUST_0729,735.37,2025-03-08 16:00:00
ORD_11602,CUST_ORPHAN_338,739.49,2025-03-08 17:00:00
ORD_11603,CUST_0719,521.28,2025-03-08 18:00:00
ORD_11604,CUST_0025,197.84,2025-03-08 19:00:00
ORD_11605,CUST_0556,602.95,2025-03-08 20:00:00
ORD_11606,CUST_0414,98.13,2025-03-08 21:00:00
ORD_11607,CUST_0525,589.91,2025-03-08 22:00:00
ORD_11608,CUST_0150,684.44,2025-03-08 23:00:00
ORD_11609,CUST_0850,299.47,2025-03-09 00:00:00
ORD_11610,CUST_0475,480.36,2025-03-09 01:00:00
ORD_11611,CUST_0613,334.0,2025-03-09 02:00:00
ORD_11612,CUST_0627,339.57,2025-03-09 03:00:00
ORD_11613,CUST_0193,246.57,2025-03-09 04:00:00
ORD_11614,CUST_ORPHAN_610,576.35,2025-03-09 05:00:00
ORD_11615,CUST_0342,703.41,2025-03-09 06:00:00
ORD_11616,CUST_ORPHAN_788,706.75,2025-03-09 07:00:00
ORD_11617,CUST_0781,147.59,2025-03-09 08:00:00
ORD_11618,CUST_ORPHAN_610,658.56,2025-03-09 09:00:00
ORD_11619,CUST_0075,558.32,2025-03-09 10:00:00
ORD_11620,CUST_0489,204.57,2025-03-09 11:00:00
ORD_11621,CUST_0035,69.12,2025-03-09 12:00:00
ORD_11622,CUST_ORPHAN_352,215.64,2025-03-09 13:00:00
ORD_11623,CUST_0794,685.91,2025-03-09 14:00:00
ORD_11624,CUST_ORPHAN_245,482.22,2025-03-09 15:00:00
ORD_11625,CUST_0444,546.37,2025-03-09 16:00:00
ORD_11626,CUST_ORPHAN_109,207.72,2025-03-09 17:00:00
ORD_11627,CUST_ORPHAN_831,545.15,2025-03-09 18:00:00
ORD_11628,CUST_0540,40.53,2025-03-09 19:00:00
ORD_11629,CUST_0706,293.98,2025-03-09 20:00:00
ORD_11630,CUST_0847,477.53,2025-03-09 21:00:00
ORD_11631,CUST_ORPHAN_982,126.65,2025-03-09 22:00:00
ORD_11632,CUST_0369,620.79,2025-03-09 23:00:00
ORD_11633,CUST_0718,191.57,2025-03-10 00:00:00
ORD_11634,CUST_0302,496.17,2025-03-10 01:00:00
ORD_11635,CUST_0037,315.79,2025-03-10 02:00:00
ORD_11636,CUST_0616,455.11,2025-03-10 03:00:00
ORD_11637,CUST_0442,98.44,2025-03-10 04:00:00
ORD_11638,CUST_0523,32.35,2025-03-10 05:00:00
ORD_11639,CUST_0662,683.98,2025-03-10 06:00:00
ORD_11640,CUST_0065,216.83,2025-03-10 07:00:00
ORD_11641,CUST_0192,618.36,2025-03-10 08:00:00
ORD_11642,CUST_0506,749.53,2025-03-10 09:00:00
ORD_11643,CUST_0109,174.34,2025-03-10 10:00:00
ORD_11644,CUST_0175,213.57,2025-03-10 11:00:00
ORD_11645,CUST_0790,503.89,2025-03-10 12:00:00
ORD_11646,CUST_0064,724.78,2025-03-10 13:00:00
ORD_11647,CUST_0749,688.54,2025-03-10 14:00:00
ORD_11648,CUST_0511,387.1,2025-03-10 15:00:00
ORD_11649,CUST_0671,600.43,2025-03-10 16:00:00
ORD_11650,CUST_0222,119.09,2025-03-10 17:00:00
ORD_11651,CUST_ORPHAN_617,733.53,2025-03-10 18:00:00
ORD_11652,CUST_0514,723.98,2025-03-10 19:00:00
ORD_11653,CUST_0422,139.52,2025-03-10 20:00:00
ORD_11654,CUST_0600,238.58,2025-03-10 21:00:00
ORD_11655,CUST_0226,93.11,2025-03-10 22:00:00
ORD_11656,CUST_0051,218.35,2025-03-10 23:00:00
ORD_11657,CUST_0477,615.65,2025-03-11 00:00:00
ORD_11658,CUST_0848,296.17,2025-03-11 01:00:00
ORD_11659,CUST_0836,84.53,2025-03-11 02:00:00
ORD_11660,CUST_0631,269.82,2025-03-11 03:00:00
ORD_11661,CUST_0767,736.41,2025-03-11 04:00:00
ORD_11662,CUST_0313,479.67,2025-03-11 05:00:00
ORD_11663,CUST_ORPHAN_976,323.8,2025-03-11 06:00:00
ORD_11664,CUST_0509,141.57,2025-03-11 07:00:00
ORD_11665,CUST_0167,739.91,2025-03-11 08:00:00
ORD_11666,CUST_0387,619.22,2025-03-11 09:00:00
ORD_11667,CUST_0335,225.48,2025-03-11 10:00:00
ORD_11668,CUST_0328,71.15,2025-03-11 11:00:00
ORD_11669,CUST_0175,61.34,2025-03-11 12:00:00
ORD_11670,CUST_0372,107.88,2025-03-11 13:00:00
ORD_11671,CUST_0774,443.96,2025-03-11 14:00:00
ORD_11672,CUST_0270,698.0,2025-03-11 15:00:00
ORD_11673,CUST_0104,382.62,2025-03-11 16:00:00
ORD_11674,CUST_0368,635.35,2025-03-11 17:00:00
ORD_11675,CUST_0552,345.5,2025-03-11 18:00:00
ORD_11676,CUST_0660,537.27,2025-03-11 19:00:00
ORD_11677,CUST_0707,554.27,2025-03-11 20:00:00
ORD_11678,CUST_0748,146.99,2025-03-11 21:00:00
ORD_11679,CUST_0758,283.69,2025-03-11 22:00:00
ORD_11680,CUST_0365,485.23,2025-03-11 23:00:00
ORD_11681,CUST_0549,71.61,2025-03-12 00:00:00
ORD_11682,CUST_0319,283.92,2025-03-12 01:00:00
ORD_11683,CUST_0534,410.4,2025-03-12 02:00:00
ORD_11684,CUST_0384,747.24,2025-03-12 03:00:00
ORD_11685,CUST_0809,366.41,2025-03-12 04:00:00
ORD_11686,CUST_0153,615.72,2025-03-12 05:00:00
ORD_11687,CUST_0841,335.41,2025-03-12 06:00:00
ORD_11688,CUST_0687,601.37,2025-03-12 07:00:00
ORD_11689,CUST_0734,454.65,2025-03-12 08:00:00
ORD_11690,CUST_0785,667.21,2025-03-12 09:00:00
ORD_11691,CUST_0777,319.99,2025-03-12 10:00:00
ORD_11692,CUST_0726,461.14,2025-03-12 11:00:00
ORD_11693,CUST_0171,479.91,2025-03-12 12:00:00
ORD_11694,CUST_0654,324.69,2025-03-12 13:00:00
ORD_11695,CUST_ORPHAN_693,125.35,2025-03-12 14:00:00
ORD_11696,CUST_0612,88.3,2025-03-12 15:00:00
ORD_11697,CUST_0259,32.17,2025-03-12 16:00:00
ORD_11698,CUST_0346,657.68,2025-03-12 17:00:00
ORD_11699,CUST_0767,192.63,2025-03-12 18:00:00
ORD_11700,CUST_0415,174.4,2025-03-12 19:00:00
ORD_11701,CUST_0689,557.31,2025-03-12 20:00:00
ORD_11702,CUST_0032,253.61,2025-03-12 21:00:00
ORD_11703,CUST_0376,389.41,2025-03-12 22:00:00
ORD_11704,CUST_0088,138.63,2025-03-12 23:00:00
ORD_11705,CUST_0587,720.61,2025-03-13 00:00:00
ORD_11706,CUST_0154,641.65,2025-03-13 01:00:00
ORD_11707,CUST_0753,650.57,2025-03-13 02:00:00
ORD_11708,CUST_0019,316.94,2025-03-13 03:00:00
ORD_11709,CUST_0310,576.52,2025-03-13 04:00:00
ORD_11710,CUST_0648,125.03,2025-03-13 05:00:00
ORD_11711,CUST_0609,26.29,2025-03-13 06:00:00
ORD_11712,CUST_0590,34.58,2025-03-13 07:00:00
ORD_11713,CUST_ORPHAN_489,448.22,2025-03-13 08:00:00
ORD_11714,CUST_0804,352.44,2025-03-13 09:00:00
ORD_11715,CUST_0208,398.15,2025-03-13 10:00:00
ORD_11716,CUST_0840,25.45,2025-03-13 11:00:00
ORD_11717,CUST_0496,328.56,2025-03-13 12:00:00
ORD_11718,CUST_0556,544.19,2025-03-13 13:00:00
ORD_11719,CUST_0660,343.17,2025-03-13 14:00:00
ORD_11720,CUST_0206,554.52,2025-03-13 15:00:00
ORD_11721,CUST_0585,190.1,2025-03-13 16:00:00
ORD_11722,CUST_0286,613.59,2025-03-13 17:00:00
ORD_11723,CUST_0014,449.55,2025-03-13 18:00:00
ORD_11724,CUST_0019,173.86,2025-03-13 19:00:00
ORD_11725,CUST_0702,192.81,2025-03-13 20:00:00
ORD_11726,CUST_0106,478.46,2025-03-13 21:00:00
ORD_11727,CUST_0306,625.86,2025-03-13 22:00:00
ORD_11728,CUST_0785,323.41,2025-03-13 23:00:00
ORD_11729,CUST_0343,208.56,2025-03-14 00:00:00
ORD_11730,CUST_ORPHAN_323,652.92,2025-03-14 01:00:00
ORD_11731,CUST_0777,508.57,2025-03-14 02:00:00
ORD_11732,CUST_0685,347.1,2025-03-14 03:00:00
ORD_11733,CUST_0212,376.17,2025-03-14 04:00:00
ORD_11734,CUST_0844,169.11,2025-03-14 05:00:00
ORD_11735,CUST_0071,477.57,2025-03-14 06:00:00
ORD_11736,CUST_ORPHAN_109,281.88,2025-03-14 07:00:00
ORD_11737,CUST_0367,746.82,2025-03-14 08:00:00
ORD_11738,CUST_0689,370.53,2025-03-14 09:00:00
ORD_11739,CUST_0212,374.7,2025-03-14 10:00:00
ORD_11740,CUST_0491,433.07,2025-03-14 11:00:00
ORD_11741,CUST_0259,689.23,2025-03-14 12:00:00
ORD_11742,CUST_0812,604.6,2025-03-14 13:00:00
ORD_11743,CUST_ORPHAN_245,349.32,2025-03-14 14:00:00
ORD_11744,CUST_0680,544.65,2025-03-14 15:00:00
ORD_11745,CUST_0400,447.95,2025-03-14 16:00:00
ORD_11746,CUST_0756,379.43,2025-03-14 17:00:00
ORD_11747,CUST_ORPHAN_104,160.39,2025-03-14 18:00:00
ORD_11748,CUST_0566,358.67,2025-03-14 19:00:00
ORD_11749,CUST_0032,199.45,2025-03-14 20:00:00
ORD_11750,CUST_0683,687.83,2025-03-14 21:00:00
ORD_11751,CUST_ORPHAN_617,264.85,2025-03-14 22:00:00
ORD_11752,CUST_0681,715.15,2025-03-14 23:00:00
ORD_11753,CUST_0181,409.13,2025-03-15 00:00:00
ORD_11754,CUST_0846,481.03,2025-03-15 01:00:00
ORD_11755,CUST_0218,416.35,2025-03-15 02:00:00
ORD_11756,CUST_0418,114.45,2025-03-15 03:00:00
ORD_11757,CUST_ORPHAN_198,294.35,2025-03-15 04:00:00
ORD_11758,CUST_0279,92.38,2025-03-15 05:00:00
ORD_11759,CUST_0047,474.76,2025-03-15 06:00:00
ORD_11760,CUST_0113,346.22,2025-03-15 07:00:00
ORD_11761,CUST_0355,587.93,2025-03-15 08:00:00
ORD_11762,CUST_0093,180.94,2025-03-15 09:00:00
ORD_11763,CUST_0433,140.13,2025-03-15 10:00:00
ORD_11764,CUST_0290,316.62,2025-03-15 11:00:00
ORD_11765,CUST_0178,696.41,2025-03-15 12:00:00
ORD_11766,CUST_0536,538.61,2025-03-15 13:00:00
ORD_11767,CUST_0710,325.81,2025-03-15 14:00:00
ORD_11768,CUST_0144,397.61,2025-03-15 15:00:00
ORD_11769,CUST_0338,81.48,2025-03-15 16:00:00
ORD_11770,CUST_0189,738.74,2025-03-15 17:00:00
ORD_11771,CUST_0231,506.48,2025-03-15 18:00:00
ORD_11772,CUST_0457,228.34,2025-03-15 19:00:00
ORD_11773,CUST_0330,447.64,2025-03-15 20:00:00
ORD_11774,CUST_0528,99.92,2025-03-15 21:00:00
ORD_11775,CUST_0707,725.06,2025-03-15 22:00:00
ORD_11776,CUST_0728,147.59,2025-03-15 23:00:00
ORD_11777,CUST_0271,493.06,2025-03-16 00:00:00
ORD_11778,CUST_0830,199.18,2025-03-16 01:00:00
ORD_11779,CUST_ORPHAN_926,543.82,2025-03-16 02:00:00
ORD_11780,CUST_0736,587.08,2025-03-16 03:00:00
ORD_11781,CUST_0141,511.6,2025-03-16 04:00:00
ORD_11782,CUST_0475,468.58,2025-03-16 05:00:00
ORD_11783,CUST_0289,671.5,2025-03-16 06:00:00
ORD_11784,CUST_ORPHAN_808,77.4,2025-03-16 07:00:00
ORD_11785,CUST_0112,261.57,2025-03-16 08:00:00
ORD_11786,CUST_0321,201.25,2025-03-16 09:00:00
ORD_11787,CUST_0542,741.25,2025-03-16 10:00:00
ORD_11788,CUST_0099,304.25,2025-03-16 11:00:00
ORD_11789,CUST_0221,554.81,2025-03-16 12:00:00
ORD_11790,CUST_0640,519.85,2025-03-16 13:00:00
ORD_11791,CUST_0628,174.82,2025-03-16 14:00:00
ORD_11792,CUST_0289,194.47,2025-03-16 15:00:00
ORD_11793,CUST_0362,225.34,2025-03-16 16:00:00
ORD_11794,CUST_0084,320.12,2025-03-16 17:00:00
ORD_11795,CUST_0553,191.06,2025-03-16 18:00:00
ORD_11796,CUST_0791,34.35,2025-03-16 19:00:00
ORD_11797,CUST_0016,661.96,2025-03-16 20:00:00
ORD_11798,CUST_0462,724.9,2025-03-16 21:00:00
ORD_11799,CUST_0405,269.35,2025-03-16 22:00:00
ORD_11800,CUST_0694,267.11,2025-03-16 23:00:00
ORD_11801,CUST_0552,25.18,2025-03-17 00:00:00
ORD_11802,CUST_0133,516.58,2025-03-17 01:00:00
ORD_11803,CUST_ORPHAN_610,622.57,2025-03-17 02:00:00
ORD_11804,CUST_0458,127.02,2025-03-17 03:00:00
ORD_11805,CUST_0199,136.56,2025-03-17 04:00:00
ORD_11806,CUST_0757,596.76,2025-03-17 05:00:00
ORD_11807,CUST_0792,469.89,2025-03-17 06:00:00
ORD_11808,CUST_0403,52.75,2025-03-17 07:00:00
ORD_11809,CUST_0515,474.46,2025-03-17 08:00:00
ORD_11810,CUST_ORPHAN_473,245.51,2025-03-17 09:00:00
ORD_11811,CUST_0099,289.17,2025-03-17 10:00:00
ORD_11812,CUST_ORPHAN_218,581.9,2025-03-17 11:00:00
ORD_11813,CUST_0658,611.98,2025-03-17 12:00:00
ORD_11814,CUST_0824,312.26,2025-03-17 13:00:00
ORD_11815,CUST_0651,711.42,2025-03-17 14:00:00
ORD_11816,CUST_ORPHAN_484,316.72,2025-03-17 15:00:00
ORD_11817,CUST_0709,583.44,2025-03-17 16:00:00
ORD_11818,CUST_0012,373.23,2025-03-17 17:00:00
ORD_11819,CUST_0733,675.2,2025-03-17 18:00:00
ORD_11820,CUST_0416,682.67,2025-03-17 19:00:00
ORD_11821,CUST_0166,83.81,2025-03-17 20:00:00
ORD_11822,CUST_0402,703.64,2025-03-17 21:00:00
ORD_11823,CUST_0283,622.64,2025-03-17 22:00:00
ORD_11824,CUST_0575,597.66,2025-03-17 23:00:00
ORD_11825,CUST_0367,166.67,2025-03-18 00:00:00
ORD_11826,CUST_0766,607.74,2025-03-18 01:00:00
ORD_11827,CUST_0721,640.6,2025-03-18 02:00:00
ORD_11828,CUST_0039,231.08,2025-03-18 03:00:00
ORD_11829,CUST_0315,715.15,2025-03-18 04:00:00
ORD_11830,CUST_0570,56.4,2025-03-18 05:00:00
ORD_11831,CUST_0463,129.43,2025-03-18 06:00:00
ORD_11832,CUST_0578,412.43,2025-03-18 07:00:00
ORD_11833,CUST_ORPHAN_900,440.33,2025-03-18 08:00:00
ORD_11834,CUST_0232,490.96,2025-03-18 09:00:00
ORD_11835,CUST_0672,32.39,2025-03-18 10:00:00
ORD_11836,CUST_0114,721.07,2025-03-18 11:00:00
ORD_11837,CUST_0111,52.55,2025-03-18 12:00:00
ORD_11838,CUST_0323,124.44,2025-03-18 13:00:00
ORD_11839,CUST_0810,30.23,2025-03-18 14:00:00
ORD_11840,CUST_0265,433.81,2025-03-18 15:00:00
ORD_11841,CUST_0781,700.55,2025-03-18 16:00:00
ORD_11842,CUST_0011,506.14,2025-03-18 17:00:00
ORD_11843,CUST_0021,620.54,2025-03-18 18:00:00
ORD_11844,CUST_0692,29.7,2025-03-18 19:00:00
ORD_11845,CUST_0344,415.67,2025-03-18 20:00:00
ORD_11846,CUST_0846,355.48,2025-03-18 21:00:00
ORD_11847,CUST_0718,384.25,2025-03-18 22:00:00
ORD_11848,CUST_0180,72.72,2025-03-18 23:00:00
ORD_11849,CUST_0808,519.64,2025-03-19 00:00:00
ORD_11850,CUST_ORPHAN_204,387.35,2025-03-19 01:00:00
ORD_11851,CUST_0785,578.56,2025-03-19 02:00:00
ORD_11852,CUST_0172,374.26,2025-03-19 03:00:00
ORD_11853,CUST_ORPHAN_657,129.05,2025-03-19 04:00:00
ORD_11854,CUST_ORPHAN_914,493.23,2025-03-19 05:00:00
ORD_11855,CUST_0823,145.84,2025-03-19 06:00:00
ORD_11856,CUST_ORPHAN_900,656.85,2025-03-19 07:00:00
ORD_11857,CUST_0252,467.57,2025-03-19 08:00:00
ORD_11858,CUST_0327,134.76,2025-03-19 09:00:00
ORD_11859,CUST_0605,722.51,2025-03-19 10:00:00
ORD_11860,CUST_ORPHAN_300,398.41,2025-03-19 11:00:00
ORD_11861,CUST_0846,73.22,2025-03-19 12:00:00
ORD_11862,CUST_0467,477.59,2025-03-19 13:00:00
ORD_11863,CUST_0640,204.84,2025-03-19 14:00:00
ORD_11864,CUST_0747,606.7,2025-03-19 15:00:00
ORD_11865,CUST_ORPHAN_549,617.01,2025-03-19 16:00:00
ORD_11866,CUST_ORPHAN_617,734.63,2025-03-19 17:00:00
ORD_11867,CUST_0272,386.36,2025-03-19 18:00:00
ORD_11868,CUST_0419,352.12,2025-03-19 19:00:00
ORD_11869,CUST_0439,570.04,2025-03-19 20:00:00
ORD_11870,CUST_0388,116.7,2025-03-19 21:00:00
ORD_11871,CUST_0257,419.25,2025-03-19 22:00:00
ORD_11872,CUST_ORPHAN_198,418.76,2025-03-19 23:00:00
ORD_11873,CUST_ORPHAN_276,85.32,2025-03-20 00:00:00
ORD_11874,CUST_0285,325.13,2025-03-20 01:00:00
ORD_11875,CUST_0349,642.9,2025-03-20 02:00:00
ORD_11876,CUST_ORPHAN_709,644.99,2025-03-20 03:00:00
ORD_11877,CUST_0765,92.44,2025-03-20 04:00:00
ORD_11878,CUST_0457,86.23,2025-03-20 05:00:00
ORD_11879,CUST_0790,211.77,2025-03-20 06:00:00
ORD_11880,CUST_0777,658.58,2025-03-20 07:00:00
ORD_11881,CUST_0047,114.1,2025-03-20 08:00:00
ORD_11882,CUST_ORPHAN_164,545.6,2025-03-20 09:00:00
ORD_11883,CUST_0515,93.85,2025-03-20 10:00:00
ORD_11884,CUST_0322,474.89,2025-03-20 11:00:00
ORD_11885,CUST_0022,279.93,2025-03-20 12:00:00
ORD_11886,CUST_0122,595.91,2025-03-20 13:00:00
ORD_11887,CUST_0170,190.59,2025-03-20 14:00:00
ORD_11888,CUST_0273,486.62,2025-03-20 15:00:00
ORD_11889,CUST_0579,192.05,2025-03-20 16:00:00
ORD_11890,CUST_0298,540.97,2025-03-20 17:00:00
ORD_11891,CUST_0644,657.78,2025-03-20 18:00:00
ORD_11892,CUST_0635,112.57,2025-03-20 19:00:00
ORD_11893,CUST_ORPHAN_851,652.61,2025-03-20 20:00:00
ORD_11894,CUST_0722,453.31,2025-03-20 21:00:00
ORD_11895,CUST_0074,112.79,2025-03-20 22:00:00
ORD_11896,CUST_0421,332.11,2025-03-20 23:00:00
ORD_11897,CUST_0471,137.43,2025-03-21 00:00:00
ORD_11898,CUST_0399,531.25,2025-03-21 01:00:00
ORD_11899,CUST_0459,573.97,2025-03-21 02:00:00
ORD_11900,CUST_0093,97.23,2025-03-21 03:00:00
ORD_11901,CUST_0178,389.48,2025-03-21 04:00:00
ORD_11902,CUST_0754,614.68,2025-03-21 05:00:00
ORD_11903,CUST_0774,703.4,2025-03-21 06:00:00
ORD_11904,CUST_0305,394.87,2025-03-21 07:00:00
ORD_11905,CUST_ORPHAN_953,713.7,2025-03-21 08:00:00
ORD_11906,CUST_ORPHAN_504,411.05,2025-03-21 09:00:00
ORD_11907,CUST_ORPHAN_878,307.76,2025-03-21 10:00:00
ORD_11908,CUST_0705,639.19,2025-03-21 11:00:00
ORD_11909,CUST_ORPHAN_341,379.88,2025-03-21 12:00:00
ORD_11910,CUST_0702,364.49,2025-03-21 13:00:00
ORD_11911,CUST_0495,377.93,2025-03-21 14:00:00
ORD_11912,CUST_0526,638.15,2025-03-21 15:00:00
ORD_11913,CUST_ORPHAN_300,627.32,2025-03-21 16:00:00
ORD_11914,CUST_0253,314.57,2025-03-21 17:00:00
ORD_11915,CUST_0718,263.31,2025-03-21 18:00:00
ORD_11916,CUST_0315,379.11,2025-03-21 19:00:00
ORD_11917,CUST_ORPHAN_617,438.12,2025-03-21 20:00:00
ORD_11918,CUST_0421,193.99,2025-03-21 21:00:00
ORD_11919,CUST_ORPHAN_484,599.59,2025-03-21 22:00:00
ORD_11920,CUST_0524,375.13,2025-03-21 23:00:00
ORD_11921,CUST_0237,263.85,2025-03-22 00:00:00
ORD_11922,CUST_0304,97.98,2025-03-22 01:00:00
ORD_11923,CUST_ORPHAN_610,194.36,2025-03-22 02:00:00
ORD_11924,CUST_0619,712.98,2025-03-22 03:00:00
ORD_11925,CUST_ORPHAN_549,242.72,2025-03-22 04:00:00
ORD_11926,CUST_0651,143.27,2025-03-22 05:00:00
ORD_11927,CUST_0125,356.29,2025-03-22 06:00:00
ORD_11928,CUST_0346,244.17,2025-03-22 07:00:00
ORD_11929,CUST_0596,45.67,2025-03-22 08:00:00
ORD_11930,CUST_0605,255.9,2025-03-22 09:00:00
ORD_11931,CUST_0267,417.2,2025-03-22 10:00:00
ORD_11932,CUST_0209,422.75,2025-03-22 11:00:00
ORD_11933,CUST_0764,280.29,2025-03-22 12:00:00
ORD_11934,CUST_0098,346.53,2025-03-22 13:00:00
ORD_11935,CUST_ORPHAN_976,724.83,2025-03-22 14:00:00
ORD_11936,CUST_0020,295.46,2025-03-22 15:00:00
ORD_11937,CUST_0076,208.51,2025-03-22 16:00:00
ORD_11938,CUST_0193,197.73,2025-03-22 17:00:00
ORD_11939,CUST_0762,354.17,2025-03-22 18:00:00
ORD_11940,CUST_0391,574.45,2025-03-22 19:00:00
ORD_11941,CUST_0357,170.37,2025-03-22 20:00:00
ORD_11942,CUST_0313,537.79,2025-03-22 21:00:00
ORD_11943,CUST_0661,35.44,2025-03-22 22:00:00
ORD_11944,CUST_0137,325.82,2025-03-22 23:00:00
ORD_11945,CUST_0638,586.38,2025-03-23 00:00:00
ORD_11946,CUST_ORPHAN_164,267.28,2025-03-23 01:00:00
ORD_11947,CUST_0383,431.53,2025-03-23 02:00:00
ORD_11948,CUST_ORPHAN_923,169.63,2025-03-23 03:00:00
ORD_11949,CUST_0850,561.66,2025-03-23 04:00:00
ORD_11950,CUST_0560,58.16,2025-03-23 05:00:00
ORD_11951,CUST_0426,642.36,2025-03-23 06:00:00
ORD_11952,CUST_0191,164.68,2025-03-23 07:00:00
ORD_11953,CUST_0580,658.31,2025-03-23 08:00:00
ORD_11954,CUST_ORPHAN_162,277.35,2025-03-23 09:00:00
ORD_11955,CUST_0324,547.56,2025-03-23 10:00:00
ORD_11956,CUST_0452,253.03,2025-03-23 11:00:00
ORD_11957,CUST_ORPHAN_164,681.32,2025-03-23 12:00:00
ORD_11958,CUST_0842,112.45,2025-03-23 13:00:00
ORD_11959,CUST_ORPHAN_504,150.32,2025-03-23 14:00:00
ORD_11960,CUST_0215,379.91,2025-03-23 15:00:00
ORD_11961,CUST_ORPHAN_953,79.82,2025-03-23 16:00:00
ORD_11962,CUST_0333,163.07,2025-03-23 17:00:00
ORD_11963,CUST_0348,708.95,2025-03-23 18:00:00
ORD_11964,CUST_0448,732.84,2025-03-23 19:00:00
ORD_11965,CUST_0045,294.67,2025-03-23 20:00:00
ORD_11966,CUST_0102,694.0,2025-03-23 21:00:00
ORD_11967,CUST_ORPHAN_109,417.72,2025-03-23 22:00:00
ORD_11968,CUST_0409,216.91,2025-03-23 23:00:00
ORD_11969,CUST_ORPHAN_244,532.75,2025-03-24 00:00:00
ORD_11970,CUST_0602,501.0,2025-03-24 01:00:00
ORD_11971,CUST_0788,742.06,2025-03-24 02:00:00
ORD_11972,CUST_0267,213.48,2025-03-24 03:00:00
ORD_11973,CUST_0692,510.6,2025-03-24 04:00:00
ORD_11974,CUST_0778,57.98,2025-03-24 05:00:00
ORD_11975,CUST_ORPHAN_276,102.96,2025-03-24 06:00:00
ORD_11976,CUST_0058,22.86,2025-03-24 07:00:00
ORD_11977,CUST_0436,749.61,2025-03-24 08:00:00
ORD_11978,CUST_0688,605.66,2025-03-24 09:00:00
ORD_11979,CUST_0605,594.31,2025-03-24 10:00:00
ORD_11980,CUST_ORPHAN_484,392.1,2025-03-24 11:00:00
ORD_11981,CUST_0659,239.05,2025-03-24 12:00:00
ORD_11982,CUST_0759,130.42,2025-03-24 13:00:00
ORD_11983,CUST_0446,227.81,2025-03-24 14:00:00
ORD_11984,CUST_ORPHAN_245,294.46,2025-03-24 15:00:00
ORD_11985,CUST_0156,572.11,2025-03-24 16:00:00
ORD_11986,CUST_ORPHAN_316,413.95,2025-03-24 17:00:00
ORD_11987,CUST_0564,76.56,2025-03-24 18:00:00
ORD_11988,CUST_0453,33.16,2025-03-24 19:00:00
ORD_11989,CUST_0732,94.7,2025-03-24 20:00:00
ORD_11990,CUST_ORPHAN_922,319.66,2025-03-24 21:00:00
ORD_11991,CUST_0296,701.23,2025-03-24 22:00:00
ORD_11992,CUST_ORPHAN_352,485.3,2025-03-24 23:00:00
ORD_11993,CUST_0378,605.33,2025-03-25 00:00:00
ORD_11994,CUST_0015,360.45,2025-03-25 01:00:00
ORD_11995,CUST_ORPHAN_922,284.02,2025-03-25 02:00:00
ORD_11996,CUST_0332,99.13,2025-03-25 03:00:00
ORD_11997,CUST_0120,659.43,2025-03-25 04:00:00
ORD_11998,CUST_0096,591.71,2025-03-25 05:00:00
ORD_11999,CUST_0847,142.73,2025-03-25 06:00:00
ORD_12000,CUST_0792,393.95,2025-03-25 07:00:00
ORD_12001,CUST_0248,375.78,2025-03-25 08:00:00
ORD_12002,CUST_0711,476.32,2025-03-25 09:00:00
ORD_12003,CUST_0361,710.72,2025-03-25 10:00:00
ORD_12004,CUST_0144,443.23,2025-03-25 11:00:00
ORD_12005,CUST_0025,414.36,2025-03-25 12:00:00
ORD_12006,CUST_0005,56.74,2025-03-25 13:00:00
ORD_12007,CUST_0206,65.92,2025-03-25 14:00:00
ORD_12008,CUST_0077,156.76,2025-03-25 15:00:00
ORD_12009,CUST_0612,43.7,2025-03-25 16:00:00
ORD_12010,CUST_0847,562.65,2025-03-25 17:00:00
ORD_12011,CUST_ORPHAN_381,548.03,2025-03-25 18:00:00
ORD_12012,CUST_0362,119.32,2025-03-25 19:00:00
ORD_12013,CUST_0657,630.34,2025-03-25 20:00:00
ORD_12014,CUST_0245,132.99,2025-03-25 21:00:00
ORD_12015,CUST_0743,239.86,2025-03-25 22:00:00
ORD_12016,CUST_0024,201.75,2025-03-25 23:00:00
ORD_12017,CUST_ORPHAN_788,291.78,2025-03-26 00:00:00
ORD_12018,CUST_ORPHAN_484,205.9,2025-03-26 01:00:00
ORD_12019,CUST_0258,376.93,2025-03-26 02:00:00
ORD_12020,CUST_0564,317.41,2025-03-26 03:00:00
ORD_12021,CUST_0243,740.2,2025-03-26 04:00:00
ORD_12022,CUST_0248,60.83,2025-03-26 05:00:00
ORD_12023,CUST_0736,123.79,2025-03-26 06:00:00
ORD_12024,CUST_0491,58.56,2025-03-26 07:00:00
ORD_12025,CUST_ORPHAN_926,476.86,2025-03-26 08:00:00
ORD_12026,CUST_ORPHAN_823,59.79,2025-03-26 09:00:00
ORD_12027,CUST_0013,630.6,2025-03-26 10:00:00
ORD_12028,CUST_0157,393.72,2025-03-26 11:00:00
ORD_12029,CUST_0405,404.72,2025-03-26 12:00:00
ORD_12030,CUST_0534,429.96,2025-03-26 13:00:00
ORD_12031,CUST_0133,144.69,2025-03-26 14:00:00
ORD_12032,CUST_ORPHAN_162,164.31,2025-03-26 15:00:00
ORD_12033,CUST_0581,252.74,2025-03-26 16:00:00
ORD_12034,CUST_0618,453.25,2025-03-26 17:00:00
ORD_12035,CUST_0513,173.39,2025-03-26 18:00:00
ORD_12036,CUST_ORPHAN_922,104.92,2025-03-26 19:00:00
ORD_12037,CUST_0507,728.19,2025-03-26 20:00:00
ORD_12038,CUST_0568,36.05,2025-03-26 21:00:00
ORD_12039,CUST_0021,605.97,2025-03-26 22:00:00
ORD_12040,CUST_0026,595.27,2025-03-26 23:00:00
ORD_12041,CUST_0673,236.97,2025-03-27 00:00:00
ORD_12042,CUST_0485,119.01,2025-03-27 01:00:00
ORD_12043,CUST_0373,126.31,2025-03-27 02:00:00
ORD_12044,CUST_0749,529.13,2025-03-27 03:00:00
ORD_12045,CUST_0264,489.25,2025-03-27 04:00:00
ORD_12046,CUST_0204,591.4,2025-03-27 05:00:00
ORD_12047,CUST_0703,704.36,2025-03-27 06:00:00
ORD_12048,CUST_ORPHAN_831,525.11,2025-03-27 07:00:00
ORD_12049,CUST_0849,133.77,2025-03-27 08:00:00
ORD_12050,CUST_0434,197.71,2025-03-27 09:00:00
ORD_12051,CUST_ORPHAN_851,634.8,2025-03-27 10:00:00
ORD_12052,CUST_0509,172.79,2025-03-27 11:00:00
ORD_12053,CUST_0617,72.94,2025-03-27 12:00:00
ORD_12054,CUST_0766,533.39,2025-03-27 13:00:00
ORD_12055,CUST_0284,313.84,2025-03-27 14:00:00
ORD_12056,CUST_0129,691.63,2025-03-27 15:00:00
ORD_12057,CUST_0651,494.69,2025-03-27 16:00:00
ORD_12058,CUST_ORPHAN_617,86.01,2025-03-27 17:00:00
ORD_12059,CUST_0329,711.94,2025-03-27 18:00:00
ORD_12060,CUST_0253,208.75,2025-03-27 19:00:00
ORD_12061,CUST_0184,266.17,2025-03-27 20:00:00
ORD_12062,CUST_0414,313.65,2025-03-27 21:00:00
ORD_12063,CUST_0195,57.39,2025-03-27 22:00:00
ORD_12064,CUST_0616,382.46,2025-03-27 23:00:00
ORD_12065,CUST_0644,110.02,2025-03-28 00:00:00
ORD_12066,CUST_0507,312.71,2025-03-28 01:00:00
ORD_12067,CUST_ORPHAN_338,276.02,2025-03-28 02:00:00
ORD_12068,CUST_ORPHAN_646,584.17,2025-03-28 03:00:00
ORD_12069,CUST_0331,606.31,2025-03-28 04:00:00
ORD_12070,CUST_0491,131.99,2025-03-28 05:00:00
ORD_12071,CUST_ORPHAN_276,287.58,2025-03-28 06:00:00
ORD_12072,CUST_0540,292.55,2025-03-28 07:00:00
ORD_12073,CUST_0484,130.53,2025-03-28 08:00:00
ORD_12074,CUST_0249,602.87,2025-03-28 09:00:00
ORD_12075,CUST_0528,536.28,2025-03-28 10:00:00
ORD_12076,CUST_0360,158.98,2025-03-28 11:00:00
ORD_12077,CUST_0033,287.71,2025-03-28 12:00:00
ORD_12078,CUST_0354,97.24,2025-03-28 13:00:00
ORD_12079,CUST_ORPHAN_104,478.59,2025-03-28 14:00:00
ORD_12080,CUST_0600,108.6,2025-03-28 15:00:00
ORD_12081,CUST_0595,739.73,2025-03-28 16:00:00
ORD_12082,CUST_0469,589.9,2025-03-28 17:00:00
ORD_12083,CUST_0023,304.87,2025-03-28 18:00:00
ORD_12084,CUST_0006,442.35,2025-03-28 19:00:00
ORD_12085,CUST_ORPHAN_610,685.28,2025-03-28 20:00:00
ORD_12086,CUST_0654,424.49,2025-03-28 21:00:00
ORD_12087,CUST_0552,147.38,2025-03-28 22:00:00
ORD_12088,CUST_ORPHAN_300,296.45,2025-03-28 23:00:00
ORD_12089,CUST_0171,635.5,2025-03-29 00:00:00
ORD_12090,CUST_0541,490.28,2025-03-29 01:00:00
ORD_12091,CUST_0614,495.03,2025-03-29 02:00:00
ORD_12092,CUST_ORPHAN_352,652.78,2025-03-29 03:00:00
ORD_12093,CUST_0752,672.6,2025-03-29 04:00:00
ORD_12094,CUST_0675,691.45,2025-03-29 05:00:00
ORD_12095,CUST_0417,89.24,2025-03-29 06:00:00
ORD_12096,CUST_0420,417.21,2025-03-29 07:00:00
ORD_12097,CUST_0116,560.57,2025-03-29 08:00:00
ORD_12098,CUST_0393,572.56,2025-03-29 09:00:00
ORD_12099,CUST_0269,462.9,2025-03-29 10:00:00
ORD_12100,CUST_ORPHAN_788,141.75,2025-03-29 11:00:00
ORD_12101,CUST_ORPHAN_109,602.12,2025-03-29 12:00:00
ORD_12102,CUST_0370,545.68,2025-03-29 13:00:00
ORD_12103,CUST_0699,82.88,2025-03-29 14:00:00
ORD_12104,CUST_0567,358.58,2025-03-29 15:00:00
ORD_12105,CUST_0356,147.0,2025-03-29 16:00:00
ORD_12106,CUST_0555,266.36,2025-03-29 17:00:00
ORD_12107,CUST_0733,33.2,2025-03-29 18:00:00
ORD_12108,CUST_0513,312.24,2025-03-29 19:00:00
ORD_12109,CUST_0540,421.41,2025-03-29 20:00:00
ORD_12110,CUST_0605,472.3,2025-03-29 21:00:00
ORD_12111,CUST_0202,504.35,2025-03-29 22:00:00
ORD_12112,CUST_0661,630.49,2025-03-29 23:00:00
ORD_12113,CUST_0716,177.29,2025-03-30 00:00:00
ORD_12114,CUST_0052,107.95,2025-03-30 01:00:00
ORD_12115,CUST_0525,641.62,2025-03-30 02:00:00
ORD_12116,CUST_0073,134.33,2025-03-30 03:00:00
ORD_12117,CUST_0347,731.57,2025-03-30 04:00:00
ORD_12118,CUST_0179,635.05,2025-03-30 05:00:00
ORD_12119,CUST_0317,385.64,2025-03-30 06:00:00
ORD_12120,CUST_0306,736.44,2025-03-30 07:00:00
ORD_12121,CUST_0279,91.09,2025-03-30 08:00:00
ORD_12122,CUST_0633,241.24,2025-03-30 09:00:00
ORD_12123,CUST_0329,485.9,2025-03-30 10:00:00
ORD_12124,CUST_0649,275.51,2025-03-30 11:00:00
ORD_12125,CUST_ORPHAN_923,697.71,2025-03-30 12:00:00
ORD_12126,CUST_0274,67.91,2025-03-30 13:00:00
ORD_12127,CUST_0788,421.07,2025-03-30 14:00:00
ORD_12128,CUST_0028,451.33,2025-03-30 15:00:00
ORD_12129,CUST_0136,496.49,2025-03-30 16:00:00
ORD_12130,CUST_0822,206.64,2025-03-30 17:00:00
ORD_12131,CUST_ORPHAN_352,286.13,2025-03-30 18:00:00
ORD_12132,CUST_0410,635.89,2025-03-30 19:00:00
ORD_12133,CUST_0195,162.31,2025-03-30 20:00:00
ORD_12134,CUST_0551,623.61,2025-03-30 21:00:00
ORD_12135,CUST_ORPHAN_381,430.74,2025-03-30 22:00:00
ORD_12136,CUST_0670,576.4,2025-03-30 23:00:00
ORD_12137,CUST_0529,540.93,2025-03-31 00:00:00
ORD_12138,CUST_0750,171.48,2025-03-31 01:00:00
ORD_12139,CUST_0174,435.23,2025-03-31 02:00:00
ORD_12140,CUST_0849,653.44,2025-03-31 03:00:00
ORD_12141,CUST_0595,335.44,2025-03-31 04:00:00
ORD_12142,CUST_0455,725.61,2025-03-31 05:00:00
ORD_12143,CUST_0063,350.12,2025-03-31 06:00:00
ORD_12144,CUST_ORPHAN_610,124.23,2025-03-31 07:00:00
ORD_12145,CUST_0826,304.29,2025-03-31 08:00:00
ORD_12146,CUST_0047,714.74,2025-03-31 09:00:00
ORD_12147,CUST_ORPHAN_560,253.4,2025-03-31 10:00:00
ORD_12148,CUST_0037,653.71,2025-03-31 11:00:00
ORD_12149,CUST_0780,663.31,2025-03-31 12:00:00
ORD_12150,CUST_0038,275.64,2025-03-31 13:00:00
ORD_12151,CUST_0431,80.78,2025-03-31 14:00:00
ORD_12152,CUST_0109,548.93,2025-03-31 15:00:00
ORD_12153,CUST_0636,247.4,2025-03-31 16:00:00
ORD_12154,CUST_ORPHAN_610,591.53,2025-03-31 17:00:00
ORD_12155,CUST_0525,343.14,2025-03-31 18:00:00
ORD_12156,CUST_0723,374.24,2025-03-31 19:00:00
ORD_12157,CUST_ORPHAN_473,587.87,2025-03-31 20:00:00
ORD_12158,CUST_ORPHAN_218,299.13,2025-03-31 21:00:00
ORD_12159,CUST_0636,343.48,2025-03-31 22:00:00
ORD_12160,CUST_0079,294.62,2025-03-31 23:00:00
ORD_12161,CUST_ORPHAN_164,288.16,2025-04-01 00:00:00
ORD_12162,CUST_0471,403.94,2025-04-01 01:00:00
ORD_12163,CUST_0296,610.42,2025-04-01 02:00:00
ORD_12164,CUST_ORPHAN_198,284.09,2025-04-01 03:00:00
ORD_12165,CUST_0257,402.71,2025-04-01 04:00:00
ORD_12166,CUST_0819,509.63,2025-04-01 05:00:00
ORD_12167,CUST_ORPHAN_473,216.69,2025-04-01 06:00:00
ORD_12168,CUST_0729,222.59,2025-04-01 07:00:00
ORD_12169,CUST_0848,701.39,2025-04-01 08:00:00
ORD_12170,CUST_0615,548.18,2025-04-01 09:00:00
ORD_12171,CUST_0137,441.35,2025-04-01 10:00:00
ORD_12172,CUST_0675,492.84,2025-04-01 11:00:00
ORD_12173,CUST_ORPHAN_549,41.39,2025-04-01 12:00:00
ORD_12174,CUST_0668,471.22,2025-04-01 13:00:00
ORD_12175,CUST_0331,391.94,2025-04-01 14:00:00
ORD_12176,CUST_0554,418.4,2025-04-01 15:00:00
ORD_12177,CUST_0039,282.38,2025-04-01 16:00:00
ORD_12178,CUST_0681,79.48,2025-04-01 17:00:00
ORD_12179,CUST_0063,161.14,2025-04-01 18:00:00
ORD_12180,CUST_0818,714.04,2025-04-01 19:00:00
ORD_12181,CUST_0262,318.35,2025-04-01 20:00:00
ORD_12182,CUST_0793,360.68,2025-04-01 21:00:00
ORD_12183,CUST_0848,58.48,2025-04-01 22:00:00
ORD_12184,CUST_0415,47.42,2025-04-01 23:00:00
ORD_12185,CUST_0141,543.54,2025-04-02 00:00:00
ORD_12186,CUST_0367,412.81,2025-04-02 01:00:00
ORD_12187,CUST_0040,391.36,2025-04-02 02:00:00
ORD_12188,CUST_0537,197.48,2025-04-02 03:00:00
ORD_12189,CUST_0354,563.67,2025-04-02 04:00:00
ORD_12190,CUST_ORPHAN_952,142.81,2025-04-02 05:00:00
ORD_12191,CUST_ORPHAN_894,158.65,2025-04-02 06:00:00
ORD_12192,CUST_ORPHAN_646,356.32,2025-04-02 07:00:00
ORD_12193,CUST_0640,228.98,2025-04-02 08:00:00
ORD_12194,CUST_0147,200.65,2025-04-02 09:00:00
ORD_12195,CUST_0379,491.02,2025-04-02 10:00:00
ORD_12196,CUST_0459,495.21,2025-04-02 11:00:00
ORD_12197,CUST_0196,621.9,2025-04-02 12:00:00
ORD_12198,CUST_0053,324.93,2025-04-02 13:00:00
ORD_12199,CUST_0267,73.35,2025-04-02 14:00:00
ORD_12200,CUST_0166,219.78,2025-04-02 15:00:00
ORD_12201,CUST_0449,735.4,2025-04-02 16:00:00
ORD_12202,CUST_0746,455.27,2025-04-02 17:00:00
ORD_12203,CUST_0740,538.11,2025-04-02 18:00:00
ORD_12204,CUST_0630,25.37,2025-04-02 19:00:00
ORD_12205,CUST_0620,398.29,2025-04-02 20:00:00
ORD_12206,CUST_ORPHAN_617,47.4,2025-04-02 21:00:00
ORD_12207,CUST_0379,435.54,2025-04-02 22:00:00
ORD_12208,CUST_ORPHAN_104,692.16,2025-04-02 23:00:00
ORD_12209,CUST_0227,726.95,2025-04-03 00:00:00
ORD_12210,CUST_0645,414.6,2025-04-03 01:00:00
ORD_12211,CUST_0437,354.49,2025-04-03 02:00:00
ORD_12212,CUST_0054,709.86,2025-04-03 03:00:00
ORD_12213,CUST_0739,511.74,2025-04-03 04:00:00
ORD_12214,CUST_0784,67.38,2025-04-03 05:00:00
ORD_12215,CUST_0741,359.98,2025-04-03 06:00:00
ORD_12216,CUST_0382,195.38,2025-04-03 07:00:00
ORD_12217,CUST_0124,362.96,2025-04-03 08:00:00
ORD_12218,CUST_0389,352.49,2025-04-03 09:00:00
ORD_12219,CUST_0533,444.97,2025-04-03 10:00:00
ORD_12220,CUST_ORPHAN_316,280.44,2025-04-03 11:00:00
ORD_12221,CUST_ORPHAN_851,139.92,2025-04-03 12:00:00
ORD_12222,CUST_0129,387.72,2025-04-03 13:00:00
ORD_12223,CUST_0648,626.05,2025-04-03 14:00:00
ORD_12224,CUST_0450,504.73,2025-04-03 15:00:00
ORD_12225,CUST_0644,267.01,2025-04-03 16:00:00
ORD_12226,CUST_0831,702.93,2025-04-03 17:00:00
ORD_12227,CUST_0153,685.91,2025-04-03 18:00:00
ORD_12228,CUST_0702,172.82,2025-04-03 19:00:00
ORD_12229,CUST_0358,48.77,2025-04-03 20:00:00
ORD_12230,CUST_0297,561.16,2025-04-03 21:00:00
ORD_12231,CUST_0826,624.16,2025-04-03 22:00:00
ORD_12232,CUST_0393,726.54,2025-04-03 23:00:00
ORD_12233,CUST_0464,669.58,2025-04-04 00:00:00
ORD_12234,CUST_0316,458.39,2025-04-04 01:00:00
ORD_12235,CUST_0494,406.94,2025-04-04 02:00:00
ORD_12236,CUST_0774,40.32,2025-04-04 03:00:00
ORD_12237,CUST_ORPHAN_245,200.06,2025-04-04 04:00:00
ORD_12238,CUST_0462,355.52,2025-04-04 05:00:00
ORD_12239,CUST_0380,478.81,2025-04-04 06:00:00
ORD_12240,CUST_0414,426.79,2025-04-04 07:00:00
ORD_12241,CUST_0092,562.12,2025-04-04 08:00:00
ORD_12242,CUST_0802,224.23,2025-04-04 09:00:00
ORD_12243,CUST_ORPHAN_355,432.42,2025-04-04 10:00:00
ORD_12244,CUST_ORPHAN_300,84.34,2025-04-04 11:00:00
ORD_12245,CUST_0257,321.98,2025-04-04 12:00:00
ORD_12246,CUST_0201,567.62,2025-04-04 13:00:00
ORD_12247,CUST_0536,526.18,2025-04-04 14:00:00
ORD_12248,CUST_0648,743.17,2025-04-04 15:00:00
ORD_12249,CUST_0068,222.86,2025-04-04 16:00:00
ORD_12250,CUST_0321,383.68,2025-04-04 17:00:00
ORD_12251,CUST_0553,260.56,2025-04-04 18:00:00
ORD_12252,CUST_0297,341.64,2025-04-04 19:00:00
ORD_12253,CUST_ORPHAN_504,645.57,2025-04-04 20:00:00
ORD_12254,CUST_0025,519.47,2025-04-04 21:00:00
ORD_12255,CUST_0239,664.18,2025-04-04 22:00:00
ORD_12256,CUST_0518,168.56,2025-04-04 23:00:00
ORD_12257,CUST_0362,657.55,2025-04-05 00:00:00
ORD_12258,CUST_0113,63.63,2025-04-05 01:00:00
ORD_12259,CUST_0796,668.68,2025-04-05 02:00:00
ORD_12260,CUST_0057,260.22,2025-04-05 03:00:00
ORD_12261,CUST_0460,249.65,2025-04-05 04:00:00
ORD_12262,CUST_0696,393.82,2025-04-05 05:00:00
ORD_12263,CUST_ORPHAN_808,706.7,2025-04-05 06:00:00
ORD_12264,CUST_0378,54.88,2025-04-05 07:00:00
ORD_12265,CUST_0434,277.13,2025-04-05 08:00:00
ORD_12266,CUST_0277,645.3,2025-04-05 09:00:00
ORD_12267,CUST_0703,309.12,2025-04-05 10:00:00
ORD_12268,CUST_0134,165.38,2025-04-05 11:00:00
ORD_12269,CUST_0683,330.1,2025-04-05 12:00:00
ORD_12270,CUST_0346,301.45,2025-04-05 13:00:00
ORD_12271,CUST_0706,688.25,2025-04-05 14:00:00
ORD_12272,CUST_0288,576.21,2025-04-05 15:00:00
ORD_12273,CUST_0578,388.73,2025-04-05 16:00:00
ORD_12274,CUST_0464,741.51,2025-04-05 17:00:00
ORD_12275,CUST_0543,359.65,2025-04-05 18:00:00
ORD_12276,CUST_0497,62.51,2025-04-05 19:00:00
ORD_12277,CUST_0604,211.46,2025-04-05 20:00:00
ORD_12278,CUST_0316,338.33,2025-04-05 21:00:00
ORD_12279,CUST_0827,134.54,2025-04-05 22:00:00
ORD_12280,CUST_0145,711.72,2025-04-05 23:00:00
ORD_12281,CUST_0442,579.8,2025-04-06 00:00:00
ORD_12282,CUST_0265,215.85,2025-04-06 01:00:00
ORD_12283,CUST_0800,451.29,2025-04-06 02:00:00
ORD_12284,CUST_0618,546.66,2025-04-06 03:00:00
ORD_12285,CUST_0622,707.13,2025-04-06 04:00:00
ORD_12286,CUST_0782,663.59,2025-04-06 05:00:00
ORD_12287,CUST_ORPHAN_245,396.09,2025-04-06 06:00:00
ORD_12288,CUST_ORPHAN_923,585.5,2025-04-06 07:00:00
ORD_12289,CUST_0082,430.37,2025-04-06 08:00:00
ORD_12290,CUST_0273,423.47,2025-04-06 09:00:00
ORD_12291,CUST_0015,103.76,2025-04-06 10:00:00
ORD_12292,CUST_0817,112.08,2025-04-06 11:00:00
ORD_12293,CUST_0719,406.56,2025-04-06 12:00:00
ORD_12294,CUST_0247,216.27,2025-04-06 13:00:00
ORD_12295,CUST_0642,35.36,2025-04-06 14:00:00
ORD_12296,CUST_0496,547.67,2025-04-06 15:00:00
ORD_12297,CUST_0761,43.72,2025-04-06 16:00:00
ORD_12298,CUST_0373,454.55,2025-04-06 17:00:00
ORD_12299,CUST_0058,413.61,2025-04-06 18:00:00
ORD_12300,CUST_0377,727.23,2025-04-06 19:00:00
ORD_12301,CUST_0014,373.48,2025-04-06 20:00:00
ORD_12302,CUST_ORPHAN_952,66.43,2025-04-06 21:00:00
ORD_12303,CUST_0666,422.73,2025-04-06 22:00:00
ORD_12304,CUST_0495,634.0,2025-04-06 23:00:00
ORD_12305,CUST_0606,747.7,2025-04-07 00:00:00
ORD_12306,CUST_ORPHAN_316,334.15,2025-04-07 01:00:00
ORD_12307,CUST_0168,253.82,2025-04-07 02:00:00
ORD_12308,CUST_0558,681.86,2025-04-07 03:00:00
ORD_12309,CUST_0291,159.61,2025-04-07 04:00:00
ORD_12310,CUST_ORPHAN_338,469.26,2025-04-07 05:00:00
ORD_12311,CUST_0358,316.17,2025-04-07 06:00:00
ORD_12312,CUST_0037,49.99,2025-04-07 07:00:00
ORD_12313,CUST_0252,273.52,2025-04-07 08:00:00
ORD_12314,CUST_0661,213.62,2025-04-07 09:00:00
ORD_12315,CUST_0779,520.85,2025-04-07 10:00:00
ORD_12316,CUST_0270,712.62,2025-04-07 11:00:00
ORD_12317,CUST_0428,215.67,2025-04-07 12:00:00
ORD_12318,CUST_0267,612.37,2025-04-07 13:00:00
ORD_12319,CUST_0285,60.41,2025-04-07 14:00:00
ORD_12320,CUST_0106,412.83,2025-04-07 15:00:00
ORD_12321,CUST_0412,71.5,2025-04-07 16:00:00
ORD_12322,CUST_0105,701.84,2025-04-07 17:00:00
ORD_12323,CUST_0210,579.44,2025-04-07 18:00:00
ORD_12324,CUST_0308,500.3,2025-04-07 19:00:00
ORD_12325,CUST_0217,621.44,2025-04-07 20:00:00
ORD_12326,CUST_0542,492.69,2025-04-07 21:00:00
ORD_12327,CUST_ORPHAN_355,727.33,2025-04-07 22:00:00
ORD_12328,CUST_0350,541.19,2025-04-07 23:00:00
ORD_12329,CUST_0085,695.0,2025-04-08 00:00:00
ORD_12330,CUST_0388,397.51,2025-04-08 01:00:00
ORD_12331,CUST_ORPHAN_276,105.46,2025-04-08 02:00:00
ORD_12332,CUST_0843,405.57,2025-04-08 03:00:00
ORD_12333,CUST_0146,112.62,2025-04-08 04:00:00
ORD_12334,CUST_0487,452.52,2025-04-08 05:00:00
ORD_12335,CUST_0565,372.22,2025-04-08 06:00:00
ORD_12336,CUST_0059,474.48,2025-04-08 07:00:00
ORD_12337,CUST_0454,27.33,2025-04-08 08:00:00
ORD_12338,CUST_ORPHAN_926,162.23,2025-04-08 09:00:00
ORD_12339,CUST_0778,378.67,2025-04-08 10:00:00
ORD_12340,CUST_0673,713.87,2025-04-08 11:00:00
ORD_12341,CUST_0836,300.03,2025-04-08 12:00:00
ORD_12342,CUST_0359,329.79,2025-04-08 13:00:00
ORD_12343,CUST_0139,541.73,2025-04-08 14:00:00
ORD_12344,CUST_0300,460.77,2025-04-08 15:00:00
ORD_12345,CUST_0707,238.22,2025-04-08 16:00:00
ORD_12346,CUST_0154,319.9,2025-04-08 17:00:00
ORD_12347,CUST_0383,178.92,2025-04-08 18:00:00
ORD_12348,CUST_0819,725.2,2025-04-08 19:00:00
ORD_12349,CUST_0762,115.36,2025-04-08 20:00:00
ORD_12350,CUST_0486,291.44,2025-04-08 21:00:00
ORD_12351,CUST_0114,38.86,2025-04-08 22:00:00
ORD_12352,CUST_0088,181.9,2025-04-08 23:00:00
ORD_12353,CUST_ORPHAN_198,589.74,2025-04-09 00:00:00
ORD_12354,CUST_0553,166.86,2025-04-09 01:00:00
ORD_12355,CUST_0071,78.45,2025-04-09 02:00:00
ORD_12356,CUST_ORPHAN_338,366.35,2025-04-09 03:00:00
ORD_12357,CUST_0233,27.28,2025-04-09 04:00:00
ORD_12358,CUST_0345,81.88,2025-04-09 05:00:00
ORD_12359,CUST_0092,609.57,2025-04-09 06:00:00
ORD_12360,CUST_ORPHAN_245,583.18,2025-04-09 07:00:00
ORD_12361,CUST_ORPHAN_109,688.05,2025-04-09 08:00:00
ORD_12362,CUST_0849,643.8,2025-04-09 09:00:00
ORD_12363,CUST_0098,518.72,2025-04-09 10:00:00
ORD_12364,CUST_0059,58.2,2025-04-09 11:00:00
ORD_12365,CUST_0077,591.48,2025-04-09 12:00:00
ORD_12366,CUST_0797,637.22,2025-04-09 13:00:00
ORD_12367,CUST_0145,603.33,2025-04-09 14:00:00
ORD_12368,CUST_0755,391.19,2025-04-09 15:00:00
ORD_12369,CUST_0786,190.02,2025-04-09 16:00:00
ORD_12370,CUST_0066,637.09,2025-04-09 17:00:00
ORD_12371,CUST_0174,550.83,2025-04-09 18:00:00
ORD_12372,CUST_0518,735.96,2025-04-09 19:00:00
ORD_12373,CUST_0810,133.66,2025-04-09 20:00:00
ORD_12374,CUST_0679,184.74,2025-04-09 21:00:00
ORD_12375,CUST_0617,174.61,2025-04-09 22:00:00
ORD_12376,CUST_ORPHAN_244,598.55,2025-04-09 23:00:00
ORD_12377,CUST_ORPHAN_316,156.44,2025-04-10 00:00:00
ORD_12378,CUST_0061,68.66,2025-04-10 01:00:00
ORD_12379,CUST_0473,748.95,2025-04-10 02:00:00
ORD_12380,CUST_ORPHAN_709,38.12,2025-04-10 03:00:00
ORD_12381,CUST_0610,629.73,2025-04-10 04:00:00
ORD_12382,CUST_0142,286.72,2025-04-10 05:00:00
ORD_12383,CUST_0408,634.38,2025-04-10 06:00:00
ORD_12384,CUST_ORPHAN_952,424.87,2025-04-10 07:00:00
ORD_12385,CUST_0247,678.19,2025-04-10 08:00:00
ORD_12386,CUST_0329,696.12,2025-04-10 09:00:00
ORD_12387,CUST_ORPHAN_878,26.64,2025-04-10 10:00:00
ORD_12388,CUST_ORPHAN_560,75.05,2025-04-10 11:00:00
ORD_12389,CUST_0443,202.76,2025-04-10 12:00:00
ORD_12390,CUST_0271,508.6,2025-04-10 13:00:00
ORD_12391,CUST_0192,668.44,2025-04-10 14:00:00
ORD_12392,CUST_0424,355.76,2025-04-10 15:00:00
ORD_12393,CUST_0799,463.09,2025-04-10 16:00:00
ORD_12394,CUST_0205,157.6,2025-04-10 17:00:00
ORD_12395,CUST_0710,607.63,2025-04-10 18:00:00
ORD_12396,CUST_ORPHAN_646,726.15,2025-04-10 19:00:00
ORD_12397,CUST_0197,216.08,2025-04-10 20:00:00
ORD_12398,CUST_0566,381.22,2025-04-10 21:00:00
ORD_12399,CUST_0673,82.86,2025-04-10 22:00:00
ORD_12400,CUST_0545,428.17,2025-04-10 23:00:00
ORD_12401,CUST_ORPHAN_601,387.03,2025-04-11 00:00:00
ORD_12402,CUST_0809,125.44,2025-04-11 01:00:00
ORD_12403,CUST_0493,342.71,2025-04-11 02:00:00
ORD_12404,CUST_0653,263.9,2025-04-11 03:00:00
ORD_12405,CUST_ORPHAN_788,400.94,2025-04-11 04:00:00
ORD_12406,CUST_0074,447.53,2025-04-11 05:00:00
ORD_12407,CUST_0312,26.2,2025-04-11 06:00:00
ORD_12408,CUST_ORPHAN_851,575.53,2025-04-11 07:00:00
ORD_12409,CUST_ORPHAN_823,540.5,2025-04-11 08:00:00
ORD_12410,CUST_ORPHAN_381,287.39,2025-04-11 09:00:00
ORD_12411,CUST_ORPHAN_204,58.64,2025-04-11 10:00:00
ORD_12412,CUST_0007,571.1,2025-04-11 11:00:00
ORD_12413,CUST_0679,717.28,2025-04-11 12:00:00
ORD_12414,CUST_0244,195.31,2025-04-11 13:00:00
ORD_12415,CUST_ORPHAN_894,256.17,2025-04-11 14:00:00
ORD_12416,CUST_0786,154.18,2025-04-11 15:00:00
ORD_12417,CUST_ORPHAN_823,441.16,2025-04-11 16:00:00
ORD_12418,CUST_ORPHAN_808,133.03,2025-04-11 17:00:00
ORD_12419,CUST_0668,280.02,2025-04-11 18:00:00
ORD_12420,CUST_0371,528.82,2025-04-11 19:00:00
ORD_12421,CUST_0215,428.88,2025-04-11 20:00:00
ORD_12422,CUST_0570,302.12,2025-04-11 21:00:00
ORD_12423,CUST_0543,326.78,2025-04-11 22:00:00
ORD_12424,CUST_0625,430.34,2025-04-11 23:00:00
ORD_12425,CUST_0816,24.28,2025-04-12 00:00:00
ORD_12426,CUST_0190,77.31,2025-04-12 01:00:00
ORD_12427,CUST_0569,663.32,2025-04-12 02:00:00
ORD_12428,CUST_0322,76.85,2025-04-12 03:00:00
ORD_12429,CUST_ORPHAN_976,535.97,2025-04-12 04:00:00
ORD_12430,CUST_0471,691.63,2025-04-12 05:00:00
ORD_12431,CUST_ORPHAN_878,217.6,2025-04-12 06:00:00
ORD_12432,CUST_0281,290.46,2025-04-12 07:00:00
ORD_12433,CUST_0612,435.31,2025-04-12 08:00:00
ORD_12434,CUST_0294,663.65,2025-04-12 09:00:00
ORD_12435,CUST_0120,707.59,2025-04-12 10:00:00
ORD_12436,CUST_0436,559.88,2025-04-12 11:00:00
ORD_12437,CUST_0392,83.23,2025-04-12 12:00:00
ORD_12438,CUST_0223,508.48,2025-04-12 13:00:00
ORD_12439,CUST_0301,319.52,2025-04-12 14:00:00
ORD_12440,CUST_0049,363.61,2025-04-12 15:00:00
ORD_12441,CUST_0574,55.88,2025-04-12 16:00:00
ORD_12442,CUST_0387,159.48,2025-04-12 17:00:00
ORD_12443,CUST_ORPHAN_104,597.07,2025-04-12 18:00:00
ORD_12444,CUST_0299,351.39,2025-04-12 19:00:00
ORD_12445,CUST_0157,240.21,2025-04-12 20:00:00
ORD_12446,CUST_0583,300.33,2025-04-12 21:00:00
ORD_12447,CUST_0268,643.71,2025-04-12 22:00:00
ORD_12448,CUST_0255,566.77,2025-04-12 23:00:00
ORD_12449,CUST_0606,218.79,2025-04-13 00:00:00
ORD_12450,CUST_ORPHAN_350,105.78,2025-04-13 01:00:00
ORD_12451,CUST_0236,203.96,2025-04-13 02:00:00
ORD_12452,CUST_0387,692.15,2025-04-13 03:00:00
ORD_12453,CUST_0002,444.56,2025-04-13 04:00:00
ORD_12454,CUST_0558,409.44,2025-04-13 05:00:00
ORD_12455,CUST_0506,455.37,2025-04-13 06:00:00
ORD_12456,CUST_ORPHAN_900,287.2,2025-04-13 07:00:00
ORD_12457,CUST_0714,609.19,2025-04-13 08:00:00
ORD_12458,CUST_0585,402.0,2025-04-13 09:00:00
ORD_12459,CUST_0210,105.23,2025-04-13 10:00:00
ORD_12460,CUST_0060,114.22,2025-04-13 11:00:00
ORD_12461,CUST_0440,411.91,2025-04-13 12:00:00
ORD_12462,CUST_ORPHAN_788,703.7,2025-04-13 13:00:00
ORD_12463,CUST_0083,245.1,2025-04-13 14:00:00
ORD_12464,CUST_0143,654.77,2025-04-13 15:00:00
ORD_12465,CUST_ORPHAN_504,577.79,2025-04-13 16:00:00
ORD_12466,CUST_ORPHAN_982,200.9,2025-04-13 17:00:00
ORD_12467,CUST_0109,46.53,2025-04-13 18:00:00
ORD_12468,CUST_0094,94.35,2025-04-13 19:00:00
ORD_12469,CUST_0389,551.8,2025-04-13 20:00:00
ORD_12470,CUST_0332,165.76,2025-04-13 21:00:00
ORD_12471,CUST_0462,291.03,2025-04-13 22:00:00
ORD_12472,CUST_ORPHAN_484,386.24,2025-04-13 23:00:00
ORD_12473,CUST_0151,549.59,2025-04-14 00:00:00
ORD_12474,CUST_0760,102.66,2025-04-14 01:00:00
ORD_12475,CUST_0075,316.65,2025-04-14 02:00:00
ORD_12476,CUST_0490,374.1,2025-04-14 03:00:00
ORD_12477,CUST_0803,414.8,2025-04-14 04:00:00
ORD_12478,CUST_ORPHAN_808,617.4,2025-04-14 05:00:00
ORD_12479,CUST_0590,145.33,2025-04-14 06:00:00
ORD_12480,CUST_0004,609.72,2025-04-14 07:00:00
ORD_12481,CUST_0650,525.8,2025-04-14 08:00:00
ORD_12482,CUST_0011,425.79,2025-04-14 09:00:00
ORD_12483,CUST_ORPHAN_560,530.66,2025-04-14 10:00:00
ORD_12484,CUST_0779,320.77,2025-04-14 11:00:00
ORD_12485,CUST_0517,121.03,2025-04-14 12:00:00
ORD_12486,CUST_0174,506.01,2025-04-14 13:00:00
ORD_12487,CUST_0246,403.01,2025-04-14 14:00:00
ORD_12488,CUST_0786,486.74,2025-04-14 15:00:00
ORD_12489,CUST_0771,266.74,2025-04-14 16:00:00
ORD_12490,CUST_ORPHAN_851,682.01,2025-04-14 17:00:00
ORD_12491,CUST_0253,448.78,2025-04-14 18:00:00
ORD_12492,CUST_ORPHAN_831,82.34,2025-04-14 19:00:00
ORD_12493,CUST_0337,348.36,2025-04-14 20:00:00
ORD_12494,CUST_0105,572.14,2025-04-14 21:00:00
ORD_12495,CUST_0767,599.72,2025-04-14 22:00:00
ORD_12496,CUST_0690,381.06,2025-04-14 23:00:00
ORD_12497,CUST_0001,673.17,2025-04-15 00:00:00
ORD_12498,CUST_0475,215.4,2025-04-15 01:00:00
ORD_12499,CUST_0507,319.74,2025-04-15 02:00:00
ORD_12500,CUST_0832,675.98,2025-04-15 03:00:00
ORD_12501,CUST_0318,674.27,2025-04-15 04:00:00
ORD_12502,CUST_0301,520.57,2025-04-15 05:00:00
ORD_12503,CUST_0397,647.06,2025-04-15 06:00:00
ORD_12504,CUST_ORPHAN_976,84.8,2025-04-15 07:00:00
ORD_12505,CUST_ORPHAN_204,651.45,2025-04-15 08:00:00
ORD_12506,CUST_0113,254.05,2025-04-15 09:00:00
ORD_12507,CUST_0710,150.18,2025-04-15 10:00:00
ORD_12508,CUST_0597,194.74,2025-04-15 11:00:00
ORD_12509,CUST_0817,325.12,2025-04-15 12:00:00
ORD_12510,CUST_0723,203.37,2025-04-15 13:00:00
ORD_12511,CUST_0394,254.01,2025-04-15 14:00:00
ORD_12512,CUST_0101,118.53,2025-04-15 15:00:00
ORD_12513,CUST_0581,236.21,2025-04-15 16:00:00
ORD_12514,CUST_0834,437.77,2025-04-15 17:00:00
ORD_12515,CUST_ORPHAN_484,342.55,2025-04-15 18:00:00
ORD_12516,CUST_ORPHAN_504,273.1,2025-04-15 19:00:00
ORD_12517,CUST_0486,564.91,2025-04-15 20:00:00
ORD_12518,CUST_ORPHAN_823,672.26,2025-04-15 21:00:00
ORD_12519,CUST_0089,572.46,2025-04-15 22:00:00
ORD_12520,CUST_ORPHAN_549,262.36,2025-04-15 23:00:00
ORD_12521,CUST_0705,563.44,2025-04-16 00:00:00
ORD_12522,CUST_0472,130.95,2025-04-16 01:00:00
ORD_12523,CUST_ORPHAN_693,115.13,2025-04-16 02:00:00
ORD_12524,CUST_0555,272.31,2025-04-16 03:00:00
ORD_12525,CUST_0310,609.62,2025-04-16 04:00:00
ORD_12526,CUST_0364,199.83,2025-04-16 05:00:00
ORD_12527,CUST_ORPHAN_276,66.17,2025-04-16 06:00:00
ORD_12528,CUST_0476,116.15,2025-04-16 07:00:00
ORD_12529,CUST_0414,646.88,2025-04-16 08:00:00
ORD_12530,CUST_0477,482.66,2025-04-16 09:00:00
ORD_12531,CUST_0701,204.84,2025-04-16 10:00:00
ORD_12532,CUST_ORPHAN_245,425.37,2025-04-16 11:00:00
ORD_12533,CUST_0530,405.13,2025-04-16 12:00:00
ORD_12534,CUST_0773,498.47,2025-04-16 13:00:00
ORD_12535,CUST_0606,190.23,2025-04-16 14:00:00
ORD_12536,CUST_ORPHAN_657,651.01,2025-04-16 15:00:00
ORD_12537,CUST_ORPHAN_601,245.84,2025-04-16 16:00:00
ORD_12538,CUST_0031,526.72,2025-04-16 17:00:00
ORD_12539,CUST_0017,31.77,2025-04-16 18:00:00
ORD_12540,CUST_0795,292.04,2025-04-16 19:00:00
ORD_12541,CUST_0667,276.75,2025-04-16 20:00:00
ORD_12542,CUST_0209,416.74,2025-04-16 21:00:00
ORD_12543,CUST_0563,73.1,2025-04-16 22:00:00
ORD_12544,CUST_0641,596.8,2025-04-16 23:00:00
ORD_12545,CUST_0234,178.98,2025-04-17 00:00:00
ORD_12546,CUST_0730,514.24,2025-04-17 01:00:00
ORD_12547,CUST_0075,606.34,2025-04-17 02:00:00
ORD_12548,CUST_0612,430.17,2025-04-17 03:00:00
ORD_12549,CUST_0237,560.84,2025-04-17 04:00:00
ORD_12550,CUST_0287,503.16,2025-04-17 05:00:00
ORD_12551,CUST_0261,279.54,2025-04-17 06:00:00
ORD_12552,CUST_ORPHAN_109,610.47,2025-04-17 07:00:00
ORD_12553,CUST_0535,235.13,2025-04-17 08:00:00
ORD_12554,CUST_0695,436.99,2025-04-17 09:00:00
ORD_12555,CUST_0336,564.14,2025-04-17 10:00:00
ORD_12556,CUST_0308,296.64,2025-04-17 11:00:00
ORD_12557,CUST_0194,241.02,2025-04-17 12:00:00
ORD_12558,CUST_0666,355.32,2025-04-17 13:00:00
ORD_12559,CUST_0579,617.11,2025-04-17 14:00:00
ORD_12560,CUST_0424,698.84,2025-04-17 15:00:00
ORD_12561,CUST_0580,417.91,2025-04-17 16:00:00
ORD_12562,CUST_0772,502.87,2025-04-17 17:00:00
ORD_12563,CUST_0696,679.39,2025-04-17 18:00:00
ORD_12564,CUST_0629,91.94,2025-04-17 19:00:00
ORD_12565,CUST_0147,189.42,2025-04-17 20:00:00
ORD_12566,CUST_0132,537.5,2025-04-17 21:00:00
ORD_12567,CUST_0179,621.33,2025-04-17 22:00:00
ORD_12568,CUST_0505,645.63,2025-04-17 23:00:00
ORD_12569,CUST_0043,323.03,2025-04-18 00:00:00
ORD_12570,CUST_0672,85.22,2025-04-18 01:00:00
ORD_12571,CUST_0721,339.58,2025-04-18 02:00:00
ORD_12572,CUST_0737,188.44,2025-04-18 03:00:00
ORD_12573,CUST_0804,232.57,2025-04-18 04:00:00
ORD_12574,CUST_0374,583.76,2025-04-18 05:00:00
ORD_12575,CUST_0659,75.13,2025-04-18 06:00:00
ORD_12576,CUST_0197,624.13,2025-04-18 07:00:00
ORD_12577,CUST_ORPHAN_831,332.2,2025-04-18 08:00:00
ORD_12578,CUST_0522,455.13,2025-04-18 09:00:00
ORD_12579,CUST_0786,85.45,2025-04-18 10:00:00
ORD_12580,CUST_0680,266.27,2025-04-18 11:00:00
ORD_12581,CUST_0572,85.48,2025-04-18 12:00:00
ORD_12582,CUST_0343,721.93,2025-04-18 13:00:00
ORD_12583,CUST_0701,609.3,2025-04-18 14:00:00
ORD_12584,CUST_0828,355.53,2025-04-18 15:00:00
ORD_12585,CUST_0728,183.23,2025-04-18 16:00:00
ORD_12586,CUST_ORPHAN_900,701.42,2025-04-18 17:00:00
ORD_12587,CUST_0127,271.56,2025-04-18 18:00:00
ORD_12588,CUST_0240,137.52,2025-04-18 19:00:00
ORD_12589,CUST_ORPHAN_878,431.11,2025-04-18 20:00:00
ORD_12590,CUST_0229,708.96,2025-04-18 21:00:00
ORD_12591,CUST_0144,22.8,2025-04-18 22:00:00
ORD_12592,CUST_0287,193.83,2025-04-18 23:00:00
ORD_12593,CUST_0450,705.07,2025-04-19 00:00:00
ORD_12594,CUST_0431,144.89,2025-04-19 01:00:00
ORD_12595,CUST_0499,102.67,2025-04-19 02:00:00
ORD_12596,CUST_0661,436.24,2025-04-19 03:00:00
ORD_12597,CUST_0091,649.15,2025-04-19 04:00:00
ORD_12598,CUST_0514,368.29,2025-04-19 05:00:00
ORD_12599,CUST_0161,746.03,2025-04-19 06:00:00
ORD_12600,CUST_0408,515.8,2025-04-19 07:00:00
ORD_12601,CUST_0256,74.07,2025-04-19 08:00:00
ORD_12602,CUST_0511,744.77,2025-04-19 09:00:00
ORD_12603,CUST_0254,317.76,2025-04-19 10:00:00
ORD_12604,CUST_0056,229.8,2025-04-19 11:00:00
ORD_12605,CUST_0780,427.25,2025-04-19 12:00:00
ORD_12606,CUST_0236,242.14,2025-04-19 13:00:00
ORD_12607,CUST_0825,83.11,2025-04-19 14:00:00
ORD_12608,CUST_0687,21.04,2025-04-19 15:00:00
ORD_12609,CUST_0429,348.2,2025-04-19 16:00:00
ORD_12610,CUST_0532,630.91,2025-04-19 17:00:00
ORD_12611,CUST_0772,437.79,2025-04-19 18:00:00
ORD_12612,CUST_0012,749.42,2025-04-19 19:00:00
ORD_12613,CUST_0465,229.4,2025-04-19 20:00:00
ORD_12614,CUST_0218,224.73,2025-04-19 21:00:00
ORD_12615,CUST_0068,136.62,2025-04-19 22:00:00
ORD_12616,CUST_0748,139.77,2025-04-19 23:00:00
ORD_12617,CUST_0169,228.19,2025-04-20 00:00:00
ORD_12618,CUST_0570,598.77,2025-04-20 01:00:00
ORD_12619,CUST_ORPHAN_164,681.2,2025-04-20 02:00:00
ORD_12620,CUST_ORPHAN_245,731.81,2025-04-20 03:00:00
ORD_12621,CUST_0821,189.57,2025-04-20 04:00:00
ORD_12622,CUST_0377,663.35,2025-04-20 05:00:00
ORD_12623,CUST_0433,259.63,2025-04-20 06:00:00
ORD_12624,CUST_ORPHAN_601,102.37,2025-04-20 07:00:00
ORD_12625,CUST_0668,655.12,2025-04-20 08:00:00
ORD_12626,CUST_0576,484.36,2025-04-20 09:00:00
ORD_12627,CUST_0110,140.25,2025-04-20 10:00:00
ORD_12628,CUST_0813,333.78,2025-04-20 11:00:00
ORD_12629,CUST_0153,229.7,2025-04-20 12:00:00
ORD_12630,CUST_ORPHAN_788,557.86,2025-04-20 13:00:00
ORD_12631,CUST_0801,350.99,2025-04-20 14:00:00
ORD_12632,CUST_0294,742.17,2025-04-20 15:00:00
ORD_12633,CUST_0398,59.96,2025-04-20 16:00:00
ORD_12634,CUST_0319,279.16,2025-04-20 17:00:00
ORD_12635,CUST_ORPHAN_900,371.79,2025-04-20 18:00:00
ORD_12636,CUST_0293,387.29,2025-04-20 19:00:00
ORD_12637,CUST_0549,250.63,2025-04-20 20:00:00
ORD_12638,CUST_0810,552.35,2025-04-20 21:00:00
ORD_12639,CUST_0521,658.57,2025-04-20 22:00:00
ORD_12640,CUST_0130,705.27,2025-04-20 23:00:00
ORD_12641,CUST_0632,607.72,2025-04-21 00:00:00
ORD_12642,CUST_0449,640.92,2025-04-21 01:00:00
ORD_12643,CUST_ORPHAN_198,421.9,2025-04-21 02:00:00
ORD_12644,CUST_0083,622.9,2025-04-21 03:00:00
ORD_12645,CUST_0473,241.56,2025-04-21 04:00:00
ORD_12646,CUST_0596,310.89,2025-04-21 05:00:00
ORD_12647,CUST_ORPHAN_560,251.35,2025-04-21 06:00:00
ORD_12648,CUST_ORPHAN_218,361.19,2025-04-21 07:00:00
ORD_12649,CUST_0383,228.47,2025-04-21 08:00:00
ORD_12650,CUST_0424,721.98,2025-04-21 09:00:00
ORD_12651,CUST_ORPHAN_341,248.38,2025-04-21 10:00:00
ORD_12652,CUST_0205,91.57,2025-04-21 11:00:00
ORD_12653,CUST_0596,404.58,2025-04-21 12:00:00
ORD_12654,CUST_0681,61.68,2025-04-21 13:00:00
ORD_12655,CUST_0574,100.7,2025-04-21 14:00:00
ORD_12656,CUST_0716,180.15,2025-04-21 15:00:00
ORD_12657,CUST_ORPHAN_922,358.98,2025-04-21 16:00:00
ORD_12658,CUST_0840,336.27,2025-04-21 17:00:00
ORD_12659,CUST_0501,603.78,2025-04-21 18:00:00
ORD_12660,CUST_ORPHAN_831,559.82,2025-04-21 19:00:00
ORD_12661,CUST_0142,331.21,2025-04-21 20:00:00
ORD_12662,CUST_ORPHAN_788,263.6,2025-04-21 21:00:00
ORD_12663,CUST_0056,251.02,2025-04-21 22:00:00
ORD_12664,CUST_0528,585.02,2025-04-21 23:00:00
ORD_12665,CUST_ORPHAN_549,58.01,2025-04-22 00:00:00
ORD_12666,CUST_0755,29.36,2025-04-22 01:00:00
ORD_12667,CUST_0567,600.75,2025-04-22 02:00:00
ORD_12668,CUST_0498,368.32,2025-04-22 03:00:00
ORD_12669,CUST_0289,115.54,2025-04-22 04:00:00
ORD_12670,CUST_0558,191.96,2025-04-22 05:00:00
ORD_12671,CUST_0494,700.73,2025-04-22 06:00:00
ORD_12672,CUST_0088,647.44,2025-04-22 07:00:00
ORD_12673,CUST_0730,538.14,2025-04-22 08:00:00
ORD_12674,CUST_0551,372.02,2025-04-22 09:00:00
ORD_12675,CUST_0571,399.84,2025-04-22 10:00:00
ORD_12676,CUST_0320,731.93,2025-04-22 11:00:00
ORD_12677,CUST_0099,725.01,2025-04-22 12:00:00
ORD_12678,CUST_0351,177.15,2025-04-22 13:00:00
ORD_12679,CUST_0266,612.11,2025-04-22 14:00:00
ORD_12680,CUST_0533,163.99,2025-04-22 15:00:00
ORD_12681,CUST_0072,175.88,2025-04-22 16:00:00
ORD_12682,CUST_0130,513.55,2025-04-22 17:00:00
ORD_12683,CUST_0331,315.65,2025-04-22 18:00:00
ORD_12684,CUST_0245,700.03,2025-04-22 19:00:00
ORD_12685,CUST_ORPHAN_900,84.98,2025-04-22 20:00:00
ORD_12686,CUST_0500,393.41,2025-04-22 21:00:00
ORD_12687,CUST_0753,690.52,2025-04-22 22:00:00
ORD_12688,CUST_0539,680.0,2025-04-22 23:00:00
ORD_12689,CUST_0640,134.27,2025-04-23 00:00:00
ORD_12690,CUST_0005,287.65,2025-04-23 01:00:00
ORD_12691,CUST_0118,471.96,2025-04-23 02:00:00
ORD_12692,CUST_ORPHAN_560,136.36,2025-04-23 03:00:00
ORD_12693,CUST_0701,726.66,2025-04-23 04:00:00
ORD_12694,CUST_0834,687.77,2025-04-23 05:00:00
ORD_12695,CUST_0549,141.87,2025-04-23 06:00:00
ORD_12696,CUST_0359,108.44,2025-04-23 07:00:00
ORD_12697,CUST_0259,82.35,2025-04-23 08:00:00
ORD_12698,CUST_0447,683.89,2025-04-23 09:00:00
ORD_12699,CUST_0156,161.35,2025-04-23 10:00:00
ORD_12700,CUST_0596,323.89,2025-04-23 11:00:00
ORD_12701,CUST_0632,347.66,2025-04-23 12:00:00
ORD_12702,CUST_0228,457.28,2025-04-23 13:00:00
ORD_12703,CUST_0240,72.37,2025-04-23 14:00:00
ORD_12704,CUST_ORPHAN_560,185.53,2025-04-23 15:00:00
ORD_12705,CUST_0620,699.99,2025-04-23 16:00:00
ORD_12706,CUST_ORPHAN_709,683.14,2025-04-23 17:00:00
ORD_12707,CUST_0289,590.34,2025-04-23 18:00:00
ORD_12708,CUST_0081,34.16,2025-04-23 19:00:00
ORD_12709,CUST_0688,258.71,2025-04-23 20:00:00
ORD_12710,CUST_ORPHAN_693,478.41,2025-04-23 21:00:00
ORD_12711,CUST_0502,220.89,2025-04-23 22:00:00
ORD_12712,CUST_0353,684.0,2025-04-23 23:00:00
ORD_12713,CUST_0627,482.74,2025-04-24 00:00:00
ORD_12714,CUST_0817,72.49,2025-04-24 01:00:00
ORD_12715,CUST_0124,683.57,2025-04-24 02:00:00
ORD_12716,CUST_0338,719.17,2025-04-24 03:00:00
ORD_12717,CUST_0093,76.73,2025-04-24 04:00:00
ORD_12718,CUST_0655,408.62,2025-04-24 05:00:00
ORD_12719,CUST_ORPHAN_914,241.46,2025-04-24 06:00:00
ORD_12720,CUST_ORPHAN_560,306.77,2025-04-24 07:00:00
ORD_12721,CUST_0016,151.15,2025-04-24 08:00:00
ORD_12722,CUST_0849,441.99,2025-04-24 09:00:00
ORD_12723,CUST_0131,719.32,2025-04-24 10:00:00
ORD_12724,CUST_0380,387.24,2025-04-24 11:00:00
ORD_12725,CUST_0653,80.53,2025-04-24 12:00:00
ORD_12726,CUST_0611,472.6,2025-04-24 13:00:00
ORD_12727,CUST_0581,268.36,2025-04-24 14:00:00
ORD_12728,CUST_0136,644.83,2025-04-24 15:00:00
ORD_12729,CUST_0146,337.32,2025-04-24 16:00:00
ORD_12730,CUST_ORPHAN_204,160.77,2025-04-24 17:00:00
ORD_12731,CUST_0402,159.51,2025-04-24 18:00:00
ORD_12732,CUST_0305,581.2,2025-04-24 19:00:00
ORD_12733,CUST_0132,213.88,2025-04-24 20:00:00
ORD_12734,CUST_ORPHAN_316,580.08,2025-04-24 21:00:00
ORD_12735,CUST_0805,170.3,2025-04-24 22:00:00
ORD_12736,CUST_0488,254.83,2025-04-24 23:00:00
ORD_12737,CUST_0649,359.81,2025-04-25 00:00:00
ORD_12738,CUST_0360,708.53,2025-04-25 01:00:00
ORD_12739,CUST_ORPHAN_982,700.16,2025-04-25 02:00:00
ORD_12740,CUST_0484,171.02,2025-04-25 03:00:00
ORD_12741,CUST_ORPHAN_352,281.5,2025-04-25 04:00:00
ORD_12742,CUST_0608,129.06,2025-04-25 05:00:00
ORD_12743,CUST_0546,392.29,2025-04-25 06:00:00
ORD_12744,CUST_0265,356.23,2025-04-25 07:00:00
ORD_12745,CUST_0516,677.55,2025-04-25 08:00:00
ORD_12746,CUST_0143,698.9,2025-04-25 09:00:00
ORD_12747,CUST_0080,300.0,2025-04-25 10:00:00
ORD_12748,CUST_0522,378.97,2025-04-25 11:00:00
ORD_12749,CUST_0366,674.25,2025-04-25 12:00:00
ORD_12750,CUST_0701,608.9,2025-04-25 13:00:00
ORD_12751,CUST_0479,22.67,2025-04-25 14:00:00
ORD_12752,CUST_0040,253.64,2025-04-25 15:00:00
ORD_12753,CUST_0247,327.9,2025-04-25 16:00:00
ORD_12754,CUST_0745,187.69,2025-04-25 17:00:00
ORD_12755,CUST_0059,165.69,2025-04-25 18:00:00
ORD_12756,CUST_0680,47.58,2025-04-25 19:00:00
ORD_12757,CUST_0191,489.66,2025-04-25 20:00:00
ORD_12758,CUST_0074,211.63,2025-04-25 21:00:00
ORD_12759,CUST_0450,58.21,2025-04-25 22:00:00
ORD_12760,CUST_0269,188.61,2025-04-25 23:00:00
ORD_12761,CUST_0670,605.4,2025-04-26 00:00:00
ORD_12762,CUST_ORPHAN_218,641.59,2025-04-26 01:00:00
ORD_12763,CUST_0211,372.64,2025-04-26 02:00:00
ORD_12764,CUST_ORPHAN_323,323.73,2025-04-26 03:00:00
ORD_12765,CUST_0303,733.83,2025-04-26 04:00:00
ORD_12766,CUST_0231,166.41,2025-04-26 05:00:00
ORD_12767,CUST_ORPHAN_914,177.21,2025-04-26 06:00:00
ORD_12768,CUST_0147,233.06,2025-04-26 07:00:00
ORD_12769,CUST_0042,146.11,2025-04-26 08:00:00
ORD_12770,CUST_ORPHAN_489,296.94,2025-04-26 09:00:00
ORD_12771,CUST_0082,684.91,2025-04-26 10:00:00
ORD_12772,CUST_0714,469.2,2025-04-26 11:00:00
ORD_12773,CUST_0608,320.72,2025-04-26 12:00:00
ORD_12774,CUST_0227,702.12,2025-04-26 13:00:00
ORD_12775,CUST_ORPHAN_276,55.38,2025-04-26 14:00:00
ORD_12776,CUST_0216,173.5,2025-04-26 15:00:00
ORD_12777,CUST_0613,433.1,2025-04-26 16:00:00
ORD_12778,CUST_0527,469.35,2025-04-26 17:00:00
ORD_12779,CUST_0568,48.88,2025-04-26 18:00:00
ORD_12780,CUST_0834,314.22,2025-04-26 19:00:00
ORD_12781,CUST_0040,493.88,2025-04-26 20:00:00
ORD_12782,CUST_0199,529.59,2025-04-26 21:00:00
ORD_12783,CUST_0800,485.84,2025-04-26 22:00:00
ORD_12784,CUST_0586,254.01,2025-04-26 23:00:00
ORD_12785,CUST_0259,88.27,2025-04-27 00:00:00
ORD_12786,CUST_0735,331.79,2025-04-27 01:00:00
ORD_12787,CUST_0848,113.99,2025-04-27 02:00:00
ORD_12788,CUST_0768,711.77,2025-04-27 03:00:00
ORD_12789,CUST_ORPHAN_316,366.87,2025-04-27 04:00:00
ORD_12790,CUST_0737,251.6,2025-04-27 05:00:00
ORD_12791,CUST_0384,579.4,2025-04-27 06:00:00
ORD_12792,CUST_0278,383.5,2025-04-27 07:00:00
ORD_12793,CUST_0604,246.32,2025-04-27 08:00:00
ORD_12794,CUST_0268,612.74,2025-04-27 09:00:00
ORD_12795,CUST_0559,653.02,2025-04-27 10:00:00
ORD_12796,CUST_0055,511.3,2025-04-27 11:00:00
ORD_12797,CUST_0065,54.28,2025-04-27 12:00:00
ORD_12798,CUST_0485,433.42,2025-04-27 13:00:00
ORD_12799,CUST_0512,577.21,2025-04-27 14:00:00
ORD_12800,CUST_0471,119.65,2025-04-27 15:00:00
ORD_12801,CUST_0665,186.93,2025-04-27 16:00:00
ORD_12802,CUST_0006,664.22,2025-04-27 17:00:00
ORD_12803,CUST_0008,34.69,2025-04-27 18:00:00
ORD_12804,CUST_0616,569.49,2025-04-27 19:00:00
ORD_12805,CUST_ORPHAN_914,365.85,2025-04-27 20:00:00
ORD_12806,CUST_0753,346.14,2025-04-27 21:00:00
ORD_12807,CUST_0685,25.18,2025-04-27 22:00:00
ORD_12808,CUST_ORPHAN_504,618.16,2025-04-27 23:00:00
ORD_12809,CUST_0601,282.67,2025-04-28 00:00:00
ORD_12810,CUST_0352,414.76,2025-04-28 01:00:00
ORD_12811,CUST_0727,514.43,2025-04-28 02:00:00
ORD_12812,CUST_0099,532.92,2025-04-28 03:00:00
ORD_12813,CUST_0115,717.87,2025-04-28 04:00:00
ORD_12814,CUST_0177,407.88,2025-04-28 05:00:00
ORD_12815,CUST_0774,311.8,2025-04-28 06:00:00
ORD_12816,CUST_0575,716.2,2025-04-28 07:00:00
ORD_12817,CUST_0162,488.74,2025-04-28 08:00:00
ORD_12818,CUST_0202,237.65,2025-04-28 09:00:00
ORD_12819,CUST_0240,112.32,2025-04-28 10:00:00
ORD_12820,CUST_0292,635.06,2025-04-28 11:00:00
ORD_12821,CUST_0428,284.39,2025-04-28 12:00:00
ORD_12822,CUST_0084,502.14,2025-04-28 13:00:00
ORD_12823,CUST_0578,363.7,2025-04-28 14:00:00
ORD_12824,CUST_0447,165.22,2025-04-28 15:00:00
ORD_12825,CUST_0031,459.23,2025-04-28 16:00:00
ORD_12826,CUST_0406,64.3,2025-04-28 17:00:00
ORD_12827,CUST_0178,321.74,2025-04-28 18:00:00
ORD_12828,CUST_0782,419.03,2025-04-28 19:00:00
ORD_12829,CUST_0102,338.31,2025-04-28 20:00:00
ORD_12830,CUST_0126,566.53,2025-04-28 21:00:00
ORD_12831,CUST_0050,624.39,2025-04-28 22:00:00
ORD_12832,CUST_0427,583.01,2025-04-28 23:00:00
ORD_12833,CUST_0770,48.33,2025-04-29 00:00:00
ORD_12834,CUST_0445,161.71,2025-04-29 01:00:00
ORD_12835,CUST_0724,411.72,2025-04-29 02:00:00
ORD_12836,CUST_0829,702.42,2025-04-29 03:00:00
ORD_12837,CUST_ORPHAN_601,629.52,2025-04-29 04:00:00
ORD_12838,CUST_0034,635.05,2025-04-29 05:00:00
ORD_12839,CUST_0485,241.34,2025-04-29 06:00:00
ORD_12840,CUST_0242,333.5,2025-04-29 07:00:00
ORD_12841,CUST_0713,363.62,2025-04-29 08:00:00
ORD_12842,CUST_0355,134.88,2025-04-29 09:00:00
ORD_12843,CUST_0532,42.68,2025-04-29 10:00:00
ORD_12844,CUST_ORPHAN_484,711.24,2025-04-29 11:00:00
ORD_12845,CUST_0739,195.72,2025-04-29 12:00:00
ORD_12846,CUST_ORPHAN_646,195.16,2025-04-29 13:00:00
ORD_12847,CUST_0782,80.87,2025-04-29 14:00:00
ORD_12848,CUST_0171,697.81,2025-04-29 15:00:00
ORD_12849,CUST_ORPHAN_300,443.21,2025-04-29 16:00:00
ORD_12850,CUST_0591,506.94,2025-04-29 17:00:00
ORD_12851,CUST_0028,685.45,2025-04-29 18:00:00
ORD_12852,CUST_0611,272.3,2025-04-29 19:00:00
ORD_12853,CUST_0571,473.7,2025-04-29 20:00:00
ORD_12854,CUST_0010,48.32,2025-04-29 21:00:00
ORD_12855,CUST_0480,156.34,2025-04-29 22:00:00
ORD_12856,CUST_0344,626.81,2025-04-29 23:00:00
ORD_12857,CUST_0444,579.74,2025-04-30 00:00:00
ORD_12858,CUST_0666,275.97,2025-04-30 01:00:00
ORD_12859,CUST_0435,295.07,2025-04-30 02:00:00
ORD_12860,CUST_0204,409.49,2025-04-30 03:00:00
ORD_12861,CUST_0098,20.18,2025-04-30 04:00:00
ORD_12862,CUST_0504,196.11,2025-04-30 05:00:00
ORD_12863,CUST_0370,172.01,2025-04-30 06:00:00
ORD_12864,CUST_0688,202.85,2025-04-30 07:00:00
ORD_12865,CUST_0341,608.31,2025-04-30 08:00:00
ORD_12866,CUST_ORPHAN_976,224.16,2025-04-30 09:00:00
ORD_12867,CUST_0451,159.81,2025-04-30 10:00:00
ORD_12868,CUST_0668,388.11,2025-04-30 11:00:00
ORD_12869,CUST_0116,651.92,2025-04-30 12:00:00
ORD_12870,CUST_0784,196.19,2025-04-30 13:00:00
ORD_12871,CUST_0529,77.33,2025-04-30 14:00:00
ORD_12872,CUST_0177,280.18,2025-04-30 15:00:00
ORD_12873,CUST_0771,565.79,2025-04-30 16:00:00
ORD_12874,CUST_ORPHAN_381,422.0,2025-04-30 17:00:00
ORD_12875,CUST_0698,616.26,2025-04-30 18:00:00
ORD_12876,CUST_ORPHAN_341,720.5,2025-04-30 19:00:00
ORD_12877,CUST_0573,598.64,2025-04-30 20:00:00
ORD_12878,CUST_0396,460.78,2025-04-30 21:00:00
ORD_12879,CUST_0593,380.14,2025-04-30 22:00:00
ORD_12880,CUST_ORPHAN_808,49.25,2025-04-30 23:00:00
ORD_12881,CUST_0597,738.56,2025-05-01 00:00:00
ORD_12882,CUST_0675,299.94,2025-05-01 01:00:00
ORD_12883,CUST_0838,131.13,2025-05-01 02:00:00
ORD_12884,CUST_0704,506.7,2025-05-01 03:00:00
ORD_12885,CUST_0750,227.53,2025-05-01 04:00:00
ORD_12886,CUST_0509,447.62,2025-05-01 05:00:00
ORD_12887,CUST_ORPHAN_982,448.34,2025-05-01 06:00:00
ORD_12888,CUST_0793,345.38,2025-05-01 07:00:00
ORD_12889,CUST_0125,630.37,2025-05-01 08:00:00
ORD_12890,CUST_0384,213.43,2025-05-01 09:00:00
ORD_12891,CUST_0003,347.5,2025-05-01 10:00:00
ORD_12892,CUST_0181,412.52,2025-05-01 11:00:00
ORD_12893,CUST_0371,504.45,2025-05-01 12:00:00
ORD_12894,CUST_0489,592.3,2025-05-01 13:00:00
ORD_12895,CUST_0534,308.21,2025-05-01 14:00:00
ORD_12896,CUST_ORPHAN_300,491.61,2025-05-01 15:00:00
ORD_12897,CUST_0256,129.95,2025-05-01 16:00:00
ORD_12898,CUST_0057,700.83,2025-05-01 17:00:00
ORD_12899,CUST_0662,299.63,2025-05-01 18:00:00
ORD_12900,CUST_ORPHAN_923,552.55,2025-05-01 19:00:00
ORD_12901,CUST_0487,34.85,2025-05-01 20:00:00
ORD_12902,CUST_0490,169.79,2025-05-01 21:00:00
ORD_12903,CUST_0046,375.57,2025-05-01 22:00:00
ORD_12904,CUST_0840,661.12,2025-05-01 23:00:00
ORD_12905,CUST_0421,404.9,2025-05-02 00:00:00
ORD_12906,CUST_0547,698.81,2025-05-02 01:00:00
ORD_12907,CUST_0344,373.17,2025-05-02 02:00:00
ORD_12908,CUST_0646,378.03,2025-05-02 03:00:00
ORD_12909,CUST_0322,107.42,2025-05-02 04:00:00
ORD_12910,CUST_0762,605.94,2025-05-02 05:00:00
ORD_12911,CUST_0042,200.28,2025-05-02 06:00:00
ORD_12912,CUST_0573,676.72,2025-05-02 07:00:00
ORD_12913,CUST_0137,684.9,2025-05-02 08:00:00
ORD_12914,CUST_0446,708.62,2025-05-02 09:00:00
ORD_12915,CUST_0833,399.77,2025-05-02 10:00:00
ORD_12916,CUST_ORPHAN_355,514.28,2025-05-02 11:00:00
ORD_12917,CUST_0615,588.32,2025-05-02 12:00:00
ORD_12918,CUST_0025,115.64,2025-05-02 13:00:00
ORD_12919,CUST_0598,458.7,2025-05-02 14:00:00
ORD_12920,CUST_0094,45.04,2025-05-02 15:00:00
ORD_12921,CUST_0045,383.22,2025-05-02 16:00:00
ORD_12922,CUST_ORPHAN_350,133.04,2025-05-02 17:00:00
ORD_12923,CUST_0402,153.53,2025-05-02 18:00:00
ORD_12924,CUST_0711,286.48,2025-05-02 19:00:00
ORD_12925,CUST_0841,335.68,2025-05-02 20:00:00
ORD_12926,CUST_ORPHAN_560,474.92,2025-05-02 21:00:00
ORD_12927,CUST_0582,74.33,2025-05-02 22:00:00
ORD_12928,CUST_0205,387.69,2025-05-02 23:00:00
ORD_12929,CUST_0792,153.32,2025-05-03 00:00:00
ORD_12930,CUST_0315,439.0,2025-05-03 01:00:00
ORD_12931,CUST_0056,485.31,2025-05-03 02:00:00
ORD_12932,CUST_0632,426.4,2025-05-03 03:00:00
ORD_12933,CUST_0561,558.96,2025-05-03 04:00:00
ORD_12934,CUST_0275,264.99,2025-05-03 05:00:00
ORD_12935,CUST_0163,578.53,2025-05-03 06:00:00
ORD_12936,CUST_0662,335.92,2025-05-03 07:00:00
ORD_12937,CUST_0261,373.45,2025-05-03 08:00:00
ORD_12938,CUST_0516,493.11,2025-05-03 09:00:00
ORD_12939,CUST_0069,33.4,2025-05-03 10:00:00
ORD_12940,CUST_0618,497.42,2025-05-03 11:00:00
ORD_12941,CUST_0026,471.57,2025-05-03 12:00:00
ORD_12942,CUST_0582,246.19,2025-05-03 13:00:00
ORD_12943,CUST_0390,82.63,2025-05-03 14:00:00
ORD_12944,CUST_0548,86.38,2025-05-03 15:00:00
ORD_12945,CUST_ORPHAN_914,693.95,2025-05-03 16:00:00
ORD_12946,CUST_0838,523.17,2025-05-03 17:00:00
ORD_12947,CUST_ORPHAN_316,112.78,2025-05-03 18:00:00
ORD_12948,CUST_ORPHAN_900,280.41,2025-05-03 19:00:00
ORD_12949,CUST_ORPHAN_244,452.51,2025-05-03 20:00:00
ORD_12950,CUST_0620,629.97,2025-05-03 21:00:00
ORD_12951,CUST_ORPHAN_381,51.87,2025-05-03 22:00:00
ORD_12952,CUST_0307,192.74,2025-05-03 23:00:00
ORD_12953,CUST_0162,669.52,2025-05-04 00:00:00
ORD_12954,CUST_0110,26.69,2025-05-04 01:00:00
ORD_12955,CUST_0290,167.02,2025-05-04 02:00:00
ORD_12956,CUST_0641,720.09,2025-05-04 03:00:00
ORD_12957,CUST_0426,467.78,2025-05-04 04:00:00
ORD_12958,CUST_0241,211.02,2025-05-04 05:00:00
ORD_12959,CUST_0638,68.9,2025-05-04 06:00:00
ORD_12960,CUST_ORPHAN_709,40.58,2025-05-04 07:00:00
ORD_12961,CUST_ORPHAN_897,198.66,2025-05-04 08:00:00
ORD_12962,CUST_0609,663.48,2025-05-04 09:00:00
ORD_12963,CUST_0425,323.62,2025-05-04 10:00:00
ORD_12964,CUST_0397,545.84,2025-05-04 11:00:00
ORD_12965,CUST_0622,690.35,2025-05-04 12:00:00
ORD_12966,CUST_0539,317.87,2025-05-04 13:00:00
ORD_12967,CUST_0523,159.63,2025-05-04 14:00:00
ORD_12968,CUST_0231,397.5,2025-05-04 15:00:00
ORD_12969,CUST_0072,682.9,2025-05-04 16:00:00
ORD_12970,CUST_0547,607.19,2025-05-04 17:00:00
ORD_12971,CUST_0600,68.06,2025-05-04 18:00:00
ORD_12972,CUST_0255,525.58,2025-05-04 19:00:00
ORD_12973,CUST_0061,437.49,2025-05-04 20:00:00
ORD_12974,CUST_0201,682.45,2025-05-04 21:00:00
ORD_12975,CUST_0208,109.41,2025-05-04 22:00:00
ORD_12976,CUST_0329,409.85,2025-05-04 23:00:00
ORD_12977,CUST_0602,662.01,2025-05-05 00:00:00
ORD_12978,CUST_0186,319.32,2025-05-05 01:00:00
ORD_12979,CUST_0793,371.86,2025-05-05 02:00:00
ORD_12980,CUST_0123,71.44,2025-05-05 03:00:00
ORD_12981,CUST_0095,223.04,2025-05-05 04:00:00
ORD_12982,CUST_0398,256.89,2025-05-05 05:00:00
ORD_12983,CUST_ORPHAN_894,709.94,2025-05-05 06:00:00
ORD_12984,CUST_ORPHAN_953,226.35,2025-05-05 07:00:00
ORD_12985,CUST_0500,356.43,2025-05-05 08:00:00
ORD_12986,CUST_0679,510.05,2025-05-05 09:00:00
ORD_12987,CUST_0837,138.39,2025-05-05 10:00:00
ORD_12988,CUST_0602,375.1,2025-05-05 11:00:00
ORD_12989,CUST_0485,559.13,2025-05-05 12:00:00
ORD_12990,CUST_ORPHAN_897,652.8,2025-05-05 13:00:00
ORD_12991,CUST_0117,477.17,2025-05-05 14:00:00
ORD_12992,CUST_ORPHAN_878,508.41,2025-05-05 15:00:00
ORD_12993,CUST_0733,112.19,2025-05-05 16:00:00
ORD_12994,CUST_ORPHAN_953,710.42,2025-05-05 17:00:00
ORD_12995,CUST_0686,116.78,2025-05-05 18:00:00
ORD_12996,CUST_0087,585.51,2025-05-05 19:00:00
ORD_12997,CUST_0221,213.32,2025-05-05 20:00:00
ORD_12998,CUST_0076,701.52,2025-05-05 21:00:00
ORD_12999,CUST_0660,545.57,2025-05-05 22:00:00
ORD_13000,CUST_0434,570.28,2025-05-05 23:00:00
ORD_13001,CUST_0510,179.91,2025-05-06 00:00:00
ORD_13002,CUST_0749,343.42,2025-05-06 01:00:00
ORD_13003,CUST_0161,471.0,2025-05-06 02:00:00
ORD_13004,CUST_0137,582.08,2025-05-06 03:00:00
ORD_13005,CUST_ORPHAN_693,95.89,2025-05-06 04:00:00
ORD_13006,CUST_0170,722.53,2025-05-06 05:00:00
ORD_13007,CUST_0121,669.86,2025-05-06 06:00:00
ORD_13008,CUST_0477,217.35,2025-05-06 07:00:00
ORD_13009,CUST_0461,620.61,2025-05-06 08:00:00
ORD_13010,CUST_0476,398.38,2025-05-06 09:00:00
ORD_13011,CUST_0261,357.12,2025-05-06 10:00:00
ORD_13012,CUST_ORPHAN_489,249.54,2025-05-06 11:00:00
ORD_13013,CUST_0802,444.11,2025-05-06 12:00:00
ORD_13014,CUST_0831,552.82,2025-05-06 13:00:00
ORD_13015,CUST_ORPHAN_657,319.98,2025-05-06 14:00:00
ORD_13016,CUST_0829,479.33,2025-05-06 15:00:00
ORD_13017,CUST_0783,530.5,2025-05-06 16:00:00
ORD_13018,CUST_0619,539.12,2025-05-06 17:00:00
ORD_13019,CUST_ORPHAN_164,57.94,2025-05-06 18:00:00
ORD_13020,CUST_0524,647.62,2025-05-06 19:00:00
ORD_13021,CUST_0740,354.52,2025-05-06 20:00:00
ORD_13022,CUST_ORPHAN_897,211.56,2025-05-06 21:00:00
ORD_13023,CUST_0572,196.49,2025-05-06 22:00:00
ORD_13024,CUST_0018,372.6,2025-05-06 23:00:00
ORD_13025,CUST_0425,667.39,2025-05-07 00:00:00
ORD_13026,CUST_0291,296.19,2025-05-07 01:00:00
ORD_13027,CUST_0148,567.3,2025-05-07 02:00:00
ORD_13028,CUST_0488,90.68,2025-05-07 03:00:00
ORD_13029,CUST_0542,367.52,2025-05-07 04:00:00
ORD_13030,CUST_0250,743.93,2025-05-07 05:00:00
ORD_13031,CUST_0283,582.42,2025-05-07 06:00:00
ORD_13032,CUST_0664,173.69,2025-05-07 07:00:00
ORD_13033,CUST_ORPHAN_823,386.05,2025-05-07 08:00:00
ORD_13034,CUST_0559,190.55,2025-05-07 09:00:00
ORD_13035,CUST_ORPHAN_788,318.98,2025-05-07 10:00:00
ORD_13036,CUST_0413,589.46,2025-05-07 11:00:00
ORD_13037,CUST_0060,582.99,2025-05-07 12:00:00
ORD_13038,CUST_0286,186.51,2025-05-07 13:00:00
ORD_13039,CUST_0239,693.22,2025-05-07 14:00:00
ORD_13040,CUST_ORPHAN_610,452.57,2025-05-07 15:00:00
ORD_13041,CUST_0162,297.34,2025-05-07 16:00:00
ORD_13042,CUST_ORPHAN_504,386.41,2025-05-07 17:00:00
ORD_13043,CUST_0264,461.7,2025-05-07 18:00:00
ORD_13044,CUST_ORPHAN_976,428.72,2025-05-07 19:00:00
ORD_13045,CUST_0541,375.08,2025-05-07 20:00:00
ORD_13046,CUST_0229,388.6,2025-05-07 21:00:00
ORD_13047,CUST_ORPHAN_198,148.78,2025-05-07 22:00:00
ORD_13048,CUST_0332,613.3,2025-05-07 23:00:00
ORD_13049,CUST_0604,415.49,2025-05-08 00:00:00
ORD_13050,CUST_ORPHAN_162,115.69,2025-05-08 01:00:00
ORD_13051,CUST_0081,579.29,2025-05-08 02:00:00
ORD_13052,CUST_0633,700.68,2025-05-08 03:00:00
ORD_13053,CUST_0091,711.53,2025-05-08 04:00:00
ORD_13054,CUST_0231,289.38,2025-05-08 05:00:00
ORD_13055,CUST_0188,118.93,2025-05-08 06:00:00
ORD_13056,CUST_0813,398.43,2025-05-08 07:00:00
ORD_13057,CUST_0365,102.2,2025-05-08 08:00:00
ORD_13058,CUST_0386,701.81,2025-05-08 09:00:00
ORD_13059,CUST_0550,154.01,2025-05-08 10:00:00
ORD_13060,CUST_ORPHAN_923,204.52,2025-05-08 11:00:00
ORD_13061,CUST_0021,316.84,2025-05-08 12:00:00
ORD_13062,CUST_0324,299.71,2025-05-08 13:00:00
ORD_13063,CUST_0693,600.1,2025-05-08 14:00:00
ORD_13064,CUST_0643,353.11,2025-05-08 15:00:00
ORD_13065,CUST_ORPHAN_104,144.66,2025-05-08 16:00:00
ORD_13066,CUST_0227,215.06,2025-05-08 17:00:00
ORD_13067,CUST_0164,391.65,2025-05-08 18:00:00
ORD_13068,CUST_0034,127.64,2025-05-08 19:00:00
ORD_13069,CUST_0230,466.51,2025-05-08 20:00:00
ORD_13070,CUST_0516,433.0,2025-05-08 21:00:00
ORD_13071,CUST_0306,541.73,2025-05-08 22:00:00
ORD_13072,CUST_0555,704.52,2025-05-08 23:00:00
ORD_13073,CUST_0480,685.95,2025-05-09 00:00:00
ORD_13074,CUST_0698,710.64,2025-05-09 01:00:00
ORD_13075,CUST_0275,198.64,2025-05-09 02:00:00
ORD_13076,CUST_0176,116.04,2025-05-09 03:00:00
ORD_13077,CUST_0333,240.66,2025-05-09 04:00:00
ORD_13078,CUST_0079,673.41,2025-05-09 05:00:00
ORD_13079,CUST_0085,729.6,2025-05-09 06:00:00
ORD_13080,CUST_0254,647.31,2025-05-09 07:00:00
ORD_13081,CUST_0188,100.31,2025-05-09 08:00:00
ORD_13082,CUST_ORPHAN_952,711.62,2025-05-09 09:00:00
ORD_13083,CUST_0557,329.05,2025-05-09 10:00:00
ORD_13084,CUST_0009,26.8,2025-05-09 11:00:00
ORD_13085,CUST_0064,342.95,2025-05-09 12:00:00
ORD_13086,CUST_0314,53.63,2025-05-09 13:00:00
ORD_13087,CUST_0100,417.03,2025-05-09 14:00:00
ORD_13088,CUST_0582,267.14,2025-05-09 15:00:00
ORD_13089,CUST_0785,365.61,2025-05-09 16:00:00
ORD_13090,CUST_0630,467.61,2025-05-09 17:00:00
ORD_13091,CUST_0848,654.22,2025-05-09 18:00:00
ORD_13092,CUST_0567,503.19,2025-05-09 19:00:00
ORD_13093,CUST_0187,336.86,2025-05-09 20:00:00
ORD_13094,CUST_0460,618.18,2025-05-09 21:00:00
ORD_13095,CUST_0435,681.07,2025-05-09 22:00:00
ORD_13096,CUST_ORPHAN_350,107.42,2025-05-09 23:00:00
ORD_13097,CUST_0055,408.31,2025-05-10 00:00:00
ORD_13098,CUST_0589,227.69,2025-05-10 01:00:00
ORD_13099,CUST_0194,54.35,2025-05-10 02:00:00
ORD_13100,CUST_ORPHAN_709,508.04,2025-05-10 03:00:00
ORD_13101,CUST_0723,649.82,2025-05-10 04:00:00
ORD_13102,CUST_0821,138.92,2025-05-10 05:00:00
ORD_13103,CUST_0024,613.06,2025-05-10 06:00:00
ORD_13104,CUST_0797,642.98,2025-05-10 07:00:00
ORD_13105,CUST_ORPHAN_338,687.47,2025-05-10 08:00:00
ORD_13106,CUST_0657,213.66,2025-05-10 09:00:00
ORD_13107,CUST_0224,679.89,2025-05-10 10:00:00
ORD_13108,CUST_0449,254.08,2025-05-10 11:00:00
ORD_13109,CUST_0432,423.21,2025-05-10 12:00:00
ORD_13110,CUST_ORPHAN_560,56.87,2025-05-10 13:00:00
ORD_13111,CUST_0200,52.03,2025-05-10 14:00:00
ORD_13112,CUST_0044,545.87,2025-05-10 15:00:00
ORD_13113,CUST_0362,344.47,2025-05-10 16:00:00
ORD_13114,CUST_0484,207.09,2025-05-10 17:00:00
ORD_13115,CUST_0285,159.0,2025-05-10 18:00:00
ORD_13116,CUST_ORPHAN_657,509.07,2025-05-10 19:00:00
ORD_13117,CUST_0456,20.29,2025-05-10 20:00:00
ORD_13118,CUST_0131,608.3,2025-05-10 21:00:00
ORD_13119,CUST_0204,77.85,2025-05-10 22:00:00
ORD_13120,CUST_0761,159.79,2025-05-10 23:00:00
ORD_13121,CUST_0023,301.95,2025-05-11 00:00:00
ORD_13122,CUST_0367,373.95,2025-05-11 01:00:00
ORD_13123,CUST_0804,279.15,2025-05-11 02:00:00
ORD_13124,CUST_0755,254.12,2025-05-11 03:00:00
ORD_13125,CUST_0703,723.66,2025-05-11 04:00:00
ORD_13126,CUST_0194,488.35,2025-05-11 05:00:00
ORD_13127,CUST_ORPHAN_610,37.11,2025-05-11 06:00:00
ORD_13128,CUST_ORPHAN_897,334.03,2025-05-11 07:00:00
ORD_13129,CUST_0769,658.76,2025-05-11 08:00:00
ORD_13130,CUST_0626,240.06,2025-05-11 09:00:00
ORD_13131,CUST_0461,89.03,2025-05-11 10:00:00
ORD_13132,CUST_0218,573.62,2025-05-11 11:00:00
ORD_13133,CUST_0088,462.39,2025-05-11 12:00:00
ORD_13134,CUST_0581,436.33,2025-05-11 13:00:00
ORD_13135,CUST_0829,59.11,2025-05-11 14:00:00
ORD_13136,CUST_0283,122.56,2025-05-11 15:00:00
ORD_13137,CUST_0784,474.46,2025-05-11 16:00:00
ORD_13138,CUST_0463,171.71,2025-05-11 17:00:00
ORD_13139,CUST_0213,387.97,2025-05-11 18:00:00
ORD_13140,CUST_0039,417.76,2025-05-11 19:00:00
ORD_13141,CUST_0645,226.96,2025-05-11 20:00:00
ORD_13142,CUST_0358,712.35,2025-05-11 21:00:00
ORD_13143,CUST_0032,635.0,2025-05-11 22:00:00
ORD_13144,CUST_0519,547.33,2025-05-11 23:00:00
ORD_13145,CUST_0235,76.94,2025-05-12 00:00:00
ORD_13146,CUST_0143,97.47,2025-05-12 01:00:00
ORD_13147,CUST_0598,379.73,2025-05-12 02:00:00
ORD_13148,CUST_0256,137.32,2025-05-12 03:00:00
ORD_13149,CUST_0551,734.13,2025-05-12 04:00:00
ORD_13150,CUST_ORPHAN_549,135.72,2025-05-12 05:00:00
ORD_13151,CUST_0584,375.85,2025-05-12 06:00:00
ORD_13152,CUST_0663,285.81,2025-05-12 07:00:00
ORD_13153,CUST_0647,486.75,2025-05-12 08:00:00
ORD_13154,CUST_0586,114.2,2025-05-12 09:00:00
ORD_13155,CUST_0302,334.13,2025-05-12 10:00:00
ORD_13156,CUST_ORPHAN_560,220.53,2025-05-12 11:00:00
ORD_13157,CUST_0777,668.06,2025-05-12 12:00:00
ORD_13158,CUST_0520,49.63,2025-05-12 13:00:00
ORD_13159,CUST_0649,687.02,2025-05-12 14:00:00
ORD_13160,CUST_0441,628.09,2025-05-12 15:00:00
ORD_13161,CUST_0407,237.23,2025-05-12 16:00:00
ORD_13162,CUST_0780,596.18,2025-05-12 17:00:00
ORD_13163,CUST_0845,42.79,2025-05-12 18:00:00
ORD_13164,CUST_0822,725.81,2025-05-12 19:00:00
ORD_13165,CUST_ORPHAN_601,404.41,2025-05-12 20:00:00
ORD_13166,CUST_ORPHAN_982,241.4,2025-05-12 21:00:00
ORD_13167,CUST_0697,284.69,2025-05-12 22:00:00
ORD_13168,CUST_ORPHAN_352,68.48,2025-05-12 23:00:00
ORD_13169,CUST_0461,742.23,2025-05-13 00:00:00
ORD_13170,CUST_0686,48.68,2025-05-13 01:00:00
ORD_13171,CUST_0658,498.08,2025-05-13 02:00:00
ORD_13172,CUST_0114,343.2,2025-05-13 03:00:00
ORD_13173,CUST_ORPHAN_198,712.71,2025-05-13 04:00:00
ORD_13174,CUST_0288,199.58,2025-05-13 05:00:00
ORD_13175,CUST_0483,408.42,2025-05-13 06:00:00
ORD_13176,CUST_0472,372.12,2025-05-13 07:00:00
ORD_13177,CUST_0005,533.09,2025-05-13 08:00:00
ORD_13178,CUST_0151,69.65,2025-05-13 09:00:00
ORD_13179,CUST_0488,161.47,2025-05-13 10:00:00
ORD_13180,CUST_0839,176.63,2025-05-13 11:00:00
ORD_13181,CUST_0531,558.85,2025-05-13 12:00:00
ORD_13182,CUST_0743,158.07,2025-05-13 13:00:00
ORD_13183,CUST_0621,438.65,2025-05-13 14:00:00
ORD_13184,CUST_0783,177.13,2025-05-13 15:00:00
ORD_13185,CUST_0522,648.99,2025-05-13 16:00:00
ORD_13186,CUST_0523,707.8,2025-05-13 17:00:00
ORD_13187,CUST_0226,398.5,2025-05-13 18:00:00
ORD_13188,CUST_0390,277.19,2025-05-13 19:00:00
ORD_13189,CUST_ORPHAN_104,190.86,2025-05-13 20:00:00
ORD_13190,CUST_0699,56.34,2025-05-13 21:00:00
ORD_13191,CUST_0508,216.01,2025-05-13 22:00:00
ORD_13192,CUST_ORPHAN_276,497.59,2025-05-13 23:00:00
ORD_13193,CUST_0781,409.54,2025-05-14 00:00:00
ORD_13194,CUST_ORPHAN_788,709.15,2025-05-14 01:00:00
ORD_13195,CUST_0206,309.28,2025-05-14 02:00:00
ORD_13196,CUST_0662,526.52,2025-05-14 03:00:00
ORD_13197,CUST_0183,377.21,2025-05-14 04:00:00
ORD_13198,CUST_0652,394.18,2025-05-14 05:00:00
ORD_13199,CUST_ORPHAN_823,215.48,2025-05-14 06:00:00
ORD_13200,CUST_0557,352.11,2025-05-14 07:00:00
ORD_13201,CUST_0370,363.67,2025-05-14 08:00:00
ORD_13202,CUST_ORPHAN_808,535.85,2025-05-14 09:00:00
ORD_13203,CUST_0821,706.67,2025-05-14 10:00:00
ORD_13204,CUST_0119,260.4,2025-05-14 11:00:00
ORD_13205,CUST_0378,50.81,2025-05-14 12:00:00
ORD_13206,CUST_0492,382.3,2025-05-14 13:00:00
ORD_13207,CUST_0517,417.46,2025-05-14 14:00:00
ORD_13208,CUST_ORPHAN_341,142.96,2025-05-14 15:00:00
ORD_13209,CUST_0764,575.14,2025-05-14 16:00:00
ORD_13210,CUST_0334,739.0,2025-05-14 17:00:00
ORD_13211,CUST_0326,710.42,2025-05-14 18:00:00
ORD_13212,CUST_0113,163.89,2025-05-14 19:00:00
ORD_13213,CUST_0444,659.02,2025-05-14 20:00:00
ORD_13214,CUST_0811,534.28,2025-05-14 21:00:00
ORD_13215,CUST_0460,351.31,2025-05-14 22:00:00
ORD_13216,CUST_ORPHAN_900,414.65,2025-05-14 23:00:00
ORD_13217,CUST_0207,640.21,2025-05-15 00:00:00
ORD_13218,CUST_0360,370.5,2025-05-15 01:00:00
ORD_13219,CUST_0487,292.44,2025-05-15 02:00:00
ORD_13220,CUST_0716,380.07,2025-05-15 03:00:00
ORD_13221,CUST_0142,442.76,2025-05-15 04:00:00
ORD_13222,CUST_ORPHAN_244,158.03,2025-05-15 05:00:00
ORD_13223,CUST_0486,677.66,2025-05-15 06:00:00
ORD_13224,CUST_0205,512.16,2025-05-15 07:00:00
ORD_13225,CUST_0018,482.29,2025-05-15 08:00:00
ORD_13226,CUST_0338,92.63,2025-05-15 09:00:00
ORD_13227,CUST_ORPHAN_878,461.05,2025-05-15 10:00:00
ORD_13228,CUST_0773,108.3,2025-05-15 11:00:00
ORD_13229,CUST_0435,77.45,2025-05-15 12:00:00
ORD_13230,CUST_0790,404.94,2025-05-15 13:00:00
ORD_13231,CUST_0563,314.03,2025-05-15 14:00:00
ORD_13232,CUST_0038,449.83,2025-05-15 15:00:00
ORD_13233,CUST_0847,85.13,2025-05-15 16:00:00
ORD_13234,CUST_0565,334.62,2025-05-15 17:00:00
ORD_13235,CUST_0385,147.59,2025-05-15 18:00:00
ORD_13236,CUST_ORPHAN_109,740.58,2025-05-15 19:00:00
ORD_13237,CUST_0436,429.64,2025-05-15 20:00:00
ORD_13238,CUST_0825,521.83,2025-05-15 21:00:00
ORD_13239,CUST_0366,257.56,2025-05-15 22:00:00
ORD_13240,CUST_0787,89.16,2025-05-15 23:00:00
ORD_13241,CUST_0232,732.39,2025-05-16 00:00:00
ORD_13242,CUST_ORPHAN_926,228.97,2025-05-16 01:00:00
ORD_13243,CUST_0148,329.38,2025-05-16 02:00:00
ORD_13244,CUST_ORPHAN_484,494.4,2025-05-16 03:00:00
ORD_13245,CUST_0539,38.03,2025-05-16 04:00:00
ORD_13246,CUST_0242,611.49,2025-05-16 05:00:00
ORD_13247,CUST_0408,411.7,2025-05-16 06:00:00
ORD_13248,CUST_0391,223.1,2025-05-16 07:00:00
ORD_13249,CUST_0087,64.97,2025-05-16 08:00:00
ORD_13250,CUST_0845,138.62,2025-05-16 09:00:00
ORD_13251,CUST_0182,673.37,2025-05-16 10:00:00
ORD_13252,CUST_0809,520.8,2025-05-16 11:00:00
ORD_13253,CUST_0702,202.43,2025-05-16 12:00:00
ORD_13254,CUST_0084,67.89,2025-05-16 13:00:00
ORD_13255,CUST_0438,524.15,2025-05-16 14:00:00
ORD_13256,CUST_ORPHAN_549,437.86,2025-05-16 15:00:00
ORD_13257,CUST_0079,315.3,2025-05-16 16:00:00
ORD_13258,CUST_ORPHAN_355,285.44,2025-05-16 17:00:00
ORD_13259,CUST_0011,178.27,2025-05-16 18:00:00
ORD_13260,CUST_0006,508.82,2025-05-16 19:00:00
ORD_13261,CUST_0454,728.59,2025-05-16 20:00:00
ORD_13262,CUST_0079,148.27,2025-05-16 21:00:00
ORD_13263,CUST_0443,455.9,2025-05-16 22:00:00
ORD_13264,CUST_0548,329.66,2025-05-16 23:00:00
ORD_13265,CUST_0262,346.08,2025-05-17 00:00:00
ORD_13266,CUST_0776,205.53,2025-05-17 01:00:00
ORD_13267,CUST_0300,622.35,2025-05-17 02:00:00
ORD_13268,CUST_0759,374.24,2025-05-17 03:00:00
ORD_13269,CUST_0325,416.69,2025-05-17 04:00:00
ORD_13270,CUST_0322,242.48,2025-05-17 05:00:00
ORD_13271,CUST_0580,152.72,2025-05-17 06:00:00
ORD_13272,CUST_0768,82.71,2025-05-17 07:00:00
ORD_13273,CUST_0802,541.31,2025-05-17 08:00:00
ORD_13274,CUST_ORPHAN_109,163.25,2025-05-17 09:00:00
ORD_13275,CUST_ORPHAN_560,523.76,2025-05-17 10:00:00
ORD_13276,CUST_ORPHAN_300,304.97,2025-05-17 11:00:00
ORD_13277,CUST_0845,323.52,2025-05-17 12:00:00
ORD_13278,CUST_0477,362.5,2025-05-17 13:00:00
ORD_13279,CUST_0425,288.43,2025-05-17 14:00:00
ORD_13280,CUST_0393,93.45,2025-05-17 15:00:00
ORD_13281,CUST_0841,246.03,2025-05-17 16:00:00
ORD_13282,CUST_0017,504.53,2025-05-17 17:00:00
ORD_13283,CUST_0540,506.02,2025-05-17 18:00:00
ORD_13284,CUST_0105,228.94,2025-05-17 19:00:00
ORD_13285,CUST_0123,355.87,2025-05-17 20:00:00
ORD_13286,CUST_0401,161.22,2025-05-17 21:00:00
ORD_13287,CUST_0739,173.57,2025-05-17 22:00:00
ORD_13288,CUST_0616,36.82,2025-05-17 23:00:00
ORD_13289,CUST_0190,674.62,2025-05-18 00:00:00
ORD_13290,CUST_0249,173.82,2025-05-18 01:00:00
ORD_13291,CUST_0610,186.1,2025-05-18 02:00:00
ORD_13292,CUST_0069,224.11,2025-05-18 03:00:00
ORD_13293,CUST_0184,113.01,2025-05-18 04:00:00
ORD_13294,CUST_0061,486.66,2025-05-18 05:00:00
ORD_13295,CUST_0624,74.85,2025-05-18 06:00:00
ORD_13296,CUST_0738,117.97,2025-05-18 07:00:00
ORD_13297,CUST_ORPHAN_610,490.67,2025-05-18 08:00:00
ORD_13298,CUST_0032,267.95,2025-05-18 09:00:00
ORD_13299,CUST_0008,536.8,2025-05-18 10:00:00
ORD_13300,CUST_ORPHAN_473,426.92,2025-05-18 11:00:00
ORD_13301,CUST_0183,206.9,2025-05-18 12:00:00
ORD_13302,CUST_0092,495.1,2025-05-18 13:00:00
ORD_13303,CUST_0656,104.88,2025-05-18 14:00:00
ORD_13304,CUST_0241,411.58,2025-05-18 15:00:00
ORD_13305,CUST_0703,339.12,2025-05-18 16:00:00
ORD_13306,CUST_0743,215.55,2025-05-18 17:00:00
ORD_13307,CUST_ORPHAN_300,460.92,2025-05-18 18:00:00
ORD_13308,CUST_0497,656.07,2025-05-18 19:00:00
ORD_13309,CUST_ORPHAN_109,749.2,2025-05-18 20:00:00
ORD_13310,CUST_0465,463.67,2025-05-18 21:00:00
ORD_13311,CUST_0034,315.44,2025-05-18 22:00:00
ORD_13312,CUST_ORPHAN_808,184.4,2025-05-18 23:00:00
ORD_13313,CUST_0173,207.68,2025-05-19 00:00:00
ORD_13314,CUST_0537,370.0,2025-05-19 01:00:00
ORD_13315,CUST_0686,288.11,2025-05-19 02:00:00
ORD_13316,CUST_0735,687.08,2025-05-19 03:00:00
ORD_13317,CUST_0841,288.86,2025-05-19 04:00:00
ORD_13318,CUST_0242,292.61,2025-05-19 05:00:00
ORD_13319,CUST_0373,299.98,2025-05-19 06:00:00
ORD_13320,CUST_0561,630.73,2025-05-19 07:00:00
ORD_13321,CUST_0535,495.08,2025-05-19 08:00:00
ORD_13322,CUST_0413,468.34,2025-05-19 09:00:00
ORD_13323,CUST_0051,263.92,2025-05-19 10:00:00
ORD_13324,CUST_0597,617.07,2025-05-19 11:00:00
ORD_13325,CUST_0212,48.01,2025-05-19 12:00:00
ORD_13326,CUST_0148,655.68,2025-05-19 13:00:00
ORD_13327,CUST_0223,394.31,2025-05-19 14:00:00
ORD_13328,CUST_0742,310.72,2025-05-19 15:00:00
ORD_13329,CUST_0594,382.93,2025-05-19 16:00:00
ORD_13330,CUST_0753,507.21,2025-05-19 17:00:00
ORD_13331,CUST_0797,29.32,2025-05-19 18:00:00
ORD_13332,CUST_ORPHAN_788,656.23,2025-05-19 19:00:00
ORD_13333,CUST_0357,346.12,2025-05-19 20:00:00
ORD_13334,CUST_0510,270.37,2025-05-19 21:00:00
ORD_13335,CUST_ORPHAN_982,120.92,2025-05-19 22:00:00
ORD_13336,CUST_0775,340.81,2025-05-19 23:00:00
ORD_13337,CUST_0183,382.32,2025-05-20 00:00:00
ORD_13338,CUST_0803,314.66,2025-05-20 01:00:00
ORD_13339,CUST_0700,515.42,2025-05-20 02:00:00
ORD_13340,CUST_0480,327.25,2025-05-20 03:00:00
ORD_13341,CUST_ORPHAN_162,721.83,2025-05-20 04:00:00
ORD_13342,CUST_0503,457.47,2025-05-20 05:00:00
ORD_13343,CUST_0017,609.46,2025-05-20 06:00:00
ORD_13344,CUST_0463,99.83,2025-05-20 07:00:00
ORD_13345,CUST_0345,310.02,2025-05-20 08:00:00
ORD_13346,CUST_0768,265.9,2025-05-20 09:00:00
ORD_13347,CUST_0748,435.72,2025-05-20 10:00:00
ORD_13348,CUST_0659,648.61,2025-05-20 11:00:00
ORD_13349,CUST_0585,77.19,2025-05-20 12:00:00
ORD_13350,CUST_0753,72.98,2025-05-20 13:00:00
ORD_13351,CUST_0422,640.73,2025-05-20 14:00:00
ORD_13352,CUST_0124,175.38,2025-05-20 15:00:00
ORD_13353,CUST_ORPHAN_788,508.19,2025-05-20 16:00:00
ORD_13354,CUST_0806,416.3,2025-05-20 17:00:00
ORD_13355,CUST_0356,628.01,2025-05-20 18:00:00
ORD_13356,CUST_0820,111.31,2025-05-20 19:00:00
ORD_13357,CUST_0554,114.74,2025-05-20 20:00:00
ORD_13358,CUST_0533,426.48,2025-05-20 21:00:00
ORD_13359,CUST_0449,710.86,2025-05-20 22:00:00
ORD_13360,CUST_ORPHAN_878,322.95,2025-05-20 23:00:00
ORD_13361,CUST_0726,258.67,2025-05-21 00:00:00
ORD_13362,CUST_0789,462.88,2025-05-21 01:00:00
ORD_13363,CUST_0096,699.23,2025-05-21 02:00:00
ORD_13364,CUST_0782,630.96,2025-05-21 03:00:00
ORD_13365,CUST_0609,746.7,2025-05-21 04:00:00
ORD_13366,CUST_0262,36.48,2025-05-21 05:00:00
ORD_13367,CUST_0400,102.39,2025-05-21 06:00:00
ORD_13368,CUST_0602,464.91,2025-05-21 07:00:00
ORD_13369,CUST_0611,619.02,2025-05-21 08:00:00
ORD_13370,CUST_0033,228.23,2025-05-21 09:00:00
ORD_13371,CUST_0190,194.62,2025-05-21 10:00:00
ORD_13372,CUST_0307,594.49,2025-05-21 11:00:00
ORD_13373,CUST_0503,61.16,2025-05-21 12:00:00
ORD_13374,CUST_ORPHAN_218,289.65,2025-05-21 13:00:00
ORD_13375,CUST_0273,389.24,2025-05-21 14:00:00
ORD_13376,CUST_0431,429.05,2025-05-21 15:00:00
ORD_13377,CUST_0133,551.89,2025-05-21 16:00:00
ORD_13378,CUST_0457,279.04,2025-05-21 17:00:00
ORD_13379,CUST_0637,467.26,2025-05-21 18:00:00
ORD_13380,CUST_0230,447.32,2025-05-21 19:00:00
ORD_13381,CUST_0251,419.76,2025-05-21 20:00:00
ORD_13382,CUST_ORPHAN_560,487.55,2025-05-21 21:00:00
ORD_13383,CUST_0690,209.4,2025-05-21 22:00:00
ORD_13384,CUST_0730,81.79,2025-05-21 23:00:00
ORD_13385,CUST_0642,107.07,2025-05-22 00:00:00
ORD_13386,CUST_0693,183.95,2025-05-22 01:00:00
ORD_13387,CUST_0276,385.14,2025-05-22 02:00:00
ORD_13388,CUST_0254,633.52,2025-05-22 03:00:00
ORD_13389,CUST_ORPHAN_504,531.94,2025-05-22 04:00:00
ORD_13390,CUST_0509,596.0,2025-05-22 05:00:00
ORD_13391,CUST_0139,276.21,2025-05-22 06:00:00
ORD_13392,CUST_ORPHAN_657,315.4,2025-05-22 07:00:00
ORD_13393,CUST_0161,307.39,2025-05-22 08:00:00
ORD_13394,CUST_0234,160.07,2025-05-22 09:00:00
ORD_13395,CUST_0815,64.69,2025-05-22 10:00:00
ORD_13396,CUST_0254,451.37,2025-05-22 11:00:00
ORD_13397,CUST_ORPHAN_484,742.13,2025-05-22 12:00:00
ORD_13398,CUST_0185,141.79,2025-05-22 13:00:00
ORD_13399,CUST_ORPHAN_900,54.08,2025-05-22 14:00:00
ORD_13400,CUST_0390,589.06,2025-05-22 15:00:00
ORD_13401,CUST_0795,204.39,2025-05-22 16:00:00
ORD_13402,CUST_ORPHAN_316,625.64,2025-05-22 17:00:00
ORD_13403,CUST_0487,533.87,2025-05-22 18:00:00
ORD_13404,CUST_0300,710.34,2025-05-22 19:00:00
ORD_13405,CUST_0846,318.52,2025-05-22 20:00:00
ORD_13406,CUST_0543,503.24,2025-05-22 21:00:00
ORD_13407,CUST_0092,359.34,2025-05-22 22:00:00
ORD_13408,CUST_0128,480.33,2025-05-22 23:00:00
ORD_13409,CUST_0128,348.21,2025-05-23 00:00:00
ORD_13410,CUST_0280,157.7,2025-05-23 01:00:00
ORD_13411,CUST_0695,390.77,2025-05-23 02:00:00
ORD_13412,CUST_0193,405.87,2025-05-23 03:00:00
ORD_13413,CUST_0601,611.74,2025-05-23 04:00:00
ORD_13414,CUST_ORPHAN_204,556.93,2025-05-23 05:00:00
ORD_13415,CUST_0620,504.57,2025-05-23 06:00:00
ORD_13416,CUST_0732,102.77,2025-05-23 07:00:00
ORD_13417,CUST_0415,546.05,2025-05-23 08:00:00
ORD_13418,CUST_0830,385.22,2025-05-23 09:00:00
ORD_13419,CUST_0330,672.69,2025-05-23 10:00:00
ORD_13420,CUST_0827,691.51,2025-05-23 11:00:00
ORD_13421,CUST_0199,60.26,2025-05-23 12:00:00
ORD_13422,CUST_0400,619.07,2025-05-23 13:00:00
ORD_13423,CUST_0261,47.52,2025-05-23 14:00:00
ORD_13424,CUST_0831,288.03,2025-05-23 15:00:00
ORD_13425,CUST_ORPHAN_560,415.88,2025-05-23 16:00:00
ORD_13426,CUST_0158,128.11,2025-05-23 17:00:00
ORD_13427,CUST_0238,564.81,2025-05-23 18:00:00
ORD_13428,CUST_0393,26.1,2025-05-23 19:00:00
ORD_13429,CUST_ORPHAN_953,143.08,2025-05-23 20:00:00
ORD_13430,CUST_0284,443.98,2025-05-23 21:00:00
ORD_13431,CUST_0331,541.5,2025-05-23 22:00:00
ORD_13432,CUST_0106,689.15,2025-05-23 23:00:00
ORD_13433,CUST_ORPHAN_489,535.01,2025-05-24 00:00:00
ORD_13434,CUST_0164,510.4,2025-05-24 01:00:00
ORD_13435,CUST_ORPHAN_504,307.87,2025-05-24 02:00:00
ORD_13436,CUST_0320,20.94,2025-05-24 03:00:00
ORD_13437,CUST_0601,107.72,2025-05-24 04:00:00
ORD_13438,CUST_0795,410.22,2025-05-24 05:00:00
ORD_13439,CUST_ORPHAN_646,512.84,2025-05-24 06:00:00
ORD_13440,CUST_0699,324.74,2025-05-24 07:00:00
ORD_13441,CUST_0266,553.4,2025-05-24 08:00:00
ORD_13442,CUST_0302,400.96,2025-05-24 09:00:00
ORD_13443,CUST_0112,74.15,2025-05-24 10:00:00
ORD_13444,CUST_0728,160.17,2025-05-24 11:00:00
ORD_13445,CUST_0429,633.2,2025-05-24 12:00:00
ORD_13446,CUST_0586,549.19,2025-05-24 13:00:00
ORD_13447,CUST_0357,673.18,2025-05-24 14:00:00
ORD_13448,CUST_0633,105.82,2025-05-24 15:00:00
ORD_13449,CUST_0579,742.86,2025-05-24 16:00:00
ORD_13450,CUST_0399,172.87,2025-05-24 17:00:00
ORD_13451,CUST_ORPHAN_316,28.6,2025-05-24 18:00:00
ORD_13452,CUST_0098,748.12,2025-05-24 19:00:00
ORD_13453,CUST_0529,225.18,2025-05-24 20:00:00
ORD_13454,CUST_0589,507.65,2025-05-24 21:00:00
ORD_13455,CUST_0134,148.98,2025-05-24 22:00:00
ORD_13456,CUST_0844,443.57,2025-05-24 23:00:00
ORD_13457,CUST_ORPHAN_276,679.95,2025-05-25 00:00:00
ORD_13458,CUST_0680,253.73,2025-05-25 01:00:00
ORD_13459,CUST_0204,509.29,2025-05-25 02:00:00
ORD_13460,CUST_0603,157.17,2025-05-25 03:00:00
ORD_13461,CUST_0594,476.1,2025-05-25 04:00:00
ORD_13462,CUST_0176,265.61,2025-05-25 05:00:00
ORD_13463,CUST_0042,174.18,2025-05-25 06:00:00
ORD_13464,CUST_0561,248.62,2025-05-25 07:00:00
ORD_13465,CUST_ORPHAN_245,150.55,2025-05-25 08:00:00
ORD_13466,CUST_0421,678.4,2025-05-25 09:00:00
ORD_13467,CUST_ORPHAN_982,309.95,2025-05-25 10:00:00
ORD_13468,CUST_0244,199.05,2025-05-25 11:00:00
ORD_13469,CUST_0623,347.34,2025-05-25 12:00:00
ORD_13470,CUST_0490,253.99,2025-05-25 13:00:00
ORD_13471,CUST_0155,563.43,2025-05-25 14:00:00
ORD_13472,CUST_0385,728.99,2025-05-25 15:00:00
ORD_13473,CUST_0406,339.76,2025-05-25 16:00:00
ORD_13474,CUST_0593,648.55,2025-05-25 17:00:00
ORD_13475,CUST_0262,433.08,2025-05-25 18:00:00
ORD_13476,CUST_0136,134.78,2025-05-25 19:00:00
ORD_13477,CUST_0718,524.15,2025-05-25 20:00:00
ORD_13478,CUST_0840,394.81,2025-05-25 21:00:00
ORD_13479,CUST_0079,494.94,2025-05-25 22:00:00
ORD_13480,CUST_0026,669.47,2025-05-25 23:00:00
ORD_13481,CUST_0354,341.52,2025-05-26 00:00:00
ORD_13482,CUST_0835,677.86,2025-05-26 01:00:00
ORD_13483,CUST_0167,567.99,2025-05-26 02:00:00
ORD_13484,CUST_0797,376.68,2025-05-26 03:00:00
ORD_13485,CUST_0467,460.35,2025-05-26 04:00:00
ORD_13486,CUST_ORPHAN_473,257.67,2025-05-26 05:00:00
ORD_13487,CUST_0311,738.03,2025-05-26 06:00:00
ORD_13488,CUST_0151,507.17,2025-05-26 07:00:00
ORD_13489,CUST_0341,52.01,2025-05-26 08:00:00
ORD_13490,CUST_0508,258.43,2025-05-26 09:00:00
ORD_13491,CUST_0752,475.02,2025-05-26 10:00:00
ORD_13492,CUST_0247,61.12,2025-05-26 11:00:00
ORD_13493,CUST_0450,37.44,2025-05-26 12:00:00
ORD_13494,CUST_0837,348.52,2025-05-26 13:00:00
ORD_13495,CUST_0481,262.86,2025-05-26 14:00:00
ORD_13496,CUST_0448,339.96,2025-05-26 15:00:00
ORD_13497,CUST_0236,211.77,2025-05-26 16:00:00
ORD_13498,CUST_0674,140.24,2025-05-26 17:00:00
ORD_13499,CUST_0834,523.07,2025-05-26 18:00:00
ORD_13500,CUST_0282,395.64,2025-05-26 19:00:00
ORD_13501,CUST_0163,166.11,2025-05-26 20:00:00
ORD_13502,CUST_0505,253.3,2025-05-26 21:00:00
ORD_13503,CUST_0800,452.02,2025-05-26 22:00:00
ORD_13504,CUST_0067,72.73,2025-05-26 23:00:00
ORD_13505,CUST_0456,127.64,2025-05-27 00:00:00
ORD_13506,CUST_0476,73.47,2025-05-27 01:00:00
ORD_13507,CUST_0754,612.99,2025-05-27 02:00:00
ORD_13508,CUST_0788,569.26,2025-05-27 03:00:00
ORD_13509,CUST_ORPHAN_617,569.92,2025-05-27 04:00:00
ORD_13510,CUST_ORPHAN_300,542.92,2025-05-27 05:00:00
ORD_13511,CUST_0669,508.65,2025-05-27 06:00:00
ORD_13512,CUST_0364,368.2,2025-05-27 07:00:00
ORD_13513,CUST_0422,488.86,2025-05-27 08:00:00
ORD_13514,CUST_0543,48.0,2025-05-27 09:00:00
ORD_13515,CUST_0691,473.67,2025-05-27 10:00:00
ORD_13516,CUST_0562,587.85,2025-05-27 11:00:00
ORD_13517,CUST_0626,385.26,2025-05-27 12:00:00
ORD_13518,CUST_ORPHAN_922,280.98,2025-05-27 13:00:00
ORD_13519,CUST_0348,222.52,2025-05-27 14:00:00
ORD_13520,CUST_ORPHAN_350,489.25,2025-05-27 15:00:00
ORD_13521,CUST_ORPHAN_276,525.74,2025-05-27 16:00:00
ORD_13522,CUST_0830,655.81,2025-05-27 17:00:00
ORD_13523,CUST_0013,269.9,2025-05-27 18:00:00
ORD_13524,CUST_0478,581.93,2025-05-27 19:00:00
ORD_13525,CUST_0232,429.79,2025-05-27 20:00:00
ORD_13526,CUST_0574,664.47,2025-05-27 21:00:00
ORD_13527,CUST_0657,405.3,2025-05-27 22:00:00
ORD_13528,CUST_0534,397.87,2025-05-27 23:00:00
ORD_13529,CUST_0410,441.85,2025-05-28 00:00:00
ORD_13530,CUST_0403,567.0,2025-05-28 01:00:00
ORD_13531,CUST_0633,724.22,2025-05-28 02:00:00
ORD_13532,CUST_0301,73.7,2025-05-28 03:00:00
ORD_13533,CUST_0794,59.01,2025-05-28 04:00:00
ORD_13534,CUST_0116,704.41,2025-05-28 05:00:00
ORD_13535,CUST_0710,406.81,2025-05-28 06:00:00
ORD_13536,CUST_ORPHAN_922,468.88,2025-05-28 07:00:00
ORD_13537,CUST_0770,372.17,2025-05-28 08:00:00
ORD_13538,CUST_0567,88.37,2025-05-28 09:00:00
ORD_13539,CUST_0774,580.71,2025-05-28 10:00:00
ORD_13540,CUST_ORPHAN_831,565.47,2025-05-28 11:00:00
ORD_13541,CUST_0801,247.54,2025-05-28 12:00:00
ORD_13542,CUST_0616,243.55,2025-05-28 13:00:00
ORD_13543,CUST_0222,631.62,2025-05-28 14:00:00
ORD_13544,CUST_ORPHAN_204,72.82,2025-05-28 15:00:00
ORD_13545,CUST_0116,663.21,2025-05-28 16:00:00
ORD_13546,CUST_0122,207.36,2025-05-28 17:00:00
ORD_13547,CUST_0645,452.88,2025-05-28 18:00:00
ORD_13548,CUST_0702,703.28,2025-05-28 19:00:00
ORD_13549,CUST_0383,515.03,2025-05-28 20:00:00
ORD_13550,CUST_0112,322.53,2025-05-28 21:00:00
ORD_13551,CUST_0268,523.36,2025-05-28 22:00:00
ORD_13552,CUST_0272,271.11,2025-05-28 23:00:00
ORD_13553,CUST_0225,222.4,2025-05-29 00:00:00
ORD_13554,CUST_0304,747.58,2025-05-29 01:00:00
ORD_13555,CUST_ORPHAN_982,568.08,2025-05-29 02:00:00
ORD_13556,CUST_0781,490.65,2025-05-29 03:00:00
ORD_13557,CUST_0058,279.36,2025-05-29 04:00:00
ORD_13558,CUST_ORPHAN_922,55.89,2025-05-29 05:00:00
ORD_13559,CUST_0512,42.67,2025-05-29 06:00:00
ORD_13560,CUST_ORPHAN_489,424.55,2025-05-29 07:00:00
ORD_13561,CUST_0736,576.28,2025-05-29 08:00:00
ORD_13562,CUST_0036,412.29,2025-05-29 09:00:00
ORD_13563,CUST_0752,633.77,2025-05-29 10:00:00
ORD_13564,CUST_0274,44.4,2025-05-29 11:00:00
ORD_13565,CUST_0497,287.73,2025-05-29 12:00:00
ORD_13566,CUST_0160,193.06,2025-05-29 13:00:00
ORD_13567,CUST_0776,346.51,2025-05-29 14:00:00
ORD_13568,CUST_0015,72.83,2025-05-29 15:00:00
ORD_13569,CUST_0646,716.52,2025-05-29 16:00:00
ORD_13570,CUST_0383,182.98,2025-05-29 17:00:00
ORD_13571,CUST_0059,693.28,2025-05-29 18:00:00
ORD_13572,CUST_ORPHAN_709,330.9,2025-05-29 19:00:00
ORD_13573,CUST_0708,739.43,2025-05-29 20:00:00
ORD_13574,CUST_0497,424.46,2025-05-29 21:00:00
ORD_13575,CUST_ORPHAN_244,699.51,2025-05-29 22:00:00
ORD_13576,CUST_0244,23.9,2025-05-29 23:00:00
ORD_13577,CUST_ORPHAN_316,566.21,2025-05-30 00:00:00
ORD_13578,CUST_0527,679.23,2025-05-30 01:00:00
ORD_13579,CUST_0146,122.0,2025-05-30 02:00:00
ORD_13580,CUST_0073,90.17,2025-05-30 03:00:00
ORD_13581,CUST_0223,329.94,2025-05-30 04:00:00
ORD_13582,CUST_ORPHAN_198,701.59,2025-05-30 05:00:00
ORD_13583,CUST_0065,415.94,2025-05-30 06:00:00
ORD_13584,CUST_0744,405.04,2025-05-30 07:00:00
ORD_13585,CUST_ORPHAN_473,123.02,2025-05-30 08:00:00
ORD_13586,CUST_0156,20.58,2025-05-30 09:00:00
ORD_13587,CUST_0119,611.4,2025-05-30 10:00:00
ORD_13588,CUST_0341,83.93,2025-05-30 11:00:00
ORD_13589,CUST_0686,482.71,2025-05-30 12:00:00
ORD_13590,CUST_0052,687.67,2025-05-30 13:00:00
ORD_13591,CUST_0276,172.32,2025-05-30 14:00:00
ORD_13592,CUST_0392,505.65,2025-05-30 15:00:00
ORD_13593,CUST_ORPHAN_693,77.45,2025-05-30 16:00:00
ORD_13594,CUST_ORPHAN_316,460.74,2025-05-30 17:00:00
ORD_13595,CUST_0700,139.67,2025-05-30 18:00:00
ORD_13596,CUST_0802,557.25,2025-05-30 19:00:00
ORD_13597,CUST_0149,239.9,2025-05-30 20:00:00
ORD_13598,CUST_ORPHAN_823,358.28,2025-05-30 21:00:00
ORD_13599,CUST_0695,457.58,2025-05-30 22:00:00
ORD_13600,CUST_0135,145.03,2025-05-30 23:00:00
ORD_13601,CUST_ORPHAN_900,561.4,2025-05-31 00:00:00
ORD_13602,CUST_0728,240.93,2025-05-31 01:00:00
ORD_13603,CUST_0263,503.53,2025-05-31 02:00:00
ORD_13604,CUST_0127,135.55,2025-05-31 03:00:00
ORD_13605,CUST_0494,522.33,2025-05-31 04:00:00
ORD_13606,CUST_0770,113.58,2025-05-31 05:00:00
ORD_13607,CUST_ORPHAN_323,330.51,2025-05-31 06:00:00
ORD_13608,CUST_ORPHAN_709,200.46,2025-05-31 07:00:00
ORD_13609,CUST_0441,566.31,2025-05-31 08:00:00
ORD_13610,CUST_0007,211.29,2025-05-31 09:00:00
ORD_13611,CUST_0251,663.65,2025-05-31 10:00:00
ORD_13612,CUST_0088,671.03,2025-05-31 11:00:00
ORD_13613,CUST_0519,163.4,2025-05-31 12:00:00
ORD_13614,CUST_0650,468.11,2025-05-31 13:00:00
ORD_13615,CUST_0697,84.03,2025-05-31 14:00:00
ORD_13616,CUST_0682,305.82,2025-05-31 15:00:00
ORD_13617,CUST_ORPHAN_851,540.72,2025-05-31 16:00:00
ORD_13618,CUST_ORPHAN_923,501.38,2025-05-31 17:00:00
ORD_13619,CUST_ORPHAN_162,476.03,2025-05-31 18:00:00
ORD_13620,CUST_0652,226.25,2025-05-31 19:00:00
ORD_13621,CUST_0104,295.96,2025-05-31 20:00:00
ORD_13622,CUST_0679,95.15,2025-05-31 21:00:00
ORD_13623,CUST_ORPHAN_204,544.89,2025-05-31 22:00:00
ORD_13624,CUST_0631,387.84,2025-05-31 23:00:00
ORD_13625,CUST_0673,537.4,2025-06-01 00:00:00
ORD_13626,CUST_0400,201.73,2025-06-01 01:00:00
ORD_13627,CUST_0290,256.84,2025-06-01 02:00:00
ORD_13628,CUST_0483,263.98,2025-06-01 03:00:00
ORD_13629,CUST_0735,38.79,2025-06-01 04:00:00
ORD_13630,CUST_0538,268.96,2025-06-01 05:00:00
ORD_13631,CUST_0581,606.41,2025-06-01 06:00:00
ORD_13632,CUST_0497,675.03,2025-06-01 07:00:00
ORD_13633,CUST_0613,398.3,2025-06-01 08:00:00
ORD_13634,CUST_0491,352.52,2025-06-01 09:00:00
ORD_13635,CUST_ORPHAN_657,42.5,2025-06-01 10:00:00
ORD_13636,CUST_ORPHAN_341,661.82,2025-06-01 11:00:00
ORD_13637,CUST_0355,29.5,2025-06-01 12:00:00
ORD_13638,CUST_0724,709.67,2025-06-01 13:00:00
ORD_13639,CUST_0689,377.13,2025-06-01 14:00:00
ORD_13640,CUST_0582,269.61,2025-06-01 15:00:00
ORD_13641,CUST_0029,694.68,2025-06-01 16:00:00
ORD_13642,CUST_ORPHAN_276,37.81,2025-06-01 17:00:00
ORD_13643,CUST_0050,444.44,2025-06-01 18:00:00
ORD_13644,CUST_ORPHAN_693,420.72,2025-06-01 19:00:00
ORD_13645,CUST_0517,180.1,2025-06-01 20:00:00
ORD_13646,CUST_0009,333.09,2025-06-01 21:00:00
ORD_13647,CUST_0676,496.15,2025-06-01 22:00:00
ORD_13648,CUST_0223,550.81,2025-06-01 23:00:00
ORD_13649,CUST_0720,20.52,2025-06-02 00:00:00
ORD_13650,CUST_0740,703.9,2025-06-02 01:00:00
ORD_13651,CUST_0082,140.1,2025-06-02 02:00:00
ORD_13652,CUST_0180,190.51,2025-06-02 03:00:00
ORD_13653,CUST_0811,212.34,2025-06-02 04:00:00
ORD_13654,CUST_0807,47.61,2025-06-02 05:00:00
ORD_13655,CUST_0726,109.83,2025-06-02 06:00:00
ORD_13656,CUST_ORPHAN_489,740.04,2025-06-02 07:00:00
ORD_13657,CUST_ORPHAN_709,250.11,2025-06-02 08:00:00
ORD_13658,CUST_0107,104.17,2025-06-02 09:00:00
ORD_13659,CUST_ORPHAN_341,98.1,2025-06-02 10:00:00
ORD_13660,CUST_0548,545.21,2025-06-02 11:00:00
ORD_13661,CUST_0394,643.84,2025-06-02 12:00:00
ORD_13662,CUST_0224,207.58,2025-06-02 13:00:00
ORD_13663,CUST_0451,35.26,2025-06-02 14:00:00
ORD_13664,CUST_0640,182.86,2025-06-02 15:00:00
ORD_13665,CUST_0385,61.26,2025-06-02 16:00:00
ORD_13666,CUST_ORPHAN_878,95.48,2025-06-02 17:00:00
ORD_13667,CUST_ORPHAN_489,335.0,2025-06-02 18:00:00
ORD_13668,CUST_0057,187.84,2025-06-02 19:00:00
ORD_13669,CUST_0536,396.64,2025-06-02 20:00:00
ORD_13670,CUST_ORPHAN_560,205.05,2025-06-02 21:00:00
ORD_13671,CUST_0550,706.59,2025-06-02 22:00:00
ORD_13672,CUST_0346,681.34,2025-06-02 23:00:00
ORD_13673,CUST_0559,433.77,2025-06-03 00:00:00
ORD_13674,CUST_0146,278.73,2025-06-03 01:00:00
ORD_13675,CUST_0099,298.24,2025-06-03 02:00:00
ORD_13676,CUST_0626,320.65,2025-06-03 03:00:00
ORD_13677,CUST_0715,551.13,2025-06-03 04:00:00
ORD_13678,CUST_0036,349.7,2025-06-03 05:00:00
ORD_13679,CUST_ORPHAN_693,645.41,2025-06-03 06:00:00
ORD_13680,CUST_0646,709.19,2025-06-03 07:00:00
ORD_13681,CUST_0668,265.24,2025-06-03 08:00:00
ORD_13682,CUST_0763,429.31,2025-06-03 09:00:00
ORD_13683,CUST_0660,89.39,2025-06-03 10:00:00
ORD_13684,CUST_0457,166.34,2025-06-03 11:00:00
ORD_13685,CUST_0255,321.83,2025-06-03 12:00:00
ORD_13686,CUST_0507,170.53,2025-06-03 13:00:00
ORD_13687,CUST_0700,659.89,2025-06-03 14:00:00
ORD_13688,CUST_ORPHAN_923,135.55,2025-06-03 15:00:00
ORD_13689,CUST_0258,352.63,2025-06-03 16:00:00
ORD_13690,CUST_0630,462.16,2025-06-03 17:00:00
ORD_13691,CUST_0023,525.06,2025-06-03 18:00:00
ORD_13692,CUST_0437,299.64,2025-06-03 19:00:00
ORD_13693,CUST_0812,654.44,2025-06-03 20:00:00
ORD_13694,CUST_0350,434.87,2025-06-03 21:00:00
ORD_13695,CUST_0017,340.84,2025-06-03 22:00:00
ORD_13696,CUST_0438,69.09,2025-06-03 23:00:00
ORD_13697,CUST_0142,359.22,2025-06-04 00:00:00
ORD_13698,CUST_0416,619.14,2025-06-04 01:00:00
ORD_13699,CUST_0602,468.61,2025-06-04 02:00:00
ORD_13700,CUST_0832,627.48,2025-06-04 03:00:00
ORD_13701,CUST_ORPHAN_657,380.63,2025-06-04 04:00:00
ORD_13702,CUST_0594,106.48,2025-06-04 05:00:00
ORD_13703,CUST_0731,29.96,2025-06-04 06:00:00
ORD_13704,CUST_0666,241.35,2025-06-04 07:00:00
ORD_13705,CUST_0822,529.53,2025-06-04 08:00:00
ORD_13706,CUST_0376,596.89,2025-06-04 09:00:00
ORD_13707,CUST_0330,235.9,2025-06-04 10:00:00
ORD_13708,CUST_0249,381.83,2025-06-04 11:00:00
ORD_13709,CUST_0843,327.42,2025-06-04 12:00:00
ORD_13710,CUST_0791,319.68,2025-06-04 13:00:00
ORD_13711,CUST_ORPHAN_164,188.88,2025-06-04 14:00:00
ORD_13712,CUST_0236,119.55,2025-06-04 15:00:00
ORD_13713,CUST_0373,163.58,2025-06-04 16:00:00
ORD_13714,CUST_0506,60.39,2025-06-04 17:00:00
ORD_13715,CUST_ORPHAN_549,164.64,2025-06-04 18:00:00
ORD_13716,CUST_0217,26.72,2025-06-04 19:00:00
ORD_13717,CUST_0508,477.9,2025-06-04 20:00:00
ORD_13718,CUST_0126,250.95,2025-06-04 21:00:00
ORD_13719,CUST_0787,730.4,2025-06-04 22:00:00
ORD_13720,CUST_0470,161.41,2025-06-04 23:00:00
ORD_13721,CUST_0141,272.45,2025-06-05 00:00:00
ORD_13722,CUST_0789,281.22,2025-06-05 01:00:00
ORD_13723,CUST_0324,26.17,2025-06-05 02:00:00
ORD_13724,CUST_0051,632.62,2025-06-05 03:00:00
ORD_13725,CUST_0715,43.36,2025-06-05 04:00:00
ORD_13726,CUST_0128,706.33,2025-06-05 05:00:00
ORD_13727,CUST_0291,671.21,2025-06-05 06:00:00
ORD_13728,CUST_0747,410.93,2025-06-05 07:00:00
ORD_13729,CUST_0298,416.82,2025-06-05 08:00:00
ORD_13730,CUST_ORPHAN_878,497.26,2025-06-05 09:00:00
ORD_13731,CUST_0139,302.55,2025-06-05 10:00:00
ORD_13732,CUST_0336,492.47,2025-06-05 11:00:00
ORD_13733,CUST_0466,52.68,2025-06-05 12:00:00
ORD_13734,CUST_0117,59.45,2025-06-05 13:00:00
ORD_13735,CUST_0407,353.78,2025-06-05 14:00:00
ORD_13736,CUST_0021,421.22,2025-06-05 15:00:00
ORD_13737,CUST_0155,668.11,2025-06-05 16:00:00
ORD_13738,CUST_0453,96.4,2025-06-05 17:00:00
ORD_13739,CUST_0041,620.53,2025-06-05 18:00:00
ORD_13740,CUST_0712,173.33,2025-06-05 19:00:00
ORD_13741,CUST_0846,307.68,2025-06-05 20:00:00
ORD_13742,CUST_0500,251.12,2025-06-05 21:00:00
ORD_13743,CUST_0691,312.11,2025-06-05 22:00:00
ORD_13744,CUST_ORPHAN_914,129.86,2025-06-05 23:00:00
ORD_13745,CUST_0043,387.61,2025-06-06 00:00:00
ORD_13746,CUST_0281,605.2,2025-06-06 01:00:00
ORD_13747,CUST_0772,342.32,2025-06-06 02:00:00
ORD_13748,CUST_0822,378.15,2025-06-06 03:00:00
ORD_13749,CUST_0473,639.6,2025-06-06 04:00:00
ORD_13750,CUST_0815,535.42,2025-06-06 05:00:00
ORD_13751,CUST_0304,378.03,2025-06-06 06:00:00
ORD_13752,CUST_0307,208.12,2025-06-06 07:00:00
ORD_13753,CUST_0012,666.0,2025-06-06 08:00:00
ORD_13754,CUST_0665,441.22,2025-06-06 09:00:00
ORD_13755,CUST_0328,181.44,2025-06-06 10:00:00
ORD_13756,CUST_0743,216.46,2025-06-06 11:00:00
ORD_13757,CUST_0127,606.29,2025-06-06 12:00:00
ORD_13758,CUST_0248,52.23,2025-06-06 13:00:00
ORD_13759,CUST_0802,744.23,2025-06-06 14:00:00
ORD_13760,CUST_0624,115.16,2025-06-06 15:00:00
ORD_13761,CUST_0314,601.13,2025-06-06 16:00:00
ORD_13762,CUST_0676,308.19,2025-06-06 17:00:00
ORD_13763,CUST_0433,379.32,2025-06-06 18:00:00
ORD_13764,CUST_0177,662.87,2025-06-06 19:00:00
ORD_13765,CUST_0440,321.43,2025-06-06 20:00:00
ORD_13766,CUST_0112,412.37,2025-06-06 21:00:00
ORD_13767,CUST_0340,55.99,2025-06-06 22:00:00
ORD_13768,CUST_0472,21.71,2025-06-06 23:00:00
ORD_13769,CUST_0294,198.7,2025-06-07 00:00:00
ORD_13770,CUST_0466,516.83,2025-06-07 01:00:00
ORD_13771,CUST_0613,108.52,2025-06-07 02:00:00
ORD_13772,CUST_0789,103.05,2025-06-07 03:00:00
ORD_13773,CUST_0310,320.0,2025-06-07 04:00:00
ORD_13774,CUST_0450,492.92,2025-06-07 05:00:00
ORD_13775,CUST_0264,539.81,2025-06-07 06:00:00
ORD_13776,CUST_0639,150.27,2025-06-07 07:00:00
ORD_13777,CUST_0533,78.1,2025-06-07 08:00:00
ORD_13778,CUST_0736,706.49,2025-06-07 09:00:00
ORD_13779,CUST_0305,210.29,2025-06-07 10:00:00
ORD_13780,CUST_0591,642.94,2025-06-07 11:00:00
ORD_13781,CUST_0647,650.35,2025-06-07 12:00:00
ORD_13782,CUST_0103,583.94,2025-06-07 13:00:00
ORD_13783,CUST_0326,143.25,2025-06-07 14:00:00
ORD_13784,CUST_0067,619.92,2025-06-07 15:00:00
ORD_13785,CUST_ORPHAN_560,581.55,2025-06-07 16:00:00
ORD_13786,CUST_0711,455.61,2025-06-07 17:00:00
ORD_13787,CUST_0598,266.16,2025-06-07 18:00:00
ORD_13788,CUST_0587,211.63,2025-06-07 19:00:00
ORD_13789,CUST_ORPHAN_926,108.98,2025-06-07 20:00:00
ORD_13790,CUST_0223,392.12,2025-06-07 21:00:00
ORD_13791,CUST_0775,447.24,2025-06-07 22:00:00
ORD_13792,CUST_ORPHAN_851,282.32,2025-06-07 23:00:00
ORD_13793,CUST_0822,367.01,2025-06-08 00:00:00
ORD_13794,CUST_0518,285.37,2025-06-08 01:00:00
ORD_13795,CUST_0313,487.93,2025-06-08 02:00:00
ORD_13796,CUST_0505,677.92,2025-06-08 03:00:00
ORD_13797,CUST_0539,139.66,2025-06-08 04:00:00
ORD_13798,CUST_0001,298.43,2025-06-08 05:00:00
ORD_13799,CUST_0801,122.83,2025-06-08 06:00:00
ORD_13800,CUST_0151,476.21,2025-06-08 07:00:00
ORD_13801,CUST_0745,552.08,2025-06-08 08:00:00
ORD_13802,CUST_0683,700.3,2025-06-08 09:00:00
ORD_13803,CUST_ORPHAN_922,223.58,2025-06-08 10:00:00
ORD_13804,CUST_0126,713.65,2025-06-08 11:00:00
ORD_13805,CUST_0019,66.18,2025-06-08 12:00:00
ORD_13806,CUST_0788,460.2,2025-06-08 13:00:00
ORD_13807,CUST_0818,61.71,2025-06-08 14:00:00
ORD_13808,CUST_0494,672.46,2025-06-08 15:00:00
ORD_13809,CUST_0624,406.76,2025-06-08 16:00:00
ORD_13810,CUST_ORPHAN_646,508.62,2025-06-08 17:00:00
ORD_13811,CUST_ORPHAN_976,627.05,2025-06-08 18:00:00
ORD_13812,CUST_0498,129.73,2025-06-08 19:00:00
ORD_13813,CUST_0469,48.17,2025-06-08 20:00:00
ORD_13814,CUST_ORPHAN_162,661.58,2025-06-08 21:00:00
ORD_13815,CUST_0681,249.9,2025-06-08 22:00:00
ORD_13816,CUST_0087,114.15,2025-06-08 23:00:00
ORD_13817,CUST_ORPHAN_109,361.98,2025-06-09 00:00:00
ORD_13818,CUST_0279,456.76,2025-06-09 01:00:00
ORD_13819,CUST_0688,42.61,2025-06-09 02:00:00
ORD_13820,CUST_0263,220.67,2025-06-09 03:00:00
ORD_13821,CUST_0353,43.94,2025-06-09 04:00:00
ORD_13822,CUST_0683,326.84,2025-06-09 05:00:00
ORD_13823,CUST_0759,673.42,2025-06-09 06:00:00
ORD_13824,CUST_ORPHAN_198,737.34,2025-06-09 07:00:00
ORD_13825,CUST_0704,485.04,2025-06-09 08:00:00
ORD_13826,CUST_0160,138.0,2025-06-09 09:00:00
ORD_13827,CUST_0742,681.27,2025-06-09 10:00:00
ORD_13828,CUST_0274,396.86,2025-06-09 11:00:00
ORD_13829,CUST_0709,132.24,2025-06-09 12:00:00
ORD_13830,CUST_0243,692.86,2025-06-09 13:00:00
ORD_13831,CUST_0478,572.95,2025-06-09 14:00:00
ORD_13832,CUST_0575,554.14,2025-06-09 15:00:00
ORD_13833,CUST_0828,537.7,2025-06-09 16:00:00
ORD_13834,CUST_0300,166.25,2025-06-09 17:00:00
ORD_13835,CUST_0461,174.03,2025-06-09 18:00:00
ORD_13836,CUST_0696,522.45,2025-06-09 19:00:00
ORD_13837,CUST_0513,180.4,2025-06-09 20:00:00
ORD_13838,CUST_0741,340.23,2025-06-09 21:00:00
ORD_13839,CUST_0288,590.86,2025-06-09 22:00:00
ORD_13840,CUST_ORPHAN_894,592.29,2025-06-09 23:00:00
ORD_13841,CUST_0345,350.88,2025-06-10 00:00:00
ORD_13842,CUST_ORPHAN_504,598.3,2025-06-10 01:00:00
ORD_13843,CUST_0137,632.19,2025-06-10 02:00:00
ORD_13844,CUST_0588,497.99,2025-06-10 03:00:00
ORD_13845,CUST_0242,186.75,2025-06-10 04:00:00
ORD_13846,CUST_ORPHAN_894,220.03,2025-06-10 05:00:00
ORD_13847,CUST_ORPHAN_831,249.83,2025-06-10 06:00:00
ORD_13848,CUST_ORPHAN_914,105.27,2025-06-10 07:00:00
ORD_13849,CUST_0583,219.41,2025-06-10 08:00:00
ORD_13850,CUST_ORPHAN_484,172.95,2025-06-10 09:00:00
ORD_13851,CUST_0086,352.39,2025-06-10 10:00:00
ORD_13852,CUST_0559,683.16,2025-06-10 11:00:00
ORD_13853,CUST_0684,96.27,2025-06-10 12:00:00
ORD_13854,CUST_0740,545.8,2025-06-10 13:00:00
ORD_13855,CUST_0293,521.72,2025-06-10 14:00:00
ORD_13856,CUST_0659,89.9,2025-06-10 15:00:00
ORD_13857,CUST_0715,693.48,2025-06-10 16:00:00
ORD_13858,CUST_0349,434.98,2025-06-10 17:00:00
ORD_13859,CUST_0086,285.52,2025-06-10 18:00:00
ORD_13860,CUST_0669,572.27,2025-06-10 19:00:00
ORD_13861,CUST_0517,207.88,2025-06-10 20:00:00
ORD_13862,CUST_0532,526.26,2025-06-10 21:00:00
ORD_13863,CUST_0677,48.99,2025-06-10 22:00:00
ORD_13864,CUST_0167,632.77,2025-06-10 23:00:00
ORD_13865,CUST_0550,347.16,2025-06-11 00:00:00
ORD_13866,CUST_0165,484.79,2025-06-11 01:00:00
ORD_13867,CUST_0129,181.5,2025-06-11 02:00:00
ORD_13868,CUST_0515,514.26,2025-06-11 03:00:00
ORD_13869,CUST_ORPHAN_350,583.74,2025-06-11 04:00:00
ORD_13870,CUST_ORPHAN_381,365.45,2025-06-11 05:00:00
ORD_13871,CUST_0601,470.94,2025-06-11 06:00:00
ORD_13872,CUST_0042,353.12,2025-06-11 07:00:00
ORD_13873,CUST_0244,672.69,2025-06-11 08:00:00
ORD_13874,CUST_ORPHAN_350,383.44,2025-06-11 09:00:00
ORD_13875,CUST_0510,634.52,2025-06-11 10:00:00
ORD_13876,CUST_0308,604.99,2025-06-11 11:00:00
ORD_13877,CUST_0812,319.67,2025-06-11 12:00:00
ORD_13878,CUST_0732,187.96,2025-06-11 13:00:00
ORD_13879,CUST_ORPHAN_982,316.44,2025-06-11 14:00:00
ORD_13880,CUST_0468,623.14,2025-06-11 15:00:00
ORD_13881,CUST_0100,186.17,2025-06-11 16:00:00
ORD_13882,CUST_ORPHAN_164,402.84,2025-06-11 17:00:00
ORD_13883,CUST_0700,608.45,2025-06-11 18:00:00
ORD_13884,CUST_0775,278.04,2025-06-11 19:00:00
ORD_13885,CUST_0843,488.81,2025-06-11 20:00:00
ORD_13886,CUST_0706,199.31,2025-06-11 21:00:00
ORD_13887,CUST_0397,99.77,2025-06-11 22:00:00
ORD_13888,CUST_ORPHAN_323,599.9,2025-06-11 23:00:00
ORD_13889,CUST_0359,92.25,2025-06-12 00:00:00
ORD_13890,CUST_0469,218.11,2025-06-12 01:00:00
ORD_13891,CUST_0828,644.23,2025-06-12 02:00:00
ORD_13892,CUST_0217,272.92,2025-06-12 03:00:00
ORD_13893,CUST_ORPHAN_914,730.32,2025-06-12 04:00:00
ORD_13894,CUST_0483,735.21,2025-06-12 05:00:00
ORD_13895,CUST_0524,215.84,2025-06-12 06:00:00
ORD_13896,CUST_0390,49.91,2025-06-12 07:00:00
ORD_13897,CUST_0590,534.7,2025-06-12 08:00:00
ORD_13898,CUST_0191,349.22,2025-06-12 09:00:00
ORD_13899,CUST_0276,93.55,2025-06-12 10:00:00
ORD_13900,CUST_0490,536.49,2025-06-12 11:00:00
ORD_13901,CUST_0186,42.76,2025-06-12 12:00:00
ORD_13902,CUST_0380,655.24,2025-06-12 13:00:00
ORD_13903,CUST_0189,121.22,2025-06-12 14:00:00
ORD_13904,CUST_0159,112.94,2025-06-12 15:00:00
ORD_13905,CUST_0335,148.24,2025-06-12 16:00:00
ORD_13906,CUST_ORPHAN_350,720.99,2025-06-12 17:00:00
ORD_13907,CUST_0674,526.01,2025-06-12 18:00:00
ORD_13908,CUST_0429,605.0,2025-06-12 19:00:00
ORD_13909,CUST_0833,310.27,2025-06-12 20:00:00
ORD_13910,CUST_ORPHAN_164,265.51,2025-06-12 21:00:00
ORD_13911,CUST_0209,191.17,2025-06-12 22:00:00
ORD_13912,CUST_0467,370.87,2025-06-12 23:00:00
ORD_13913,CUST_ORPHAN_823,422.83,2025-06-13 00:00:00
ORD_13914,CUST_0819,481.2,2025-06-13 01:00:00
ORD_13915,CUST_0282,207.7,2025-06-13 02:00:00
ORD_13916,CUST_0194,712.52,2025-06-13 03:00:00
ORD_13917,CUST_0467,143.92,2025-06-13 04:00:00
ORD_13918,CUST_0009,724.93,2025-06-13 05:00:00
ORD_13919,CUST_0119,30.84,2025-06-13 06:00:00
ORD_13920,CUST_ORPHAN_953,371.22,2025-06-13 07:00:00
ORD_13921,CUST_0603,263.36,2025-06-13 08:00:00
ORD_13922,CUST_0240,347.86,2025-06-13 09:00:00
ORD_13923,CUST_0655,436.59,2025-06-13 10:00:00
ORD_13924,CUST_0425,337.98,2025-06-13 11:00:00
ORD_13925,CUST_0620,322.84,2025-06-13 12:00:00
ORD_13926,CUST_ORPHAN_926,554.89,2025-06-13 13:00:00
ORD_13927,CUST_0043,520.69,2025-06-13 14:00:00
ORD_13928,CUST_0541,628.29,2025-06-13 15:00:00
ORD_13929,CUST_ORPHAN_657,202.47,2025-06-13 16:00:00
ORD_13930,CUST_0148,464.96,2025-06-13 17:00:00
ORD_13931,CUST_0730,447.19,2025-06-13 18:00:00
ORD_13932,CUST_0806,289.91,2025-06-13 19:00:00
ORD_13933,CUST_0169,374.82,2025-06-13 20:00:00
ORD_13934,CUST_0653,249.06,2025-06-13 21:00:00
ORD_13935,CUST_0513,123.55,2025-06-13 22:00:00
ORD_13936,CUST_0726,176.07,2025-06-13 23:00:00
ORD_13937,CUST_0321,97.02,2025-06-14 00:00:00
ORD_13938,CUST_0185,518.64,2025-06-14 01:00:00
ORD_13939,CUST_0257,502.33,2025-06-14 02:00:00
ORD_13940,CUST_0629,713.94,2025-06-14 03:00:00
ORD_13941,CUST_0643,552.67,2025-06-14 04:00:00
ORD_13942,CUST_0458,57.99,2025-06-14 05:00:00
ORD_13943,CUST_0304,665.5,2025-06-14 06:00:00
ORD_13944,CUST_0384,649.75,2025-06-14 07:00:00
ORD_13945,CUST_0576,343.62,2025-06-14 08:00:00
ORD_13946,CUST_0661,447.68,2025-06-14 09:00:00
ORD_13947,CUST_ORPHAN_808,732.54,2025-06-14 10:00:00
ORD_13948,CUST_0470,408.58,2025-06-14 11:00:00
ORD_13949,CUST_0007,680.88,2025-06-14 12:00:00
ORD_13950,CUST_0100,80.62,2025-06-14 13:00:00
ORD_13951,CUST_0798,159.47,2025-06-14 14:00:00
ORD_13952,CUST_ORPHAN_560,341.75,2025-06-14 15:00:00
ORD_13953,CUST_0431,446.87,2025-06-14 16:00:00
ORD_13954,CUST_ORPHAN_218,615.85,2025-06-14 17:00:00
ORD_13955,CUST_0012,741.43,2025-06-14 18:00:00
ORD_13956,CUST_ORPHAN_300,303.86,2025-06-14 19:00:00
ORD_13957,CUST_0102,54.61,2025-06-14 20:00:00
ORD_13958,CUST_0779,604.86,2025-06-14 21:00:00
ORD_13959,CUST_0294,461.2,2025-06-14 22:00:00
ORD_13960,CUST_0090,164.94,2025-06-14 23:00:00
ORD_13961,CUST_0270,381.22,2025-06-15 00:00:00
ORD_13962,CUST_0630,561.89,2025-06-15 01:00:00
ORD_13963,CUST_0811,582.4,2025-06-15 02:00:00
ORD_13964,CUST_0532,384.72,2025-06-15 03:00:00
ORD_13965,CUST_0067,242.81,2025-06-15 04:00:00
ORD_13966,CUST_0635,730.83,2025-06-15 05:00:00
ORD_13967,CUST_ORPHAN_355,504.25,2025-06-15 06:00:00
ORD_13968,CUST_0417,318.01,2025-06-15 07:00:00
ORD_13969,CUST_0301,224.74,2025-06-15 08:00:00
ORD_13970,CUST_0837,553.71,2025-06-15 09:00:00
ORD_13971,CUST_0460,196.79,2025-06-15 10:00:00
ORD_13972,CUST_0598,145.35,2025-06-15 11:00:00
ORD_13973,CUST_0623,406.78,2025-06-15 12:00:00
ORD_13974,CUST_0347,231.69,2025-06-15 13:00:00
ORD_13975,CUST_ORPHAN_560,479.1,2025-06-15 14:00:00
ORD_13976,CUST_ORPHAN_355,106.1,2025-06-15 15:00:00
ORD_13977,CUST_0685,498.11,2025-06-15 16:00:00
ORD_13978,CUST_0414,226.81,2025-06-15 17:00:00
ORD_13979,CUST_0028,20.18,2025-06-15 18:00:00
ORD_13980,CUST_0341,112.66,2025-06-15 19:00:00
ORD_13981,CUST_0529,701.54,2025-06-15 20:00:00
ORD_13982,CUST_0389,653.17,2025-06-15 21:00:00
ORD_13983,CUST_0667,190.53,2025-06-15 22:00:00
ORD_13984,CUST_0838,588.21,2025-06-15 23:00:00
ORD_13985,CUST_0415,464.26,2025-06-16 00:00:00
ORD_13986,CUST_0130,728.76,2025-06-16 01:00:00
ORD_13987,CUST_0814,292.73,2025-06-16 02:00:00
ORD_13988,CUST_0309,517.47,2025-06-16 03:00:00
ORD_13989,CUST_0579,66.38,2025-06-16 04:00:00
ORD_13990,CUST_0504,309.26,2025-06-16 05:00:00
ORD_13991,CUST_0014,723.59,2025-06-16 06:00:00
ORD_13992,CUST_ORPHAN_245,413.46,2025-06-16 07:00:00
ORD_13993,CUST_0381,230.15,2025-06-16 08:00:00
ORD_13994,CUST_0152,107.8,2025-06-16 09:00:00
ORD_13995,CUST_0676,533.58,2025-06-16 10:00:00
ORD_13996,CUST_0666,490.74,2025-06-16 11:00:00
ORD_13997,CUST_0720,292.98,2025-06-16 12:00:00
ORD_13998,CUST_0503,714.19,2025-06-16 13:00:00
ORD_13999,CUST_0335,36.21,2025-06-16 14:00:00
ORD_14000,CUST_0641,241.72,2025-06-16 15:00:00
ORD_14001,CUST_0375,692.38,2025-06-16 16:00:00
ORD_14002,CUST_0742,254.28,2025-06-16 17:00:00
ORD_14003,CUST_0682,204.14,2025-06-16 18:00:00
ORD_14004,CUST_ORPHAN_162,409.98,2025-06-16 19:00:00
ORD_14005,CUST_0090,621.38,2025-06-16 20:00:00
ORD_14006,CUST_0820,95.3,2025-06-16 21:00:00
ORD_14007,CUST_ORPHAN_355,708.41,2025-06-16 22:00:00
ORD_14008,CUST_ORPHAN_104,600.4,2025-06-16 23:00:00
ORD_14009,CUST_0250,152.31,2025-06-17 00:00:00
ORD_14010,CUST_0448,539.77,2025-06-17 01:00:00
ORD_14011,CUST_0192,301.02,2025-06-17 02:00:00
ORD_14012,CUST_ORPHAN_484,313.68,2025-06-17 03:00:00
ORD_14013,CUST_0365,591.8,2025-06-17 04:00:00
ORD_14014,CUST_0409,722.83,2025-06-17 05:00:00
ORD_14015,CUST_ORPHAN_323,112.46,2025-06-17 06:00:00
ORD_14016,CUST_0369,327.06,2025-06-17 07:00:00
ORD_14017,CUST_0224,371.09,2025-06-17 08:00:00
ORD_14018,CUST_0530,294.71,2025-06-17 09:00:00
ORD_14019,CUST_0759,285.13,2025-06-17 10:00:00
ORD_14020,CUST_0673,58.16,2025-06-17 11:00:00
ORD_14021,CUST_0442,520.44,2025-06-17 12:00:00
ORD_14022,CUST_0637,338.44,2025-06-17 13:00:00
ORD_14023,CUST_0420,162.2,2025-06-17 14:00:00
ORD_14024,CUST_0186,615.7,2025-06-17 15:00:00
ORD_14025,CUST_0545,605.87,2025-06-17 16:00:00
ORD_14026,CUST_ORPHAN_323,375.07,2025-06-17 17:00:00
ORD_14027,CUST_0610,237.87,2025-06-17 18:00:00
ORD_14028,CUST_ORPHAN_808,485.81,2025-06-17 19:00:00
ORD_14029,CUST_0098,230.35,2025-06-17 20:00:00
ORD_14030,CUST_0430,192.29,2025-06-17 21:00:00
ORD_14031,CUST_0592,553.28,2025-06-17 22:00:00
ORD_14032,CUST_ORPHAN_244,49.44,2025-06-17 23:00:00
ORD_14033,CUST_0076,89.18,2025-06-18 00:00:00
ORD_14034,CUST_0412,24.96,2025-06-18 01:00:00
ORD_14035,CUST_0686,131.65,2025-06-18 02:00:00
ORD_14036,CUST_0364,70.36,2025-06-18 03:00:00
ORD_14037,CUST_0639,746.94,2025-06-18 04:00:00
ORD_14038,CUST_0424,230.83,2025-06-18 05:00:00
ORD_14039,CUST_0768,128.97,2025-06-18 06:00:00
ORD_14040,CUST_0289,195.93,2025-06-18 07:00:00
ORD_14041,CUST_0608,703.37,2025-06-18 08:00:00
ORD_14042,CUST_0829,399.72,2025-06-18 09:00:00
ORD_14043,CUST_0013,286.32,2025-06-18 10:00:00
ORD_14044,CUST_0783,657.58,2025-06-18 11:00:00
ORD_14045,CUST_0500,308.34,2025-06-18 12:00:00
ORD_14046,CUST_0106,264.56,2025-06-18 13:00:00
ORD_14047,CUST_0030,171.32,2025-06-18 14:00:00
ORD_14048,CUST_ORPHAN_851,295.79,2025-06-18 15:00:00
ORD_14049,CUST_ORPHAN_204,251.18,2025-06-18 16:00:00
ORD_14050,CUST_0230,514.43,2025-06-18 17:00:00
ORD_14051,CUST_0823,231.4,2025-06-18 18:00:00
ORD_14052,CUST_0303,441.36,2025-06-18 19:00:00
ORD_14053,CUST_0404,68.1,2025-06-18 20:00:00
ORD_14054,CUST_0372,159.64,2025-06-18 21:00:00
ORD_14055,CUST_0107,317.41,2025-06-18 22:00:00
ORD_14056,CUST_0278,703.97,2025-06-18 23:00:00
ORD_14057,CUST_0159,295.39,2025-06-19 00:00:00
ORD_14058,CUST_0049,504.77,2025-06-19 01:00:00
ORD_14059,CUST_0360,206.21,2025-06-19 02:00:00
ORD_14060,CUST_0489,112.73,2025-06-19 03:00:00
ORD_14061,CUST_ORPHAN_549,62.73,2025-06-19 04:00:00
ORD_14062,CUST_0053,242.95,2025-06-19 05:00:00
ORD_14063,CUST_0353,135.09,2025-06-19 06:00:00
ORD_14064,CUST_0381,147.03,2025-06-19 07:00:00
ORD_14065,CUST_0283,575.35,2025-06-19 08:00:00
ORD_14066,CUST_ORPHAN_244,31.56,2025-06-19 09:00:00
ORD_14067,CUST_0441,427.2,2025-06-19 10:00:00
ORD_14068,CUST_0445,297.01,2025-06-19 11:00:00
ORD_14069,CUST_0035,389.78,2025-06-19 12:00:00
ORD_14070,CUST_0755,430.87,2025-06-19 13:00:00
ORD_14071,CUST_0038,248.76,2025-06-19 14:00:00
ORD_14072,CUST_0422,235.43,2025-06-19 15:00:00
ORD_14073,CUST_0315,555.38,2025-06-19 16:00:00
ORD_14074,CUST_0233,656.03,2025-06-19 17:00:00
ORD_14075,CUST_0371,160.58,2025-06-19 18:00:00
ORD_14076,CUST_0312,91.26,2025-06-19 19:00:00
ORD_14077,CUST_0024,675.39,2025-06-19 20:00:00
ORD_14078,CUST_0549,275.42,2025-06-19 21:00:00
ORD_14079,CUST_0662,422.46,2025-06-19 22:00:00
ORD_14080,CUST_0395,282.47,2025-06-19 23:00:00
ORD_14081,CUST_0412,111.84,2025-06-20 00:00:00
ORD_14082,CUST_0290,450.21,2025-06-20 01:00:00
ORD_14083,CUST_0266,403.35,2025-06-20 02:00:00
ORD_14084,CUST_0484,168.19,2025-06-20 03:00:00
ORD_14085,CUST_0307,349.86,2025-06-20 04:00:00
ORD_14086,CUST_0636,601.77,2025-06-20 05:00:00
ORD_14087,CUST_0695,451.01,2025-06-20 06:00:00
ORD_14088,CUST_0657,90.75,2025-06-20 07:00:00
ORD_14089,CUST_0303,420.06,2025-06-20 08:00:00
ORD_14090,CUST_0405,533.0,2025-06-20 09:00:00
ORD_14091,CUST_0228,598.67,2025-06-20 10:00:00
ORD_14092,CUST_0685,479.26,2025-06-20 11:00:00
ORD_14093,CUST_0028,131.44,2025-06-20 12:00:00
ORD_14094,CUST_0750,538.43,2025-06-20 13:00:00
ORD_14095,CUST_0239,514.46,2025-06-20 14:00:00
ORD_14096,CUST_0669,37.83,2025-06-20 15:00:00
ORD_14097,CUST_0733,320.58,2025-06-20 16:00:00
ORD_14098,CUST_0417,263.05,2025-06-20 17:00:00
ORD_14099,CUST_ORPHAN_355,508.67,2025-06-20 18:00:00
ORD_14100,CUST_0407,177.78,2025-06-20 19:00:00
ORD_14101,CUST_0196,451.34,2025-06-20 20:00:00
ORD_14102,CUST_0435,686.64,2025-06-20 21:00:00
ORD_14103,CUST_0515,602.4,2025-06-20 22:00:00
ORD_14104,CUST_0045,692.66,2025-06-20 23:00:00
ORD_14105,CUST_0410,734.31,2025-06-21 00:00:00
ORD_14106,CUST_0842,27.79,2025-06-21 01:00:00
ORD_14107,CUST_0836,474.6,2025-06-21 02:00:00
ORD_14108,CUST_0062,321.37,2025-06-21 03:00:00
ORD_14109,CUST_ORPHAN_218,647.69,2025-06-21 04:00:00
ORD_14110,CUST_0208,203.82,2025-06-21 05:00:00
ORD_14111,CUST_0459,736.15,2025-06-21 06:00:00
ORD_14112,CUST_0355,468.01,2025-06-21 07:00:00
ORD_14113,CUST_0731,599.28,2025-06-21 08:00:00
ORD_14114,CUST_0251,82.49,2025-06-21 09:00:00
ORD_14115,CUST_0258,153.92,2025-06-21 10:00:00
ORD_14116,CUST_ORPHAN_352,573.63,2025-06-21 11:00:00
ORD_14117,CUST_0014,36.05,2025-06-21 12:00:00
ORD_14118,CUST_0512,616.32,2025-06-21 13:00:00
ORD_14119,CUST_0716,30.18,2025-06-21 14:00:00
ORD_14120,CUST_0553,499.7,2025-06-21 15:00:00
ORD_14121,CUST_0590,286.52,2025-06-21 16:00:00
ORD_14122,CUST_0571,466.39,2025-06-21 17:00:00
ORD_14123,CUST_0595,528.1,2025-06-21 18:00:00
ORD_14124,CUST_0357,270.01,2025-06-21 19:00:00
ORD_14125,CUST_0226,98.81,2025-06-21 20:00:00
ORD_14126,CUST_0635,70.84,2025-06-21 21:00:00
ORD_14127,CUST_0317,449.92,2025-06-21 22:00:00
ORD_14128,CUST_0196,400.08,2025-06-21 23:00:00
ORD_14129,CUST_0428,561.81,2025-06-22 00:00:00
ORD_14130,CUST_0820,392.11,2025-06-22 01:00:00
ORD_14131,CUST_0106,328.39,2025-06-22 02:00:00
ORD_14132,CUST_0492,310.6,2025-06-22 03:00:00
ORD_14133,CUST_0470,39.31,2025-06-22 04:00:00
ORD_14134,CUST_0010,264.96,2025-06-22 05:00:00
ORD_14135,CUST_0090,732.49,2025-06-22 06:00:00
ORD_14136,CUST_0542,657.7,2025-06-22 07:00:00
ORD_14137,CUST_0625,260.45,2025-06-22 08:00:00
ORD_14138,CUST_0845,449.09,2025-06-22 09:00:00
ORD_14139,CUST_0250,638.53,2025-06-22 10:00:00
ORD_14140,CUST_0645,342.13,2025-06-22 11:00:00
ORD_14141,CUST_0299,33.11,2025-06-22 12:00:00
ORD_14142,CUST_0002,74.39,2025-06-22 13:00:00
ORD_14143,CUST_0086,392.59,2025-06-22 14:00:00
ORD_14144,CUST_ORPHAN_897,727.69,2025-06-22 15:00:00
ORD_14145,CUST_0171,526.04,2025-06-22 16:00:00
ORD_14146,CUST_0592,71.77,2025-06-22 17:00:00
ORD_14147,CUST_ORPHAN_982,158.23,2025-06-22 18:00:00
ORD_14148,CUST_0387,583.07,2025-06-22 19:00:00
ORD_14149,CUST_0749,634.25,2025-06-22 20:00:00
ORD_14150,CUST_0727,470.92,2025-06-22 21:00:00
ORD_14151,CUST_ORPHAN_204,490.43,2025-06-22 22:00:00
ORD_14152,CUST_0214,40.69,2025-06-22 23:00:00
ORD_14153,CUST_0779,624.83,2025-06-23 00:00:00
ORD_14154,CUST_0097,595.44,2025-06-23 01:00:00
ORD_14155,CUST_0344,209.1,2025-06-23 02:00:00
ORD_14156,CUST_0729,537.33,2025-06-23 03:00:00
ORD_14157,CUST_0718,176.84,2025-06-23 04:00:00
ORD_14158,CUST_0166,49.44,2025-06-23 05:00:00
ORD_14159,CUST_0167,166.83,2025-06-23 06:00:00
ORD_14160,CUST_ORPHAN_300,150.4,2025-06-23 07:00:00
ORD_14161,CUST_0314,266.56,2025-06-23 08:00:00
ORD_14162,CUST_0274,325.47,2025-06-23 09:00:00
ORD_14163,CUST_0461,391.23,2025-06-23 10:00:00
ORD_14164,CUST_ORPHAN_926,368.03,2025-06-23 11:00:00
ORD_14165,CUST_0389,217.59,2025-06-23 12:00:00
ORD_14166,CUST_0395,41.29,2025-06-23 13:00:00
ORD_14167,CUST_0584,461.72,2025-06-23 14:00:00
ORD_14168,CUST_0734,308.89,2025-06-23 15:00:00
ORD_14169,CUST_0117,238.03,2025-06-23 16:00:00
ORD_14170,CUST_0167,652.87,2025-06-23 17:00:00
ORD_14171,CUST_0521,565.12,2025-06-23 18:00:00
ORD_14172,CUST_0064,646.17,2025-06-23 19:00:00
ORD_14173,CUST_0176,381.34,2025-06-23 20:00:00
ORD_14174,CUST_0566,115.58,2025-06-23 21:00:00
ORD_14175,CUST_0795,528.24,2025-06-23 22:00:00
ORD_14176,CUST_0554,170.43,2025-06-23 23:00:00
ORD_14177,CUST_0675,342.1,2025-06-24 00:00:00
ORD_14178,CUST_0527,67.45,2025-06-24 01:00:00
ORD_14179,CUST_0397,622.48,2025-06-24 02:00:00
ORD_14180,CUST_0500,111.94,2025-06-24 03:00:00
ORD_14181,CUST_0693,679.26,2025-06-24 04:00:00
ORD_14182,CUST_0110,650.89,2025-06-24 05:00:00
ORD_14183,CUST_0234,359.15,2025-06-24 06:00:00
ORD_14184,CUST_0201,563.39,2025-06-24 07:00:00
ORD_14185,CUST_0591,472.19,2025-06-24 08:00:00
ORD_14186,CUST_0520,606.25,2025-06-24 09:00:00
ORD_14187,CUST_0831,335.22,2025-06-24 10:00:00
ORD_14188,CUST_0277,593.64,2025-06-24 11:00:00
ORD_14189,CUST_ORPHAN_323,357.59,2025-06-24 12:00:00
ORD_14190,CUST_0758,706.91,2025-06-24 13:00:00
ORD_14191,CUST_0211,375.05,2025-06-24 14:00:00
ORD_14192,CUST_0556,357.71,2025-06-24 15:00:00
ORD_14193,CUST_0110,593.1,2025-06-24 16:00:00
ORD_14194,CUST_0792,619.75,2025-06-24 17:00:00
ORD_14195,CUST_0793,424.78,2025-06-24 18:00:00
ORD_14196,CUST_ORPHAN_897,151.25,2025-06-24 19:00:00
ORD_14197,CUST_0156,361.46,2025-06-24 20:00:00
ORD_14198,CUST_0281,726.69,2025-06-24 21:00:00
ORD_14199,CUST_0684,569.68,2025-06-24 22:00:00
ORD_14200,CUST_0199,612.15,2025-06-24 23:00:00
ORD_14201,CUST_0084,43.96,2025-06-25 00:00:00
ORD_14202,CUST_0564,361.54,2025-06-25 01:00:00
ORD_14203,CUST_0833,492.03,2025-06-25 02:00:00
ORD_14204,CUST_0780,625.92,2025-06-25 03:00:00
ORD_14205,CUST_0627,55.97,2025-06-25 04:00:00
ORD_14206,CUST_0717,642.28,2025-06-25 05:00:00
ORD_14207,CUST_0139,420.33,2025-06-25 06:00:00
ORD_14208,CUST_ORPHAN_381,164.04,2025-06-25 07:00:00
ORD_14209,CUST_0054,251.6,2025-06-25 08:00:00
ORD_14210,CUST_0347,225.81,2025-06-25 09:00:00
ORD_14211,CUST_0379,407.53,2025-06-25 10:00:00
ORD_14212,CUST_ORPHAN_109,57.73,2025-06-25 11:00:00
ORD_14213,CUST_0544,135.73,2025-06-25 12:00:00
ORD_14214,CUST_0606,613.27,2025-06-25 13:00:00
ORD_14215,CUST_0652,116.8,2025-06-25 14:00:00
ORD_14216,CUST_ORPHAN_316,190.38,2025-06-25 15:00:00
ORD_14217,CUST_0249,350.96,2025-06-25 16:00:00
ORD_14218,CUST_ORPHAN_914,397.5,2025-06-25 17:00:00
ORD_14219,CUST_0295,577.44,2025-06-25 18:00:00
ORD_14220,CUST_0037,346.55,2025-06-25 19:00:00
ORD_14221,CUST_0793,596.6,2025-06-25 20:00:00
ORD_14222,CUST_ORPHAN_657,471.39,2025-06-25 21:00:00
ORD_14223,CUST_0516,102.56,2025-06-25 22:00:00
ORD_14224,CUST_0807,134.12,2025-06-25 23:00:00
ORD_14225,CUST_0604,339.03,2025-06-26 00:00:00
ORD_14226,CUST_0154,309.73,2025-06-26 01:00:00
ORD_14227,CUST_0210,562.79,2025-06-26 02:00:00
ORD_14228,CUST_0807,443.94,2025-06-26 03:00:00
ORD_14229,CUST_0445,303.34,2025-06-26 04:00:00
ORD_14230,CUST_0600,144.66,2025-06-26 05:00:00
ORD_14231,CUST_0555,185.59,2025-06-26 06:00:00
ORD_14232,CUST_0057,440.12,2025-06-26 07:00:00
ORD_14233,CUST_0029,329.11,2025-06-26 08:00:00
ORD_14234,CUST_0808,395.9,2025-06-26 09:00:00
ORD_14235,CUST_0729,144.59,2025-06-26 10:00:00
ORD_14236,CUST_0763,503.92,2025-06-26 11:00:00
ORD_14237,CUST_0348,642.35,2025-06-26 12:00:00
ORD_14238,CUST_0285,208.3,2025-06-26 13:00:00
ORD_14239,CUST_0687,378.81,2025-06-26 14:00:00
ORD_14240,CUST_0654,732.13,2025-06-26 15:00:00
ORD_14241,CUST_ORPHAN_976,263.27,2025-06-26 16:00:00
ORD_14242,CUST_0022,454.38,2025-06-26 17:00:00
ORD_14243,CUST_0203,85.84,2025-06-26 18:00:00
ORD_14244,CUST_0036,462.39,2025-06-26 19:00:00
ORD_14245,CUST_0068,85.43,2025-06-26 20:00:00
ORD_14246,CUST_0191,720.24,2025-06-26 21:00:00
ORD_14247,CUST_0416,542.43,2025-06-26 22:00:00
ORD_14248,CUST_ORPHAN_923,595.36,2025-06-26 23:00:00
ORD_14249,CUST_0278,534.0,2025-06-27 00:00:00
ORD_14250,CUST_0385,450.5,2025-06-27 01:00:00
ORD_14251,CUST_0396,348.44,2025-06-27 02:00:00
ORD_14252,CUST_0683,646.61,2025-06-27 03:00:00
ORD_14253,CUST_0572,718.49,2025-06-27 04:00:00
ORD_14254,CUST_0586,384.3,2025-06-27 05:00:00
ORD_14255,CUST_0503,700.02,2025-06-27 06:00:00
ORD_14256,CUST_0398,445.83,2025-06-27 07:00:00
ORD_14257,CUST_0127,413.02,2025-06-27 08:00:00
ORD_14258,CUST_0815,351.77,2025-06-27 09:00:00
ORD_14259,CUST_0158,172.78,2025-06-27 10:00:00
ORD_14260,CUST_0365,22.72,2025-06-27 11:00:00
ORD_14261,CUST_ORPHAN_926,196.3,2025-06-27 12:00:00
ORD_14262,CUST_0841,392.1,2025-06-27 13:00:00
ORD_14263,CUST_ORPHAN_831,297.37,2025-06-27 14:00:00
ORD_14264,CUST_0286,347.39,2025-06-27 15:00:00
ORD_14265,CUST_0295,735.87,2025-06-27 16:00:00
ORD_14266,CUST_0698,275.7,2025-06-27 17:00:00
ORD_14267,CUST_0313,350.09,2025-06-27 18:00:00
ORD_14268,CUST_0589,117.47,2025-06-27 19:00:00
ORD_14269,CUST_0780,55.01,2025-06-27 20:00:00
ORD_14270,CUST_0704,586.05,2025-06-27 21:00:00
ORD_14271,CUST_0430,436.6,2025-06-27 22:00:00
ORD_14272,CUST_0599,575.31,2025-06-27 23:00:00
ORD_14273,CUST_ORPHAN_338,129.4,2025-06-28 00:00:00
ORD_14274,CUST_0342,437.44,2025-06-28 01:00:00
ORD_14275,CUST_0109,205.16,2025-06-28 02:00:00
ORD_14276,CUST_0170,186.49,2025-06-28 03:00:00
ORD_14277,CUST_0259,28.41,2025-06-28 04:00:00
ORD_14278,CUST_0826,115.15,2025-06-28 05:00:00
ORD_14279,CUST_0557,245.77,2025-06-28 06:00:00
ORD_14280,CUST_0770,105.32,2025-06-28 07:00:00
ORD_14281,CUST_0339,739.68,2025-06-28 08:00:00
ORD_14282,CUST_0017,245.3,2025-06-28 09:00:00
ORD_14283,CUST_0055,115.14,2025-06-28 10:00:00
ORD_14284,CUST_ORPHAN_162,165.33,2025-06-28 11:00:00
ORD_14285,CUST_0005,449.02,2025-06-28 12:00:00
ORD_14286,CUST_0440,66.75,2025-06-28 13:00:00
ORD_14287,CUST_0690,649.58,2025-06-28 14:00:00
ORD_14288,CUST_0684,721.89,2025-06-28 15:00:00
ORD_14289,CUST_0436,200.13,2025-06-28 16:00:00
ORD_14290,CUST_ORPHAN_560,348.57,2025-06-28 17:00:00
ORD_14291,CUST_0297,36.16,2025-06-28 18:00:00
ORD_14292,CUST_0531,487.72,2025-06-28 19:00:00
ORD_14293,CUST_ORPHAN_617,322.17,2025-06-28 20:00:00
ORD_14294,CUST_0742,217.14,2025-06-28 21:00:00
ORD_14295,CUST_0196,170.99,2025-06-28 22:00:00
ORD_14296,CUST_0463,497.44,2025-06-28 23:00:00
ORD_14297,CUST_0697,323.84,2025-06-29 00:00:00
ORD_14298,CUST_0318,151.15,2025-06-29 01:00:00
ORD_14299,CUST_0475,523.05,2025-06-29 02:00:00
ORD_14300,CUST_0562,432.5,2025-06-29 03:00:00
ORD_14301,CUST_0637,646.83,2025-06-29 04:00:00
ORD_14302,CUST_0796,105.76,2025-06-29 05:00:00
ORD_14303,CUST_0471,593.54,2025-06-29 06:00:00
ORD_14304,CUST_0012,511.67,2025-06-29 07:00:00
ORD_14305,CUST_0838,103.96,2025-06-29 08:00:00
ORD_14306,CUST_0037,527.22,2025-06-29 09:00:00
ORD_14307,CUST_0064,342.33,2025-06-29 10:00:00
ORD_14308,CUST_0573,709.84,2025-06-29 11:00:00
ORD_14309,CUST_0734,123.38,2025-06-29 12:00:00
ORD_14310,CUST_0125,489.27,2025-06-29 13:00:00
ORD_14311,CUST_0134,298.85,2025-06-29 14:00:00
ORD_14312,CUST_ORPHAN_162,718.47,2025-06-29 15:00:00
ORD_14313,CUST_0569,260.88,2025-06-29 16:00:00
ORD_14314,CUST_0711,722.4,2025-06-29 17:00:00
ORD_14315,CUST_0736,678.08,2025-06-29 18:00:00
ORD_14316,CUST_ORPHAN_914,217.38,2025-06-29 19:00:00
ORD_14317,CUST_0506,606.59,2025-06-29 20:00:00
ORD_14318,CUST_0369,746.79,2025-06-29 21:00:00
ORD_14319,CUST_0138,204.44,2025-06-29 22:00:00
ORD_14320,CUST_0133,338.85,2025-06-29 23:00:00
ORD_14321,CUST_0791,399.73,2025-06-30 00:00:00
ORD_14322,CUST_0441,235.3,2025-06-30 01:00:00
ORD_14323,CUST_0282,31.14,2025-06-30 02:00:00
ORD_14324,CUST_0531,180.69,2025-06-30 03:00:00
ORD_14325,CUST_0234,225.81,2025-06-30 04:00:00
ORD_14326,CUST_ORPHAN_952,343.83,2025-06-30 05:00:00
ORD_14327,CUST_0611,144.9,2025-06-30 06:00:00
ORD_14328,CUST_0331,657.48,2025-06-30 07:00:00
ORD_14329,CUST_0043,534.59,2025-06-30 08:00:00
ORD_14330,CUST_0670,82.2,2025-06-30 09:00:00
ORD_14331,CUST_ORPHAN_831,494.57,2025-06-30 10:00:00
ORD_14332,CUST_0003,497.17,2025-06-30 11:00:00
ORD_14333,CUST_0410,718.04,2025-06-30 12:00:00
ORD_14334,CUST_0850,22.21,2025-06-30 13:00:00
ORD_14335,CUST_0188,200.99,2025-06-30 14:00:00
ORD_14336,CUST_0767,697.29,2025-06-30 15:00:00
ORD_14337,CUST_0215,700.46,2025-06-30 16:00:00
ORD_14338,CUST_0747,546.03,2025-06-30 17:00:00
ORD_14339,CUST_0214,579.01,2025-06-30 18:00:00
ORD_14340,CUST_0621,86.78,2025-06-30 19:00:00
ORD_14341,CUST_0187,395.13,2025-06-30 20:00:00
ORD_14342,CUST_0727,189.06,2025-06-30 21:00:00
ORD_14343,CUST_0054,152.29,2025-06-30 22:00:00
ORD_14344,CUST_0097,611.52,2025-06-30 23:00:00
ORD_14345,CUST_0446,118.58,2025-07-01 00:00:00
ORD_14346,CUST_0004,362.12,2025-07-01 01:00:00
ORD_14347,CUST_0251,705.16,2025-07-01 02:00:00
ORD_14348,CUST_0087,155.66,2025-07-01 03:00:00
ORD_14349,CUST_ORPHAN_952,733.94,2025-07-01 04:00:00
ORD_14350,CUST_0825,745.83,2025-07-01 05:00:00
ORD_14351,CUST_ORPHAN_350,425.6,2025-07-01 06:00:00
ORD_14352,CUST_0002,144.2,2025-07-01 07:00:00
ORD_14353,CUST_0540,250.76,2025-07-01 08:00:00
ORD_14354,CUST_0165,329.88,2025-07-01 09:00:00
ORD_14355,CUST_0035,245.81,2025-07-01 10:00:00
ORD_14356,CUST_0169,224.86,2025-07-01 11:00:00
ORD_14357,CUST_0011,729.73,2025-07-01 12:00:00
ORD_14358,CUST_0016,131.96,2025-07-01 13:00:00
ORD_14359,CUST_0614,555.33,2025-07-01 14:00:00
ORD_14360,CUST_0807,20.3,2025-07-01 15:00:00
ORD_14361,CUST_ORPHAN_923,455.21,2025-07-01 16:00:00
ORD_14362,CUST_0669,688.64,2025-07-01 17:00:00
ORD_14363,CUST_0409,230.19,2025-07-01 18:00:00
ORD_14364,CUST_ORPHAN_601,155.43,2025-07-01 19:00:00
ORD_14365,CUST_0342,495.73,2025-07-01 20:00:00
ORD_14366,CUST_0535,540.2,2025-07-01 21:00:00
ORD_14367,CUST_0114,522.26,2025-07-01 22:00:00
ORD_14368,CUST_0083,253.1,2025-07-01 23:00:00
ORD_14369,CUST_0705,204.11,2025-07-02 00:00:00
ORD_14370,CUST_0432,717.82,2025-07-02 01:00:00
ORD_14371,CUST_0146,694.01,2025-07-02 02:00:00
ORD_14372,CUST_0334,353.84,2025-07-02 03:00:00
ORD_14373,CUST_ORPHAN_923,637.72,2025-07-02 04:00:00
ORD_14374,CUST_0316,350.2,2025-07-02 05:00:00
ORD_14375,CUST_0101,329.8,2025-07-02 06:00:00
ORD_14376,CUST_0351,134.44,2025-07-02 07:00:00
ORD_14377,CUST_0361,331.28,2025-07-02 08:00:00
ORD_14378,CUST_0075,412.31,2025-07-02 09:00:00
ORD_14379,CUST_ORPHAN_323,36.43,2025-07-02 10:00:00
ORD_14380,CUST_ORPHAN_560,344.2,2025-07-02 11:00:00
ORD_14381,CUST_ORPHAN_693,590.39,2025-07-02 12:00:00
ORD_14382,CUST_0725,516.43,2025-07-02 13:00:00
ORD_14383,CUST_0413,483.66,2025-07-02 14:00:00
ORD_14384,CUST_0072,683.98,2025-07-02 15:00:00
ORD_14385,CUST_0112,33.16,2025-07-02 16:00:00
ORD_14386,CUST_0272,426.64,2025-07-02 17:00:00
ORD_14387,CUST_0245,594.76,2025-07-02 18:00:00
ORD_14388,CUST_0333,415.17,2025-07-02 19:00:00
ORD_14389,CUST_ORPHAN_709,256.44,2025-07-02 20:00:00
ORD_14390,CUST_0814,119.46,2025-07-02 21:00:00
ORD_14391,CUST_0411,667.92,2025-07-02 22:00:00
ORD_14392,CUST_ORPHAN_914,363.66,2025-07-02 23:00:00
ORD_14393,CUST_0105,661.02,2025-07-03 00:00:00
ORD_14394,CUST_ORPHAN_484,447.67,2025-07-03 01:00:00
ORD_14395,CUST_0762,512.16,2025-07-03 02:00:00
ORD_14396,CUST_0546,607.11,2025-07-03 03:00:00
ORD_14397,CUST_0692,501.18,2025-07-03 04:00:00
ORD_14398,CUST_0739,310.58,2025-07-03 05:00:00
ORD_14399,CUST_0311,394.95,2025-07-03 06:00:00
ORD_14400,CUST_0122,606.22,2025-07-03 07:00:00
ORD_14401,CUST_0282,292.76,2025-07-03 08:00:00
ORD_14402,CUST_0493,303.33,2025-07-03 09:00:00
ORD_14403,CUST_0712,89.85,2025-07-03 10:00:00
ORD_14404,CUST_0220,687.65,2025-07-03 11:00:00
ORD_14405,CUST_0071,86.46,2025-07-03 12:00:00
ORD_14406,CUST_0188,493.19,2025-07-03 13:00:00
ORD_14407,CUST_0560,321.63,2025-07-03 14:00:00
ORD_14408,CUST_0039,316.1,2025-07-03 15:00:00
ORD_14409,CUST_ORPHAN_245,516.07,2025-07-03 16:00:00
ORD_14410,CUST_0434,68.98,2025-07-03 17:00:00
ORD_14411,CUST_0131,453.41,2025-07-03 18:00:00
ORD_14412,CUST_0118,583.58,2025-07-03 19:00:00
ORD_14413,CUST_0674,624.6,2025-07-03 20:00:00
ORD_14414,CUST_0333,144.49,2025-07-03 21:00:00
ORD_14415,CUST_0615,675.12,2025-07-03 22:00:00
ORD_14416,CUST_0162,498.99,2025-07-03 23:00:00
ORD_14417,CUST_0617,663.75,2025-07-04 00:00:00
ORD_14418,CUST_0493,374.25,2025-07-04 01:00:00
ORD_14419,CUST_0085,415.68,2025-07-04 02:00:00
ORD_14420,CUST_0720,690.9,2025-07-04 03:00:00
ORD_14421,CUST_0745,676.93,2025-07-04 04:00:00
ORD_14422,CUST_ORPHAN_823,347.16,2025-07-04 05:00:00
ORD_14423,CUST_0827,220.32,2025-07-04 06:00:00
ORD_14424,CUST_0672,307.01,2025-07-04 07:00:00
ORD_14425,CUST_0381,303.07,2025-07-04 08:00:00
ORD_14426,CUST_0833,229.41,2025-07-04 09:00:00
ORD_14427,CUST_0629,216.06,2025-07-04 10:00:00
ORD_14428,CUST_0454,648.58,2025-07-04 11:00:00
ORD_14429,CUST_0391,71.0,2025-07-04 12:00:00
ORD_14430,CUST_ORPHAN_610,514.66,2025-07-04 13:00:00
ORD_14431,CUST_0608,146.16,2025-07-04 14:00:00
ORD_14432,CUST_0591,271.49,2025-07-04 15:00:00
ORD_14433,CUST_0401,64.93,2025-07-04 16:00:00
ORD_14434,CUST_0810,217.08,2025-07-04 17:00:00
ORD_14435,CUST_0047,580.95,2025-07-04 18:00:00
ORD_14436,CUST_0489,666.06,2025-07-04 19:00:00
ORD_14437,CUST_0594,181.71,2025-07-04 20:00:00
ORD_14438,CUST_0243,358.39,2025-07-04 21:00:00
ORD_14439,CUST_0327,363.34,2025-07-04 22:00:00
ORD_14440,CUST_0710,657.71,2025-07-04 23:00:00
ORD_14441,CUST_0722,576.84,2025-07-05 00:00:00
ORD_14442,CUST_0051,394.55,2025-07-05 01:00:00
ORD_14443,CUST_0603,509.65,2025-07-05 02:00:00
ORD_14444,CUST_ORPHAN_601,638.57,2025-07-05 03:00:00
ORD_14445,CUST_0663,26.96,2025-07-05 04:00:00
ORD_14446,CUST_0339,314.11,2025-07-05 05:00:00
ORD_14447,CUST_0216,682.29,2025-07-05 06:00:00
ORD_14448,CUST_0264,560.43,2025-07-05 07:00:00
ORD_14449,CUST_0492,416.27,2025-07-05 08:00:00
ORD_14450,CUST_0708,406.64,2025-07-05 09:00:00
ORD_14451,CUST_0495,273.87,2025-07-05 10:00:00
ORD_14452,CUST_0241,399.98,2025-07-05 11:00:00
ORD_14453,CUST_0330,498.43,2025-07-05 12:00:00
ORD_14454,CUST_0455,325.41,2025-07-05 13:00:00
ORD_14455,CUST_0691,541.33,2025-07-05 14:00:00
ORD_14456,CUST_0566,648.7,2025-07-05 15:00:00
ORD_14457,CUST_0787,132.92,2025-07-05 16:00:00
ORD_14458,CUST_0623,349.63,2025-07-05 17:00:00
ORD_14459,CUST_0798,317.85,2025-07-05 18:00:00
ORD_14460,CUST_0150,521.85,2025-07-05 19:00:00
ORD_14461,CUST_0609,202.4,2025-07-05 20:00:00
ORD_14462,CUST_0172,487.38,2025-07-05 21:00:00
ORD_14463,CUST_0804,660.57,2025-07-05 22:00:00
ORD_14464,CUST_ORPHAN_646,325.24,2025-07-05 23:00:00
ORD_14465,CUST_0170,685.04,2025-07-06 00:00:00
ORD_14466,CUST_0827,745.01,2025-07-06 01:00:00
ORD_14467,CUST_ORPHAN_952,97.45,2025-07-06 02:00:00
ORD_14468,CUST_ORPHAN_245,190.13,2025-07-06 03:00:00
ORD_14469,CUST_0089,713.78,2025-07-06 04:00:00
ORD_14470,CUST_0061,719.58,2025-07-06 05:00:00
ORD_14471,CUST_0391,91.33,2025-07-06 06:00:00
ORD_14472,CUST_ORPHAN_922,30.95,2025-07-06 07:00:00
ORD_14473,CUST_0421,137.6,2025-07-06 08:00:00
ORD_14474,CUST_0675,747.09,2025-07-06 09:00:00
ORD_14475,CUST_0154,151.4,2025-07-06 10:00:00
ORD_14476,CUST_0482,386.86,2025-07-06 11:00:00
ORD_14477,CUST_ORPHAN_489,639.34,2025-07-06 12:00:00
ORD_14478,CUST_0521,34.89,2025-07-06 13:00:00
ORD_14479,CUST_0063,461.28,2025-07-06 14:00:00
ORD_14480,CUST_0751,222.23,2025-07-06 15:00:00
ORD_14481,CUST_0086,649.5,2025-07-06 16:00:00
ORD_14482,CUST_0162,226.93,2025-07-06 17:00:00
ORD_14483,CUST_ORPHAN_709,521.33,2025-07-06 18:00:00
ORD_14484,CUST_0794,512.18,2025-07-06 19:00:00
ORD_14485,CUST_0484,181.69,2025-07-06 20:00:00
ORD_14486,CUST_0401,45.4,2025-07-06 21:00:00
ORD_14487,CUST_0305,318.75,2025-07-06 22:00:00
ORD_14488,CUST_0187,231.11,2025-07-06 23:00:00
ORD_14489,CUST_0287,610.55,2025-07-07 00:00:00
ORD_14490,CUST_0359,604.27,2025-07-07 01:00:00
ORD_14491,CUST_ORPHAN_489,353.63,2025-07-07 02:00:00
ORD_14492,CUST_0149,462.75,2025-07-07 03:00:00
ORD_14493,CUST_0725,461.11,2025-07-07 04:00:00
ORD_14494,CUST_0814,623.83,2025-07-07 05:00:00
ORD_14495,CUST_0317,330.25,2025-07-07 06:00:00
ORD_14496,CUST_0377,221.08,2025-07-07 07:00:00
ORD_14497,CUST_0537,213.48,2025-07-07 08:00:00
ORD_14498,CUST_0518,411.42,2025-07-07 09:00:00
ORD_14499,CUST_ORPHAN_601,347.88,2025-07-07 10:00:00
ORD_14500,CUST_0230,341.29,2025-07-07 11:00:00
ORD_14501,CUST_0132,86.53,2025-07-07 12:00:00
ORD_14502,CUST_0479,544.58,2025-07-07 13:00:00
ORD_14503,CUST_0420,176.03,2025-07-07 14:00:00
ORD_14504,CUST_ORPHAN_926,163.78,2025-07-07 15:00:00
ORD_14505,CUST_0009,321.31,2025-07-07 16:00:00
ORD_14506,CUST_0404,186.28,2025-07-07 17:00:00
ORD_14507,CUST_0455,446.22,2025-07-07 18:00:00
ORD_14508,CUST_0610,291.17,2025-07-07 19:00:00
ORD_14509,CUST_ORPHAN_355,347.71,2025-07-07 20:00:00
ORD_14510,CUST_ORPHAN_923,412.13,2025-07-07 21:00:00
ORD_14511,CUST_0375,168.58,2025-07-07 22:00:00
ORD_14512,CUST_0653,133.7,2025-07-07 23:00:00
ORD_14513,CUST_ORPHAN_341,662.71,2025-07-08 00:00:00
ORD_14514,CUST_0773,336.62,2025-07-08 01:00:00
ORD_14515,CUST_ORPHAN_878,320.83,2025-07-08 02:00:00
ORD_14516,CUST_0041,46.0,2025-07-08 03:00:00
ORD_14517,CUST_0390,383.52,2025-07-08 04:00:00
ORD_14518,CUST_0525,424.54,2025-07-08 05:00:00
ORD_14519,CUST_0476,427.95,2025-07-08 06:00:00
ORD_14520,CUST_0075,536.13,2025-07-08 07:00:00
ORD_14521,CUST_ORPHAN_381,149.56,2025-07-08 08:00:00
ORD_14522,CUST_0399,204.12,2025-07-08 09:00:00
ORD_14523,CUST_0108,611.83,2025-07-08 10:00:00
ORD_14524,CUST_0631,711.43,2025-07-08 11:00:00
ORD_14525,CUST_0377,119.23,2025-07-08 12:00:00
ORD_14526,CUST_0442,383.28,2025-07-08 13:00:00
ORD_14527,CUST_0352,176.35,2025-07-08 14:00:00
ORD_14528,CUST_0842,63.85,2025-07-08 15:00:00
ORD_14529,CUST_0452,257.62,2025-07-08 16:00:00
ORD_14530,CUST_0031,124.89,2025-07-08 17:00:00
ORD_14531,CUST_0455,538.25,2025-07-08 18:00:00
ORD_14532,CUST_0237,409.62,2025-07-08 19:00:00
ORD_14533,CUST_ORPHAN_381,125.0,2025-07-08 20:00:00
ORD_14534,CUST_0050,26.75,2025-07-08 21:00:00
ORD_14535,CUST_0024,609.95,2025-07-08 22:00:00
ORD_14536,CUST_0731,148.62,2025-07-08 23:00:00
ORD_14537,CUST_0637,462.54,2025-07-09 00:00:00
ORD_14538,CUST_0554,265.95,2025-07-09 01:00:00
ORD_14539,CUST_0219,447.4,2025-07-09 02:00:00
ORD_14540,CUST_0824,250.43,2025-07-09 03:00:00
ORD_14541,CUST_0407,83.47,2025-07-09 04:00:00
ORD_14542,CUST_0130,182.75,2025-07-09 05:00:00
ORD_14543,CUST_0212,157.28,2025-07-09 06:00:00
ORD_14544,CUST_0538,332.45,2025-07-09 07:00:00
ORD_14545,CUST_0352,500.55,2025-07-09 08:00:00
ORD_14546,CUST_0178,212.58,2025-07-09 09:00:00
ORD_14547,CUST_0430,28.81,2025-07-09 10:00:00
ORD_14548,CUST_0805,398.82,2025-07-09 11:00:00
ORD_14549,CUST_0706,462.2,2025-07-09 12:00:00
ORD_14550,CUST_ORPHAN_560,722.9,2025-07-09 13:00:00
ORD_14551,CUST_0641,450.31,2025-07-09 14:00:00
ORD_14552,CUST_0560,363.96,2025-07-09 15:00:00
ORD_14553,CUST_0195,438.58,2025-07-09 16:00:00
ORD_14554,CUST_0221,697.37,2025-07-09 17:00:00
ORD_14555,CUST_0514,624.72,2025-07-09 18:00:00
ORD_14556,CUST_0778,255.77,2025-07-09 19:00:00
ORD_14557,CUST_0459,193.2,2025-07-09 20:00:00
ORD_14558,CUST_0065,211.72,2025-07-09 21:00:00
ORD_14559,CUST_0053,388.23,2025-07-09 22:00:00
ORD_14560,CUST_0296,563.16,2025-07-09 23:00:00
ORD_14561,CUST_0843,387.35,2025-07-10 00:00:00
ORD_14562,CUST_0607,69.49,2025-07-10 01:00:00
ORD_14563,CUST_0499,548.21,2025-07-10 02:00:00
ORD_14564,CUST_0775,608.36,2025-07-10 03:00:00
ORD_14565,CUST_ORPHAN_900,231.33,2025-07-10 04:00:00
ORD_14566,CUST_0094,504.81,2025-07-10 05:00:00
ORD_14567,CUST_0823,331.41,2025-07-10 06:00:00
ORD_14568,CUST_ORPHAN_164,669.06,2025-07-10 07:00:00
ORD_14569,CUST_0165,637.01,2025-07-10 08:00:00
ORD_14570,CUST_ORPHAN_504,403.57,2025-07-10 09:00:00
ORD_14571,CUST_0584,524.8,2025-07-10 10:00:00
ORD_14572,CUST_0839,664.85,2025-07-10 11:00:00
ORD_14573,CUST_0642,381.87,2025-07-10 12:00:00
ORD_14574,CUST_0462,248.67,2025-07-10 13:00:00
ORD_14575,CUST_0444,570.18,2025-07-10 14:00:00
ORD_14576,CUST_ORPHAN_316,180.65,2025-07-10 15:00:00
ORD_14577,CUST_0276,303.63,2025-07-10 16:00:00
ORD_14578,CUST_0751,651.98,2025-07-10 17:00:00
ORD_14579,CUST_0761,548.83,2025-07-10 18:00:00
ORD_14580,CUST_0328,314.78,2025-07-10 19:00:00
ORD_14581,CUST_0791,176.76,2025-07-10 20:00:00
ORD_14582,CUST_0257,279.86,2025-07-10 21:00:00
ORD_14583,CUST_ORPHAN_646,227.4,2025-07-10 22:00:00
ORD_14584,CUST_0833,148.55,2025-07-10 23:00:00
ORD_14585,CUST_0530,562.63,2025-07-11 00:00:00
ORD_14586,CUST_0063,204.01,2025-07-11 01:00:00
ORD_14587,CUST_ORPHAN_952,351.54,2025-07-11 02:00:00
ORD_14588,CUST_0055,301.68,2025-07-11 03:00:00
ORD_14589,CUST_0665,736.92,2025-07-11 04:00:00
ORD_14590,CUST_0052,305.5,2025-07-11 05:00:00
ORD_14591,CUST_0202,78.39,2025-07-11 06:00:00
ORD_14592,CUST_0632,85.57,2025-07-11 07:00:00
ORD_14593,CUST_0751,451.25,2025-07-11 08:00:00
ORD_14594,CUST_0786,457.54,2025-07-11 09:00:00
ORD_14595,CUST_0097,325.69,2025-07-11 10:00:00
ORD_14596,CUST_0744,335.25,2025-07-11 11:00:00
ORD_14597,CUST_0462,59.37,2025-07-11 12:00:00
ORD_14598,CUST_ORPHAN_808,397.08,2025-07-11 13:00:00
ORD_14599,CUST_0508,388.46,2025-07-11 14:00:00
ORD_14600,CUST_0769,129.17,2025-07-11 15:00:00
ORD_14601,CUST_0366,95.8,2025-07-11 16:00:00
ORD_14602,CUST_0096,110.21,2025-07-11 17:00:00
ORD_14603,CUST_0286,93.75,2025-07-11 18:00:00
ORD_14604,CUST_0651,465.09,2025-07-11 19:00:00
ORD_14605,CUST_ORPHAN_218,163.43,2025-07-11 20:00:00
ORD_14606,CUST_0827,203.54,2025-07-11 21:00:00
ORD_14607,CUST_0633,146.71,2025-07-11 22:00:00
ORD_14608,CUST_0168,719.22,2025-07-11 23:00:00
ORD_14609,CUST_0380,643.87,2025-07-12 00:00:00
ORD_14610,CUST_0840,188.26,2025-07-12 01:00:00
ORD_14611,CUST_0723,259.12,2025-07-12 02:00:00
ORD_14612,CUST_0102,173.22,2025-07-12 03:00:00
ORD_14613,CUST_ORPHAN_300,379.07,2025-07-12 04:00:00
ORD_14614,CUST_0563,34.32,2025-07-12 05:00:00
ORD_14615,CUST_0140,510.1,2025-07-12 06:00:00
ORD_14616,CUST_0663,401.91,2025-07-12 07:00:00
ORD_14617,CUST_0060,676.01,2025-07-12 08:00:00
ORD_14618,CUST_ORPHAN_693,140.01,2025-07-12 09:00:00
ORD_14619,CUST_ORPHAN_976,607.0,2025-07-12 10:00:00
ORD_14620,CUST_0025,598.13,2025-07-12 11:00:00
ORD_14621,CUST_0342,112.84,2025-07-12 12:00:00
ORD_14622,CUST_0302,310.95,2025-07-12 13:00:00
ORD_14623,CUST_0844,144.21,2025-07-12 14:00:00
ORD_14624,CUST_0689,205.95,2025-07-12 15:00:00
ORD_14625,CUST_0033,212.17,2025-07-12 16:00:00
ORD_14626,CUST_0117,426.05,2025-07-12 17:00:00
ORD_14627,CUST_0571,320.33,2025-07-12 18:00:00
ORD_14628,CUST_0504,711.84,2025-07-12 19:00:00
ORD_14629,CUST_0164,112.25,2025-07-12 20:00:00
ORD_14630,CUST_0759,730.8,2025-07-12 21:00:00
ORD_14631,CUST_ORPHAN_338,188.37,2025-07-12 22:00:00
ORD_14632,CUST_0173,584.2,2025-07-12 23:00:00
ORD_14633,CUST_0291,267.45,2025-07-13 00:00:00
ORD_14634,CUST_0721,124.45,2025-07-13 01:00:00
ORD_14635,CUST_ORPHAN_851,646.26,2025-07-13 02:00:00
ORD_14636,CUST_0105,245.47,2025-07-13 03:00:00
ORD_14637,CUST_0201,500.96,2025-07-13 04:00:00
ORD_14638,CUST_0418,433.5,2025-07-13 05:00:00
ORD_14639,CUST_0475,364.38,2025-07-13 06:00:00
ORD_14640,CUST_ORPHAN_338,381.95,2025-07-13 07:00:00
ORD_14641,CUST_0386,554.53,2025-07-13 08:00:00
ORD_14642,CUST_ORPHAN_646,84.07,2025-07-13 09:00:00
ORD_14643,CUST_0776,507.77,2025-07-13 10:00:00
ORD_14644,CUST_0537,673.94,2025-07-13 11:00:00
ORD_14645,CUST_0575,62.19,2025-07-13 12:00:00
ORD_14646,CUST_0813,122.68,2025-07-13 13:00:00
ORD_14647,CUST_0108,543.14,2025-07-13 14:00:00
ORD_14648,CUST_0202,339.22,2025-07-13 15:00:00
ORD_14649,CUST_0483,314.59,2025-07-13 16:00:00
ORD_14650,CUST_0103,119.99,2025-07-13 17:00:00
ORD_14651,CUST_0159,389.94,2025-07-13 18:00:00
ORD_14652,CUST_0622,112.38,2025-07-13 19:00:00
ORD_14653,CUST_0155,367.93,2025-07-13 20:00:00
ORD_14654,CUST_0523,577.44,2025-07-13 21:00:00
ORD_14655,CUST_0323,208.53,2025-07-13 22:00:00
ORD_14656,CUST_0481,370.97,2025-07-13 23:00:00
ORD_14657,CUST_0356,744.17,2025-07-14 00:00:00
ORD_14658,CUST_0796,521.25,2025-07-14 01:00:00
ORD_14659,CUST_0018,634.19,2025-07-14 02:00:00
ORD_14660,CUST_0077,322.84,2025-07-14 03:00:00
ORD_14661,CUST_0312,580.54,2025-07-14 04:00:00
ORD_14662,CUST_0093,49.57,2025-07-14 05:00:00
ORD_14663,CUST_0398,109.73,2025-07-14 06:00:00
ORD_14664,CUST_0819,168.24,2025-07-14 07:00:00
ORD_14665,CUST_0818,313.42,2025-07-14 08:00:00
ORD_14666,CUST_0134,637.39,2025-07-14 09:00:00
ORD_14667,CUST_ORPHAN_894,272.77,2025-07-14 10:00:00
ORD_14668,CUST_0050,497.87,2025-07-14 11:00:00
ORD_14669,CUST_0604,537.8,2025-07-14 12:00:00
ORD_14670,CUST_0507,447.91,2025-07-14 13:00:00
ORD_14671,CUST_ORPHAN_204,280.79,2025-07-14 14:00:00
ORD_14672,CUST_0127,441.25,2025-07-14 15:00:00
ORD_14673,CUST_0477,269.85,2025-07-14 16:00:00
ORD_14674,CUST_0386,81.23,2025-07-14 17:00:00
ORD_14675,CUST_ORPHAN_244,744.75,2025-07-14 18:00:00
ORD_14676,CUST_0132,112.84,2025-07-14 19:00:00
ORD_14677,CUST_0181,72.81,2025-07-14 20:00:00
ORD_14678,CUST_0828,661.33,2025-07-14 21:00:00
ORD_14679,CUST_0790,240.34,2025-07-14 22:00:00
ORD_14680,CUST_0135,494.72,2025-07-14 23:00:00
ORD_14681,CUST_0732,260.17,2025-07-15 00:00:00
ORD_14682,CUST_0456,305.76,2025-07-15 01:00:00
ORD_14683,CUST_0489,211.34,2025-07-15 02:00:00
ORD_14684,CUST_0566,270.42,2025-07-15 03:00:00
ORD_14685,CUST_0744,319.81,2025-07-15 04:00:00
ORD_14686,CUST_0363,545.9,2025-07-15 05:00:00
ORD_14687,CUST_0650,393.42,2025-07-15 06:00:00
ORD_14688,CUST_0346,708.8,2025-07-15 07:00:00
ORD_14689,CUST_0815,50.57,2025-07-15 08:00:00
ORD_14690,CUST_0656,387.24,2025-07-15 09:00:00
ORD_14691,CUST_ORPHAN_823,446.48,2025-07-15 10:00:00
ORD_14692,CUST_0370,691.74,2025-07-15 11:00:00
ORD_14693,CUST_0776,55.89,2025-07-15 12:00:00
ORD_14694,CUST_0707,438.65,2025-07-15 13:00:00
ORD_14695,CUST_0417,643.15,2025-07-15 14:00:00
ORD_14696,CUST_0135,196.61,2025-07-15 15:00:00
ORD_14697,CUST_0794,659.69,2025-07-15 16:00:00
ORD_14698,CUST_0256,33.9,2025-07-15 17:00:00
ORD_14699,CUST_0125,554.69,2025-07-15 18:00:00
ORD_14700,CUST_0095,701.17,2025-07-15 19:00:00
ORD_14701,CUST_0826,499.75,2025-07-15 20:00:00
ORD_14702,CUST_0357,340.49,2025-07-15 21:00:00
ORD_14703,CUST_0342,52.76,2025-07-15 22:00:00
ORD_14704,CUST_0672,691.68,2025-07-15 23:00:00
ORD_14705,CUST_ORPHAN_851,363.32,2025-07-16 00:00:00
ORD_14706,CUST_0320,41.17,2025-07-16 01:00:00
ORD_14707,CUST_0679,523.57,2025-07-16 02:00:00
ORD_14708,CUST_0304,371.74,2025-07-16 03:00:00
ORD_14709,CUST_0363,110.77,2025-07-16 04:00:00
ORD_14710,CUST_0166,176.42,2025-07-16 05:00:00
ORD_14711,CUST_ORPHAN_982,67.08,2025-07-16 06:00:00
ORD_14712,CUST_0158,439.23,2025-07-16 07:00:00
ORD_14713,CUST_0096,474.08,2025-07-16 08:00:00
ORD_14714,CUST_0544,389.19,2025-07-16 09:00:00
ORD_14715,CUST_0637,616.48,2025-07-16 10:00:00
ORD_14716,CUST_0101,648.54,2025-07-16 11:00:00
ORD_14717,CUST_0519,469.41,2025-07-16 12:00:00
ORD_14718,CUST_0271,29.31,2025-07-16 13:00:00
ORD_14719,CUST_0048,527.52,2025-07-16 14:00:00
ORD_14720,CUST_0505,325.14,2025-07-16 15:00:00
ORD_14721,CUST_0420,432.86,2025-07-16 16:00:00
ORD_14722,CUST_0073,493.83,2025-07-16 17:00:00
ORD_14723,CUST_0405,275.67,2025-07-16 18:00:00
ORD_14724,CUST_0478,689.48,2025-07-16 19:00:00
ORD_14725,CUST_0336,117.8,2025-07-16 20:00:00
ORD_14726,CUST_0353,510.2,2025-07-16 21:00:00
ORD_14727,CUST_0077,23.18,2025-07-16 22:00:00
ORD_14728,CUST_0198,695.0,2025-07-16 23:00:00
ORD_14729,CUST_0271,102.13,2025-07-17 00:00:00
ORD_14730,CUST_0561,89.27,2025-07-17 01:00:00
ORD_14731,CUST_0619,263.1,2025-07-17 02:00:00
ORD_14732,CUST_0452,292.7,2025-07-17 03:00:00
ORD_14733,CUST_0288,176.44,2025-07-17 04:00:00
ORD_14734,CUST_0298,447.14,2025-07-17 05:00:00
ORD_14735,CUST_0634,343.33,2025-07-17 06:00:00
ORD_14736,CUST_ORPHAN_922,44.95,2025-07-17 07:00:00
ORD_14737,CUST_0505,253.35,2025-07-17 08:00:00
ORD_14738,CUST_0399,611.62,2025-07-17 09:00:00
ORD_14739,CUST_0493,523.48,2025-07-17 10:00:00
ORD_14740,CUST_0163,549.16,2025-07-17 11:00:00
ORD_14741,CUST_0143,529.63,2025-07-17 12:00:00
ORD_14742,CUST_0491,247.01,2025-07-17 13:00:00
ORD_14743,CUST_ORPHAN_341,92.75,2025-07-17 14:00:00
ORD_14744,CUST_0363,218.9,2025-07-17 15:00:00
ORD_14745,CUST_0198,627.2,2025-07-17 16:00:00
ORD_14746,CUST_ORPHAN_693,735.74,2025-07-17 17:00:00
ORD_14747,CUST_0469,380.51,2025-07-17 18:00:00
ORD_14748,CUST_0164,27.08,2025-07-17 19:00:00
ORD_14749,CUST_0644,122.23,2025-07-17 20:00:00
ORD_14750,CUST_0750,255.12,2025-07-17 21:00:00
ORD_14751,CUST_0437,442.37,2025-07-17 22:00:00
ORD_14752,CUST_0216,74.82,2025-07-17 23:00:00
ORD_14753,CUST_0601,708.65,2025-07-18 00:00:00
ORD_14754,CUST_0828,286.51,2025-07-18 01:00:00
ORD_14755,CUST_0072,686.19,2025-07-18 02:00:00
ORD_14756,CUST_0078,589.78,2025-07-18 03:00:00
ORD_14757,CUST_0349,571.47,2025-07-18 04:00:00
ORD_14758,CUST_0465,462.91,2025-07-18 05:00:00
ORD_14759,CUST_ORPHAN_693,477.55,2025-07-18 06:00:00
ORD_14760,CUST_0023,485.74,2025-07-18 07:00:00
ORD_14761,CUST_0451,478.97,2025-07-18 08:00:00
ORD_14762,CUST_0244,424.22,2025-07-18 09:00:00
ORD_14763,CUST_0416,740.08,2025-07-18 10:00:00
ORD_14764,CUST_0842,554.57,2025-07-18 11:00:00
ORD_14765,CUST_0011,587.17,2025-07-18 12:00:00
ORD_14766,CUST_0721,656.9,2025-07-18 13:00:00
ORD_14767,CUST_0086,177.42,2025-07-18 14:00:00
ORD_14768,CUST_0131,81.18,2025-07-18 15:00:00
ORD_14769,CUST_0376,372.51,2025-07-18 16:00:00
ORD_14770,CUST_0209,395.28,2025-07-18 17:00:00
ORD_14771,CUST_ORPHAN_323,625.3,2025-07-18 18:00:00
ORD_14772,CUST_ORPHAN_355,343.96,2025-07-18 19:00:00
ORD_14773,CUST_ORPHAN_341,436.72,2025-07-18 20:00:00
ORD_14774,CUST_0628,404.76,2025-07-18 21:00:00
ORD_14775,CUST_0755,47.89,2025-07-18 22:00:00
ORD_14776,CUST_0269,469.11,2025-07-18 23:00:00
ORD_14777,CUST_0278,624.47,2025-07-19 00:00:00
ORD_14778,CUST_0091,134.98,2025-07-19 01:00:00
ORD_14779,CUST_0339,453.86,2025-07-19 02:00:00
ORD_14780,CUST_0409,453.34,2025-07-19 03:00:00
ORD_14781,CUST_0295,139.86,2025-07-19 04:00:00
ORD_14782,CUST_0275,110.13,2025-07-19 05:00:00
ORD_14783,CUST_ORPHAN_953,735.44,2025-07-19 06:00:00
ORD_14784,CUST_0677,307.41,2025-07-19 07:00:00
ORD_14785,CUST_0493,186.02,2025-07-19 08:00:00
ORD_14786,CUST_0321,145.07,2025-07-19 09:00:00
ORD_14787,CUST_0770,507.35,2025-07-19 10:00:00
ORD_14788,CUST_0314,464.9,2025-07-19 11:00:00
ORD_14789,CUST_0361,489.79,2025-07-19 12:00:00
ORD_14790,CUST_0520,84.24,2025-07-19 13:00:00
ORD_14791,CUST_0824,672.28,2025-07-19 14:00:00
ORD_14792,CUST_0261,304.16,2025-07-19 15:00:00
ORD_14793,CUST_0010,248.76,2025-07-19 16:00:00
ORD_14794,CUST_0340,357.52,2025-07-19 17:00:00
ORD_14795,CUST_ORPHAN_162,304.75,2025-07-19 18:00:00
ORD_14796,CUST_0052,650.41,2025-07-19 19:00:00
ORD_14797,CUST_0345,698.36,2025-07-19 20:00:00
ORD_14798,CUST_0327,241.52,2025-07-19 21:00:00
ORD_14799,CUST_0835,650.67,2025-07-19 22:00:00
ORD_14800,CUST_0218,590.51,2025-07-19 23:00:00
ORD_14801,CUST_0129,699.49,2025-07-20 00:00:00
ORD_14802,CUST_0724,199.4,2025-07-20 01:00:00
ORD_14803,CUST_ORPHAN_914,441.18,2025-07-20 02:00:00
ORD_14804,CUST_ORPHAN_617,220.42,2025-07-20 03:00:00
ORD_14805,CUST_ORPHAN_788,621.59,2025-07-20 04:00:00
ORD_14806,CUST_ORPHAN_560,23.89,2025-07-20 05:00:00
ORD_14807,CUST_0809,432.32,2025-07-20 06:00:00
ORD_14808,CUST_ORPHAN_164,267.62,2025-07-20 07:00:00
ORD_14809,CUST_0225,255.56,2025-07-20 08:00:00
ORD_14810,CUST_0724,490.78,2025-07-20 09:00:00
ORD_14811,CUST_0111,641.58,2025-07-20 10:00:00
ORD_14812,CUST_0292,464.71,2025-07-20 11:00:00
ORD_14813,CUST_0213,642.82,2025-07-20 12:00:00
ORD_14814,CUST_0847,213.16,2025-07-20 13:00:00
ORD_14815,CUST_ORPHAN_894,399.24,2025-07-20 14:00:00
ORD_14816,CUST_0002,348.89,2025-07-20 15:00:00
ORD_14817,CUST_0379,28.5,2025-07-20 16:00:00
ORD_14818,CUST_0118,426.47,2025-07-20 17:00:00
ORD_14819,CUST_0646,502.91,2025-07-20 18:00:00
ORD_14820,CUST_0004,452.1,2025-07-20 19:00:00
ORD_14821,CUST_0771,557.48,2025-07-20 20:00:00
ORD_14822,CUST_0468,437.08,2025-07-20 21:00:00
ORD_14823,CUST_0006,68.73,2025-07-20 22:00:00
ORD_14824,CUST_0070,105.01,2025-07-20 23:00:00
ORD_14825,CUST_0046,455.43,2025-07-21 00:00:00
ORD_14826,CUST_ORPHAN_218,220.73,2025-07-21 01:00:00
ORD_14827,CUST_0214,78.14,2025-07-21 02:00:00
ORD_14828,CUST_0041,333.61,2025-07-21 03:00:00
ORD_14829,CUST_0243,424.66,2025-07-21 04:00:00
ORD_14830,CUST_0311,259.98,2025-07-21 05:00:00
ORD_14831,CUST_0321,545.92,2025-07-21 06:00:00
ORD_14832,CUST_0336,489.95,2025-07-21 07:00:00
ORD_14833,CUST_0698,262.96,2025-07-21 08:00:00
ORD_14834,CUST_0118,571.06,2025-07-21 09:00:00
ORD_14835,CUST_0022,493.55,2025-07-21 10:00:00
ORD_14836,CUST_0014,485.34,2025-07-21 11:00:00
ORD_14837,CUST_0756,424.0,2025-07-21 12:00:00
ORD_14838,CUST_0034,28.31,2025-07-21 13:00:00
ORD_14839,CUST_0625,528.45,2025-07-21 14:00:00
ORD_14840,CUST_0160,294.51,2025-07-21 15:00:00
ORD_14841,CUST_ORPHAN_610,708.11,2025-07-21 16:00:00
ORD_14842,CUST_0463,617.13,2025-07-21 17:00:00
ORD_14843,CUST_0049,449.02,2025-07-21 18:00:00
ORD_14844,CUST_0413,204.09,2025-07-21 19:00:00
ORD_14845,CUST_0027,168.71,2025-07-21 20:00:00
ORD_14846,CUST_0663,268.48,2025-07-21 21:00:00
ORD_14847,CUST_0276,367.89,2025-07-21 22:00:00
ORD_14848,CUST_0115,236.13,2025-07-21 23:00:00
ORD_14849,CUST_0062,395.9,2025-07-22 00:00:00
ORD_14850,CUST_0190,140.72,2025-07-22 01:00:00
ORD_14851,CUST_0111,733.73,2025-07-22 02:00:00
ORD_14852,CUST_0773,98.78,2025-07-22 03:00:00
ORD_14853,CUST_0608,700.32,2025-07-22 04:00:00
ORD_14854,CUST_ORPHAN_923,686.91,2025-07-22 05:00:00
ORD_14855,CUST_0644,403.51,2025-07-22 06:00:00
ORD_14856,CUST_0807,549.18,2025-07-22 07:00:00
ORD_14857,CUST_0459,338.32,2025-07-22 08:00:00
ORD_14858,CUST_0320,479.93,2025-07-22 09:00:00
ORD_14859,CUST_0457,268.62,2025-07-22 10:00:00
ORD_14860,CUST_0233,239.85,2025-07-22 11:00:00
ORD_14861,CUST_0067,442.11,2025-07-22 12:00:00
ORD_14862,CUST_0754,383.63,2025-07-22 13:00:00
ORD_14863,CUST_0734,443.06,2025-07-22 14:00:00
ORD_14864,CUST_0197,229.26,2025-07-22 15:00:00
ORD_14865,CUST_ORPHAN_878,287.88,2025-07-22 16:00:00
ORD_14866,CUST_0126,81.25,2025-07-22 17:00:00
ORD_14867,CUST_0447,58.16,2025-07-22 18:00:00
ORD_14868,CUST_0277,205.02,2025-07-22 19:00:00
ORD_14869,CUST_0213,74.2,2025-07-22 20:00:00
ORD_14870,CUST_0714,95.76,2025-07-22 21:00:00
ORD_14871,CUST_0376,613.44,2025-07-22 22:00:00
ORD_14872,CUST_ORPHAN_338,48.38,2025-07-22 23:00:00
ORD_14873,CUST_0537,501.03,2025-07-23 00:00:00
ORD_14874,CUST_ORPHAN_164,218.97,2025-07-23 01:00:00
ORD_14875,CUST_0796,656.23,2025-07-23 02:00:00
ORD_14876,CUST_0682,374.04,2025-07-23 03:00:00
ORD_14877,CUST_0248,243.07,2025-07-23 04:00:00
ORD_14878,CUST_0069,397.88,2025-07-23 05:00:00
ORD_14879,CUST_0797,298.83,2025-07-23 06:00:00
ORD_14880,CUST_ORPHAN_350,431.94,2025-07-23 07:00:00
ORD_14881,CUST_0365,103.61,2025-07-23 08:00:00
ORD_14882,CUST_0738,747.8,2025-07-23 09:00:00
ORD_14883,CUST_0426,330.66,2025-07-23 10:00:00
ORD_14884,CUST_0724,274.21,2025-07-23 11:00:00
ORD_14885,CUST_ORPHAN_897,538.45,2025-07-23 12:00:00
ORD_14886,CUST_0526,285.65,2025-07-23 13:00:00
ORD_14887,CUST_ORPHAN_350,628.29,2025-07-23 14:00:00
ORD_14888,CUST_0056,351.62,2025-07-23 15:00:00
ORD_14889,CUST_0639,545.28,2025-07-23 16:00:00
ORD_14890,CUST_0303,98.44,2025-07-23 17:00:00
ORD_14891,CUST_0217,637.67,2025-07-23 18:00:00
ORD_14892,CUST_0427,557.07,2025-07-23 19:00:00
ORD_14893,CUST_ORPHAN_341,174.55,2025-07-23 20:00:00
ORD_14894,CUST_0356,126.06,2025-07-23 21:00:00
ORD_14895,CUST_ORPHAN_878,250.89,2025-07-23 22:00:00
ORD_14896,CUST_0245,732.53,2025-07-23 23:00:00
ORD_14897,CUST_0744,207.49,2025-07-24 00:00:00
ORD_14898,CUST_0329,352.97,2025-07-24 01:00:00
ORD_14899,CUST_0803,41.91,2025-07-24 02:00:00
ORD_14900,CUST_0587,309.98,2025-07-24 03:00:00
ORD_14901,CUST_0562,437.06,2025-07-24 04:00:00
ORD_14902,CUST_0597,715.78,2025-07-24 05:00:00
ORD_14903,CUST_0054,397.22,2025-07-24 06:00:00
ORD_14904,CUST_0269,617.95,2025-07-24 07:00:00
ORD_14905,CUST_ORPHAN_952,419.4,2025-07-24 08:00:00
ORD_14906,CUST_0568,49.77,2025-07-24 09:00:00
ORD_14907,CUST_0694,249.96,2025-07-24 10:00:00
ORD_14908,CUST_0524,440.15,2025-07-24 11:00:00
ORD_14909,CUST_0501,713.93,2025-07-24 12:00:00
ORD_14910,CUST_ORPHAN_164,647.17,2025-07-24 13:00:00
ORD_14911,CUST_ORPHAN_617,186.7,2025-07-24 14:00:00
ORD_14912,CUST_0573,180.68,2025-07-24 15:00:00
ORD_14913,CUST_0757,166.86,2025-07-24 16:00:00
ORD_14914,CUST_0270,693.42,2025-07-24 17:00:00
ORD_14915,CUST_0672,642.45,2025-07-24 18:00:00
ORD_14916,CUST_0789,585.66,2025-07-24 19:00:00
ORD_14917,CUST_0667,306.7,2025-07-24 20:00:00
ORD_14918,CUST_ORPHAN_897,388.2,2025-07-24 21:00:00
ORD_14919,CUST_0188,358.96,2025-07-24 22:00:00
ORD_14920,CUST_0717,204.98,2025-07-24 23:00:00
ORD_14921,CUST_0281,388.67,2025-07-25 00:00:00
ORD_14922,CUST_0020,42.26,2025-07-25 01:00:00
ORD_14923,CUST_0398,116.22,2025-07-25 02:00:00
ORD_14924,CUST_ORPHAN_831,667.21,2025-07-25 03:00:00
ORD_14925,CUST_0050,568.73,2025-07-25 04:00:00
ORD_14926,CUST_0046,328.69,2025-07-25 05:00:00
ORD_14927,CUST_0761,397.52,2025-07-25 06:00:00
ORD_14928,CUST_0207,290.1,2025-07-25 07:00:00
ORD_14929,CUST_0643,560.77,2025-07-25 08:00:00
ORD_14930,CUST_0424,592.46,2025-07-25 09:00:00
ORD_14931,CUST_0739,577.2,2025-07-25 10:00:00
ORD_14932,CUST_0419,547.51,2025-07-25 11:00:00
ORD_14933,CUST_ORPHAN_601,169.29,2025-07-25 12:00:00
ORD_14934,CUST_0044,266.72,2025-07-25 13:00:00
ORD_14935,CUST_0765,362.99,2025-07-25 14:00:00
ORD_14936,CUST_0482,261.48,2025-07-25 15:00:00
ORD_14937,CUST_0180,571.11,2025-07-25 16:00:00
ORD_14938,CUST_0283,260.43,2025-07-25 17:00:00
ORD_14939,CUST_0073,120.91,2025-07-25 18:00:00
ORD_14940,CUST_0138,311.3,2025-07-25 19:00:00
ORD_14941,CUST_ORPHAN_709,735.34,2025-07-25 20:00:00
ORD_14942,CUST_0481,184.89,2025-07-25 21:00:00
ORD_14943,CUST_0429,466.88,2025-07-25 22:00:00
ORD_14944,CUST_0628,336.07,2025-07-25 23:00:00
ORD_14945,CUST_ORPHAN_560,71.85,2025-07-26 00:00:00
ORD_14946,CUST_ORPHAN_953,376.15,2025-07-26 01:00:00
ORD_14947,CUST_ORPHAN_823,532.58,2025-07-26 02:00:00
ORD_14948,CUST_ORPHAN_693,394.65,2025-07-26 03:00:00
ORD_14949,CUST_ORPHAN_198,656.64,2025-07-26 04:00:00
ORD_14950,CUST_0482,230.92,2025-07-26 05:00:00
ORD_14951,CUST_0318,82.96,2025-07-26 06:00:00
ORD_14952,CUST_ORPHAN_709,703.69,2025-07-26 07:00:00
ORD_14953,CUST_0783,296.08,2025-07-26 08:00:00
ORD_14954,CUST_0509,440.78,2025-07-26 09:00:00
ORD_14955,CUST_0480,598.16,2025-07-26 10:00:00
ORD_14956,CUST_ORPHAN_352,256.75,2025-07-26 11:00:00
ORD_14957,CUST_0451,542.8,2025-07-26 12:00:00
ORD_14958,CUST_ORPHAN_338,118.86,2025-07-26 13:00:00
ORD_14959,CUST_0423,232.64,2025-07-26 14:00:00
ORD_14960,CUST_ORPHAN_104,125.64,2025-07-26 15:00:00
ORD_14961,CUST_0582,612.2,2025-07-26 16:00:00
ORD_14962,CUST_0403,182.53,2025-07-26 17:00:00
ORD_14963,CUST_0729,543.7,2025-07-26 18:00:00
ORD_14964,CUST_0825,708.61,2025-07-26 19:00:00
ORD_14965,CUST_0265,405.27,2025-07-26 20:00:00
ORD_14966,CUST_ORPHAN_897,414.22,2025-07-26 21:00:00
ORD_14967,CUST_0149,356.55,2025-07-26 22:00:00
ORD_14968,CUST_ORPHAN_646,257.9,2025-07-26 23:00:00
ORD_14969,CUST_0488,367.23,2025-07-27 00:00:00
ORD_14970,CUST_0389,460.05,2025-07-27 01:00:00
ORD_14971,CUST_0236,739.77,2025-07-27 02:00:00
ORD_14972,CUST_0228,704.57,2025-07-27 03:00:00
ORD_14973,CUST_0285,649.37,2025-07-27 04:00:00
ORD_14974,CUST_ORPHAN_355,669.07,2025-07-27 05:00:00
ORD_14975,CUST_0563,361.53,2025-07-27 06:00:00
ORD_14976,CUST_0771,499.93,2025-07-27 07:00:00
ORD_14977,CUST_0466,673.4,2025-07-27 08:00:00
ORD_14978,CUST_ORPHAN_952,306.85,2025-07-27 09:00:00
ORD_14979,CUST_0674,722.09,2025-07-27 10:00:00
ORD_14980,CUST_0250,323.52,2025-07-27 11:00:00
ORD_14981,CUST_0725,458.79,2025-07-27 12:00:00
ORD_14982,CUST_0020,538.16,2025-07-27 13:00:00
ORD_14983,CUST_0382,713.93,2025-07-27 14:00:00
ORD_14984,CUST_0124,198.57,2025-07-27 15:00:00
ORD_14985,CUST_ORPHAN_952,564.68,2025-07-27 16:00:00
ORD_14986,CUST_ORPHAN_473,400.2,2025-07-27 17:00:00
ORD_14987,CUST_ORPHAN_198,216.05,2025-07-27 18:00:00
ORD_14988,CUST_0717,586.92,2025-07-27 19:00:00
ORD_14989,CUST_ORPHAN_338,423.12,2025-07-27 20:00:00
ORD_14990,CUST_0747,502.51,2025-07-27 21:00:00
ORD_14991,CUST_0349,255.72,2025-07-27 22:00:00
ORD_14992,CUST_0779,371.33,2025-07-27 23:00:00
ORD_14993,CUST_ORPHAN_352,470.67,2025-07-28 00:00:00
ORD_14994,CUST_0175,315.58,2025-07-28 01:00:00
ORD_14995,CUST_0237,164.81,2025-07-28 02:00:00
ORD_14996,CUST_0611,722.0,2025-07-28 03:00:00
ORD_14997,CUST_0819,393.37,2025-07-28 04:00:00
ORD_14998,CUST_0207,555.76,2025-07-28 05:00:00
ORD_14999,CUST_0301,320.06,2025-07-28 06:00:00
ORD_15000,CUST_ORPHAN_350,279.25,2025-07-28 07:00:00
